"Coğrafi Kapsam";"Gözlem Sıklığı";"İstatistiksel Gösterge";"İkamet edilen yer";"Hanehalkı tipi";"ADNKS Gösterge";"Zaman";"Gözlem";"Gözlem Durumu";"Zaman Formatı";"Ondalık Basamak Sayısı";"Ölçü Birimi";"Birim Çarpanı"
"Türkiye";"Yıllık";"Adrese Dayalı Nüfus Kayıt Sistemi";"Toplam";"Tek Kişilik Hanehalkı";"Hanehalkı sayısı";"2014";"2931085";"";"";"";"";""
"Türkiye";"Yıllık";"Adrese Dayalı Nüfus Kayıt Sistemi";"Toplam";"Tek Kişilik Hanehalkı";"Hanehalkı sayısı";"2015";"3113496";"";"";"";"";""
"Türkiye";"Yıllık";"Adrese Dayalı Nüfus Kayıt Sistemi";"Toplam";"Tek Kişilik Hanehalkı";"Hanehalkı sayısı";"2016";"3316894";"";"";"";"";""
"Türkiye";"Yıllık";"Adrese Dayalı Nüfus Kayıt Sistemi";"Toplam";"Tek Kişilik Hanehalkı";"Hanehalkı sayısı";"2017";"3491148";"";"";"";"";""
"Türkiye";"Yıllık";"Adrese Dayalı Nüfus Kayıt Sistemi";"Toplam";"Tek Kişilik Hanehalkı";"Hanehalkı sayısı";"2018";"3730505";"";"";"";"";""
"Türkiye";"Yıllık";"Adrese Dayalı Nüfus Kayıt Sistemi";"Toplam";"Tek Kişilik Hanehalkı";"Hanehalkı sayısı";"2019";"4062576";"";"";"";"";""
"Türkiye";"Yıllık";"Adrese Dayalı Nüfus Kayıt Sistemi";"Toplam";"Tek Kişilik Hanehalkı";"Hanehalkı sayısı";"2020";"4404997";"";"";"";"";""
"Türkiye";"Yıllık";"Adrese Dayalı Nüfus Kayıt Sistemi";"Toplam";"Tek Kişilik Hanehalkı";"Hanehalkı sayısı";"2021";"4781600";"";"";"";"";""
"Türkiye";"Yıllık";"Adrese Dayalı Nüfus Kayıt Sistemi";"Toplam";"Tek Kişilik Hanehalkı";"Hanehalkı sayısı";"2022";"5067331";"";"";"";"";""
"Türkiye";"Yıllık";"Adrese Dayalı Nüfus Kayıt Sistemi";"Toplam";"Tek Kişilik Hanehalkı";"Hanehalkı sayısı";"2023";"5192825";"";"";"";"";""
"Türkiye";"Yıllık";"Adrese Dayalı Nüfus Kayıt Sistemi";"Toplam";"Tek Kişilik Hanehalkı";"Hanehalkı sayısı";"2024";"5321540";"";"";"";"";""
"Türkiye";"Yıllık";"Adrese Dayalı Nüfus Kayıt Sistemi";"Toplam";"Tek Kişilik Hanehalkı";"Hanehalkı sayısı";"2025";"5523321";"";"";"";"";""
"Türkiye";"Yıllık";"Adrese Dayalı Nüfus Kayıt Sistemi";"Toplam";"Tek Çekirdek Aileden Oluşan Hanehalkı";"Hanehalkı sayısı";"2014";"14212489";"";"";"";"";""
"Türkiye";"Yıllık";"Adrese Dayalı Nüfus Kayıt Sistemi";"Toplam";"Tek Çekirdek Aileden Oluşan Hanehalkı";"Hanehalkı sayısı";"2015";"14497539";"";"";"";"";""
"Türkiye";"Yıllık";"Adrese Dayalı Nüfus Kayıt Sistemi";"Toplam";"Tek Çekirdek Aileden Oluşan Hanehalkı";"Hanehalkı sayısı";"2016";"14738394";"";"";"";"";""
"Türkiye";"Yıllık";"Adrese Dayalı Nüfus Kayıt Sistemi";"Toplam";"Tek Çekirdek Aileden Oluşan Hanehalkı";"Hanehalkı sayısı";"2017";"14993563";"";"";"";"";""
"Türkiye";"Yıllık";"Adrese Dayalı Nüfus Kayıt Sistemi";"Toplam";"Tek Çekirdek Aileden Oluşan Hanehalkı";"Hanehalkı sayısı";"2018";"15173997";"";"";"";"";""
"Türkiye";"Yıllık";"Adrese Dayalı Nüfus Kayıt Sistemi";"Toplam";"Tek Çekirdek Aileden Oluşan Hanehalkı";"Hanehalkı sayısı";"2019";"15623302";"";"";"";"";""
"Türkiye";"Yıllık";"Adrese Dayalı Nüfus Kayıt Sistemi";"Toplam";"Tek Çekirdek Aileden Oluşan Hanehalkı";"Hanehalkı sayısı";"2020";"16050444";"";"";"";"";""
"Türkiye";"Yıllık";"Adrese Dayalı Nüfus Kayıt Sistemi";"Toplam";"Tek Çekirdek Aileden Oluşan Hanehalkı";"Hanehalkı sayısı";"2021";"16323612";"";"";"";"";""
"Türkiye";"Yıllık";"Adrese Dayalı Nüfus Kayıt Sistemi";"Toplam";"Tek Çekirdek Aileden Oluşan Hanehalkı";"Hanehalkı sayısı";"2022";"16816288";"";"";"";"";""
"Türkiye";"Yıllık";"Adrese Dayalı Nüfus Kayıt Sistemi";"Toplam";"Tek Çekirdek Aileden Oluşan Hanehalkı";"Hanehalkı sayısı";"2023";"16779240";"";"";"";"";""
"Türkiye";"Yıllık";"Adrese Dayalı Nüfus Kayıt Sistemi";"Toplam";"Tek Çekirdek Aileden Oluşan Hanehalkı";"Hanehalkı sayısı";"2024";"16891489";"";"";"";"";""
"Türkiye";"Yıllık";"Adrese Dayalı Nüfus Kayıt Sistemi";"Toplam";"Tek Çekirdek Aileden Oluşan Hanehalkı";"Hanehalkı sayısı";"2025";"16928026";"";"";"";"";""
"Türkiye";"Yıllık";"Adrese Dayalı Nüfus Kayıt Sistemi";"Toplam";"En Az Bir Çekirdek Aile Ve Diğer Kişilerden Oluşan Hanehalkı";"Hanehalkı sayısı";"2014";"3512384";"";"";"";"";""
"Türkiye";"Yıllık";"Adrese Dayalı Nüfus Kayıt Sistemi";"Toplam";"En Az Bir Çekirdek Aile Ve Diğer Kişilerden Oluşan Hanehalkı";"Hanehalkı sayısı";"2015";"3578540";"";"";"";"";""
"Türkiye";"Yıllık";"Adrese Dayalı Nüfus Kayıt Sistemi";"Toplam";"En Az Bir Çekirdek Aile Ve Diğer Kişilerden Oluşan Hanehalkı";"Hanehalkı sayısı";"2016";"3616624";"";"";"";"";""
"Türkiye";"Yıllık";"Adrese Dayalı Nüfus Kayıt Sistemi";"Toplam";"En Az Bir Çekirdek Aile Ve Diğer Kişilerden Oluşan Hanehalkı";"Hanehalkı sayısı";"2017";"3623935";"";"";"";"";""
"Türkiye";"Yıllık";"Adrese Dayalı Nüfus Kayıt Sistemi";"Toplam";"En Az Bir Çekirdek Aile Ve Diğer Kişilerden Oluşan Hanehalkı";"Hanehalkı sayısı";"2018";"3667806";"";"";"";"";""
"Türkiye";"Yıllık";"Adrese Dayalı Nüfus Kayıt Sistemi";"Toplam";"En Az Bir Çekirdek Aile Ve Diğer Kişilerden Oluşan Hanehalkı";"Hanehalkı sayısı";"2019";"3601444";"";"";"";"";""
"Türkiye";"Yıllık";"Adrese Dayalı Nüfus Kayıt Sistemi";"Toplam";"En Az Bir Çekirdek Aile Ve Diğer Kişilerden Oluşan Hanehalkı";"Hanehalkı sayısı";"2020";"3456651";"";"";"";"";""
"Türkiye";"Yıllık";"Adrese Dayalı Nüfus Kayıt Sistemi";"Toplam";"En Az Bir Çekirdek Aile Ve Diğer Kişilerden Oluşan Hanehalkı";"Hanehalkı sayısı";"2021";"3425631";"";"";"";"";""
"Türkiye";"Yıllık";"Adrese Dayalı Nüfus Kayıt Sistemi";"Toplam";"En Az Bir Çekirdek Aile Ve Diğer Kişilerden Oluşan Hanehalkı";"Hanehalkı sayısı";"2022";"3342280";"";"";"";"";""
"Türkiye";"Yıllık";"Adrese Dayalı Nüfus Kayıt Sistemi";"Toplam";"En Az Bir Çekirdek Aile Ve Diğer Kişilerden Oluşan Hanehalkı";"Hanehalkı sayısı";"2023";"3476510";"";"";"";"";""
"Türkiye";"Yıllık";"Adrese Dayalı Nüfus Kayıt Sistemi";"Toplam";"En Az Bir Çekirdek Aile Ve Diğer Kişilerden Oluşan Hanehalkı";"Hanehalkı sayısı";"2024";"3528657";"";"";"";"";""
"Türkiye";"Yıllık";"Adrese Dayalı Nüfus Kayıt Sistemi";"Toplam";"En Az Bir Çekirdek Aile Ve Diğer Kişilerden Oluşan Hanehalkı";"Hanehalkı sayısı";"2025";"3640617";"";"";"";"";""
"Türkiye";"Yıllık";"Adrese Dayalı Nüfus Kayıt Sistemi";"Toplam";"Çekirdek Aile Bulunmayan Birden Fazla Kişiden Oluşan Hanehalkı";"Hanehalkı sayısı";"2014";"435117";"";"";"";"";""
"Türkiye";"Yıllık";"Adrese Dayalı Nüfus Kayıt Sistemi";"Toplam";"Çekirdek Aile Bulunmayan Birden Fazla Kişiden Oluşan Hanehalkı";"Hanehalkı sayısı";"2015";"472685";"";"";"";"";""
"Türkiye";"Yıllık";"Adrese Dayalı Nüfus Kayıt Sistemi";"Toplam";"Çekirdek Aile Bulunmayan Birden Fazla Kişiden Oluşan Hanehalkı";"Hanehalkı sayısı";"2016";"534864";"";"";"";"";""
"Türkiye";"Yıllık";"Adrese Dayalı Nüfus Kayıt Sistemi";"Toplam";"Çekirdek Aile Bulunmayan Birden Fazla Kişiden Oluşan Hanehalkı";"Hanehalkı sayısı";"2017";"567540";"";"";"";"";""
"Türkiye";"Yıllık";"Adrese Dayalı Nüfus Kayıt Sistemi";"Toplam";"Çekirdek Aile Bulunmayan Birden Fazla Kişiden Oluşan Hanehalkı";"Hanehalkı sayısı";"2018";"648910";"";"";"";"";""
"Türkiye";"Yıllık";"Adrese Dayalı Nüfus Kayıt Sistemi";"Toplam";"Çekirdek Aile Bulunmayan Birden Fazla Kişiden Oluşan Hanehalkı";"Hanehalkı sayısı";"2019";"714618";"";"";"";"";""
"Türkiye";"Yıllık";"Adrese Dayalı Nüfus Kayıt Sistemi";"Toplam";"Çekirdek Aile Bulunmayan Birden Fazla Kişiden Oluşan Hanehalkı";"Hanehalkı sayısı";"2020";"691994";"";"";"";"";""
"Türkiye";"Yıllık";"Adrese Dayalı Nüfus Kayıt Sistemi";"Toplam";"Çekirdek Aile Bulunmayan Birden Fazla Kişiden Oluşan Hanehalkı";"Hanehalkı sayısı";"2021";"798990";"";"";"";"";""
"Türkiye";"Yıllık";"Adrese Dayalı Nüfus Kayıt Sistemi";"Toplam";"Çekirdek Aile Bulunmayan Birden Fazla Kişiden Oluşan Hanehalkı";"Hanehalkı sayısı";"2022";"849466";"";"";"";"";""
"Türkiye";"Yıllık";"Adrese Dayalı Nüfus Kayıt Sistemi";"Toplam";"Çekirdek Aile Bulunmayan Birden Fazla Kişiden Oluşan Hanehalkı";"Hanehalkı sayısı";"2023";"860757";"";"";"";"";""
"Türkiye";"Yıllık";"Adrese Dayalı Nüfus Kayıt Sistemi";"Toplam";"Çekirdek Aile Bulunmayan Birden Fazla Kişiden Oluşan Hanehalkı";"Hanehalkı sayısı";"2024";"857575";"";"";"";"";""
"Türkiye";"Yıllık";"Adrese Dayalı Nüfus Kayıt Sistemi";"Toplam";"Çekirdek Aile Bulunmayan Birden Fazla Kişiden Oluşan Hanehalkı";"Hanehalkı sayısı";"2025";"885831";"";"";"";"";""
"Türkiye";"Yıllık";"Adrese Dayalı Nüfus Kayıt Sistemi";"Toplam";"Toplam";"Hanehalkı sayısı";"2014";"21091075";"";"";"";"";""
"Türkiye";"Yıllık";"Adrese Dayalı Nüfus Kayıt Sistemi";"Toplam";"Toplam";"Hanehalkı sayısı";"2015";"21662260";"";"";"";"";""
"Türkiye";"Yıllık";"Adrese Dayalı Nüfus Kayıt Sistemi";"Toplam";"Toplam";"Hanehalkı sayısı";"2016";"22206776";"";"";"";"";""
"Türkiye";"Yıllık";"Adrese Dayalı Nüfus Kayıt Sistemi";"Toplam";"Toplam";"Hanehalkı sayısı";"2017";"22676186";"";"";"";"";""
"Türkiye";"Yıllık";"Adrese Dayalı Nüfus Kayıt Sistemi";"Toplam";"Toplam";"Hanehalkı sayısı";"2018";"23221218";"";"";"";"";""
"Türkiye";"Yıllık";"Adrese Dayalı Nüfus Kayıt Sistemi";"Toplam";"Toplam";"Hanehalkı sayısı";"2019";"24001940";"";"";"";"";""
"Türkiye";"Yıllık";"Adrese Dayalı Nüfus Kayıt Sistemi";"Toplam";"Toplam";"Hanehalkı sayısı";"2020";"24604086";"";"";"";"";""
"Türkiye";"Yıllık";"Adrese Dayalı Nüfus Kayıt Sistemi";"Toplam";"Toplam";"Hanehalkı sayısı";"2021";"25329833";"";"";"";"";""
"Türkiye";"Yıllık";"Adrese Dayalı Nüfus Kayıt Sistemi";"Toplam";"Toplam";"Hanehalkı sayısı";"2022";"26075365";"";"";"";"";""
"Türkiye";"Yıllık";"Adrese Dayalı Nüfus Kayıt Sistemi";"Toplam";"Toplam";"Hanehalkı sayısı";"2023";"26309332";"";"";"";"";""
"Türkiye";"Yıllık";"Adrese Dayalı Nüfus Kayıt Sistemi";"Toplam";"Toplam";"Hanehalkı sayısı";"2024";"26599261";"";"";"";"";""
"Türkiye";"Yıllık";"Adrese Dayalı Nüfus Kayıt Sistemi";"Toplam";"Toplam";"Hanehalkı sayısı";"2025";"26977795";"";"";"";"";""
"Türkiye";"Yıllık";"Adrese Dayalı Nüfus Kayıt Sistemi";"İstanbul";"Tek Kişilik Hanehalkı";"Hanehalkı sayısı";"2014";"545925";"";"";"";"";""
"Türkiye";"Yıllık";"Adrese Dayalı Nüfus Kayıt Sistemi";"İstanbul";"Tek Kişilik Hanehalkı";"Hanehalkı sayısı";"2015";"564873";"";"";"";"";""
"Türkiye";"Yıllık";"Adrese Dayalı Nüfus Kayıt Sistemi";"İstanbul";"Tek Kişilik Hanehalkı";"Hanehalkı sayısı";"2016";"593868";"";"";"";"";""
"Türkiye";"Yıllık";"Adrese Dayalı Nüfus Kayıt Sistemi";"İstanbul";"Tek Kişilik Hanehalkı";"Hanehalkı sayısı";"2017";"622069";"";"";"";"";""
"Türkiye";"Yıllık";"Adrese Dayalı Nüfus Kayıt Sistemi";"İstanbul";"Tek Kişilik Hanehalkı";"Hanehalkı sayısı";"2018";"672041";"";"";"";"";""
"Türkiye";"Yıllık";"Adrese Dayalı Nüfus Kayıt Sistemi";"İstanbul";"Tek Kişilik Hanehalkı";"Hanehalkı sayısı";"2019";"764332";"";"";"";"";""
"Türkiye";"Yıllık";"Adrese Dayalı Nüfus Kayıt Sistemi";"İstanbul";"Tek Kişilik Hanehalkı";"Hanehalkı sayısı";"2020";"825457";"";"";"";"";""
"Türkiye";"Yıllık";"Adrese Dayalı Nüfus Kayıt Sistemi";"İstanbul";"Tek Kişilik Hanehalkı";"Hanehalkı sayısı";"2021";"896994";"";"";"";"";""
"Türkiye";"Yıllık";"Adrese Dayalı Nüfus Kayıt Sistemi";"İstanbul";"Tek Kişilik Hanehalkı";"Hanehalkı sayısı";"2022";"939158";"";"";"";"";""
"Türkiye";"Yıllık";"Adrese Dayalı Nüfus Kayıt Sistemi";"İstanbul";"Tek Kişilik Hanehalkı";"Hanehalkı sayısı";"2023";"933764";"";"";"";"";""
"Türkiye";"Yıllık";"Adrese Dayalı Nüfus Kayıt Sistemi";"İstanbul";"Tek Kişilik Hanehalkı";"Hanehalkı sayısı";"2024";"943363";"";"";"";"";""
"Türkiye";"Yıllık";"Adrese Dayalı Nüfus Kayıt Sistemi";"İstanbul";"Tek Kişilik Hanehalkı";"Hanehalkı sayısı";"2025";"981614";"";"";"";"";""
"Türkiye";"Yıllık";"Adrese Dayalı Nüfus Kayıt Sistemi";"İstanbul";"Tek Çekirdek Aileden Oluşan Hanehalkı";"Hanehalkı sayısı";"2014";"2638832";"";"";"";"";""
"Türkiye";"Yıllık";"Adrese Dayalı Nüfus Kayıt Sistemi";"İstanbul";"Tek Çekirdek Aileden Oluşan Hanehalkı";"Hanehalkı sayısı";"2015";"2679312";"";"";"";"";""
"Türkiye";"Yıllık";"Adrese Dayalı Nüfus Kayıt Sistemi";"İstanbul";"Tek Çekirdek Aileden Oluşan Hanehalkı";"Hanehalkı sayısı";"2016";"2690870";"";"";"";"";""
"Türkiye";"Yıllık";"Adrese Dayalı Nüfus Kayıt Sistemi";"İstanbul";"Tek Çekirdek Aileden Oluşan Hanehalkı";"Hanehalkı sayısı";"2017";"2724515";"";"";"";"";""
"Türkiye";"Yıllık";"Adrese Dayalı Nüfus Kayıt Sistemi";"İstanbul";"Tek Çekirdek Aileden Oluşan Hanehalkı";"Hanehalkı sayısı";"2018";"2737652";"";"";"";"";""
"Türkiye";"Yıllık";"Adrese Dayalı Nüfus Kayıt Sistemi";"İstanbul";"Tek Çekirdek Aileden Oluşan Hanehalkı";"Hanehalkı sayısı";"2019";"2843735";"";"";"";"";""
"Türkiye";"Yıllık";"Adrese Dayalı Nüfus Kayıt Sistemi";"İstanbul";"Tek Çekirdek Aileden Oluşan Hanehalkı";"Hanehalkı sayısı";"2020";"2913809";"";"";"";"";""
"Türkiye";"Yıllık";"Adrese Dayalı Nüfus Kayıt Sistemi";"İstanbul";"Tek Çekirdek Aileden Oluşan Hanehalkı";"Hanehalkı sayısı";"2021";"2943033";"";"";"";"";""
"Türkiye";"Yıllık";"Adrese Dayalı Nüfus Kayıt Sistemi";"İstanbul";"Tek Çekirdek Aileden Oluşan Hanehalkı";"Hanehalkı sayısı";"2022";"2983664";"";"";"";"";""
"Türkiye";"Yıllık";"Adrese Dayalı Nüfus Kayıt Sistemi";"İstanbul";"Tek Çekirdek Aileden Oluşan Hanehalkı";"Hanehalkı sayısı";"2023";"2956558";"";"";"";"";""
"Türkiye";"Yıllık";"Adrese Dayalı Nüfus Kayıt Sistemi";"İstanbul";"Tek Çekirdek Aileden Oluşan Hanehalkı";"Hanehalkı sayısı";"2024";"2971981";"";"";"";"";""
"Türkiye";"Yıllık";"Adrese Dayalı Nüfus Kayıt Sistemi";"İstanbul";"Tek Çekirdek Aileden Oluşan Hanehalkı";"Hanehalkı sayısı";"2025";"2981684";"";"";"";"";""
"Türkiye";"Yıllık";"Adrese Dayalı Nüfus Kayıt Sistemi";"İstanbul";"En Az Bir Çekirdek Aile Ve Diğer Kişilerden Oluşan Hanehalkı";"Hanehalkı sayısı";"2014";"668881";"";"";"";"";""
"Türkiye";"Yıllık";"Adrese Dayalı Nüfus Kayıt Sistemi";"İstanbul";"En Az Bir Çekirdek Aile Ve Diğer Kişilerden Oluşan Hanehalkı";"Hanehalkı sayısı";"2015";"697588";"";"";"";"";""
"Türkiye";"Yıllık";"Adrese Dayalı Nüfus Kayıt Sistemi";"İstanbul";"En Az Bir Çekirdek Aile Ve Diğer Kişilerden Oluşan Hanehalkı";"Hanehalkı sayısı";"2016";"713128";"";"";"";"";""
"Türkiye";"Yıllık";"Adrese Dayalı Nüfus Kayıt Sistemi";"İstanbul";"En Az Bir Çekirdek Aile Ve Diğer Kişilerden Oluşan Hanehalkı";"Hanehalkı sayısı";"2017";"718134";"";"";"";"";""
"Türkiye";"Yıllık";"Adrese Dayalı Nüfus Kayıt Sistemi";"İstanbul";"En Az Bir Çekirdek Aile Ve Diğer Kişilerden Oluşan Hanehalkı";"Hanehalkı sayısı";"2018";"701835";"";"";"";"";""
"Türkiye";"Yıllık";"Adrese Dayalı Nüfus Kayıt Sistemi";"İstanbul";"En Az Bir Çekirdek Aile Ve Diğer Kişilerden Oluşan Hanehalkı";"Hanehalkı sayısı";"2019";"689977";"";"";"";"";""
"Türkiye";"Yıllık";"Adrese Dayalı Nüfus Kayıt Sistemi";"İstanbul";"En Az Bir Çekirdek Aile Ve Diğer Kişilerden Oluşan Hanehalkı";"Hanehalkı sayısı";"2020";"655277";"";"";"";"";""
"Türkiye";"Yıllık";"Adrese Dayalı Nüfus Kayıt Sistemi";"İstanbul";"En Az Bir Çekirdek Aile Ve Diğer Kişilerden Oluşan Hanehalkı";"Hanehalkı sayısı";"2021";"652823";"";"";"";"";""
"Türkiye";"Yıllık";"Adrese Dayalı Nüfus Kayıt Sistemi";"İstanbul";"En Az Bir Çekirdek Aile Ve Diğer Kişilerden Oluşan Hanehalkı";"Hanehalkı sayısı";"2022";"660604";"";"";"";"";""
"Türkiye";"Yıllık";"Adrese Dayalı Nüfus Kayıt Sistemi";"İstanbul";"En Az Bir Çekirdek Aile Ve Diğer Kişilerden Oluşan Hanehalkı";"Hanehalkı sayısı";"2023";"668541";"";"";"";"";""
"Türkiye";"Yıllık";"Adrese Dayalı Nüfus Kayıt Sistemi";"İstanbul";"En Az Bir Çekirdek Aile Ve Diğer Kişilerden Oluşan Hanehalkı";"Hanehalkı sayısı";"2024";"676243";"";"";"";"";""
"Türkiye";"Yıllık";"Adrese Dayalı Nüfus Kayıt Sistemi";"İstanbul";"En Az Bir Çekirdek Aile Ve Diğer Kişilerden Oluşan Hanehalkı";"Hanehalkı sayısı";"2025";"685579";"";"";"";"";""
"Türkiye";"Yıllık";"Adrese Dayalı Nüfus Kayıt Sistemi";"İstanbul";"Çekirdek Aile Bulunmayan Birden Fazla Kişiden Oluşan Hanehalkı";"Hanehalkı sayısı";"2014";"120214";"";"";"";"";""
"Türkiye";"Yıllık";"Adrese Dayalı Nüfus Kayıt Sistemi";"İstanbul";"Çekirdek Aile Bulunmayan Birden Fazla Kişiden Oluşan Hanehalkı";"Hanehalkı sayısı";"2015";"128348";"";"";"";"";""
"Türkiye";"Yıllık";"Adrese Dayalı Nüfus Kayıt Sistemi";"İstanbul";"Çekirdek Aile Bulunmayan Birden Fazla Kişiden Oluşan Hanehalkı";"Hanehalkı sayısı";"2016";"152710";"";"";"";"";""
"Türkiye";"Yıllık";"Adrese Dayalı Nüfus Kayıt Sistemi";"İstanbul";"Çekirdek Aile Bulunmayan Birden Fazla Kişiden Oluşan Hanehalkı";"Hanehalkı sayısı";"2017";"168186";"";"";"";"";""
"Türkiye";"Yıllık";"Adrese Dayalı Nüfus Kayıt Sistemi";"İstanbul";"Çekirdek Aile Bulunmayan Birden Fazla Kişiden Oluşan Hanehalkı";"Hanehalkı sayısı";"2018";"195439";"";"";"";"";""
"Türkiye";"Yıllık";"Adrese Dayalı Nüfus Kayıt Sistemi";"İstanbul";"Çekirdek Aile Bulunmayan Birden Fazla Kişiden Oluşan Hanehalkı";"Hanehalkı sayısı";"2019";"223358";"";"";"";"";""
"Türkiye";"Yıllık";"Adrese Dayalı Nüfus Kayıt Sistemi";"İstanbul";"Çekirdek Aile Bulunmayan Birden Fazla Kişiden Oluşan Hanehalkı";"Hanehalkı sayısı";"2020";"201876";"";"";"";"";""
"Türkiye";"Yıllık";"Adrese Dayalı Nüfus Kayıt Sistemi";"İstanbul";"Çekirdek Aile Bulunmayan Birden Fazla Kişiden Oluşan Hanehalkı";"Hanehalkı sayısı";"2021";"262236";"";"";"";"";""
"Türkiye";"Yıllık";"Adrese Dayalı Nüfus Kayıt Sistemi";"İstanbul";"Çekirdek Aile Bulunmayan Birden Fazla Kişiden Oluşan Hanehalkı";"Hanehalkı sayısı";"2022";"276194";"";"";"";"";""
"Türkiye";"Yıllık";"Adrese Dayalı Nüfus Kayıt Sistemi";"İstanbul";"Çekirdek Aile Bulunmayan Birden Fazla Kişiden Oluşan Hanehalkı";"Hanehalkı sayısı";"2023";"269052";"";"";"";"";""
"Türkiye";"Yıllık";"Adrese Dayalı Nüfus Kayıt Sistemi";"İstanbul";"Çekirdek Aile Bulunmayan Birden Fazla Kişiden Oluşan Hanehalkı";"Hanehalkı sayısı";"2024";"264132";"";"";"";"";""
"Türkiye";"Yıllık";"Adrese Dayalı Nüfus Kayıt Sistemi";"İstanbul";"Çekirdek Aile Bulunmayan Birden Fazla Kişiden Oluşan Hanehalkı";"Hanehalkı sayısı";"2025";"268882";"";"";"";"";""
"Türkiye";"Yıllık";"Adrese Dayalı Nüfus Kayıt Sistemi";"İstanbul";"Toplam";"Hanehalkı sayısı";"2014";"3973852";"";"";"";"";""
"Türkiye";"Yıllık";"Adrese Dayalı Nüfus Kayıt Sistemi";"İstanbul";"Toplam";"Hanehalkı sayısı";"2015";"4070121";"";"";"";"";""
"Türkiye";"Yıllık";"Adrese Dayalı Nüfus Kayıt Sistemi";"İstanbul";"Toplam";"Hanehalkı sayısı";"2016";"4150576";"";"";"";"";""
"Türkiye";"Yıllık";"Adrese Dayalı Nüfus Kayıt Sistemi";"İstanbul";"Toplam";"Hanehalkı sayısı";"2017";"4232904";"";"";"";"";""
"Türkiye";"Yıllık";"Adrese Dayalı Nüfus Kayıt Sistemi";"İstanbul";"Toplam";"Hanehalkı sayısı";"2018";"4306967";"";"";"";"";""
"Türkiye";"Yıllık";"Adrese Dayalı Nüfus Kayıt Sistemi";"İstanbul";"Toplam";"Hanehalkı sayısı";"2019";"4521402";"";"";"";"";""
"Türkiye";"Yıllık";"Adrese Dayalı Nüfus Kayıt Sistemi";"İstanbul";"Toplam";"Hanehalkı sayısı";"2020";"4596419";"";"";"";"";""
"Türkiye";"Yıllık";"Adrese Dayalı Nüfus Kayıt Sistemi";"İstanbul";"Toplam";"Hanehalkı sayısı";"2021";"4755086";"";"";"";"";""
"Türkiye";"Yıllık";"Adrese Dayalı Nüfus Kayıt Sistemi";"İstanbul";"Toplam";"Hanehalkı sayısı";"2022";"4859620";"";"";"";"";""
"Türkiye";"Yıllık";"Adrese Dayalı Nüfus Kayıt Sistemi";"İstanbul";"Toplam";"Hanehalkı sayısı";"2023";"4827915";"";"";"";"";""
"Türkiye";"Yıllık";"Adrese Dayalı Nüfus Kayıt Sistemi";"İstanbul";"Toplam";"Hanehalkı sayısı";"2024";"4855719";"";"";"";"";""
"Türkiye";"Yıllık";"Adrese Dayalı Nüfus Kayıt Sistemi";"İstanbul";"Toplam";"Hanehalkı sayısı";"2025";"4917759";"";"";"";"";""
"Türkiye";"Yıllık";"Adrese Dayalı Nüfus Kayıt Sistemi";"Edirne";"Tek Kişilik Hanehalkı";"Hanehalkı sayısı";"2014";"23021";"";"";"";"";""
"Türkiye";"Yıllık";"Adrese Dayalı Nüfus Kayıt Sistemi";"Edirne";"Tek Kişilik Hanehalkı";"Hanehalkı sayısı";"2015";"24797";"";"";"";"";""
"Türkiye";"Yıllık";"Adrese Dayalı Nüfus Kayıt Sistemi";"Edirne";"Tek Kişilik Hanehalkı";"Hanehalkı sayısı";"2016";"26159";"";"";"";"";""
"Türkiye";"Yıllık";"Adrese Dayalı Nüfus Kayıt Sistemi";"Edirne";"Tek Kişilik Hanehalkı";"Hanehalkı sayısı";"2017";"27453";"";"";"";"";""
"Türkiye";"Yıllık";"Adrese Dayalı Nüfus Kayıt Sistemi";"Edirne";"Tek Kişilik Hanehalkı";"Hanehalkı sayısı";"2018";"28666";"";"";"";"";""
"Türkiye";"Yıllık";"Adrese Dayalı Nüfus Kayıt Sistemi";"Edirne";"Tek Kişilik Hanehalkı";"Hanehalkı sayısı";"2019";"30073";"";"";"";"";""
"Türkiye";"Yıllık";"Adrese Dayalı Nüfus Kayıt Sistemi";"Edirne";"Tek Kişilik Hanehalkı";"Hanehalkı sayısı";"2020";"32037";"";"";"";"";""
"Türkiye";"Yıllık";"Adrese Dayalı Nüfus Kayıt Sistemi";"Edirne";"Tek Kişilik Hanehalkı";"Hanehalkı sayısı";"2021";"34260";"";"";"";"";""
"Türkiye";"Yıllık";"Adrese Dayalı Nüfus Kayıt Sistemi";"Edirne";"Tek Kişilik Hanehalkı";"Hanehalkı sayısı";"2022";"36788";"";"";"";"";""
"Türkiye";"Yıllık";"Adrese Dayalı Nüfus Kayıt Sistemi";"Edirne";"Tek Kişilik Hanehalkı";"Hanehalkı sayısı";"2023";"37221";"";"";"";"";""
"Türkiye";"Yıllık";"Adrese Dayalı Nüfus Kayıt Sistemi";"Edirne";"Tek Kişilik Hanehalkı";"Hanehalkı sayısı";"2024";"37664";"";"";"";"";""
"Türkiye";"Yıllık";"Adrese Dayalı Nüfus Kayıt Sistemi";"Edirne";"Tek Kişilik Hanehalkı";"Hanehalkı sayısı";"2025";"38433";"";"";"";"";""
"Türkiye";"Yıllık";"Adrese Dayalı Nüfus Kayıt Sistemi";"Edirne";"Tek Çekirdek Aileden Oluşan Hanehalkı";"Hanehalkı sayısı";"2014";"81485";"";"";"";"";""
"Türkiye";"Yıllık";"Adrese Dayalı Nüfus Kayıt Sistemi";"Edirne";"Tek Çekirdek Aileden Oluşan Hanehalkı";"Hanehalkı sayısı";"2015";"81439";"";"";"";"";""
"Türkiye";"Yıllık";"Adrese Dayalı Nüfus Kayıt Sistemi";"Edirne";"Tek Çekirdek Aileden Oluşan Hanehalkı";"Hanehalkı sayısı";"2016";"81684";"";"";"";"";""
"Türkiye";"Yıllık";"Adrese Dayalı Nüfus Kayıt Sistemi";"Edirne";"Tek Çekirdek Aileden Oluşan Hanehalkı";"Hanehalkı sayısı";"2017";"82063";"";"";"";"";""
"Türkiye";"Yıllık";"Adrese Dayalı Nüfus Kayıt Sistemi";"Edirne";"Tek Çekirdek Aileden Oluşan Hanehalkı";"Hanehalkı sayısı";"2018";"82293";"";"";"";"";""
"Türkiye";"Yıllık";"Adrese Dayalı Nüfus Kayıt Sistemi";"Edirne";"Tek Çekirdek Aileden Oluşan Hanehalkı";"Hanehalkı sayısı";"2019";"82934";"";"";"";"";""
"Türkiye";"Yıllık";"Adrese Dayalı Nüfus Kayıt Sistemi";"Edirne";"Tek Çekirdek Aileden Oluşan Hanehalkı";"Hanehalkı sayısı";"2020";"84463";"";"";"";"";""
"Türkiye";"Yıllık";"Adrese Dayalı Nüfus Kayıt Sistemi";"Edirne";"Tek Çekirdek Aileden Oluşan Hanehalkı";"Hanehalkı sayısı";"2021";"85211";"";"";"";"";""
"Türkiye";"Yıllık";"Adrese Dayalı Nüfus Kayıt Sistemi";"Edirne";"Tek Çekirdek Aileden Oluşan Hanehalkı";"Hanehalkı sayısı";"2022";"87613";"";"";"";"";""
"Türkiye";"Yıllık";"Adrese Dayalı Nüfus Kayıt Sistemi";"Edirne";"Tek Çekirdek Aileden Oluşan Hanehalkı";"Hanehalkı sayısı";"2023";"88001";"";"";"";"";""
"Türkiye";"Yıllık";"Adrese Dayalı Nüfus Kayıt Sistemi";"Edirne";"Tek Çekirdek Aileden Oluşan Hanehalkı";"Hanehalkı sayısı";"2024";"87197";"";"";"";"";""
"Türkiye";"Yıllık";"Adrese Dayalı Nüfus Kayıt Sistemi";"Edirne";"Tek Çekirdek Aileden Oluşan Hanehalkı";"Hanehalkı sayısı";"2025";"86796";"";"";"";"";""
"Türkiye";"Yıllık";"Adrese Dayalı Nüfus Kayıt Sistemi";"Edirne";"En Az Bir Çekirdek Aile Ve Diğer Kişilerden Oluşan Hanehalkı";"Hanehalkı sayısı";"2014";"21658";"";"";"";"";""
"Türkiye";"Yıllık";"Adrese Dayalı Nüfus Kayıt Sistemi";"Edirne";"En Az Bir Çekirdek Aile Ve Diğer Kişilerden Oluşan Hanehalkı";"Hanehalkı sayısı";"2015";"21960";"";"";"";"";""
"Türkiye";"Yıllık";"Adrese Dayalı Nüfus Kayıt Sistemi";"Edirne";"En Az Bir Çekirdek Aile Ve Diğer Kişilerden Oluşan Hanehalkı";"Hanehalkı sayısı";"2016";"22033";"";"";"";"";""
"Türkiye";"Yıllık";"Adrese Dayalı Nüfus Kayıt Sistemi";"Edirne";"En Az Bir Çekirdek Aile Ve Diğer Kişilerden Oluşan Hanehalkı";"Hanehalkı sayısı";"2017";"22061";"";"";"";"";""
"Türkiye";"Yıllık";"Adrese Dayalı Nüfus Kayıt Sistemi";"Edirne";"En Az Bir Çekirdek Aile Ve Diğer Kişilerden Oluşan Hanehalkı";"Hanehalkı sayısı";"2018";"22441";"";"";"";"";""
"Türkiye";"Yıllık";"Adrese Dayalı Nüfus Kayıt Sistemi";"Edirne";"En Az Bir Çekirdek Aile Ve Diğer Kişilerden Oluşan Hanehalkı";"Hanehalkı sayısı";"2019";"21728";"";"";"";"";""
"Türkiye";"Yıllık";"Adrese Dayalı Nüfus Kayıt Sistemi";"Edirne";"En Az Bir Çekirdek Aile Ve Diğer Kişilerden Oluşan Hanehalkı";"Hanehalkı sayısı";"2020";"21349";"";"";"";"";""
"Türkiye";"Yıllık";"Adrese Dayalı Nüfus Kayıt Sistemi";"Edirne";"En Az Bir Çekirdek Aile Ve Diğer Kişilerden Oluşan Hanehalkı";"Hanehalkı sayısı";"2021";"20782";"";"";"";"";""
"Türkiye";"Yıllık";"Adrese Dayalı Nüfus Kayıt Sistemi";"Edirne";"En Az Bir Çekirdek Aile Ve Diğer Kişilerden Oluşan Hanehalkı";"Hanehalkı sayısı";"2022";"19972";"";"";"";"";""
"Türkiye";"Yıllık";"Adrese Dayalı Nüfus Kayıt Sistemi";"Edirne";"En Az Bir Çekirdek Aile Ve Diğer Kişilerden Oluşan Hanehalkı";"Hanehalkı sayısı";"2023";"20702";"";"";"";"";""
"Türkiye";"Yıllık";"Adrese Dayalı Nüfus Kayıt Sistemi";"Edirne";"En Az Bir Çekirdek Aile Ve Diğer Kişilerden Oluşan Hanehalkı";"Hanehalkı sayısı";"2024";"21101";"";"";"";"";""
"Türkiye";"Yıllık";"Adrese Dayalı Nüfus Kayıt Sistemi";"Edirne";"En Az Bir Çekirdek Aile Ve Diğer Kişilerden Oluşan Hanehalkı";"Hanehalkı sayısı";"2025";"21729";"";"";"";"";""
"Türkiye";"Yıllık";"Adrese Dayalı Nüfus Kayıt Sistemi";"Edirne";"Çekirdek Aile Bulunmayan Birden Fazla Kişiden Oluşan Hanehalkı";"Hanehalkı sayısı";"2014";"2555";"";"";"";"";""
"Türkiye";"Yıllık";"Adrese Dayalı Nüfus Kayıt Sistemi";"Edirne";"Çekirdek Aile Bulunmayan Birden Fazla Kişiden Oluşan Hanehalkı";"Hanehalkı sayısı";"2015";"2939";"";"";"";"";""
"Türkiye";"Yıllık";"Adrese Dayalı Nüfus Kayıt Sistemi";"Edirne";"Çekirdek Aile Bulunmayan Birden Fazla Kişiden Oluşan Hanehalkı";"Hanehalkı sayısı";"2016";"3210";"";"";"";"";""
"Türkiye";"Yıllık";"Adrese Dayalı Nüfus Kayıt Sistemi";"Edirne";"Çekirdek Aile Bulunmayan Birden Fazla Kişiden Oluşan Hanehalkı";"Hanehalkı sayısı";"2017";"3427";"";"";"";"";""
"Türkiye";"Yıllık";"Adrese Dayalı Nüfus Kayıt Sistemi";"Edirne";"Çekirdek Aile Bulunmayan Birden Fazla Kişiden Oluşan Hanehalkı";"Hanehalkı sayısı";"2018";"3580";"";"";"";"";""
"Türkiye";"Yıllık";"Adrese Dayalı Nüfus Kayıt Sistemi";"Edirne";"Çekirdek Aile Bulunmayan Birden Fazla Kişiden Oluşan Hanehalkı";"Hanehalkı sayısı";"2019";"3605";"";"";"";"";""
"Türkiye";"Yıllık";"Adrese Dayalı Nüfus Kayıt Sistemi";"Edirne";"Çekirdek Aile Bulunmayan Birden Fazla Kişiden Oluşan Hanehalkı";"Hanehalkı sayısı";"2020";"3805";"";"";"";"";""
"Türkiye";"Yıllık";"Adrese Dayalı Nüfus Kayıt Sistemi";"Edirne";"Çekirdek Aile Bulunmayan Birden Fazla Kişiden Oluşan Hanehalkı";"Hanehalkı sayısı";"2021";"3894";"";"";"";"";""
"Türkiye";"Yıllık";"Adrese Dayalı Nüfus Kayıt Sistemi";"Edirne";"Çekirdek Aile Bulunmayan Birden Fazla Kişiden Oluşan Hanehalkı";"Hanehalkı sayısı";"2022";"4078";"";"";"";"";""
"Türkiye";"Yıllık";"Adrese Dayalı Nüfus Kayıt Sistemi";"Edirne";"Çekirdek Aile Bulunmayan Birden Fazla Kişiden Oluşan Hanehalkı";"Hanehalkı sayısı";"2023";"4559";"";"";"";"";""
"Türkiye";"Yıllık";"Adrese Dayalı Nüfus Kayıt Sistemi";"Edirne";"Çekirdek Aile Bulunmayan Birden Fazla Kişiden Oluşan Hanehalkı";"Hanehalkı sayısı";"2024";"4710";"";"";"";"";""
"Türkiye";"Yıllık";"Adrese Dayalı Nüfus Kayıt Sistemi";"Edirne";"Çekirdek Aile Bulunmayan Birden Fazla Kişiden Oluşan Hanehalkı";"Hanehalkı sayısı";"2025";"4863";"";"";"";"";""
"Türkiye";"Yıllık";"Adrese Dayalı Nüfus Kayıt Sistemi";"Edirne";"Toplam";"Hanehalkı sayısı";"2014";"128719";"";"";"";"";""
"Türkiye";"Yıllık";"Adrese Dayalı Nüfus Kayıt Sistemi";"Edirne";"Toplam";"Hanehalkı sayısı";"2015";"131135";"";"";"";"";""
"Türkiye";"Yıllık";"Adrese Dayalı Nüfus Kayıt Sistemi";"Edirne";"Toplam";"Hanehalkı sayısı";"2016";"133086";"";"";"";"";""
"Türkiye";"Yıllık";"Adrese Dayalı Nüfus Kayıt Sistemi";"Edirne";"Toplam";"Hanehalkı sayısı";"2017";"135004";"";"";"";"";""
"Türkiye";"Yıllık";"Adrese Dayalı Nüfus Kayıt Sistemi";"Edirne";"Toplam";"Hanehalkı sayısı";"2018";"136980";"";"";"";"";""
"Türkiye";"Yıllık";"Adrese Dayalı Nüfus Kayıt Sistemi";"Edirne";"Toplam";"Hanehalkı sayısı";"2019";"138340";"";"";"";"";""
"Türkiye";"Yıllık";"Adrese Dayalı Nüfus Kayıt Sistemi";"Edirne";"Toplam";"Hanehalkı sayısı";"2020";"141654";"";"";"";"";""
"Türkiye";"Yıllık";"Adrese Dayalı Nüfus Kayıt Sistemi";"Edirne";"Toplam";"Hanehalkı sayısı";"2021";"144147";"";"";"";"";""
"Türkiye";"Yıllık";"Adrese Dayalı Nüfus Kayıt Sistemi";"Edirne";"Toplam";"Hanehalkı sayısı";"2022";"148451";"";"";"";"";""
"Türkiye";"Yıllık";"Adrese Dayalı Nüfus Kayıt Sistemi";"Edirne";"Toplam";"Hanehalkı sayısı";"2023";"150483";"";"";"";"";""
"Türkiye";"Yıllık";"Adrese Dayalı Nüfus Kayıt Sistemi";"Edirne";"Toplam";"Hanehalkı sayısı";"2024";"150672";"";"";"";"";""
"Türkiye";"Yıllık";"Adrese Dayalı Nüfus Kayıt Sistemi";"Edirne";"Toplam";"Hanehalkı sayısı";"2025";"151821";"";"";"";"";""
"Türkiye";"Yıllık";"Adrese Dayalı Nüfus Kayıt Sistemi";"Kırklareli";"Tek Kişilik Hanehalkı";"Hanehalkı sayısı";"2014";"18657";"";"";"";"";""
"Türkiye";"Yıllık";"Adrese Dayalı Nüfus Kayıt Sistemi";"Kırklareli";"Tek Kişilik Hanehalkı";"Hanehalkı sayısı";"2015";"19735";"";"";"";"";""
"Türkiye";"Yıllık";"Adrese Dayalı Nüfus Kayıt Sistemi";"Kırklareli";"Tek Kişilik Hanehalkı";"Hanehalkı sayısı";"2016";"21115";"";"";"";"";""
"Türkiye";"Yıllık";"Adrese Dayalı Nüfus Kayıt Sistemi";"Kırklareli";"Tek Kişilik Hanehalkı";"Hanehalkı sayısı";"2017";"22038";"";"";"";"";""
"Türkiye";"Yıllık";"Adrese Dayalı Nüfus Kayıt Sistemi";"Kırklareli";"Tek Kişilik Hanehalkı";"Hanehalkı sayısı";"2018";"23132";"";"";"";"";""
"Türkiye";"Yıllık";"Adrese Dayalı Nüfus Kayıt Sistemi";"Kırklareli";"Tek Kişilik Hanehalkı";"Hanehalkı sayısı";"2019";"24611";"";"";"";"";""
"Türkiye";"Yıllık";"Adrese Dayalı Nüfus Kayıt Sistemi";"Kırklareli";"Tek Kişilik Hanehalkı";"Hanehalkı sayısı";"2020";"26337";"";"";"";"";""
"Türkiye";"Yıllık";"Adrese Dayalı Nüfus Kayıt Sistemi";"Kırklareli";"Tek Kişilik Hanehalkı";"Hanehalkı sayısı";"2021";"28554";"";"";"";"";""
"Türkiye";"Yıllık";"Adrese Dayalı Nüfus Kayıt Sistemi";"Kırklareli";"Tek Kişilik Hanehalkı";"Hanehalkı sayısı";"2022";"30205";"";"";"";"";""
"Türkiye";"Yıllık";"Adrese Dayalı Nüfus Kayıt Sistemi";"Kırklareli";"Tek Kişilik Hanehalkı";"Hanehalkı sayısı";"2023";"30781";"";"";"";"";""
"Türkiye";"Yıllık";"Adrese Dayalı Nüfus Kayıt Sistemi";"Kırklareli";"Tek Kişilik Hanehalkı";"Hanehalkı sayısı";"2024";"31376";"";"";"";"";""
"Türkiye";"Yıllık";"Adrese Dayalı Nüfus Kayıt Sistemi";"Kırklareli";"Tek Kişilik Hanehalkı";"Hanehalkı sayısı";"2025";"32380";"";"";"";"";""
"Türkiye";"Yıllık";"Adrese Dayalı Nüfus Kayıt Sistemi";"Kırklareli";"Tek Çekirdek Aileden Oluşan Hanehalkı";"Hanehalkı sayısı";"2014";"73549";"";"";"";"";""
"Türkiye";"Yıllık";"Adrese Dayalı Nüfus Kayıt Sistemi";"Kırklareli";"Tek Çekirdek Aileden Oluşan Hanehalkı";"Hanehalkı sayısı";"2015";"74482";"";"";"";"";""
"Türkiye";"Yıllık";"Adrese Dayalı Nüfus Kayıt Sistemi";"Kırklareli";"Tek Çekirdek Aileden Oluşan Hanehalkı";"Hanehalkı sayısı";"2016";"75491";"";"";"";"";""
"Türkiye";"Yıllık";"Adrese Dayalı Nüfus Kayıt Sistemi";"Kırklareli";"Tek Çekirdek Aileden Oluşan Hanehalkı";"Hanehalkı sayısı";"2017";"76401";"";"";"";"";""
"Türkiye";"Yıllık";"Adrese Dayalı Nüfus Kayıt Sistemi";"Kırklareli";"Tek Çekirdek Aileden Oluşan Hanehalkı";"Hanehalkı sayısı";"2018";"77618";"";"";"";"";""
"Türkiye";"Yıllık";"Adrese Dayalı Nüfus Kayıt Sistemi";"Kırklareli";"Tek Çekirdek Aileden Oluşan Hanehalkı";"Hanehalkı sayısı";"2019";"78536";"";"";"";"";""
"Türkiye";"Yıllık";"Adrese Dayalı Nüfus Kayıt Sistemi";"Kırklareli";"Tek Çekirdek Aileden Oluşan Hanehalkı";"Hanehalkı sayısı";"2020";"80445";"";"";"";"";""
"Türkiye";"Yıllık";"Adrese Dayalı Nüfus Kayıt Sistemi";"Kırklareli";"Tek Çekirdek Aileden Oluşan Hanehalkı";"Hanehalkı sayısı";"2021";"81443";"";"";"";"";""
"Türkiye";"Yıllık";"Adrese Dayalı Nüfus Kayıt Sistemi";"Kırklareli";"Tek Çekirdek Aileden Oluşan Hanehalkı";"Hanehalkı sayısı";"2022";"83295";"";"";"";"";""
"Türkiye";"Yıllık";"Adrese Dayalı Nüfus Kayıt Sistemi";"Kırklareli";"Tek Çekirdek Aileden Oluşan Hanehalkı";"Hanehalkı sayısı";"2023";"83755";"";"";"";"";""
"Türkiye";"Yıllık";"Adrese Dayalı Nüfus Kayıt Sistemi";"Kırklareli";"Tek Çekirdek Aileden Oluşan Hanehalkı";"Hanehalkı sayısı";"2024";"83613";"";"";"";"";""
"Türkiye";"Yıllık";"Adrese Dayalı Nüfus Kayıt Sistemi";"Kırklareli";"Tek Çekirdek Aileden Oluşan Hanehalkı";"Hanehalkı sayısı";"2025";"83402";"";"";"";"";""
"Türkiye";"Yıllık";"Adrese Dayalı Nüfus Kayıt Sistemi";"Kırklareli";"En Az Bir Çekirdek Aile Ve Diğer Kişilerden Oluşan Hanehalkı";"Hanehalkı sayısı";"2014";"15978";"";"";"";"";""
"Türkiye";"Yıllık";"Adrese Dayalı Nüfus Kayıt Sistemi";"Kırklareli";"En Az Bir Çekirdek Aile Ve Diğer Kişilerden Oluşan Hanehalkı";"Hanehalkı sayısı";"2015";"16092";"";"";"";"";""
"Türkiye";"Yıllık";"Adrese Dayalı Nüfus Kayıt Sistemi";"Kırklareli";"En Az Bir Çekirdek Aile Ve Diğer Kişilerden Oluşan Hanehalkı";"Hanehalkı sayısı";"2016";"16295";"";"";"";"";""
"Türkiye";"Yıllık";"Adrese Dayalı Nüfus Kayıt Sistemi";"Kırklareli";"En Az Bir Çekirdek Aile Ve Diğer Kişilerden Oluşan Hanehalkı";"Hanehalkı sayısı";"2017";"16523";"";"";"";"";""
"Türkiye";"Yıllık";"Adrese Dayalı Nüfus Kayıt Sistemi";"Kırklareli";"En Az Bir Çekirdek Aile Ve Diğer Kişilerden Oluşan Hanehalkı";"Hanehalkı sayısı";"2018";"16456";"";"";"";"";""
"Türkiye";"Yıllık";"Adrese Dayalı Nüfus Kayıt Sistemi";"Kırklareli";"En Az Bir Çekirdek Aile Ve Diğer Kişilerden Oluşan Hanehalkı";"Hanehalkı sayısı";"2019";"16196";"";"";"";"";""
"Türkiye";"Yıllık";"Adrese Dayalı Nüfus Kayıt Sistemi";"Kırklareli";"En Az Bir Çekirdek Aile Ve Diğer Kişilerden Oluşan Hanehalkı";"Hanehalkı sayısı";"2020";"15927";"";"";"";"";""
"Türkiye";"Yıllık";"Adrese Dayalı Nüfus Kayıt Sistemi";"Kırklareli";"En Az Bir Çekirdek Aile Ve Diğer Kişilerden Oluşan Hanehalkı";"Hanehalkı sayısı";"2021";"15663";"";"";"";"";""
"Türkiye";"Yıllık";"Adrese Dayalı Nüfus Kayıt Sistemi";"Kırklareli";"En Az Bir Çekirdek Aile Ve Diğer Kişilerden Oluşan Hanehalkı";"Hanehalkı sayısı";"2022";"15405";"";"";"";"";""
"Türkiye";"Yıllık";"Adrese Dayalı Nüfus Kayıt Sistemi";"Kırklareli";"En Az Bir Çekirdek Aile Ve Diğer Kişilerden Oluşan Hanehalkı";"Hanehalkı sayısı";"2023";"16600";"";"";"";"";""
"Türkiye";"Yıllık";"Adrese Dayalı Nüfus Kayıt Sistemi";"Kırklareli";"En Az Bir Çekirdek Aile Ve Diğer Kişilerden Oluşan Hanehalkı";"Hanehalkı sayısı";"2024";"16816";"";"";"";"";""
"Türkiye";"Yıllık";"Adrese Dayalı Nüfus Kayıt Sistemi";"Kırklareli";"En Az Bir Çekirdek Aile Ve Diğer Kişilerden Oluşan Hanehalkı";"Hanehalkı sayısı";"2025";"17326";"";"";"";"";""
"Türkiye";"Yıllık";"Adrese Dayalı Nüfus Kayıt Sistemi";"Kırklareli";"Çekirdek Aile Bulunmayan Birden Fazla Kişiden Oluşan Hanehalkı";"Hanehalkı sayısı";"2014";"2038";"";"";"";"";""
"Türkiye";"Yıllık";"Adrese Dayalı Nüfus Kayıt Sistemi";"Kırklareli";"Çekirdek Aile Bulunmayan Birden Fazla Kişiden Oluşan Hanehalkı";"Hanehalkı sayısı";"2015";"2168";"";"";"";"";""
"Türkiye";"Yıllık";"Adrese Dayalı Nüfus Kayıt Sistemi";"Kırklareli";"Çekirdek Aile Bulunmayan Birden Fazla Kişiden Oluşan Hanehalkı";"Hanehalkı sayısı";"2016";"2208";"";"";"";"";""
"Türkiye";"Yıllık";"Adrese Dayalı Nüfus Kayıt Sistemi";"Kırklareli";"Çekirdek Aile Bulunmayan Birden Fazla Kişiden Oluşan Hanehalkı";"Hanehalkı sayısı";"2017";"2244";"";"";"";"";""
"Türkiye";"Yıllık";"Adrese Dayalı Nüfus Kayıt Sistemi";"Kırklareli";"Çekirdek Aile Bulunmayan Birden Fazla Kişiden Oluşan Hanehalkı";"Hanehalkı sayısı";"2018";"2484";"";"";"";"";""
"Türkiye";"Yıllık";"Adrese Dayalı Nüfus Kayıt Sistemi";"Kırklareli";"Çekirdek Aile Bulunmayan Birden Fazla Kişiden Oluşan Hanehalkı";"Hanehalkı sayısı";"2019";"2576";"";"";"";"";""
"Türkiye";"Yıllık";"Adrese Dayalı Nüfus Kayıt Sistemi";"Kırklareli";"Çekirdek Aile Bulunmayan Birden Fazla Kişiden Oluşan Hanehalkı";"Hanehalkı sayısı";"2020";"2539";"";"";"";"";""
"Türkiye";"Yıllık";"Adrese Dayalı Nüfus Kayıt Sistemi";"Kırklareli";"Çekirdek Aile Bulunmayan Birden Fazla Kişiden Oluşan Hanehalkı";"Hanehalkı sayısı";"2021";"2799";"";"";"";"";""
"Türkiye";"Yıllık";"Adrese Dayalı Nüfus Kayıt Sistemi";"Kırklareli";"Çekirdek Aile Bulunmayan Birden Fazla Kişiden Oluşan Hanehalkı";"Hanehalkı sayısı";"2022";"3043";"";"";"";"";""
"Türkiye";"Yıllık";"Adrese Dayalı Nüfus Kayıt Sistemi";"Kırklareli";"Çekirdek Aile Bulunmayan Birden Fazla Kişiden Oluşan Hanehalkı";"Hanehalkı sayısı";"2023";"3330";"";"";"";"";""
"Türkiye";"Yıllık";"Adrese Dayalı Nüfus Kayıt Sistemi";"Kırklareli";"Çekirdek Aile Bulunmayan Birden Fazla Kişiden Oluşan Hanehalkı";"Hanehalkı sayısı";"2024";"3467";"";"";"";"";""
"Türkiye";"Yıllık";"Adrese Dayalı Nüfus Kayıt Sistemi";"Kırklareli";"Çekirdek Aile Bulunmayan Birden Fazla Kişiden Oluşan Hanehalkı";"Hanehalkı sayısı";"2025";"3681";"";"";"";"";""
"Türkiye";"Yıllık";"Adrese Dayalı Nüfus Kayıt Sistemi";"Kırklareli";"Toplam";"Hanehalkı sayısı";"2014";"110222";"";"";"";"";""
"Türkiye";"Yıllık";"Adrese Dayalı Nüfus Kayıt Sistemi";"Kırklareli";"Toplam";"Hanehalkı sayısı";"2015";"112477";"";"";"";"";""
"Türkiye";"Yıllık";"Adrese Dayalı Nüfus Kayıt Sistemi";"Kırklareli";"Toplam";"Hanehalkı sayısı";"2016";"115109";"";"";"";"";""
"Türkiye";"Yıllık";"Adrese Dayalı Nüfus Kayıt Sistemi";"Kırklareli";"Toplam";"Hanehalkı sayısı";"2017";"117206";"";"";"";"";""
"Türkiye";"Yıllık";"Adrese Dayalı Nüfus Kayıt Sistemi";"Kırklareli";"Toplam";"Hanehalkı sayısı";"2018";"119690";"";"";"";"";""
"Türkiye";"Yıllık";"Adrese Dayalı Nüfus Kayıt Sistemi";"Kırklareli";"Toplam";"Hanehalkı sayısı";"2019";"121919";"";"";"";"";""
"Türkiye";"Yıllık";"Adrese Dayalı Nüfus Kayıt Sistemi";"Kırklareli";"Toplam";"Hanehalkı sayısı";"2020";"125248";"";"";"";"";""
"Türkiye";"Yıllık";"Adrese Dayalı Nüfus Kayıt Sistemi";"Kırklareli";"Toplam";"Hanehalkı sayısı";"2021";"128459";"";"";"";"";""
"Türkiye";"Yıllık";"Adrese Dayalı Nüfus Kayıt Sistemi";"Kırklareli";"Toplam";"Hanehalkı sayısı";"2022";"131948";"";"";"";"";""
"Türkiye";"Yıllık";"Adrese Dayalı Nüfus Kayıt Sistemi";"Kırklareli";"Toplam";"Hanehalkı sayısı";"2023";"134466";"";"";"";"";""
"Türkiye";"Yıllık";"Adrese Dayalı Nüfus Kayıt Sistemi";"Kırklareli";"Toplam";"Hanehalkı sayısı";"2024";"135272";"";"";"";"";""
"Türkiye";"Yıllık";"Adrese Dayalı Nüfus Kayıt Sistemi";"Kırklareli";"Toplam";"Hanehalkı sayısı";"2025";"136789";"";"";"";"";""
"Türkiye";"Yıllık";"Adrese Dayalı Nüfus Kayıt Sistemi";"Tekirdağ";"Tek Kişilik Hanehalkı";"Hanehalkı sayısı";"2014";"37327";"";"";"";"";""
"Türkiye";"Yıllık";"Adrese Dayalı Nüfus Kayıt Sistemi";"Tekirdağ";"Tek Kişilik Hanehalkı";"Hanehalkı sayısı";"2015";"39605";"";"";"";"";""
"Türkiye";"Yıllık";"Adrese Dayalı Nüfus Kayıt Sistemi";"Tekirdağ";"Tek Kişilik Hanehalkı";"Hanehalkı sayısı";"2016";"42256";"";"";"";"";""
"Türkiye";"Yıllık";"Adrese Dayalı Nüfus Kayıt Sistemi";"Tekirdağ";"Tek Kişilik Hanehalkı";"Hanehalkı sayısı";"2017";"44537";"";"";"";"";""
"Türkiye";"Yıllık";"Adrese Dayalı Nüfus Kayıt Sistemi";"Tekirdağ";"Tek Kişilik Hanehalkı";"Hanehalkı sayısı";"2018";"47771";"";"";"";"";""
"Türkiye";"Yıllık";"Adrese Dayalı Nüfus Kayıt Sistemi";"Tekirdağ";"Tek Kişilik Hanehalkı";"Hanehalkı sayısı";"2019";"51304";"";"";"";"";""
"Türkiye";"Yıllık";"Adrese Dayalı Nüfus Kayıt Sistemi";"Tekirdağ";"Tek Kişilik Hanehalkı";"Hanehalkı sayısı";"2020";"56122";"";"";"";"";""
"Türkiye";"Yıllık";"Adrese Dayalı Nüfus Kayıt Sistemi";"Tekirdağ";"Tek Kişilik Hanehalkı";"Hanehalkı sayısı";"2021";"62132";"";"";"";"";""
"Türkiye";"Yıllık";"Adrese Dayalı Nüfus Kayıt Sistemi";"Tekirdağ";"Tek Kişilik Hanehalkı";"Hanehalkı sayısı";"2022";"66958";"";"";"";"";""
"Türkiye";"Yıllık";"Adrese Dayalı Nüfus Kayıt Sistemi";"Tekirdağ";"Tek Kişilik Hanehalkı";"Hanehalkı sayısı";"2023";"68940";"";"";"";"";""
"Türkiye";"Yıllık";"Adrese Dayalı Nüfus Kayıt Sistemi";"Tekirdağ";"Tek Kişilik Hanehalkı";"Hanehalkı sayısı";"2024";"71397";"";"";"";"";""
"Türkiye";"Yıllık";"Adrese Dayalı Nüfus Kayıt Sistemi";"Tekirdağ";"Tek Kişilik Hanehalkı";"Hanehalkı sayısı";"2025";"76085";"";"";"";"";""
"Türkiye";"Yıllık";"Adrese Dayalı Nüfus Kayıt Sistemi";"Tekirdağ";"Tek Çekirdek Aileden Oluşan Hanehalkı";"Hanehalkı sayısı";"2014";"184079";"";"";"";"";""
"Türkiye";"Yıllık";"Adrese Dayalı Nüfus Kayıt Sistemi";"Tekirdağ";"Tek Çekirdek Aileden Oluşan Hanehalkı";"Hanehalkı sayısı";"2015";"191358";"";"";"";"";""
"Türkiye";"Yıllık";"Adrese Dayalı Nüfus Kayıt Sistemi";"Tekirdağ";"Tek Çekirdek Aileden Oluşan Hanehalkı";"Hanehalkı sayısı";"2016";"198937";"";"";"";"";""
"Türkiye";"Yıllık";"Adrese Dayalı Nüfus Kayıt Sistemi";"Tekirdağ";"Tek Çekirdek Aileden Oluşan Hanehalkı";"Hanehalkı sayısı";"2017";"206052";"";"";"";"";""
"Türkiye";"Yıllık";"Adrese Dayalı Nüfus Kayıt Sistemi";"Tekirdağ";"Tek Çekirdek Aileden Oluşan Hanehalkı";"Hanehalkı sayısı";"2018";"212109";"";"";"";"";""
"Türkiye";"Yıllık";"Adrese Dayalı Nüfus Kayıt Sistemi";"Tekirdağ";"Tek Çekirdek Aileden Oluşan Hanehalkı";"Hanehalkı sayısı";"2019";"217290";"";"";"";"";""
"Türkiye";"Yıllık";"Adrese Dayalı Nüfus Kayıt Sistemi";"Tekirdağ";"Tek Çekirdek Aileden Oluşan Hanehalkı";"Hanehalkı sayısı";"2020";"225160";"";"";"";"";""
"Türkiye";"Yıllık";"Adrese Dayalı Nüfus Kayıt Sistemi";"Tekirdağ";"Tek Çekirdek Aileden Oluşan Hanehalkı";"Hanehalkı sayısı";"2021";"232131";"";"";"";"";""
"Türkiye";"Yıllık";"Adrese Dayalı Nüfus Kayıt Sistemi";"Tekirdağ";"Tek Çekirdek Aileden Oluşan Hanehalkı";"Hanehalkı sayısı";"2022";"241601";"";"";"";"";""
"Türkiye";"Yıllık";"Adrese Dayalı Nüfus Kayıt Sistemi";"Tekirdağ";"Tek Çekirdek Aileden Oluşan Hanehalkı";"Hanehalkı sayısı";"2023";"245836";"";"";"";"";""
"Türkiye";"Yıllık";"Adrese Dayalı Nüfus Kayıt Sistemi";"Tekirdağ";"Tek Çekirdek Aileden Oluşan Hanehalkı";"Hanehalkı sayısı";"2024";"248796";"";"";"";"";""
"Türkiye";"Yıllık";"Adrese Dayalı Nüfus Kayıt Sistemi";"Tekirdağ";"Tek Çekirdek Aileden Oluşan Hanehalkı";"Hanehalkı sayısı";"2025";"252781";"";"";"";"";""
"Türkiye";"Yıllık";"Adrese Dayalı Nüfus Kayıt Sistemi";"Tekirdağ";"En Az Bir Çekirdek Aile Ve Diğer Kişilerden Oluşan Hanehalkı";"Hanehalkı sayısı";"2014";"42540";"";"";"";"";""
"Türkiye";"Yıllık";"Adrese Dayalı Nüfus Kayıt Sistemi";"Tekirdağ";"En Az Bir Çekirdek Aile Ve Diğer Kişilerden Oluşan Hanehalkı";"Hanehalkı sayısı";"2015";"44081";"";"";"";"";""
"Türkiye";"Yıllık";"Adrese Dayalı Nüfus Kayıt Sistemi";"Tekirdağ";"En Az Bir Çekirdek Aile Ve Diğer Kişilerden Oluşan Hanehalkı";"Hanehalkı sayısı";"2016";"45348";"";"";"";"";""
"Türkiye";"Yıllık";"Adrese Dayalı Nüfus Kayıt Sistemi";"Tekirdağ";"En Az Bir Çekirdek Aile Ve Diğer Kişilerden Oluşan Hanehalkı";"Hanehalkı sayısı";"2017";"46470";"";"";"";"";""
"Türkiye";"Yıllık";"Adrese Dayalı Nüfus Kayıt Sistemi";"Tekirdağ";"En Az Bir Çekirdek Aile Ve Diğer Kişilerden Oluşan Hanehalkı";"Hanehalkı sayısı";"2018";"46883";"";"";"";"";""
"Türkiye";"Yıllık";"Adrese Dayalı Nüfus Kayıt Sistemi";"Tekirdağ";"En Az Bir Çekirdek Aile Ve Diğer Kişilerden Oluşan Hanehalkı";"Hanehalkı sayısı";"2019";"47514";"";"";"";"";""
"Türkiye";"Yıllık";"Adrese Dayalı Nüfus Kayıt Sistemi";"Tekirdağ";"En Az Bir Çekirdek Aile Ve Diğer Kişilerden Oluşan Hanehalkı";"Hanehalkı sayısı";"2020";"46781";"";"";"";"";""
"Türkiye";"Yıllık";"Adrese Dayalı Nüfus Kayıt Sistemi";"Tekirdağ";"En Az Bir Çekirdek Aile Ve Diğer Kişilerden Oluşan Hanehalkı";"Hanehalkı sayısı";"2021";"47537";"";"";"";"";""
"Türkiye";"Yıllık";"Adrese Dayalı Nüfus Kayıt Sistemi";"Tekirdağ";"En Az Bir Çekirdek Aile Ve Diğer Kişilerden Oluşan Hanehalkı";"Hanehalkı sayısı";"2022";"47811";"";"";"";"";""
"Türkiye";"Yıllık";"Adrese Dayalı Nüfus Kayıt Sistemi";"Tekirdağ";"En Az Bir Çekirdek Aile Ve Diğer Kişilerden Oluşan Hanehalkı";"Hanehalkı sayısı";"2023";"50308";"";"";"";"";""
"Türkiye";"Yıllık";"Adrese Dayalı Nüfus Kayıt Sistemi";"Tekirdağ";"En Az Bir Çekirdek Aile Ve Diğer Kişilerden Oluşan Hanehalkı";"Hanehalkı sayısı";"2024";"52000";"";"";"";"";""
"Türkiye";"Yıllık";"Adrese Dayalı Nüfus Kayıt Sistemi";"Tekirdağ";"En Az Bir Çekirdek Aile Ve Diğer Kişilerden Oluşan Hanehalkı";"Hanehalkı sayısı";"2025";"53928";"";"";"";"";""
"Türkiye";"Yıllık";"Adrese Dayalı Nüfus Kayıt Sistemi";"Tekirdağ";"Çekirdek Aile Bulunmayan Birden Fazla Kişiden Oluşan Hanehalkı";"Hanehalkı sayısı";"2014";"4916";"";"";"";"";""
"Türkiye";"Yıllık";"Adrese Dayalı Nüfus Kayıt Sistemi";"Tekirdağ";"Çekirdek Aile Bulunmayan Birden Fazla Kişiden Oluşan Hanehalkı";"Hanehalkı sayısı";"2015";"5096";"";"";"";"";""
"Türkiye";"Yıllık";"Adrese Dayalı Nüfus Kayıt Sistemi";"Tekirdağ";"Çekirdek Aile Bulunmayan Birden Fazla Kişiden Oluşan Hanehalkı";"Hanehalkı sayısı";"2016";"5417";"";"";"";"";""
"Türkiye";"Yıllık";"Adrese Dayalı Nüfus Kayıt Sistemi";"Tekirdağ";"Çekirdek Aile Bulunmayan Birden Fazla Kişiden Oluşan Hanehalkı";"Hanehalkı sayısı";"2017";"5476";"";"";"";"";""
"Türkiye";"Yıllık";"Adrese Dayalı Nüfus Kayıt Sistemi";"Tekirdağ";"Çekirdek Aile Bulunmayan Birden Fazla Kişiden Oluşan Hanehalkı";"Hanehalkı sayısı";"2018";"5882";"";"";"";"";""
"Türkiye";"Yıllık";"Adrese Dayalı Nüfus Kayıt Sistemi";"Tekirdağ";"Çekirdek Aile Bulunmayan Birden Fazla Kişiden Oluşan Hanehalkı";"Hanehalkı sayısı";"2019";"6391";"";"";"";"";""
"Türkiye";"Yıllık";"Adrese Dayalı Nüfus Kayıt Sistemi";"Tekirdağ";"Çekirdek Aile Bulunmayan Birden Fazla Kişiden Oluşan Hanehalkı";"Hanehalkı sayısı";"2020";"6725";"";"";"";"";""
"Türkiye";"Yıllık";"Adrese Dayalı Nüfus Kayıt Sistemi";"Tekirdağ";"Çekirdek Aile Bulunmayan Birden Fazla Kişiden Oluşan Hanehalkı";"Hanehalkı sayısı";"2021";"7257";"";"";"";"";""
"Türkiye";"Yıllık";"Adrese Dayalı Nüfus Kayıt Sistemi";"Tekirdağ";"Çekirdek Aile Bulunmayan Birden Fazla Kişiden Oluşan Hanehalkı";"Hanehalkı sayısı";"2022";"7908";"";"";"";"";""
"Türkiye";"Yıllık";"Adrese Dayalı Nüfus Kayıt Sistemi";"Tekirdağ";"Çekirdek Aile Bulunmayan Birden Fazla Kişiden Oluşan Hanehalkı";"Hanehalkı sayısı";"2023";"8634";"";"";"";"";""
"Türkiye";"Yıllık";"Adrese Dayalı Nüfus Kayıt Sistemi";"Tekirdağ";"Çekirdek Aile Bulunmayan Birden Fazla Kişiden Oluşan Hanehalkı";"Hanehalkı sayısı";"2024";"8889";"";"";"";"";""
"Türkiye";"Yıllık";"Adrese Dayalı Nüfus Kayıt Sistemi";"Tekirdağ";"Çekirdek Aile Bulunmayan Birden Fazla Kişiden Oluşan Hanehalkı";"Hanehalkı sayısı";"2025";"9486";"";"";"";"";""
"Türkiye";"Yıllık";"Adrese Dayalı Nüfus Kayıt Sistemi";"Tekirdağ";"Toplam";"Hanehalkı sayısı";"2014";"268862";"";"";"";"";""
"Türkiye";"Yıllık";"Adrese Dayalı Nüfus Kayıt Sistemi";"Tekirdağ";"Toplam";"Hanehalkı sayısı";"2015";"280140";"";"";"";"";""
"Türkiye";"Yıllık";"Adrese Dayalı Nüfus Kayıt Sistemi";"Tekirdağ";"Toplam";"Hanehalkı sayısı";"2016";"291958";"";"";"";"";""
"Türkiye";"Yıllık";"Adrese Dayalı Nüfus Kayıt Sistemi";"Tekirdağ";"Toplam";"Hanehalkı sayısı";"2017";"302535";"";"";"";"";""
"Türkiye";"Yıllık";"Adrese Dayalı Nüfus Kayıt Sistemi";"Tekirdağ";"Toplam";"Hanehalkı sayısı";"2018";"312645";"";"";"";"";""
"Türkiye";"Yıllık";"Adrese Dayalı Nüfus Kayıt Sistemi";"Tekirdağ";"Toplam";"Hanehalkı sayısı";"2019";"322499";"";"";"";"";""
"Türkiye";"Yıllık";"Adrese Dayalı Nüfus Kayıt Sistemi";"Tekirdağ";"Toplam";"Hanehalkı sayısı";"2020";"334788";"";"";"";"";""
"Türkiye";"Yıllık";"Adrese Dayalı Nüfus Kayıt Sistemi";"Tekirdağ";"Toplam";"Hanehalkı sayısı";"2021";"349057";"";"";"";"";""
"Türkiye";"Yıllık";"Adrese Dayalı Nüfus Kayıt Sistemi";"Tekirdağ";"Toplam";"Hanehalkı sayısı";"2022";"364278";"";"";"";"";""
"Türkiye";"Yıllık";"Adrese Dayalı Nüfus Kayıt Sistemi";"Tekirdağ";"Toplam";"Hanehalkı sayısı";"2023";"373718";"";"";"";"";""
"Türkiye";"Yıllık";"Adrese Dayalı Nüfus Kayıt Sistemi";"Tekirdağ";"Toplam";"Hanehalkı sayısı";"2024";"381082";"";"";"";"";""
"Türkiye";"Yıllık";"Adrese Dayalı Nüfus Kayıt Sistemi";"Tekirdağ";"Toplam";"Hanehalkı sayısı";"2025";"392280";"";"";"";"";""
"Türkiye";"Yıllık";"Adrese Dayalı Nüfus Kayıt Sistemi";"Balıkesir";"Tek Kişilik Hanehalkı";"Hanehalkı sayısı";"2014";"79255";"";"";"";"";""
"Türkiye";"Yıllık";"Adrese Dayalı Nüfus Kayıt Sistemi";"Balıkesir";"Tek Kişilik Hanehalkı";"Hanehalkı sayısı";"2015";"82159";"";"";"";"";""
"Türkiye";"Yıllık";"Adrese Dayalı Nüfus Kayıt Sistemi";"Balıkesir";"Tek Kişilik Hanehalkı";"Hanehalkı sayısı";"2016";"85908";"";"";"";"";""
"Türkiye";"Yıllık";"Adrese Dayalı Nüfus Kayıt Sistemi";"Balıkesir";"Tek Kişilik Hanehalkı";"Hanehalkı sayısı";"2017";"89005";"";"";"";"";""
"Türkiye";"Yıllık";"Adrese Dayalı Nüfus Kayıt Sistemi";"Balıkesir";"Tek Kişilik Hanehalkı";"Hanehalkı sayısı";"2018";"93916";"";"";"";"";""
"Türkiye";"Yıllık";"Adrese Dayalı Nüfus Kayıt Sistemi";"Balıkesir";"Tek Kişilik Hanehalkı";"Hanehalkı sayısı";"2019";"98045";"";"";"";"";""
"Türkiye";"Yıllık";"Adrese Dayalı Nüfus Kayıt Sistemi";"Balıkesir";"Tek Kişilik Hanehalkı";"Hanehalkı sayısı";"2020";"103888";"";"";"";"";""
"Türkiye";"Yıllık";"Adrese Dayalı Nüfus Kayıt Sistemi";"Balıkesir";"Tek Kişilik Hanehalkı";"Hanehalkı sayısı";"2021";"110885";"";"";"";"";""
"Türkiye";"Yıllık";"Adrese Dayalı Nüfus Kayıt Sistemi";"Balıkesir";"Tek Kişilik Hanehalkı";"Hanehalkı sayısı";"2022";"115688";"";"";"";"";""
"Türkiye";"Yıllık";"Adrese Dayalı Nüfus Kayıt Sistemi";"Balıkesir";"Tek Kişilik Hanehalkı";"Hanehalkı sayısı";"2023";"117401";"";"";"";"";""
"Türkiye";"Yıllık";"Adrese Dayalı Nüfus Kayıt Sistemi";"Balıkesir";"Tek Kişilik Hanehalkı";"Hanehalkı sayısı";"2024";"119432";"";"";"";"";""
"Türkiye";"Yıllık";"Adrese Dayalı Nüfus Kayıt Sistemi";"Balıkesir";"Tek Kişilik Hanehalkı";"Hanehalkı sayısı";"2025";"123471";"";"";"";"";""
"Türkiye";"Yıllık";"Adrese Dayalı Nüfus Kayıt Sistemi";"Balıkesir";"Tek Çekirdek Aileden Oluşan Hanehalkı";"Hanehalkı sayısı";"2014";"279963";"";"";"";"";""
"Türkiye";"Yıllık";"Adrese Dayalı Nüfus Kayıt Sistemi";"Balıkesir";"Tek Çekirdek Aileden Oluşan Hanehalkı";"Hanehalkı sayısı";"2015";"278083";"";"";"";"";""
"Türkiye";"Yıllık";"Adrese Dayalı Nüfus Kayıt Sistemi";"Balıkesir";"Tek Çekirdek Aileden Oluşan Hanehalkı";"Hanehalkı sayısı";"2016";"278833";"";"";"";"";""
"Türkiye";"Yıllık";"Adrese Dayalı Nüfus Kayıt Sistemi";"Balıkesir";"Tek Çekirdek Aileden Oluşan Hanehalkı";"Hanehalkı sayısı";"2017";"279814";"";"";"";"";""
"Türkiye";"Yıllık";"Adrese Dayalı Nüfus Kayıt Sistemi";"Balıkesir";"Tek Çekirdek Aileden Oluşan Hanehalkı";"Hanehalkı sayısı";"2018";"283811";"";"";"";"";""
"Türkiye";"Yıllık";"Adrese Dayalı Nüfus Kayıt Sistemi";"Balıkesir";"Tek Çekirdek Aileden Oluşan Hanehalkı";"Hanehalkı sayısı";"2019";"286080";"";"";"";"";""
"Türkiye";"Yıllık";"Adrese Dayalı Nüfus Kayıt Sistemi";"Balıkesir";"Tek Çekirdek Aileden Oluşan Hanehalkı";"Hanehalkı sayısı";"2020";"290079";"";"";"";"";""
"Türkiye";"Yıllık";"Adrese Dayalı Nüfus Kayıt Sistemi";"Balıkesir";"Tek Çekirdek Aileden Oluşan Hanehalkı";"Hanehalkı sayısı";"2021";"291667";"";"";"";"";""
"Türkiye";"Yıllık";"Adrese Dayalı Nüfus Kayıt Sistemi";"Balıkesir";"Tek Çekirdek Aileden Oluşan Hanehalkı";"Hanehalkı sayısı";"2022";"295243";"";"";"";"";""
"Türkiye";"Yıllık";"Adrese Dayalı Nüfus Kayıt Sistemi";"Balıkesir";"Tek Çekirdek Aileden Oluşan Hanehalkı";"Hanehalkı sayısı";"2023";"296181";"";"";"";"";""
"Türkiye";"Yıllık";"Adrese Dayalı Nüfus Kayıt Sistemi";"Balıkesir";"Tek Çekirdek Aileden Oluşan Hanehalkı";"Hanehalkı sayısı";"2024";"295187";"";"";"";"";""
"Türkiye";"Yıllık";"Adrese Dayalı Nüfus Kayıt Sistemi";"Balıkesir";"Tek Çekirdek Aileden Oluşan Hanehalkı";"Hanehalkı sayısı";"2025";"295413";"";"";"";"";""
"Türkiye";"Yıllık";"Adrese Dayalı Nüfus Kayıt Sistemi";"Balıkesir";"En Az Bir Çekirdek Aile Ve Diğer Kişilerden Oluşan Hanehalkı";"Hanehalkı sayısı";"2014";"45209";"";"";"";"";""
"Türkiye";"Yıllık";"Adrese Dayalı Nüfus Kayıt Sistemi";"Balıkesir";"En Az Bir Çekirdek Aile Ve Diğer Kişilerden Oluşan Hanehalkı";"Hanehalkı sayısı";"2015";"45999";"";"";"";"";""
"Türkiye";"Yıllık";"Adrese Dayalı Nüfus Kayıt Sistemi";"Balıkesir";"En Az Bir Çekirdek Aile Ve Diğer Kişilerden Oluşan Hanehalkı";"Hanehalkı sayısı";"2016";"46838";"";"";"";"";""
"Türkiye";"Yıllık";"Adrese Dayalı Nüfus Kayıt Sistemi";"Balıkesir";"En Az Bir Çekirdek Aile Ve Diğer Kişilerden Oluşan Hanehalkı";"Hanehalkı sayısı";"2017";"47427";"";"";"";"";""
"Türkiye";"Yıllık";"Adrese Dayalı Nüfus Kayıt Sistemi";"Balıkesir";"En Az Bir Çekirdek Aile Ve Diğer Kişilerden Oluşan Hanehalkı";"Hanehalkı sayısı";"2018";"48278";"";"";"";"";""
"Türkiye";"Yıllık";"Adrese Dayalı Nüfus Kayıt Sistemi";"Balıkesir";"En Az Bir Çekirdek Aile Ve Diğer Kişilerden Oluşan Hanehalkı";"Hanehalkı sayısı";"2019";"46718";"";"";"";"";""
"Türkiye";"Yıllık";"Adrese Dayalı Nüfus Kayıt Sistemi";"Balıkesir";"En Az Bir Çekirdek Aile Ve Diğer Kişilerden Oluşan Hanehalkı";"Hanehalkı sayısı";"2020";"45349";"";"";"";"";""
"Türkiye";"Yıllık";"Adrese Dayalı Nüfus Kayıt Sistemi";"Balıkesir";"En Az Bir Çekirdek Aile Ve Diğer Kişilerden Oluşan Hanehalkı";"Hanehalkı sayısı";"2021";"44936";"";"";"";"";""
"Türkiye";"Yıllık";"Adrese Dayalı Nüfus Kayıt Sistemi";"Balıkesir";"En Az Bir Çekirdek Aile Ve Diğer Kişilerden Oluşan Hanehalkı";"Hanehalkı sayısı";"2022";"44744";"";"";"";"";""
"Türkiye";"Yıllık";"Adrese Dayalı Nüfus Kayıt Sistemi";"Balıkesir";"En Az Bir Çekirdek Aile Ve Diğer Kişilerden Oluşan Hanehalkı";"Hanehalkı sayısı";"2023";"47817";"";"";"";"";""
"Türkiye";"Yıllık";"Adrese Dayalı Nüfus Kayıt Sistemi";"Balıkesir";"En Az Bir Çekirdek Aile Ve Diğer Kişilerden Oluşan Hanehalkı";"Hanehalkı sayısı";"2024";"49031";"";"";"";"";""
"Türkiye";"Yıllık";"Adrese Dayalı Nüfus Kayıt Sistemi";"Balıkesir";"En Az Bir Çekirdek Aile Ve Diğer Kişilerden Oluşan Hanehalkı";"Hanehalkı sayısı";"2025";"50391";"";"";"";"";""
"Türkiye";"Yıllık";"Adrese Dayalı Nüfus Kayıt Sistemi";"Balıkesir";"Çekirdek Aile Bulunmayan Birden Fazla Kişiden Oluşan Hanehalkı";"Hanehalkı sayısı";"2014";"6010";"";"";"";"";""
"Türkiye";"Yıllık";"Adrese Dayalı Nüfus Kayıt Sistemi";"Balıkesir";"Çekirdek Aile Bulunmayan Birden Fazla Kişiden Oluşan Hanehalkı";"Hanehalkı sayısı";"2015";"6221";"";"";"";"";""
"Türkiye";"Yıllık";"Adrese Dayalı Nüfus Kayıt Sistemi";"Balıkesir";"Çekirdek Aile Bulunmayan Birden Fazla Kişiden Oluşan Hanehalkı";"Hanehalkı sayısı";"2016";"6856";"";"";"";"";""
"Türkiye";"Yıllık";"Adrese Dayalı Nüfus Kayıt Sistemi";"Balıkesir";"Çekirdek Aile Bulunmayan Birden Fazla Kişiden Oluşan Hanehalkı";"Hanehalkı sayısı";"2017";"7100";"";"";"";"";""
"Türkiye";"Yıllık";"Adrese Dayalı Nüfus Kayıt Sistemi";"Balıkesir";"Çekirdek Aile Bulunmayan Birden Fazla Kişiden Oluşan Hanehalkı";"Hanehalkı sayısı";"2018";"7770";"";"";"";"";""
"Türkiye";"Yıllık";"Adrese Dayalı Nüfus Kayıt Sistemi";"Balıkesir";"Çekirdek Aile Bulunmayan Birden Fazla Kişiden Oluşan Hanehalkı";"Hanehalkı sayısı";"2019";"8159";"";"";"";"";""
"Türkiye";"Yıllık";"Adrese Dayalı Nüfus Kayıt Sistemi";"Balıkesir";"Çekirdek Aile Bulunmayan Birden Fazla Kişiden Oluşan Hanehalkı";"Hanehalkı sayısı";"2020";"8291";"";"";"";"";""
"Türkiye";"Yıllık";"Adrese Dayalı Nüfus Kayıt Sistemi";"Balıkesir";"Çekirdek Aile Bulunmayan Birden Fazla Kişiden Oluşan Hanehalkı";"Hanehalkı sayısı";"2021";"8705";"";"";"";"";""
"Türkiye";"Yıllık";"Adrese Dayalı Nüfus Kayıt Sistemi";"Balıkesir";"Çekirdek Aile Bulunmayan Birden Fazla Kişiden Oluşan Hanehalkı";"Hanehalkı sayısı";"2022";"9170";"";"";"";"";""
"Türkiye";"Yıllık";"Adrese Dayalı Nüfus Kayıt Sistemi";"Balıkesir";"Çekirdek Aile Bulunmayan Birden Fazla Kişiden Oluşan Hanehalkı";"Hanehalkı sayısı";"2023";"9942";"";"";"";"";""
"Türkiye";"Yıllık";"Adrese Dayalı Nüfus Kayıt Sistemi";"Balıkesir";"Çekirdek Aile Bulunmayan Birden Fazla Kişiden Oluşan Hanehalkı";"Hanehalkı sayısı";"2024";"10096";"";"";"";"";""
"Türkiye";"Yıllık";"Adrese Dayalı Nüfus Kayıt Sistemi";"Balıkesir";"Çekirdek Aile Bulunmayan Birden Fazla Kişiden Oluşan Hanehalkı";"Hanehalkı sayısı";"2025";"10376";"";"";"";"";""
"Türkiye";"Yıllık";"Adrese Dayalı Nüfus Kayıt Sistemi";"Balıkesir";"Toplam";"Hanehalkı sayısı";"2014";"410437";"";"";"";"";""
"Türkiye";"Yıllık";"Adrese Dayalı Nüfus Kayıt Sistemi";"Balıkesir";"Toplam";"Hanehalkı sayısı";"2015";"412462";"";"";"";"";""
"Türkiye";"Yıllık";"Adrese Dayalı Nüfus Kayıt Sistemi";"Balıkesir";"Toplam";"Hanehalkı sayısı";"2016";"418435";"";"";"";"";""
"Türkiye";"Yıllık";"Adrese Dayalı Nüfus Kayıt Sistemi";"Balıkesir";"Toplam";"Hanehalkı sayısı";"2017";"423346";"";"";"";"";""
"Türkiye";"Yıllık";"Adrese Dayalı Nüfus Kayıt Sistemi";"Balıkesir";"Toplam";"Hanehalkı sayısı";"2018";"433775";"";"";"";"";""
"Türkiye";"Yıllık";"Adrese Dayalı Nüfus Kayıt Sistemi";"Balıkesir";"Toplam";"Hanehalkı sayısı";"2019";"439002";"";"";"";"";""
"Türkiye";"Yıllık";"Adrese Dayalı Nüfus Kayıt Sistemi";"Balıkesir";"Toplam";"Hanehalkı sayısı";"2020";"447607";"";"";"";"";""
"Türkiye";"Yıllık";"Adrese Dayalı Nüfus Kayıt Sistemi";"Balıkesir";"Toplam";"Hanehalkı sayısı";"2021";"456193";"";"";"";"";""
"Türkiye";"Yıllık";"Adrese Dayalı Nüfus Kayıt Sistemi";"Balıkesir";"Toplam";"Hanehalkı sayısı";"2022";"464845";"";"";"";"";""
"Türkiye";"Yıllık";"Adrese Dayalı Nüfus Kayıt Sistemi";"Balıkesir";"Toplam";"Hanehalkı sayısı";"2023";"471341";"";"";"";"";""
"Türkiye";"Yıllık";"Adrese Dayalı Nüfus Kayıt Sistemi";"Balıkesir";"Toplam";"Hanehalkı sayısı";"2024";"473746";"";"";"";"";""
"Türkiye";"Yıllık";"Adrese Dayalı Nüfus Kayıt Sistemi";"Balıkesir";"Toplam";"Hanehalkı sayısı";"2025";"479651";"";"";"";"";""
"Türkiye";"Yıllık";"Adrese Dayalı Nüfus Kayıt Sistemi";"Çanakkale";"Tek Kişilik Hanehalkı";"Hanehalkı sayısı";"2014";"36890";"";"";"";"";""
"Türkiye";"Yıllık";"Adrese Dayalı Nüfus Kayıt Sistemi";"Çanakkale";"Tek Kişilik Hanehalkı";"Hanehalkı sayısı";"2015";"38429";"";"";"";"";""
"Türkiye";"Yıllık";"Adrese Dayalı Nüfus Kayıt Sistemi";"Çanakkale";"Tek Kişilik Hanehalkı";"Hanehalkı sayısı";"2016";"40104";"";"";"";"";""
"Türkiye";"Yıllık";"Adrese Dayalı Nüfus Kayıt Sistemi";"Çanakkale";"Tek Kişilik Hanehalkı";"Hanehalkı sayısı";"2017";"41687";"";"";"";"";""
"Türkiye";"Yıllık";"Adrese Dayalı Nüfus Kayıt Sistemi";"Çanakkale";"Tek Kişilik Hanehalkı";"Hanehalkı sayısı";"2018";"43523";"";"";"";"";""
"Türkiye";"Yıllık";"Adrese Dayalı Nüfus Kayıt Sistemi";"Çanakkale";"Tek Kişilik Hanehalkı";"Hanehalkı sayısı";"2019";"45791";"";"";"";"";""
"Türkiye";"Yıllık";"Adrese Dayalı Nüfus Kayıt Sistemi";"Çanakkale";"Tek Kişilik Hanehalkı";"Hanehalkı sayısı";"2020";"48504";"";"";"";"";""
"Türkiye";"Yıllık";"Adrese Dayalı Nüfus Kayıt Sistemi";"Çanakkale";"Tek Kişilik Hanehalkı";"Hanehalkı sayısı";"2021";"51756";"";"";"";"";""
"Türkiye";"Yıllık";"Adrese Dayalı Nüfus Kayıt Sistemi";"Çanakkale";"Tek Kişilik Hanehalkı";"Hanehalkı sayısı";"2022";"54100";"";"";"";"";""
"Türkiye";"Yıllık";"Adrese Dayalı Nüfus Kayıt Sistemi";"Çanakkale";"Tek Kişilik Hanehalkı";"Hanehalkı sayısı";"2023";"55178";"";"";"";"";""
"Türkiye";"Yıllık";"Adrese Dayalı Nüfus Kayıt Sistemi";"Çanakkale";"Tek Kişilik Hanehalkı";"Hanehalkı sayısı";"2024";"56523";"";"";"";"";""
"Türkiye";"Yıllık";"Adrese Dayalı Nüfus Kayıt Sistemi";"Çanakkale";"Tek Kişilik Hanehalkı";"Hanehalkı sayısı";"2025";"58175";"";"";"";"";""
"Türkiye";"Yıllık";"Adrese Dayalı Nüfus Kayıt Sistemi";"Çanakkale";"Tek Çekirdek Aileden Oluşan Hanehalkı";"Hanehalkı sayısı";"2014";"120240";"";"";"";"";""
"Türkiye";"Yıllık";"Adrese Dayalı Nüfus Kayıt Sistemi";"Çanakkale";"Tek Çekirdek Aileden Oluşan Hanehalkı";"Hanehalkı sayısı";"2015";"120550";"";"";"";"";""
"Türkiye";"Yıllık";"Adrese Dayalı Nüfus Kayıt Sistemi";"Çanakkale";"Tek Çekirdek Aileden Oluşan Hanehalkı";"Hanehalkı sayısı";"2016";"121423";"";"";"";"";""
"Türkiye";"Yıllık";"Adrese Dayalı Nüfus Kayıt Sistemi";"Çanakkale";"Tek Çekirdek Aileden Oluşan Hanehalkı";"Hanehalkı sayısı";"2017";"123230";"";"";"";"";""
"Türkiye";"Yıllık";"Adrese Dayalı Nüfus Kayıt Sistemi";"Çanakkale";"Tek Çekirdek Aileden Oluşan Hanehalkı";"Hanehalkı sayısı";"2018";"124648";"";"";"";"";""
"Türkiye";"Yıllık";"Adrese Dayalı Nüfus Kayıt Sistemi";"Çanakkale";"Tek Çekirdek Aileden Oluşan Hanehalkı";"Hanehalkı sayısı";"2019";"125551";"";"";"";"";""
"Türkiye";"Yıllık";"Adrese Dayalı Nüfus Kayıt Sistemi";"Çanakkale";"Tek Çekirdek Aileden Oluşan Hanehalkı";"Hanehalkı sayısı";"2020";"128141";"";"";"";"";""
"Türkiye";"Yıllık";"Adrese Dayalı Nüfus Kayıt Sistemi";"Çanakkale";"Tek Çekirdek Aileden Oluşan Hanehalkı";"Hanehalkı sayısı";"2021";"129343";"";"";"";"";""
"Türkiye";"Yıllık";"Adrese Dayalı Nüfus Kayıt Sistemi";"Çanakkale";"Tek Çekirdek Aileden Oluşan Hanehalkı";"Hanehalkı sayısı";"2022";"131175";"";"";"";"";""
"Türkiye";"Yıllık";"Adrese Dayalı Nüfus Kayıt Sistemi";"Çanakkale";"Tek Çekirdek Aileden Oluşan Hanehalkı";"Hanehalkı sayısı";"2023";"131069";"";"";"";"";""
"Türkiye";"Yıllık";"Adrese Dayalı Nüfus Kayıt Sistemi";"Çanakkale";"Tek Çekirdek Aileden Oluşan Hanehalkı";"Hanehalkı sayısı";"2024";"130957";"";"";"";"";""
"Türkiye";"Yıllık";"Adrese Dayalı Nüfus Kayıt Sistemi";"Çanakkale";"Tek Çekirdek Aileden Oluşan Hanehalkı";"Hanehalkı sayısı";"2025";"131018";"";"";"";"";""
"Türkiye";"Yıllık";"Adrese Dayalı Nüfus Kayıt Sistemi";"Çanakkale";"En Az Bir Çekirdek Aile Ve Diğer Kişilerden Oluşan Hanehalkı";"Hanehalkı sayısı";"2014";"17959";"";"";"";"";""
"Türkiye";"Yıllık";"Adrese Dayalı Nüfus Kayıt Sistemi";"Çanakkale";"En Az Bir Çekirdek Aile Ve Diğer Kişilerden Oluşan Hanehalkı";"Hanehalkı sayısı";"2015";"18456";"";"";"";"";""
"Türkiye";"Yıllık";"Adrese Dayalı Nüfus Kayıt Sistemi";"Çanakkale";"En Az Bir Çekirdek Aile Ve Diğer Kişilerden Oluşan Hanehalkı";"Hanehalkı sayısı";"2016";"18910";"";"";"";"";""
"Türkiye";"Yıllık";"Adrese Dayalı Nüfus Kayıt Sistemi";"Çanakkale";"En Az Bir Çekirdek Aile Ve Diğer Kişilerden Oluşan Hanehalkı";"Hanehalkı sayısı";"2017";"18873";"";"";"";"";""
"Türkiye";"Yıllık";"Adrese Dayalı Nüfus Kayıt Sistemi";"Çanakkale";"En Az Bir Çekirdek Aile Ve Diğer Kişilerden Oluşan Hanehalkı";"Hanehalkı sayısı";"2018";"19801";"";"";"";"";""
"Türkiye";"Yıllık";"Adrese Dayalı Nüfus Kayıt Sistemi";"Çanakkale";"En Az Bir Çekirdek Aile Ve Diğer Kişilerden Oluşan Hanehalkı";"Hanehalkı sayısı";"2019";"19865";"";"";"";"";""
"Türkiye";"Yıllık";"Adrese Dayalı Nüfus Kayıt Sistemi";"Çanakkale";"En Az Bir Çekirdek Aile Ve Diğer Kişilerden Oluşan Hanehalkı";"Hanehalkı sayısı";"2020";"19268";"";"";"";"";""
"Türkiye";"Yıllık";"Adrese Dayalı Nüfus Kayıt Sistemi";"Çanakkale";"En Az Bir Çekirdek Aile Ve Diğer Kişilerden Oluşan Hanehalkı";"Hanehalkı sayısı";"2021";"19205";"";"";"";"";""
"Türkiye";"Yıllık";"Adrese Dayalı Nüfus Kayıt Sistemi";"Çanakkale";"En Az Bir Çekirdek Aile Ve Diğer Kişilerden Oluşan Hanehalkı";"Hanehalkı sayısı";"2022";"19158";"";"";"";"";""
"Türkiye";"Yıllık";"Adrese Dayalı Nüfus Kayıt Sistemi";"Çanakkale";"En Az Bir Çekirdek Aile Ve Diğer Kişilerden Oluşan Hanehalkı";"Hanehalkı sayısı";"2023";"21141";"";"";"";"";""
"Türkiye";"Yıllık";"Adrese Dayalı Nüfus Kayıt Sistemi";"Çanakkale";"En Az Bir Çekirdek Aile Ve Diğer Kişilerden Oluşan Hanehalkı";"Hanehalkı sayısı";"2024";"21662";"";"";"";"";""
"Türkiye";"Yıllık";"Adrese Dayalı Nüfus Kayıt Sistemi";"Çanakkale";"En Az Bir Çekirdek Aile Ve Diğer Kişilerden Oluşan Hanehalkı";"Hanehalkı sayısı";"2025";"22437";"";"";"";"";""
"Türkiye";"Yıllık";"Adrese Dayalı Nüfus Kayıt Sistemi";"Çanakkale";"Çekirdek Aile Bulunmayan Birden Fazla Kişiden Oluşan Hanehalkı";"Hanehalkı sayısı";"2014";"3042";"";"";"";"";""
"Türkiye";"Yıllık";"Adrese Dayalı Nüfus Kayıt Sistemi";"Çanakkale";"Çekirdek Aile Bulunmayan Birden Fazla Kişiden Oluşan Hanehalkı";"Hanehalkı sayısı";"2015";"3428";"";"";"";"";""
"Türkiye";"Yıllık";"Adrese Dayalı Nüfus Kayıt Sistemi";"Çanakkale";"Çekirdek Aile Bulunmayan Birden Fazla Kişiden Oluşan Hanehalkı";"Hanehalkı sayısı";"2016";"3593";"";"";"";"";""
"Türkiye";"Yıllık";"Adrese Dayalı Nüfus Kayıt Sistemi";"Çanakkale";"Çekirdek Aile Bulunmayan Birden Fazla Kişiden Oluşan Hanehalkı";"Hanehalkı sayısı";"2017";"3795";"";"";"";"";""
"Türkiye";"Yıllık";"Adrese Dayalı Nüfus Kayıt Sistemi";"Çanakkale";"Çekirdek Aile Bulunmayan Birden Fazla Kişiden Oluşan Hanehalkı";"Hanehalkı sayısı";"2018";"4375";"";"";"";"";""
"Türkiye";"Yıllık";"Adrese Dayalı Nüfus Kayıt Sistemi";"Çanakkale";"Çekirdek Aile Bulunmayan Birden Fazla Kişiden Oluşan Hanehalkı";"Hanehalkı sayısı";"2019";"4583";"";"";"";"";""
"Türkiye";"Yıllık";"Adrese Dayalı Nüfus Kayıt Sistemi";"Çanakkale";"Çekirdek Aile Bulunmayan Birden Fazla Kişiden Oluşan Hanehalkı";"Hanehalkı sayısı";"2020";"4340";"";"";"";"";""
"Türkiye";"Yıllık";"Adrese Dayalı Nüfus Kayıt Sistemi";"Çanakkale";"Çekirdek Aile Bulunmayan Birden Fazla Kişiden Oluşan Hanehalkı";"Hanehalkı sayısı";"2021";"4489";"";"";"";"";""
"Türkiye";"Yıllık";"Adrese Dayalı Nüfus Kayıt Sistemi";"Çanakkale";"Çekirdek Aile Bulunmayan Birden Fazla Kişiden Oluşan Hanehalkı";"Hanehalkı sayısı";"2022";"4703";"";"";"";"";""
"Türkiye";"Yıllık";"Adrese Dayalı Nüfus Kayıt Sistemi";"Çanakkale";"Çekirdek Aile Bulunmayan Birden Fazla Kişiden Oluşan Hanehalkı";"Hanehalkı sayısı";"2023";"5114";"";"";"";"";""
"Türkiye";"Yıllık";"Adrese Dayalı Nüfus Kayıt Sistemi";"Çanakkale";"Çekirdek Aile Bulunmayan Birden Fazla Kişiden Oluşan Hanehalkı";"Hanehalkı sayısı";"2024";"5143";"";"";"";"";""
"Türkiye";"Yıllık";"Adrese Dayalı Nüfus Kayıt Sistemi";"Çanakkale";"Çekirdek Aile Bulunmayan Birden Fazla Kişiden Oluşan Hanehalkı";"Hanehalkı sayısı";"2025";"5420";"";"";"";"";""
"Türkiye";"Yıllık";"Adrese Dayalı Nüfus Kayıt Sistemi";"Çanakkale";"Toplam";"Hanehalkı sayısı";"2014";"178131";"";"";"";"";""
"Türkiye";"Yıllık";"Adrese Dayalı Nüfus Kayıt Sistemi";"Çanakkale";"Toplam";"Hanehalkı sayısı";"2015";"180863";"";"";"";"";""
"Türkiye";"Yıllık";"Adrese Dayalı Nüfus Kayıt Sistemi";"Çanakkale";"Toplam";"Hanehalkı sayısı";"2016";"184030";"";"";"";"";""
"Türkiye";"Yıllık";"Adrese Dayalı Nüfus Kayıt Sistemi";"Çanakkale";"Toplam";"Hanehalkı sayısı";"2017";"187585";"";"";"";"";""
"Türkiye";"Yıllık";"Adrese Dayalı Nüfus Kayıt Sistemi";"Çanakkale";"Toplam";"Hanehalkı sayısı";"2018";"192347";"";"";"";"";""
"Türkiye";"Yıllık";"Adrese Dayalı Nüfus Kayıt Sistemi";"Çanakkale";"Toplam";"Hanehalkı sayısı";"2019";"195790";"";"";"";"";""
"Türkiye";"Yıllık";"Adrese Dayalı Nüfus Kayıt Sistemi";"Çanakkale";"Toplam";"Hanehalkı sayısı";"2020";"200253";"";"";"";"";""
"Türkiye";"Yıllık";"Adrese Dayalı Nüfus Kayıt Sistemi";"Çanakkale";"Toplam";"Hanehalkı sayısı";"2021";"204793";"";"";"";"";""
"Türkiye";"Yıllık";"Adrese Dayalı Nüfus Kayıt Sistemi";"Çanakkale";"Toplam";"Hanehalkı sayısı";"2022";"209136";"";"";"";"";""
"Türkiye";"Yıllık";"Adrese Dayalı Nüfus Kayıt Sistemi";"Çanakkale";"Toplam";"Hanehalkı sayısı";"2023";"212502";"";"";"";"";""
"Türkiye";"Yıllık";"Adrese Dayalı Nüfus Kayıt Sistemi";"Çanakkale";"Toplam";"Hanehalkı sayısı";"2024";"214285";"";"";"";"";""
"Türkiye";"Yıllık";"Adrese Dayalı Nüfus Kayıt Sistemi";"Çanakkale";"Toplam";"Hanehalkı sayısı";"2025";"217050";"";"";"";"";""
"Türkiye";"Yıllık";"Adrese Dayalı Nüfus Kayıt Sistemi";"İzmir";"Tek Kişilik Hanehalkı";"Hanehalkı sayısı";"2014";"212730";"";"";"";"";""
"Türkiye";"Yıllık";"Adrese Dayalı Nüfus Kayıt Sistemi";"İzmir";"Tek Kişilik Hanehalkı";"Hanehalkı sayısı";"2015";"225243";"";"";"";"";""
"Türkiye";"Yıllık";"Adrese Dayalı Nüfus Kayıt Sistemi";"İzmir";"Tek Kişilik Hanehalkı";"Hanehalkı sayısı";"2016";"236265";"";"";"";"";""
"Türkiye";"Yıllık";"Adrese Dayalı Nüfus Kayıt Sistemi";"İzmir";"Tek Kişilik Hanehalkı";"Hanehalkı sayısı";"2017";"247729";"";"";"";"";""
"Türkiye";"Yıllık";"Adrese Dayalı Nüfus Kayıt Sistemi";"İzmir";"Tek Kişilik Hanehalkı";"Hanehalkı sayısı";"2018";"262365";"";"";"";"";""
"Türkiye";"Yıllık";"Adrese Dayalı Nüfus Kayıt Sistemi";"İzmir";"Tek Kişilik Hanehalkı";"Hanehalkı sayısı";"2019";"281001";"";"";"";"";""
"Türkiye";"Yıllık";"Adrese Dayalı Nüfus Kayıt Sistemi";"İzmir";"Tek Kişilik Hanehalkı";"Hanehalkı sayısı";"2020";"299989";"";"";"";"";""
"Türkiye";"Yıllık";"Adrese Dayalı Nüfus Kayıt Sistemi";"İzmir";"Tek Kişilik Hanehalkı";"Hanehalkı sayısı";"2021";"326343";"";"";"";"";""
"Türkiye";"Yıllık";"Adrese Dayalı Nüfus Kayıt Sistemi";"İzmir";"Tek Kişilik Hanehalkı";"Hanehalkı sayısı";"2022";"346374";"";"";"";"";""
"Türkiye";"Yıllık";"Adrese Dayalı Nüfus Kayıt Sistemi";"İzmir";"Tek Kişilik Hanehalkı";"Hanehalkı sayısı";"2023";"355132";"";"";"";"";""
"Türkiye";"Yıllık";"Adrese Dayalı Nüfus Kayıt Sistemi";"İzmir";"Tek Kişilik Hanehalkı";"Hanehalkı sayısı";"2024";"363110";"";"";"";"";""
"Türkiye";"Yıllık";"Adrese Dayalı Nüfus Kayıt Sistemi";"İzmir";"Tek Kişilik Hanehalkı";"Hanehalkı sayısı";"2025";"375380";"";"";"";"";""
"Türkiye";"Yıllık";"Adrese Dayalı Nüfus Kayıt Sistemi";"İzmir";"Tek Çekirdek Aileden Oluşan Hanehalkı";"Hanehalkı sayısı";"2014";"873037";"";"";"";"";""
"Türkiye";"Yıllık";"Adrese Dayalı Nüfus Kayıt Sistemi";"İzmir";"Tek Çekirdek Aileden Oluşan Hanehalkı";"Hanehalkı sayısı";"2015";"876525";"";"";"";"";""
"Türkiye";"Yıllık";"Adrese Dayalı Nüfus Kayıt Sistemi";"İzmir";"Tek Çekirdek Aileden Oluşan Hanehalkı";"Hanehalkı sayısı";"2016";"884312";"";"";"";"";""
"Türkiye";"Yıllık";"Adrese Dayalı Nüfus Kayıt Sistemi";"İzmir";"Tek Çekirdek Aileden Oluşan Hanehalkı";"Hanehalkı sayısı";"2017";"891706";"";"";"";"";""
"Türkiye";"Yıllık";"Adrese Dayalı Nüfus Kayıt Sistemi";"İzmir";"Tek Çekirdek Aileden Oluşan Hanehalkı";"Hanehalkı sayısı";"2018";"900389";"";"";"";"";""
"Türkiye";"Yıllık";"Adrese Dayalı Nüfus Kayıt Sistemi";"İzmir";"Tek Çekirdek Aileden Oluşan Hanehalkı";"Hanehalkı sayısı";"2019";"915247";"";"";"";"";""
"Türkiye";"Yıllık";"Adrese Dayalı Nüfus Kayıt Sistemi";"İzmir";"Tek Çekirdek Aileden Oluşan Hanehalkı";"Hanehalkı sayısı";"2020";"931875";"";"";"";"";""
"Türkiye";"Yıllık";"Adrese Dayalı Nüfus Kayıt Sistemi";"İzmir";"Tek Çekirdek Aileden Oluşan Hanehalkı";"Hanehalkı sayısı";"2021";"943784";"";"";"";"";""
"Türkiye";"Yıllık";"Adrese Dayalı Nüfus Kayıt Sistemi";"İzmir";"Tek Çekirdek Aileden Oluşan Hanehalkı";"Hanehalkı sayısı";"2022";"960173";"";"";"";"";""
"Türkiye";"Yıllık";"Adrese Dayalı Nüfus Kayıt Sistemi";"İzmir";"Tek Çekirdek Aileden Oluşan Hanehalkı";"Hanehalkı sayısı";"2023";"958710";"";"";"";"";""
"Türkiye";"Yıllık";"Adrese Dayalı Nüfus Kayıt Sistemi";"İzmir";"Tek Çekirdek Aileden Oluşan Hanehalkı";"Hanehalkı sayısı";"2024";"955556";"";"";"";"";""
"Türkiye";"Yıllık";"Adrese Dayalı Nüfus Kayıt Sistemi";"İzmir";"Tek Çekirdek Aileden Oluşan Hanehalkı";"Hanehalkı sayısı";"2025";"951143";"";"";"";"";""
"Türkiye";"Yıllık";"Adrese Dayalı Nüfus Kayıt Sistemi";"İzmir";"En Az Bir Çekirdek Aile Ve Diğer Kişilerden Oluşan Hanehalkı";"Hanehalkı sayısı";"2014";"182791";"";"";"";"";""
"Türkiye";"Yıllık";"Adrese Dayalı Nüfus Kayıt Sistemi";"İzmir";"En Az Bir Çekirdek Aile Ve Diğer Kişilerden Oluşan Hanehalkı";"Hanehalkı sayısı";"2015";"192919";"";"";"";"";""
"Türkiye";"Yıllık";"Adrese Dayalı Nüfus Kayıt Sistemi";"İzmir";"En Az Bir Çekirdek Aile Ve Diğer Kişilerden Oluşan Hanehalkı";"Hanehalkı sayısı";"2016";"198649";"";"";"";"";""
"Türkiye";"Yıllık";"Adrese Dayalı Nüfus Kayıt Sistemi";"İzmir";"En Az Bir Çekirdek Aile Ve Diğer Kişilerden Oluşan Hanehalkı";"Hanehalkı sayısı";"2017";"202668";"";"";"";"";""
"Türkiye";"Yıllık";"Adrese Dayalı Nüfus Kayıt Sistemi";"İzmir";"En Az Bir Çekirdek Aile Ve Diğer Kişilerden Oluşan Hanehalkı";"Hanehalkı sayısı";"2018";"203784";"";"";"";"";""
"Türkiye";"Yıllık";"Adrese Dayalı Nüfus Kayıt Sistemi";"İzmir";"En Az Bir Çekirdek Aile Ve Diğer Kişilerden Oluşan Hanehalkı";"Hanehalkı sayısı";"2019";"203356";"";"";"";"";""
"Türkiye";"Yıllık";"Adrese Dayalı Nüfus Kayıt Sistemi";"İzmir";"En Az Bir Çekirdek Aile Ve Diğer Kişilerden Oluşan Hanehalkı";"Hanehalkı sayısı";"2020";"196345";"";"";"";"";""
"Türkiye";"Yıllık";"Adrese Dayalı Nüfus Kayıt Sistemi";"İzmir";"En Az Bir Çekirdek Aile Ve Diğer Kişilerden Oluşan Hanehalkı";"Hanehalkı sayısı";"2021";"194271";"";"";"";"";""
"Türkiye";"Yıllık";"Adrese Dayalı Nüfus Kayıt Sistemi";"İzmir";"En Az Bir Çekirdek Aile Ve Diğer Kişilerden Oluşan Hanehalkı";"Hanehalkı sayısı";"2022";"191109";"";"";"";"";""
"Türkiye";"Yıllık";"Adrese Dayalı Nüfus Kayıt Sistemi";"İzmir";"En Az Bir Çekirdek Aile Ve Diğer Kişilerden Oluşan Hanehalkı";"Hanehalkı sayısı";"2023";"198853";"";"";"";"";""
"Türkiye";"Yıllık";"Adrese Dayalı Nüfus Kayıt Sistemi";"İzmir";"En Az Bir Çekirdek Aile Ve Diğer Kişilerden Oluşan Hanehalkı";"Hanehalkı sayısı";"2024";"202624";"";"";"";"";""
"Türkiye";"Yıllık";"Adrese Dayalı Nüfus Kayıt Sistemi";"İzmir";"En Az Bir Çekirdek Aile Ve Diğer Kişilerden Oluşan Hanehalkı";"Hanehalkı sayısı";"2025";"208377";"";"";"";"";""
"Türkiye";"Yıllık";"Adrese Dayalı Nüfus Kayıt Sistemi";"İzmir";"Çekirdek Aile Bulunmayan Birden Fazla Kişiden Oluşan Hanehalkı";"Hanehalkı sayısı";"2014";"26554";"";"";"";"";""
"Türkiye";"Yıllık";"Adrese Dayalı Nüfus Kayıt Sistemi";"İzmir";"Çekirdek Aile Bulunmayan Birden Fazla Kişiden Oluşan Hanehalkı";"Hanehalkı sayısı";"2015";"29121";"";"";"";"";""
"Türkiye";"Yıllık";"Adrese Dayalı Nüfus Kayıt Sistemi";"İzmir";"Çekirdek Aile Bulunmayan Birden Fazla Kişiden Oluşan Hanehalkı";"Hanehalkı sayısı";"2016";"30726";"";"";"";"";""
"Türkiye";"Yıllık";"Adrese Dayalı Nüfus Kayıt Sistemi";"İzmir";"Çekirdek Aile Bulunmayan Birden Fazla Kişiden Oluşan Hanehalkı";"Hanehalkı sayısı";"2017";"32052";"";"";"";"";""
"Türkiye";"Yıllık";"Adrese Dayalı Nüfus Kayıt Sistemi";"İzmir";"Çekirdek Aile Bulunmayan Birden Fazla Kişiden Oluşan Hanehalkı";"Hanehalkı sayısı";"2018";"34754";"";"";"";"";""
"Türkiye";"Yıllık";"Adrese Dayalı Nüfus Kayıt Sistemi";"İzmir";"Çekirdek Aile Bulunmayan Birden Fazla Kişiden Oluşan Hanehalkı";"Hanehalkı sayısı";"2019";"36788";"";"";"";"";""
"Türkiye";"Yıllık";"Adrese Dayalı Nüfus Kayıt Sistemi";"İzmir";"Çekirdek Aile Bulunmayan Birden Fazla Kişiden Oluşan Hanehalkı";"Hanehalkı sayısı";"2020";"36373";"";"";"";"";""
"Türkiye";"Yıllık";"Adrese Dayalı Nüfus Kayıt Sistemi";"İzmir";"Çekirdek Aile Bulunmayan Birden Fazla Kişiden Oluşan Hanehalkı";"Hanehalkı sayısı";"2021";"38688";"";"";"";"";""
"Türkiye";"Yıllık";"Adrese Dayalı Nüfus Kayıt Sistemi";"İzmir";"Çekirdek Aile Bulunmayan Birden Fazla Kişiden Oluşan Hanehalkı";"Hanehalkı sayısı";"2022";"42965";"";"";"";"";""
"Türkiye";"Yıllık";"Adrese Dayalı Nüfus Kayıt Sistemi";"İzmir";"Çekirdek Aile Bulunmayan Birden Fazla Kişiden Oluşan Hanehalkı";"Hanehalkı sayısı";"2023";"46975";"";"";"";"";""
"Türkiye";"Yıllık";"Adrese Dayalı Nüfus Kayıt Sistemi";"İzmir";"Çekirdek Aile Bulunmayan Birden Fazla Kişiden Oluşan Hanehalkı";"Hanehalkı sayısı";"2024";"48313";"";"";"";"";""
"Türkiye";"Yıllık";"Adrese Dayalı Nüfus Kayıt Sistemi";"İzmir";"Çekirdek Aile Bulunmayan Birden Fazla Kişiden Oluşan Hanehalkı";"Hanehalkı sayısı";"2025";"50973";"";"";"";"";""
"Türkiye";"Yıllık";"Adrese Dayalı Nüfus Kayıt Sistemi";"İzmir";"Toplam";"Hanehalkı sayısı";"2014";"1295112";"";"";"";"";""
"Türkiye";"Yıllık";"Adrese Dayalı Nüfus Kayıt Sistemi";"İzmir";"Toplam";"Hanehalkı sayısı";"2015";"1323808";"";"";"";"";""
"Türkiye";"Yıllık";"Adrese Dayalı Nüfus Kayıt Sistemi";"İzmir";"Toplam";"Hanehalkı sayısı";"2016";"1349952";"";"";"";"";""
"Türkiye";"Yıllık";"Adrese Dayalı Nüfus Kayıt Sistemi";"İzmir";"Toplam";"Hanehalkı sayısı";"2017";"1374155";"";"";"";"";""
"Türkiye";"Yıllık";"Adrese Dayalı Nüfus Kayıt Sistemi";"İzmir";"Toplam";"Hanehalkı sayısı";"2018";"1401292";"";"";"";"";""
"Türkiye";"Yıllık";"Adrese Dayalı Nüfus Kayıt Sistemi";"İzmir";"Toplam";"Hanehalkı sayısı";"2019";"1436392";"";"";"";"";""
"Türkiye";"Yıllık";"Adrese Dayalı Nüfus Kayıt Sistemi";"İzmir";"Toplam";"Hanehalkı sayısı";"2020";"1464582";"";"";"";"";""
"Türkiye";"Yıllık";"Adrese Dayalı Nüfus Kayıt Sistemi";"İzmir";"Toplam";"Hanehalkı sayısı";"2021";"1503086";"";"";"";"";""
"Türkiye";"Yıllık";"Adrese Dayalı Nüfus Kayıt Sistemi";"İzmir";"Toplam";"Hanehalkı sayısı";"2022";"1540621";"";"";"";"";""
"Türkiye";"Yıllık";"Adrese Dayalı Nüfus Kayıt Sistemi";"İzmir";"Toplam";"Hanehalkı sayısı";"2023";"1559670";"";"";"";"";""
"Türkiye";"Yıllık";"Adrese Dayalı Nüfus Kayıt Sistemi";"İzmir";"Toplam";"Hanehalkı sayısı";"2024";"1569603";"";"";"";"";""
"Türkiye";"Yıllık";"Adrese Dayalı Nüfus Kayıt Sistemi";"İzmir";"Toplam";"Hanehalkı sayısı";"2025";"1585873";"";"";"";"";""
"Türkiye";"Yıllık";"Adrese Dayalı Nüfus Kayıt Sistemi";"Aydın";"Tek Kişilik Hanehalkı";"Hanehalkı sayısı";"2014";"59123";"";"";"";"";""
"Türkiye";"Yıllık";"Adrese Dayalı Nüfus Kayıt Sistemi";"Aydın";"Tek Kişilik Hanehalkı";"Hanehalkı sayısı";"2015";"62676";"";"";"";"";""
"Türkiye";"Yıllık";"Adrese Dayalı Nüfus Kayıt Sistemi";"Aydın";"Tek Kişilik Hanehalkı";"Hanehalkı sayısı";"2016";"66623";"";"";"";"";""
"Türkiye";"Yıllık";"Adrese Dayalı Nüfus Kayıt Sistemi";"Aydın";"Tek Kişilik Hanehalkı";"Hanehalkı sayısı";"2017";"69974";"";"";"";"";""
"Türkiye";"Yıllık";"Adrese Dayalı Nüfus Kayıt Sistemi";"Aydın";"Tek Kişilik Hanehalkı";"Hanehalkı sayısı";"2018";"74483";"";"";"";"";""
"Türkiye";"Yıllık";"Adrese Dayalı Nüfus Kayıt Sistemi";"Aydın";"Tek Kişilik Hanehalkı";"Hanehalkı sayısı";"2019";"79349";"";"";"";"";""
"Türkiye";"Yıllık";"Adrese Dayalı Nüfus Kayıt Sistemi";"Aydın";"Tek Kişilik Hanehalkı";"Hanehalkı sayısı";"2020";"85118";"";"";"";"";""
"Türkiye";"Yıllık";"Adrese Dayalı Nüfus Kayıt Sistemi";"Aydın";"Tek Kişilik Hanehalkı";"Hanehalkı sayısı";"2021";"91159";"";"";"";"";""
"Türkiye";"Yıllık";"Adrese Dayalı Nüfus Kayıt Sistemi";"Aydın";"Tek Kişilik Hanehalkı";"Hanehalkı sayısı";"2022";"96475";"";"";"";"";""
"Türkiye";"Yıllık";"Adrese Dayalı Nüfus Kayıt Sistemi";"Aydın";"Tek Kişilik Hanehalkı";"Hanehalkı sayısı";"2023";"98613";"";"";"";"";""
"Türkiye";"Yıllık";"Adrese Dayalı Nüfus Kayıt Sistemi";"Aydın";"Tek Kişilik Hanehalkı";"Hanehalkı sayısı";"2024";"101395";"";"";"";"";""
"Türkiye";"Yıllık";"Adrese Dayalı Nüfus Kayıt Sistemi";"Aydın";"Tek Kişilik Hanehalkı";"Hanehalkı sayısı";"2025";"105284";"";"";"";"";""
"Türkiye";"Yıllık";"Adrese Dayalı Nüfus Kayıt Sistemi";"Aydın";"Tek Çekirdek Aileden Oluşan Hanehalkı";"Hanehalkı sayısı";"2014";"224963";"";"";"";"";""
"Türkiye";"Yıllık";"Adrese Dayalı Nüfus Kayıt Sistemi";"Aydın";"Tek Çekirdek Aileden Oluşan Hanehalkı";"Hanehalkı sayısı";"2015";"225089";"";"";"";"";""
"Türkiye";"Yıllık";"Adrese Dayalı Nüfus Kayıt Sistemi";"Aydın";"Tek Çekirdek Aileden Oluşan Hanehalkı";"Hanehalkı sayısı";"2016";"228266";"";"";"";"";""
"Türkiye";"Yıllık";"Adrese Dayalı Nüfus Kayıt Sistemi";"Aydın";"Tek Çekirdek Aileden Oluşan Hanehalkı";"Hanehalkı sayısı";"2017";"230775";"";"";"";"";""
"Türkiye";"Yıllık";"Adrese Dayalı Nüfus Kayıt Sistemi";"Aydın";"Tek Çekirdek Aileden Oluşan Hanehalkı";"Hanehalkı sayısı";"2018";"234603";"";"";"";"";""
"Türkiye";"Yıllık";"Adrese Dayalı Nüfus Kayıt Sistemi";"Aydın";"Tek Çekirdek Aileden Oluşan Hanehalkı";"Hanehalkı sayısı";"2019";"237218";"";"";"";"";""
"Türkiye";"Yıllık";"Adrese Dayalı Nüfus Kayıt Sistemi";"Aydın";"Tek Çekirdek Aileden Oluşan Hanehalkı";"Hanehalkı sayısı";"2020";"242759";"";"";"";"";""
"Türkiye";"Yıllık";"Adrese Dayalı Nüfus Kayıt Sistemi";"Aydın";"Tek Çekirdek Aileden Oluşan Hanehalkı";"Hanehalkı sayısı";"2021";"246752";"";"";"";"";""
"Türkiye";"Yıllık";"Adrese Dayalı Nüfus Kayıt Sistemi";"Aydın";"Tek Çekirdek Aileden Oluşan Hanehalkı";"Hanehalkı sayısı";"2022";"251331";"";"";"";"";""
"Türkiye";"Yıllık";"Adrese Dayalı Nüfus Kayıt Sistemi";"Aydın";"Tek Çekirdek Aileden Oluşan Hanehalkı";"Hanehalkı sayısı";"2023";"252106";"";"";"";"";""
"Türkiye";"Yıllık";"Adrese Dayalı Nüfus Kayıt Sistemi";"Aydın";"Tek Çekirdek Aileden Oluşan Hanehalkı";"Hanehalkı sayısı";"2024";"251039";"";"";"";"";""
"Türkiye";"Yıllık";"Adrese Dayalı Nüfus Kayıt Sistemi";"Aydın";"Tek Çekirdek Aileden Oluşan Hanehalkı";"Hanehalkı sayısı";"2025";"249943";"";"";"";"";""
"Türkiye";"Yıllık";"Adrese Dayalı Nüfus Kayıt Sistemi";"Aydın";"En Az Bir Çekirdek Aile Ve Diğer Kişilerden Oluşan Hanehalkı";"Hanehalkı sayısı";"2014";"43069";"";"";"";"";""
"Türkiye";"Yıllık";"Adrese Dayalı Nüfus Kayıt Sistemi";"Aydın";"En Az Bir Çekirdek Aile Ve Diğer Kişilerden Oluşan Hanehalkı";"Hanehalkı sayısı";"2015";"45220";"";"";"";"";""
"Türkiye";"Yıllık";"Adrese Dayalı Nüfus Kayıt Sistemi";"Aydın";"En Az Bir Çekirdek Aile Ve Diğer Kişilerden Oluşan Hanehalkı";"Hanehalkı sayısı";"2016";"46048";"";"";"";"";""
"Türkiye";"Yıllık";"Adrese Dayalı Nüfus Kayıt Sistemi";"Aydın";"En Az Bir Çekirdek Aile Ve Diğer Kişilerden Oluşan Hanehalkı";"Hanehalkı sayısı";"2017";"46629";"";"";"";"";""
"Türkiye";"Yıllık";"Adrese Dayalı Nüfus Kayıt Sistemi";"Aydın";"En Az Bir Çekirdek Aile Ve Diğer Kişilerden Oluşan Hanehalkı";"Hanehalkı sayısı";"2018";"47409";"";"";"";"";""
"Türkiye";"Yıllık";"Adrese Dayalı Nüfus Kayıt Sistemi";"Aydın";"En Az Bir Çekirdek Aile Ve Diğer Kişilerden Oluşan Hanehalkı";"Hanehalkı sayısı";"2019";"47240";"";"";"";"";""
"Türkiye";"Yıllık";"Adrese Dayalı Nüfus Kayıt Sistemi";"Aydın";"En Az Bir Çekirdek Aile Ve Diğer Kişilerden Oluşan Hanehalkı";"Hanehalkı sayısı";"2020";"45533";"";"";"";"";""
"Türkiye";"Yıllık";"Adrese Dayalı Nüfus Kayıt Sistemi";"Aydın";"En Az Bir Çekirdek Aile Ve Diğer Kişilerden Oluşan Hanehalkı";"Hanehalkı sayısı";"2021";"44741";"";"";"";"";""
"Türkiye";"Yıllık";"Adrese Dayalı Nüfus Kayıt Sistemi";"Aydın";"En Az Bir Çekirdek Aile Ve Diğer Kişilerden Oluşan Hanehalkı";"Hanehalkı sayısı";"2022";"44822";"";"";"";"";""
"Türkiye";"Yıllık";"Adrese Dayalı Nüfus Kayıt Sistemi";"Aydın";"En Az Bir Çekirdek Aile Ve Diğer Kişilerden Oluşan Hanehalkı";"Hanehalkı sayısı";"2023";"47583";"";"";"";"";""
"Türkiye";"Yıllık";"Adrese Dayalı Nüfus Kayıt Sistemi";"Aydın";"En Az Bir Çekirdek Aile Ve Diğer Kişilerden Oluşan Hanehalkı";"Hanehalkı sayısı";"2024";"49190";"";"";"";"";""
"Türkiye";"Yıllık";"Adrese Dayalı Nüfus Kayıt Sistemi";"Aydın";"En Az Bir Çekirdek Aile Ve Diğer Kişilerden Oluşan Hanehalkı";"Hanehalkı sayısı";"2025";"51339";"";"";"";"";""
"Türkiye";"Yıllık";"Adrese Dayalı Nüfus Kayıt Sistemi";"Aydın";"Çekirdek Aile Bulunmayan Birden Fazla Kişiden Oluşan Hanehalkı";"Hanehalkı sayısı";"2014";"5550";"";"";"";"";""
"Türkiye";"Yıllık";"Adrese Dayalı Nüfus Kayıt Sistemi";"Aydın";"Çekirdek Aile Bulunmayan Birden Fazla Kişiden Oluşan Hanehalkı";"Hanehalkı sayısı";"2015";"6230";"";"";"";"";""
"Türkiye";"Yıllık";"Adrese Dayalı Nüfus Kayıt Sistemi";"Aydın";"Çekirdek Aile Bulunmayan Birden Fazla Kişiden Oluşan Hanehalkı";"Hanehalkı sayısı";"2016";"6892";"";"";"";"";""
"Türkiye";"Yıllık";"Adrese Dayalı Nüfus Kayıt Sistemi";"Aydın";"Çekirdek Aile Bulunmayan Birden Fazla Kişiden Oluşan Hanehalkı";"Hanehalkı sayısı";"2017";"7013";"";"";"";"";""
"Türkiye";"Yıllık";"Adrese Dayalı Nüfus Kayıt Sistemi";"Aydın";"Çekirdek Aile Bulunmayan Birden Fazla Kişiden Oluşan Hanehalkı";"Hanehalkı sayısı";"2018";"7659";"";"";"";"";""
"Türkiye";"Yıllık";"Adrese Dayalı Nüfus Kayıt Sistemi";"Aydın";"Çekirdek Aile Bulunmayan Birden Fazla Kişiden Oluşan Hanehalkı";"Hanehalkı sayısı";"2019";"8107";"";"";"";"";""
"Türkiye";"Yıllık";"Adrese Dayalı Nüfus Kayıt Sistemi";"Aydın";"Çekirdek Aile Bulunmayan Birden Fazla Kişiden Oluşan Hanehalkı";"Hanehalkı sayısı";"2020";"8236";"";"";"";"";""
"Türkiye";"Yıllık";"Adrese Dayalı Nüfus Kayıt Sistemi";"Aydın";"Çekirdek Aile Bulunmayan Birden Fazla Kişiden Oluşan Hanehalkı";"Hanehalkı sayısı";"2021";"8808";"";"";"";"";""
"Türkiye";"Yıllık";"Adrese Dayalı Nüfus Kayıt Sistemi";"Aydın";"Çekirdek Aile Bulunmayan Birden Fazla Kişiden Oluşan Hanehalkı";"Hanehalkı sayısı";"2022";"10025";"";"";"";"";""
"Türkiye";"Yıllık";"Adrese Dayalı Nüfus Kayıt Sistemi";"Aydın";"Çekirdek Aile Bulunmayan Birden Fazla Kişiden Oluşan Hanehalkı";"Hanehalkı sayısı";"2023";"10737";"";"";"";"";""
"Türkiye";"Yıllık";"Adrese Dayalı Nüfus Kayıt Sistemi";"Aydın";"Çekirdek Aile Bulunmayan Birden Fazla Kişiden Oluşan Hanehalkı";"Hanehalkı sayısı";"2024";"10612";"";"";"";"";""
"Türkiye";"Yıllık";"Adrese Dayalı Nüfus Kayıt Sistemi";"Aydın";"Çekirdek Aile Bulunmayan Birden Fazla Kişiden Oluşan Hanehalkı";"Hanehalkı sayısı";"2025";"11040";"";"";"";"";""
"Türkiye";"Yıllık";"Adrese Dayalı Nüfus Kayıt Sistemi";"Aydın";"Toplam";"Hanehalkı sayısı";"2014";"332705";"";"";"";"";""
"Türkiye";"Yıllık";"Adrese Dayalı Nüfus Kayıt Sistemi";"Aydın";"Toplam";"Hanehalkı sayısı";"2015";"339215";"";"";"";"";""
"Türkiye";"Yıllık";"Adrese Dayalı Nüfus Kayıt Sistemi";"Aydın";"Toplam";"Hanehalkı sayısı";"2016";"347829";"";"";"";"";""
"Türkiye";"Yıllık";"Adrese Dayalı Nüfus Kayıt Sistemi";"Aydın";"Toplam";"Hanehalkı sayısı";"2017";"354391";"";"";"";"";""
"Türkiye";"Yıllık";"Adrese Dayalı Nüfus Kayıt Sistemi";"Aydın";"Toplam";"Hanehalkı sayısı";"2018";"364154";"";"";"";"";""
"Türkiye";"Yıllık";"Adrese Dayalı Nüfus Kayıt Sistemi";"Aydın";"Toplam";"Hanehalkı sayısı";"2019";"371914";"";"";"";"";""
"Türkiye";"Yıllık";"Adrese Dayalı Nüfus Kayıt Sistemi";"Aydın";"Toplam";"Hanehalkı sayısı";"2020";"381646";"";"";"";"";""
"Türkiye";"Yıllık";"Adrese Dayalı Nüfus Kayıt Sistemi";"Aydın";"Toplam";"Hanehalkı sayısı";"2021";"391460";"";"";"";"";""
"Türkiye";"Yıllık";"Adrese Dayalı Nüfus Kayıt Sistemi";"Aydın";"Toplam";"Hanehalkı sayısı";"2022";"402653";"";"";"";"";""
"Türkiye";"Yıllık";"Adrese Dayalı Nüfus Kayıt Sistemi";"Aydın";"Toplam";"Hanehalkı sayısı";"2023";"409039";"";"";"";"";""
"Türkiye";"Yıllık";"Adrese Dayalı Nüfus Kayıt Sistemi";"Aydın";"Toplam";"Hanehalkı sayısı";"2024";"412236";"";"";"";"";""
"Türkiye";"Yıllık";"Adrese Dayalı Nüfus Kayıt Sistemi";"Aydın";"Toplam";"Hanehalkı sayısı";"2025";"417606";"";"";"";"";""
"Türkiye";"Yıllık";"Adrese Dayalı Nüfus Kayıt Sistemi";"Denizli";"Tek Kişilik Hanehalkı";"Hanehalkı sayısı";"2014";"47898";"";"";"";"";""
"Türkiye";"Yıllık";"Adrese Dayalı Nüfus Kayıt Sistemi";"Denizli";"Tek Kişilik Hanehalkı";"Hanehalkı sayısı";"2015";"51022";"";"";"";"";""
"Türkiye";"Yıllık";"Adrese Dayalı Nüfus Kayıt Sistemi";"Denizli";"Tek Kişilik Hanehalkı";"Hanehalkı sayısı";"2016";"53817";"";"";"";"";""
"Türkiye";"Yıllık";"Adrese Dayalı Nüfus Kayıt Sistemi";"Denizli";"Tek Kişilik Hanehalkı";"Hanehalkı sayısı";"2017";"56559";"";"";"";"";""
"Türkiye";"Yıllık";"Adrese Dayalı Nüfus Kayıt Sistemi";"Denizli";"Tek Kişilik Hanehalkı";"Hanehalkı sayısı";"2018";"59729";"";"";"";"";""
"Türkiye";"Yıllık";"Adrese Dayalı Nüfus Kayıt Sistemi";"Denizli";"Tek Kişilik Hanehalkı";"Hanehalkı sayısı";"2019";"63912";"";"";"";"";""
"Türkiye";"Yıllık";"Adrese Dayalı Nüfus Kayıt Sistemi";"Denizli";"Tek Kişilik Hanehalkı";"Hanehalkı sayısı";"2020";"69144";"";"";"";"";""
"Türkiye";"Yıllık";"Adrese Dayalı Nüfus Kayıt Sistemi";"Denizli";"Tek Kişilik Hanehalkı";"Hanehalkı sayısı";"2021";"75008";"";"";"";"";""
"Türkiye";"Yıllık";"Adrese Dayalı Nüfus Kayıt Sistemi";"Denizli";"Tek Kişilik Hanehalkı";"Hanehalkı sayısı";"2022";"78380";"";"";"";"";""
"Türkiye";"Yıllık";"Adrese Dayalı Nüfus Kayıt Sistemi";"Denizli";"Tek Kişilik Hanehalkı";"Hanehalkı sayısı";"2023";"79748";"";"";"";"";""
"Türkiye";"Yıllık";"Adrese Dayalı Nüfus Kayıt Sistemi";"Denizli";"Tek Kişilik Hanehalkı";"Hanehalkı sayısı";"2024";"81260";"";"";"";"";""
"Türkiye";"Yıllık";"Adrese Dayalı Nüfus Kayıt Sistemi";"Denizli";"Tek Kişilik Hanehalkı";"Hanehalkı sayısı";"2025";"83926";"";"";"";"";""
"Türkiye";"Yıllık";"Adrese Dayalı Nüfus Kayıt Sistemi";"Denizli";"Tek Çekirdek Aileden Oluşan Hanehalkı";"Hanehalkı sayısı";"2014";"214677";"";"";"";"";""
"Türkiye";"Yıllık";"Adrese Dayalı Nüfus Kayıt Sistemi";"Denizli";"Tek Çekirdek Aileden Oluşan Hanehalkı";"Hanehalkı sayısı";"2015";"217066";"";"";"";"";""
"Türkiye";"Yıllık";"Adrese Dayalı Nüfus Kayıt Sistemi";"Denizli";"Tek Çekirdek Aileden Oluşan Hanehalkı";"Hanehalkı sayısı";"2016";"218268";"";"";"";"";""
"Türkiye";"Yıllık";"Adrese Dayalı Nüfus Kayıt Sistemi";"Denizli";"Tek Çekirdek Aileden Oluşan Hanehalkı";"Hanehalkı sayısı";"2017";"219917";"";"";"";"";""
"Türkiye";"Yıllık";"Adrese Dayalı Nüfus Kayıt Sistemi";"Denizli";"Tek Çekirdek Aileden Oluşan Hanehalkı";"Hanehalkı sayısı";"2018";"221670";"";"";"";"";""
"Türkiye";"Yıllık";"Adrese Dayalı Nüfus Kayıt Sistemi";"Denizli";"Tek Çekirdek Aileden Oluşan Hanehalkı";"Hanehalkı sayısı";"2019";"225810";"";"";"";"";""
"Türkiye";"Yıllık";"Adrese Dayalı Nüfus Kayıt Sistemi";"Denizli";"Tek Çekirdek Aileden Oluşan Hanehalkı";"Hanehalkı sayısı";"2020";"227975";"";"";"";"";""
"Türkiye";"Yıllık";"Adrese Dayalı Nüfus Kayıt Sistemi";"Denizli";"Tek Çekirdek Aileden Oluşan Hanehalkı";"Hanehalkı sayısı";"2021";"229883";"";"";"";"";""
"Türkiye";"Yıllık";"Adrese Dayalı Nüfus Kayıt Sistemi";"Denizli";"Tek Çekirdek Aileden Oluşan Hanehalkı";"Hanehalkı sayısı";"2022";"233794";"";"";"";"";""
"Türkiye";"Yıllık";"Adrese Dayalı Nüfus Kayıt Sistemi";"Denizli";"Tek Çekirdek Aileden Oluşan Hanehalkı";"Hanehalkı sayısı";"2023";"233154";"";"";"";"";""
"Türkiye";"Yıllık";"Adrese Dayalı Nüfus Kayıt Sistemi";"Denizli";"Tek Çekirdek Aileden Oluşan Hanehalkı";"Hanehalkı sayısı";"2024";"231451";"";"";"";"";""
"Türkiye";"Yıllık";"Adrese Dayalı Nüfus Kayıt Sistemi";"Denizli";"Tek Çekirdek Aileden Oluşan Hanehalkı";"Hanehalkı sayısı";"2025";"230644";"";"";"";"";""
"Türkiye";"Yıllık";"Adrese Dayalı Nüfus Kayıt Sistemi";"Denizli";"En Az Bir Çekirdek Aile Ve Diğer Kişilerden Oluşan Hanehalkı";"Hanehalkı sayısı";"2014";"38222";"";"";"";"";""
"Türkiye";"Yıllık";"Adrese Dayalı Nüfus Kayıt Sistemi";"Denizli";"En Az Bir Çekirdek Aile Ve Diğer Kişilerden Oluşan Hanehalkı";"Hanehalkı sayısı";"2015";"39578";"";"";"";"";""
"Türkiye";"Yıllık";"Adrese Dayalı Nüfus Kayıt Sistemi";"Denizli";"En Az Bir Çekirdek Aile Ve Diğer Kişilerden Oluşan Hanehalkı";"Hanehalkı sayısı";"2016";"40857";"";"";"";"";""
"Türkiye";"Yıllık";"Adrese Dayalı Nüfus Kayıt Sistemi";"Denizli";"En Az Bir Çekirdek Aile Ve Diğer Kişilerden Oluşan Hanehalkı";"Hanehalkı sayısı";"2017";"41564";"";"";"";"";""
"Türkiye";"Yıllık";"Adrese Dayalı Nüfus Kayıt Sistemi";"Denizli";"En Az Bir Çekirdek Aile Ve Diğer Kişilerden Oluşan Hanehalkı";"Hanehalkı sayısı";"2018";"42138";"";"";"";"";""
"Türkiye";"Yıllık";"Adrese Dayalı Nüfus Kayıt Sistemi";"Denizli";"En Az Bir Çekirdek Aile Ve Diğer Kişilerden Oluşan Hanehalkı";"Hanehalkı sayısı";"2019";"41052";"";"";"";"";""
"Türkiye";"Yıllık";"Adrese Dayalı Nüfus Kayıt Sistemi";"Denizli";"En Az Bir Çekirdek Aile Ve Diğer Kişilerden Oluşan Hanehalkı";"Hanehalkı sayısı";"2020";"40448";"";"";"";"";""
"Türkiye";"Yıllık";"Adrese Dayalı Nüfus Kayıt Sistemi";"Denizli";"En Az Bir Çekirdek Aile Ve Diğer Kişilerden Oluşan Hanehalkı";"Hanehalkı sayısı";"2021";"40632";"";"";"";"";""
"Türkiye";"Yıllık";"Adrese Dayalı Nüfus Kayıt Sistemi";"Denizli";"En Az Bir Çekirdek Aile Ve Diğer Kişilerden Oluşan Hanehalkı";"Hanehalkı sayısı";"2022";"40449";"";"";"";"";""
"Türkiye";"Yıllık";"Adrese Dayalı Nüfus Kayıt Sistemi";"Denizli";"En Az Bir Çekirdek Aile Ve Diğer Kişilerden Oluşan Hanehalkı";"Hanehalkı sayısı";"2023";"42748";"";"";"";"";""
"Türkiye";"Yıllık";"Adrese Dayalı Nüfus Kayıt Sistemi";"Denizli";"En Az Bir Çekirdek Aile Ve Diğer Kişilerden Oluşan Hanehalkı";"Hanehalkı sayısı";"2024";"44278";"";"";"";"";""
"Türkiye";"Yıllık";"Adrese Dayalı Nüfus Kayıt Sistemi";"Denizli";"En Az Bir Çekirdek Aile Ve Diğer Kişilerden Oluşan Hanehalkı";"Hanehalkı sayısı";"2025";"46074";"";"";"";"";""
"Türkiye";"Yıllık";"Adrese Dayalı Nüfus Kayıt Sistemi";"Denizli";"Çekirdek Aile Bulunmayan Birden Fazla Kişiden Oluşan Hanehalkı";"Hanehalkı sayısı";"2014";"4337";"";"";"";"";""
"Türkiye";"Yıllık";"Adrese Dayalı Nüfus Kayıt Sistemi";"Denizli";"Çekirdek Aile Bulunmayan Birden Fazla Kişiden Oluşan Hanehalkı";"Hanehalkı sayısı";"2015";"5007";"";"";"";"";""
"Türkiye";"Yıllık";"Adrese Dayalı Nüfus Kayıt Sistemi";"Denizli";"Çekirdek Aile Bulunmayan Birden Fazla Kişiden Oluşan Hanehalkı";"Hanehalkı sayısı";"2016";"5481";"";"";"";"";""
"Türkiye";"Yıllık";"Adrese Dayalı Nüfus Kayıt Sistemi";"Denizli";"Çekirdek Aile Bulunmayan Birden Fazla Kişiden Oluşan Hanehalkı";"Hanehalkı sayısı";"2017";"5567";"";"";"";"";""
"Türkiye";"Yıllık";"Adrese Dayalı Nüfus Kayıt Sistemi";"Denizli";"Çekirdek Aile Bulunmayan Birden Fazla Kişiden Oluşan Hanehalkı";"Hanehalkı sayısı";"2018";"6142";"";"";"";"";""
"Türkiye";"Yıllık";"Adrese Dayalı Nüfus Kayıt Sistemi";"Denizli";"Çekirdek Aile Bulunmayan Birden Fazla Kişiden Oluşan Hanehalkı";"Hanehalkı sayısı";"2019";"6833";"";"";"";"";""
"Türkiye";"Yıllık";"Adrese Dayalı Nüfus Kayıt Sistemi";"Denizli";"Çekirdek Aile Bulunmayan Birden Fazla Kişiden Oluşan Hanehalkı";"Hanehalkı sayısı";"2020";"6855";"";"";"";"";""
"Türkiye";"Yıllık";"Adrese Dayalı Nüfus Kayıt Sistemi";"Denizli";"Çekirdek Aile Bulunmayan Birden Fazla Kişiden Oluşan Hanehalkı";"Hanehalkı sayısı";"2021";"7758";"";"";"";"";""
"Türkiye";"Yıllık";"Adrese Dayalı Nüfus Kayıt Sistemi";"Denizli";"Çekirdek Aile Bulunmayan Birden Fazla Kişiden Oluşan Hanehalkı";"Hanehalkı sayısı";"2022";"7949";"";"";"";"";""
"Türkiye";"Yıllık";"Adrese Dayalı Nüfus Kayıt Sistemi";"Denizli";"Çekirdek Aile Bulunmayan Birden Fazla Kişiden Oluşan Hanehalkı";"Hanehalkı sayısı";"2023";"8298";"";"";"";"";""
"Türkiye";"Yıllık";"Adrese Dayalı Nüfus Kayıt Sistemi";"Denizli";"Çekirdek Aile Bulunmayan Birden Fazla Kişiden Oluşan Hanehalkı";"Hanehalkı sayısı";"2024";"8394";"";"";"";"";""
"Türkiye";"Yıllık";"Adrese Dayalı Nüfus Kayıt Sistemi";"Denizli";"Çekirdek Aile Bulunmayan Birden Fazla Kişiden Oluşan Hanehalkı";"Hanehalkı sayısı";"2025";"8364";"";"";"";"";""
"Türkiye";"Yıllık";"Adrese Dayalı Nüfus Kayıt Sistemi";"Denizli";"Toplam";"Hanehalkı sayısı";"2014";"305134";"";"";"";"";""
"Türkiye";"Yıllık";"Adrese Dayalı Nüfus Kayıt Sistemi";"Denizli";"Toplam";"Hanehalkı sayısı";"2015";"312673";"";"";"";"";""
"Türkiye";"Yıllık";"Adrese Dayalı Nüfus Kayıt Sistemi";"Denizli";"Toplam";"Hanehalkı sayısı";"2016";"318423";"";"";"";"";""
"Türkiye";"Yıllık";"Adrese Dayalı Nüfus Kayıt Sistemi";"Denizli";"Toplam";"Hanehalkı sayısı";"2017";"323607";"";"";"";"";""
"Türkiye";"Yıllık";"Adrese Dayalı Nüfus Kayıt Sistemi";"Denizli";"Toplam";"Hanehalkı sayısı";"2018";"329679";"";"";"";"";""
"Türkiye";"Yıllık";"Adrese Dayalı Nüfus Kayıt Sistemi";"Denizli";"Toplam";"Hanehalkı sayısı";"2019";"337607";"";"";"";"";""
"Türkiye";"Yıllık";"Adrese Dayalı Nüfus Kayıt Sistemi";"Denizli";"Toplam";"Hanehalkı sayısı";"2020";"344422";"";"";"";"";""
"Türkiye";"Yıllık";"Adrese Dayalı Nüfus Kayıt Sistemi";"Denizli";"Toplam";"Hanehalkı sayısı";"2021";"353281";"";"";"";"";""
"Türkiye";"Yıllık";"Adrese Dayalı Nüfus Kayıt Sistemi";"Denizli";"Toplam";"Hanehalkı sayısı";"2022";"360572";"";"";"";"";""
"Türkiye";"Yıllık";"Adrese Dayalı Nüfus Kayıt Sistemi";"Denizli";"Toplam";"Hanehalkı sayısı";"2023";"363948";"";"";"";"";""
"Türkiye";"Yıllık";"Adrese Dayalı Nüfus Kayıt Sistemi";"Denizli";"Toplam";"Hanehalkı sayısı";"2024";"365383";"";"";"";"";""
"Türkiye";"Yıllık";"Adrese Dayalı Nüfus Kayıt Sistemi";"Denizli";"Toplam";"Hanehalkı sayısı";"2025";"369008";"";"";"";"";""
"Türkiye";"Yıllık";"Adrese Dayalı Nüfus Kayıt Sistemi";"Muğla";"Tek Kişilik Hanehalkı";"Hanehalkı sayısı";"2014";"57545";"";"";"";"";""
"Türkiye";"Yıllık";"Adrese Dayalı Nüfus Kayıt Sistemi";"Muğla";"Tek Kişilik Hanehalkı";"Hanehalkı sayısı";"2015";"60237";"";"";"";"";""
"Türkiye";"Yıllık";"Adrese Dayalı Nüfus Kayıt Sistemi";"Muğla";"Tek Kişilik Hanehalkı";"Hanehalkı sayısı";"2016";"64199";"";"";"";"";""
"Türkiye";"Yıllık";"Adrese Dayalı Nüfus Kayıt Sistemi";"Muğla";"Tek Kişilik Hanehalkı";"Hanehalkı sayısı";"2017";"66789";"";"";"";"";""
"Türkiye";"Yıllık";"Adrese Dayalı Nüfus Kayıt Sistemi";"Muğla";"Tek Kişilik Hanehalkı";"Hanehalkı sayısı";"2018";"71705";"";"";"";"";""
"Türkiye";"Yıllık";"Adrese Dayalı Nüfus Kayıt Sistemi";"Muğla";"Tek Kişilik Hanehalkı";"Hanehalkı sayısı";"2019";"78016";"";"";"";"";""
"Türkiye";"Yıllık";"Adrese Dayalı Nüfus Kayıt Sistemi";"Muğla";"Tek Kişilik Hanehalkı";"Hanehalkı sayısı";"2020";"83777";"";"";"";"";""
"Türkiye";"Yıllık";"Adrese Dayalı Nüfus Kayıt Sistemi";"Muğla";"Tek Kişilik Hanehalkı";"Hanehalkı sayısı";"2021";"90886";"";"";"";"";""
"Türkiye";"Yıllık";"Adrese Dayalı Nüfus Kayıt Sistemi";"Muğla";"Tek Kişilik Hanehalkı";"Hanehalkı sayısı";"2022";"96748";"";"";"";"";""
"Türkiye";"Yıllık";"Adrese Dayalı Nüfus Kayıt Sistemi";"Muğla";"Tek Kişilik Hanehalkı";"Hanehalkı sayısı";"2023";"97280";"";"";"";"";""
"Türkiye";"Yıllık";"Adrese Dayalı Nüfus Kayıt Sistemi";"Muğla";"Tek Kişilik Hanehalkı";"Hanehalkı sayısı";"2024";"98773";"";"";"";"";""
"Türkiye";"Yıllık";"Adrese Dayalı Nüfus Kayıt Sistemi";"Muğla";"Tek Kişilik Hanehalkı";"Hanehalkı sayısı";"2025";"102263";"";"";"";"";""
"Türkiye";"Yıllık";"Adrese Dayalı Nüfus Kayıt Sistemi";"Muğla";"Tek Çekirdek Aileden Oluşan Hanehalkı";"Hanehalkı sayısı";"2014";"193261";"";"";"";"";""
"Türkiye";"Yıllık";"Adrese Dayalı Nüfus Kayıt Sistemi";"Muğla";"Tek Çekirdek Aileden Oluşan Hanehalkı";"Hanehalkı sayısı";"2015";"192403";"";"";"";"";""
"Türkiye";"Yıllık";"Adrese Dayalı Nüfus Kayıt Sistemi";"Muğla";"Tek Çekirdek Aileden Oluşan Hanehalkı";"Hanehalkı sayısı";"2016";"193444";"";"";"";"";""
"Türkiye";"Yıllık";"Adrese Dayalı Nüfus Kayıt Sistemi";"Muğla";"Tek Çekirdek Aileden Oluşan Hanehalkı";"Hanehalkı sayısı";"2017";"195348";"";"";"";"";""
"Türkiye";"Yıllık";"Adrese Dayalı Nüfus Kayıt Sistemi";"Muğla";"Tek Çekirdek Aileden Oluşan Hanehalkı";"Hanehalkı sayısı";"2018";"198928";"";"";"";"";""
"Türkiye";"Yıllık";"Adrese Dayalı Nüfus Kayıt Sistemi";"Muğla";"Tek Çekirdek Aileden Oluşan Hanehalkı";"Hanehalkı sayısı";"2019";"202457";"";"";"";"";""
"Türkiye";"Yıllık";"Adrese Dayalı Nüfus Kayıt Sistemi";"Muğla";"Tek Çekirdek Aileden Oluşan Hanehalkı";"Hanehalkı sayısı";"2020";"208159";"";"";"";"";""
"Türkiye";"Yıllık";"Adrese Dayalı Nüfus Kayıt Sistemi";"Muğla";"Tek Çekirdek Aileden Oluşan Hanehalkı";"Hanehalkı sayısı";"2021";"212446";"";"";"";"";""
"Türkiye";"Yıllık";"Adrese Dayalı Nüfus Kayıt Sistemi";"Muğla";"Tek Çekirdek Aileden Oluşan Hanehalkı";"Hanehalkı sayısı";"2022";"215627";"";"";"";"";""
"Türkiye";"Yıllık";"Adrese Dayalı Nüfus Kayıt Sistemi";"Muğla";"Tek Çekirdek Aileden Oluşan Hanehalkı";"Hanehalkı sayısı";"2023";"215923";"";"";"";"";""
"Türkiye";"Yıllık";"Adrese Dayalı Nüfus Kayıt Sistemi";"Muğla";"Tek Çekirdek Aileden Oluşan Hanehalkı";"Hanehalkı sayısı";"2024";"216562";"";"";"";"";""
"Türkiye";"Yıllık";"Adrese Dayalı Nüfus Kayıt Sistemi";"Muğla";"Tek Çekirdek Aileden Oluşan Hanehalkı";"Hanehalkı sayısı";"2025";"217028";"";"";"";"";""
"Türkiye";"Yıllık";"Adrese Dayalı Nüfus Kayıt Sistemi";"Muğla";"En Az Bir Çekirdek Aile Ve Diğer Kişilerden Oluşan Hanehalkı";"Hanehalkı sayısı";"2014";"36889";"";"";"";"";""
"Türkiye";"Yıllık";"Adrese Dayalı Nüfus Kayıt Sistemi";"Muğla";"En Az Bir Çekirdek Aile Ve Diğer Kişilerden Oluşan Hanehalkı";"Hanehalkı sayısı";"2015";"39721";"";"";"";"";""
"Türkiye";"Yıllık";"Adrese Dayalı Nüfus Kayıt Sistemi";"Muğla";"En Az Bir Çekirdek Aile Ve Diğer Kişilerden Oluşan Hanehalkı";"Hanehalkı sayısı";"2016";"41695";"";"";"";"";""
"Türkiye";"Yıllık";"Adrese Dayalı Nüfus Kayıt Sistemi";"Muğla";"En Az Bir Çekirdek Aile Ve Diğer Kişilerden Oluşan Hanehalkı";"Hanehalkı sayısı";"2017";"43167";"";"";"";"";""
"Türkiye";"Yıllık";"Adrese Dayalı Nüfus Kayıt Sistemi";"Muğla";"En Az Bir Çekirdek Aile Ve Diğer Kişilerden Oluşan Hanehalkı";"Hanehalkı sayısı";"2018";"45454";"";"";"";"";""
"Türkiye";"Yıllık";"Adrese Dayalı Nüfus Kayıt Sistemi";"Muğla";"En Az Bir Çekirdek Aile Ve Diğer Kişilerden Oluşan Hanehalkı";"Hanehalkı sayısı";"2019";"45301";"";"";"";"";""
"Türkiye";"Yıllık";"Adrese Dayalı Nüfus Kayıt Sistemi";"Muğla";"En Az Bir Çekirdek Aile Ve Diğer Kişilerden Oluşan Hanehalkı";"Hanehalkı sayısı";"2020";"44995";"";"";"";"";""
"Türkiye";"Yıllık";"Adrese Dayalı Nüfus Kayıt Sistemi";"Muğla";"En Az Bir Çekirdek Aile Ve Diğer Kişilerden Oluşan Hanehalkı";"Hanehalkı sayısı";"2021";"45235";"";"";"";"";""
"Türkiye";"Yıllık";"Adrese Dayalı Nüfus Kayıt Sistemi";"Muğla";"En Az Bir Çekirdek Aile Ve Diğer Kişilerden Oluşan Hanehalkı";"Hanehalkı sayısı";"2022";"46047";"";"";"";"";""
"Türkiye";"Yıllık";"Adrese Dayalı Nüfus Kayıt Sistemi";"Muğla";"En Az Bir Çekirdek Aile Ve Diğer Kişilerden Oluşan Hanehalkı";"Hanehalkı sayısı";"2023";"50271";"";"";"";"";""
"Türkiye";"Yıllık";"Adrese Dayalı Nüfus Kayıt Sistemi";"Muğla";"En Az Bir Çekirdek Aile Ve Diğer Kişilerden Oluşan Hanehalkı";"Hanehalkı sayısı";"2024";"52290";"";"";"";"";""
"Türkiye";"Yıllık";"Adrese Dayalı Nüfus Kayıt Sistemi";"Muğla";"En Az Bir Çekirdek Aile Ve Diğer Kişilerden Oluşan Hanehalkı";"Hanehalkı sayısı";"2025";"55131";"";"";"";"";""
"Türkiye";"Yıllık";"Adrese Dayalı Nüfus Kayıt Sistemi";"Muğla";"Çekirdek Aile Bulunmayan Birden Fazla Kişiden Oluşan Hanehalkı";"Hanehalkı sayısı";"2014";"8270";"";"";"";"";""
"Türkiye";"Yıllık";"Adrese Dayalı Nüfus Kayıt Sistemi";"Muğla";"Çekirdek Aile Bulunmayan Birden Fazla Kişiden Oluşan Hanehalkı";"Hanehalkı sayısı";"2015";"9294";"";"";"";"";""
"Türkiye";"Yıllık";"Adrese Dayalı Nüfus Kayıt Sistemi";"Muğla";"Çekirdek Aile Bulunmayan Birden Fazla Kişiden Oluşan Hanehalkı";"Hanehalkı sayısı";"2016";"10766";"";"";"";"";""
"Türkiye";"Yıllık";"Adrese Dayalı Nüfus Kayıt Sistemi";"Muğla";"Çekirdek Aile Bulunmayan Birden Fazla Kişiden Oluşan Hanehalkı";"Hanehalkı sayısı";"2017";"10808";"";"";"";"";""
"Türkiye";"Yıllık";"Adrese Dayalı Nüfus Kayıt Sistemi";"Muğla";"Çekirdek Aile Bulunmayan Birden Fazla Kişiden Oluşan Hanehalkı";"Hanehalkı sayısı";"2018";"12607";"";"";"";"";""
"Türkiye";"Yıllık";"Adrese Dayalı Nüfus Kayıt Sistemi";"Muğla";"Çekirdek Aile Bulunmayan Birden Fazla Kişiden Oluşan Hanehalkı";"Hanehalkı sayısı";"2019";"12949";"";"";"";"";""
"Türkiye";"Yıllık";"Adrese Dayalı Nüfus Kayıt Sistemi";"Muğla";"Çekirdek Aile Bulunmayan Birden Fazla Kişiden Oluşan Hanehalkı";"Hanehalkı sayısı";"2020";"12872";"";"";"";"";""
"Türkiye";"Yıllık";"Adrese Dayalı Nüfus Kayıt Sistemi";"Muğla";"Çekirdek Aile Bulunmayan Birden Fazla Kişiden Oluşan Hanehalkı";"Hanehalkı sayısı";"2021";"13720";"";"";"";"";""
"Türkiye";"Yıllık";"Adrese Dayalı Nüfus Kayıt Sistemi";"Muğla";"Çekirdek Aile Bulunmayan Birden Fazla Kişiden Oluşan Hanehalkı";"Hanehalkı sayısı";"2022";"16369";"";"";"";"";""
"Türkiye";"Yıllık";"Adrese Dayalı Nüfus Kayıt Sistemi";"Muğla";"Çekirdek Aile Bulunmayan Birden Fazla Kişiden Oluşan Hanehalkı";"Hanehalkı sayısı";"2023";"16176";"";"";"";"";""
"Türkiye";"Yıllık";"Adrese Dayalı Nüfus Kayıt Sistemi";"Muğla";"Çekirdek Aile Bulunmayan Birden Fazla Kişiden Oluşan Hanehalkı";"Hanehalkı sayısı";"2024";"16149";"";"";"";"";""
"Türkiye";"Yıllık";"Adrese Dayalı Nüfus Kayıt Sistemi";"Muğla";"Çekirdek Aile Bulunmayan Birden Fazla Kişiden Oluşan Hanehalkı";"Hanehalkı sayısı";"2025";"17110";"";"";"";"";""
"Türkiye";"Yıllık";"Adrese Dayalı Nüfus Kayıt Sistemi";"Muğla";"Toplam";"Hanehalkı sayısı";"2014";"295965";"";"";"";"";""
"Türkiye";"Yıllık";"Adrese Dayalı Nüfus Kayıt Sistemi";"Muğla";"Toplam";"Hanehalkı sayısı";"2015";"301655";"";"";"";"";""
"Türkiye";"Yıllık";"Adrese Dayalı Nüfus Kayıt Sistemi";"Muğla";"Toplam";"Hanehalkı sayısı";"2016";"310104";"";"";"";"";""
"Türkiye";"Yıllık";"Adrese Dayalı Nüfus Kayıt Sistemi";"Muğla";"Toplam";"Hanehalkı sayısı";"2017";"316112";"";"";"";"";""
"Türkiye";"Yıllık";"Adrese Dayalı Nüfus Kayıt Sistemi";"Muğla";"Toplam";"Hanehalkı sayısı";"2018";"328694";"";"";"";"";""
"Türkiye";"Yıllık";"Adrese Dayalı Nüfus Kayıt Sistemi";"Muğla";"Toplam";"Hanehalkı sayısı";"2019";"338723";"";"";"";"";""
"Türkiye";"Yıllık";"Adrese Dayalı Nüfus Kayıt Sistemi";"Muğla";"Toplam";"Hanehalkı sayısı";"2020";"349803";"";"";"";"";""
"Türkiye";"Yıllık";"Adrese Dayalı Nüfus Kayıt Sistemi";"Muğla";"Toplam";"Hanehalkı sayısı";"2021";"362287";"";"";"";"";""
"Türkiye";"Yıllık";"Adrese Dayalı Nüfus Kayıt Sistemi";"Muğla";"Toplam";"Hanehalkı sayısı";"2022";"374791";"";"";"";"";""
"Türkiye";"Yıllık";"Adrese Dayalı Nüfus Kayıt Sistemi";"Muğla";"Toplam";"Hanehalkı sayısı";"2023";"379650";"";"";"";"";""
"Türkiye";"Yıllık";"Adrese Dayalı Nüfus Kayıt Sistemi";"Muğla";"Toplam";"Hanehalkı sayısı";"2024";"383774";"";"";"";"";""
"Türkiye";"Yıllık";"Adrese Dayalı Nüfus Kayıt Sistemi";"Muğla";"Toplam";"Hanehalkı sayısı";"2025";"391532";"";"";"";"";""
"Türkiye";"Yıllık";"Adrese Dayalı Nüfus Kayıt Sistemi";"Afyonkarahisar";"Tek Kişilik Hanehalkı";"Hanehalkı sayısı";"2014";"29279";"";"";"";"";""
"Türkiye";"Yıllık";"Adrese Dayalı Nüfus Kayıt Sistemi";"Afyonkarahisar";"Tek Kişilik Hanehalkı";"Hanehalkı sayısı";"2015";"30617";"";"";"";"";""
"Türkiye";"Yıllık";"Adrese Dayalı Nüfus Kayıt Sistemi";"Afyonkarahisar";"Tek Kişilik Hanehalkı";"Hanehalkı sayısı";"2016";"31946";"";"";"";"";""
"Türkiye";"Yıllık";"Adrese Dayalı Nüfus Kayıt Sistemi";"Afyonkarahisar";"Tek Kişilik Hanehalkı";"Hanehalkı sayısı";"2017";"33254";"";"";"";"";""
"Türkiye";"Yıllık";"Adrese Dayalı Nüfus Kayıt Sistemi";"Afyonkarahisar";"Tek Kişilik Hanehalkı";"Hanehalkı sayısı";"2018";"34981";"";"";"";"";""
"Türkiye";"Yıllık";"Adrese Dayalı Nüfus Kayıt Sistemi";"Afyonkarahisar";"Tek Kişilik Hanehalkı";"Hanehalkı sayısı";"2019";"36903";"";"";"";"";""
"Türkiye";"Yıllık";"Adrese Dayalı Nüfus Kayıt Sistemi";"Afyonkarahisar";"Tek Kişilik Hanehalkı";"Hanehalkı sayısı";"2020";"40231";"";"";"";"";""
"Türkiye";"Yıllık";"Adrese Dayalı Nüfus Kayıt Sistemi";"Afyonkarahisar";"Tek Kişilik Hanehalkı";"Hanehalkı sayısı";"2021";"43198";"";"";"";"";""
"Türkiye";"Yıllık";"Adrese Dayalı Nüfus Kayıt Sistemi";"Afyonkarahisar";"Tek Kişilik Hanehalkı";"Hanehalkı sayısı";"2022";"46107";"";"";"";"";""
"Türkiye";"Yıllık";"Adrese Dayalı Nüfus Kayıt Sistemi";"Afyonkarahisar";"Tek Kişilik Hanehalkı";"Hanehalkı sayısı";"2023";"47062";"";"";"";"";""
"Türkiye";"Yıllık";"Adrese Dayalı Nüfus Kayıt Sistemi";"Afyonkarahisar";"Tek Kişilik Hanehalkı";"Hanehalkı sayısı";"2024";"47781";"";"";"";"";""
"Türkiye";"Yıllık";"Adrese Dayalı Nüfus Kayıt Sistemi";"Afyonkarahisar";"Tek Kişilik Hanehalkı";"Hanehalkı sayısı";"2025";"48975";"";"";"";"";""
"Türkiye";"Yıllık";"Adrese Dayalı Nüfus Kayıt Sistemi";"Afyonkarahisar";"Tek Çekirdek Aileden Oluşan Hanehalkı";"Hanehalkı sayısı";"2014";"118983";"";"";"";"";""
"Türkiye";"Yıllık";"Adrese Dayalı Nüfus Kayıt Sistemi";"Afyonkarahisar";"Tek Çekirdek Aileden Oluşan Hanehalkı";"Hanehalkı sayısı";"2015";"120128";"";"";"";"";""
"Türkiye";"Yıllık";"Adrese Dayalı Nüfus Kayıt Sistemi";"Afyonkarahisar";"Tek Çekirdek Aileden Oluşan Hanehalkı";"Hanehalkı sayısı";"2016";"121012";"";"";"";"";""
"Türkiye";"Yıllık";"Adrese Dayalı Nüfus Kayıt Sistemi";"Afyonkarahisar";"Tek Çekirdek Aileden Oluşan Hanehalkı";"Hanehalkı sayısı";"2017";"122043";"";"";"";"";""
"Türkiye";"Yıllık";"Adrese Dayalı Nüfus Kayıt Sistemi";"Afyonkarahisar";"Tek Çekirdek Aileden Oluşan Hanehalkı";"Hanehalkı sayısı";"2018";"123195";"";"";"";"";""
"Türkiye";"Yıllık";"Adrese Dayalı Nüfus Kayıt Sistemi";"Afyonkarahisar";"Tek Çekirdek Aileden Oluşan Hanehalkı";"Hanehalkı sayısı";"2019";"125815";"";"";"";"";""
"Türkiye";"Yıllık";"Adrese Dayalı Nüfus Kayıt Sistemi";"Afyonkarahisar";"Tek Çekirdek Aileden Oluşan Hanehalkı";"Hanehalkı sayısı";"2020";"129341";"";"";"";"";""
"Türkiye";"Yıllık";"Adrese Dayalı Nüfus Kayıt Sistemi";"Afyonkarahisar";"Tek Çekirdek Aileden Oluşan Hanehalkı";"Hanehalkı sayısı";"2021";"131492";"";"";"";"";""
"Türkiye";"Yıllık";"Adrese Dayalı Nüfus Kayıt Sistemi";"Afyonkarahisar";"Tek Çekirdek Aileden Oluşan Hanehalkı";"Hanehalkı sayısı";"2022";"135740";"";"";"";"";""
"Türkiye";"Yıllık";"Adrese Dayalı Nüfus Kayıt Sistemi";"Afyonkarahisar";"Tek Çekirdek Aileden Oluşan Hanehalkı";"Hanehalkı sayısı";"2023";"136880";"";"";"";"";""
"Türkiye";"Yıllık";"Adrese Dayalı Nüfus Kayıt Sistemi";"Afyonkarahisar";"Tek Çekirdek Aileden Oluşan Hanehalkı";"Hanehalkı sayısı";"2024";"137286";"";"";"";"";""
"Türkiye";"Yıllık";"Adrese Dayalı Nüfus Kayıt Sistemi";"Afyonkarahisar";"Tek Çekirdek Aileden Oluşan Hanehalkı";"Hanehalkı sayısı";"2025";"137066";"";"";"";"";""
"Türkiye";"Yıllık";"Adrese Dayalı Nüfus Kayıt Sistemi";"Afyonkarahisar";"En Az Bir Çekirdek Aile Ve Diğer Kişilerden Oluşan Hanehalkı";"Hanehalkı sayısı";"2014";"40305";"";"";"";"";""
"Türkiye";"Yıllık";"Adrese Dayalı Nüfus Kayıt Sistemi";"Afyonkarahisar";"En Az Bir Çekirdek Aile Ve Diğer Kişilerden Oluşan Hanehalkı";"Hanehalkı sayısı";"2015";"40344";"";"";"";"";""
"Türkiye";"Yıllık";"Adrese Dayalı Nüfus Kayıt Sistemi";"Afyonkarahisar";"En Az Bir Çekirdek Aile Ve Diğer Kişilerden Oluşan Hanehalkı";"Hanehalkı sayısı";"2016";"40608";"";"";"";"";""
"Türkiye";"Yıllık";"Adrese Dayalı Nüfus Kayıt Sistemi";"Afyonkarahisar";"En Az Bir Çekirdek Aile Ve Diğer Kişilerden Oluşan Hanehalkı";"Hanehalkı sayısı";"2017";"40341";"";"";"";"";""
"Türkiye";"Yıllık";"Adrese Dayalı Nüfus Kayıt Sistemi";"Afyonkarahisar";"En Az Bir Çekirdek Aile Ve Diğer Kişilerden Oluşan Hanehalkı";"Hanehalkı sayısı";"2018";"41057";"";"";"";"";""
"Türkiye";"Yıllık";"Adrese Dayalı Nüfus Kayıt Sistemi";"Afyonkarahisar";"En Az Bir Çekirdek Aile Ve Diğer Kişilerden Oluşan Hanehalkı";"Hanehalkı sayısı";"2019";"40196";"";"";"";"";""
"Türkiye";"Yıllık";"Adrese Dayalı Nüfus Kayıt Sistemi";"Afyonkarahisar";"En Az Bir Çekirdek Aile Ve Diğer Kişilerden Oluşan Hanehalkı";"Hanehalkı sayısı";"2020";"39138";"";"";"";"";""
"Türkiye";"Yıllık";"Adrese Dayalı Nüfus Kayıt Sistemi";"Afyonkarahisar";"En Az Bir Çekirdek Aile Ve Diğer Kişilerden Oluşan Hanehalkı";"Hanehalkı sayısı";"2021";"38959";"";"";"";"";""
"Türkiye";"Yıllık";"Adrese Dayalı Nüfus Kayıt Sistemi";"Afyonkarahisar";"En Az Bir Çekirdek Aile Ve Diğer Kişilerden Oluşan Hanehalkı";"Hanehalkı sayısı";"2022";"37669";"";"";"";"";""
"Türkiye";"Yıllık";"Adrese Dayalı Nüfus Kayıt Sistemi";"Afyonkarahisar";"En Az Bir Çekirdek Aile Ve Diğer Kişilerden Oluşan Hanehalkı";"Hanehalkı sayısı";"2023";"38889";"";"";"";"";""
"Türkiye";"Yıllık";"Adrese Dayalı Nüfus Kayıt Sistemi";"Afyonkarahisar";"En Az Bir Çekirdek Aile Ve Diğer Kişilerden Oluşan Hanehalkı";"Hanehalkı sayısı";"2024";"38977";"";"";"";"";""
"Türkiye";"Yıllık";"Adrese Dayalı Nüfus Kayıt Sistemi";"Afyonkarahisar";"En Az Bir Çekirdek Aile Ve Diğer Kişilerden Oluşan Hanehalkı";"Hanehalkı sayısı";"2025";"40025";"";"";"";"";""
"Türkiye";"Yıllık";"Adrese Dayalı Nüfus Kayıt Sistemi";"Afyonkarahisar";"Çekirdek Aile Bulunmayan Birden Fazla Kişiden Oluşan Hanehalkı";"Hanehalkı sayısı";"2014";"2849";"";"";"";"";""
"Türkiye";"Yıllık";"Adrese Dayalı Nüfus Kayıt Sistemi";"Afyonkarahisar";"Çekirdek Aile Bulunmayan Birden Fazla Kişiden Oluşan Hanehalkı";"Hanehalkı sayısı";"2015";"3119";"";"";"";"";""
"Türkiye";"Yıllık";"Adrese Dayalı Nüfus Kayıt Sistemi";"Afyonkarahisar";"Çekirdek Aile Bulunmayan Birden Fazla Kişiden Oluşan Hanehalkı";"Hanehalkı sayısı";"2016";"3417";"";"";"";"";""
"Türkiye";"Yıllık";"Adrese Dayalı Nüfus Kayıt Sistemi";"Afyonkarahisar";"Çekirdek Aile Bulunmayan Birden Fazla Kişiden Oluşan Hanehalkı";"Hanehalkı sayısı";"2017";"3390";"";"";"";"";""
"Türkiye";"Yıllık";"Adrese Dayalı Nüfus Kayıt Sistemi";"Afyonkarahisar";"Çekirdek Aile Bulunmayan Birden Fazla Kişiden Oluşan Hanehalkı";"Hanehalkı sayısı";"2018";"3909";"";"";"";"";""
"Türkiye";"Yıllık";"Adrese Dayalı Nüfus Kayıt Sistemi";"Afyonkarahisar";"Çekirdek Aile Bulunmayan Birden Fazla Kişiden Oluşan Hanehalkı";"Hanehalkı sayısı";"2019";"4255";"";"";"";"";""
"Türkiye";"Yıllık";"Adrese Dayalı Nüfus Kayıt Sistemi";"Afyonkarahisar";"Çekirdek Aile Bulunmayan Birden Fazla Kişiden Oluşan Hanehalkı";"Hanehalkı sayısı";"2020";"4396";"";"";"";"";""
"Türkiye";"Yıllık";"Adrese Dayalı Nüfus Kayıt Sistemi";"Afyonkarahisar";"Çekirdek Aile Bulunmayan Birden Fazla Kişiden Oluşan Hanehalkı";"Hanehalkı sayısı";"2021";"4699";"";"";"";"";""
"Türkiye";"Yıllık";"Adrese Dayalı Nüfus Kayıt Sistemi";"Afyonkarahisar";"Çekirdek Aile Bulunmayan Birden Fazla Kişiden Oluşan Hanehalkı";"Hanehalkı sayısı";"2022";"4845";"";"";"";"";""
"Türkiye";"Yıllık";"Adrese Dayalı Nüfus Kayıt Sistemi";"Afyonkarahisar";"Çekirdek Aile Bulunmayan Birden Fazla Kişiden Oluşan Hanehalkı";"Hanehalkı sayısı";"2023";"4852";"";"";"";"";""
"Türkiye";"Yıllık";"Adrese Dayalı Nüfus Kayıt Sistemi";"Afyonkarahisar";"Çekirdek Aile Bulunmayan Birden Fazla Kişiden Oluşan Hanehalkı";"Hanehalkı sayısı";"2024";"4726";"";"";"";"";""
"Türkiye";"Yıllık";"Adrese Dayalı Nüfus Kayıt Sistemi";"Afyonkarahisar";"Çekirdek Aile Bulunmayan Birden Fazla Kişiden Oluşan Hanehalkı";"Hanehalkı sayısı";"2025";"4983";"";"";"";"";""
"Türkiye";"Yıllık";"Adrese Dayalı Nüfus Kayıt Sistemi";"Afyonkarahisar";"Toplam";"Hanehalkı sayısı";"2014";"191416";"";"";"";"";""
"Türkiye";"Yıllık";"Adrese Dayalı Nüfus Kayıt Sistemi";"Afyonkarahisar";"Toplam";"Hanehalkı sayısı";"2015";"194208";"";"";"";"";""
"Türkiye";"Yıllık";"Adrese Dayalı Nüfus Kayıt Sistemi";"Afyonkarahisar";"Toplam";"Hanehalkı sayısı";"2016";"196983";"";"";"";"";""
"Türkiye";"Yıllık";"Adrese Dayalı Nüfus Kayıt Sistemi";"Afyonkarahisar";"Toplam";"Hanehalkı sayısı";"2017";"199028";"";"";"";"";""
"Türkiye";"Yıllık";"Adrese Dayalı Nüfus Kayıt Sistemi";"Afyonkarahisar";"Toplam";"Hanehalkı sayısı";"2018";"203142";"";"";"";"";""
"Türkiye";"Yıllık";"Adrese Dayalı Nüfus Kayıt Sistemi";"Afyonkarahisar";"Toplam";"Hanehalkı sayısı";"2019";"207169";"";"";"";"";""
"Türkiye";"Yıllık";"Adrese Dayalı Nüfus Kayıt Sistemi";"Afyonkarahisar";"Toplam";"Hanehalkı sayısı";"2020";"213106";"";"";"";"";""
"Türkiye";"Yıllık";"Adrese Dayalı Nüfus Kayıt Sistemi";"Afyonkarahisar";"Toplam";"Hanehalkı sayısı";"2021";"218348";"";"";"";"";""
"Türkiye";"Yıllık";"Adrese Dayalı Nüfus Kayıt Sistemi";"Afyonkarahisar";"Toplam";"Hanehalkı sayısı";"2022";"224361";"";"";"";"";""
"Türkiye";"Yıllık";"Adrese Dayalı Nüfus Kayıt Sistemi";"Afyonkarahisar";"Toplam";"Hanehalkı sayısı";"2023";"227683";"";"";"";"";""
"Türkiye";"Yıllık";"Adrese Dayalı Nüfus Kayıt Sistemi";"Afyonkarahisar";"Toplam";"Hanehalkı sayısı";"2024";"228770";"";"";"";"";""
"Türkiye";"Yıllık";"Adrese Dayalı Nüfus Kayıt Sistemi";"Afyonkarahisar";"Toplam";"Hanehalkı sayısı";"2025";"231049";"";"";"";"";""
"Türkiye";"Yıllık";"Adrese Dayalı Nüfus Kayıt Sistemi";"Kütahya";"Tek Kişilik Hanehalkı";"Hanehalkı sayısı";"2014";"28768";"";"";"";"";""
"Türkiye";"Yıllık";"Adrese Dayalı Nüfus Kayıt Sistemi";"Kütahya";"Tek Kişilik Hanehalkı";"Hanehalkı sayısı";"2015";"30190";"";"";"";"";""
"Türkiye";"Yıllık";"Adrese Dayalı Nüfus Kayıt Sistemi";"Kütahya";"Tek Kişilik Hanehalkı";"Hanehalkı sayısı";"2016";"31845";"";"";"";"";""
"Türkiye";"Yıllık";"Adrese Dayalı Nüfus Kayıt Sistemi";"Kütahya";"Tek Kişilik Hanehalkı";"Hanehalkı sayısı";"2017";"32948";"";"";"";"";""
"Türkiye";"Yıllık";"Adrese Dayalı Nüfus Kayıt Sistemi";"Kütahya";"Tek Kişilik Hanehalkı";"Hanehalkı sayısı";"2018";"34537";"";"";"";"";""
"Türkiye";"Yıllık";"Adrese Dayalı Nüfus Kayıt Sistemi";"Kütahya";"Tek Kişilik Hanehalkı";"Hanehalkı sayısı";"2019";"37106";"";"";"";"";""
"Türkiye";"Yıllık";"Adrese Dayalı Nüfus Kayıt Sistemi";"Kütahya";"Tek Kişilik Hanehalkı";"Hanehalkı sayısı";"2020";"39316";"";"";"";"";""
"Türkiye";"Yıllık";"Adrese Dayalı Nüfus Kayıt Sistemi";"Kütahya";"Tek Kişilik Hanehalkı";"Hanehalkı sayısı";"2021";"42103";"";"";"";"";""
"Türkiye";"Yıllık";"Adrese Dayalı Nüfus Kayıt Sistemi";"Kütahya";"Tek Kişilik Hanehalkı";"Hanehalkı sayısı";"2022";"44619";"";"";"";"";""
"Türkiye";"Yıllık";"Adrese Dayalı Nüfus Kayıt Sistemi";"Kütahya";"Tek Kişilik Hanehalkı";"Hanehalkı sayısı";"2023";"44835";"";"";"";"";""
"Türkiye";"Yıllık";"Adrese Dayalı Nüfus Kayıt Sistemi";"Kütahya";"Tek Kişilik Hanehalkı";"Hanehalkı sayısı";"2024";"45942";"";"";"";"";""
"Türkiye";"Yıllık";"Adrese Dayalı Nüfus Kayıt Sistemi";"Kütahya";"Tek Kişilik Hanehalkı";"Hanehalkı sayısı";"2025";"47483";"";"";"";"";""
"Türkiye";"Yıllık";"Adrese Dayalı Nüfus Kayıt Sistemi";"Kütahya";"Tek Çekirdek Aileden Oluşan Hanehalkı";"Hanehalkı sayısı";"2014";"113128";"";"";"";"";""
"Türkiye";"Yıllık";"Adrese Dayalı Nüfus Kayıt Sistemi";"Kütahya";"Tek Çekirdek Aileden Oluşan Hanehalkı";"Hanehalkı sayısı";"2015";"114240";"";"";"";"";""
"Türkiye";"Yıllık";"Adrese Dayalı Nüfus Kayıt Sistemi";"Kütahya";"Tek Çekirdek Aileden Oluşan Hanehalkı";"Hanehalkı sayısı";"2016";"115199";"";"";"";"";""
"Türkiye";"Yıllık";"Adrese Dayalı Nüfus Kayıt Sistemi";"Kütahya";"Tek Çekirdek Aileden Oluşan Hanehalkı";"Hanehalkı sayısı";"2017";"116012";"";"";"";"";""
"Türkiye";"Yıllık";"Adrese Dayalı Nüfus Kayıt Sistemi";"Kütahya";"Tek Çekirdek Aileden Oluşan Hanehalkı";"Hanehalkı sayısı";"2018";"116639";"";"";"";"";""
"Türkiye";"Yıllık";"Adrese Dayalı Nüfus Kayıt Sistemi";"Kütahya";"Tek Çekirdek Aileden Oluşan Hanehalkı";"Hanehalkı sayısı";"2019";"118236";"";"";"";"";""
"Türkiye";"Yıllık";"Adrese Dayalı Nüfus Kayıt Sistemi";"Kütahya";"Tek Çekirdek Aileden Oluşan Hanehalkı";"Hanehalkı sayısı";"2020";"119174";"";"";"";"";""
"Türkiye";"Yıllık";"Adrese Dayalı Nüfus Kayıt Sistemi";"Kütahya";"Tek Çekirdek Aileden Oluşan Hanehalkı";"Hanehalkı sayısı";"2021";"120039";"";"";"";"";""
"Türkiye";"Yıllık";"Adrese Dayalı Nüfus Kayıt Sistemi";"Kütahya";"Tek Çekirdek Aileden Oluşan Hanehalkı";"Hanehalkı sayısı";"2022";"122008";"";"";"";"";""
"Türkiye";"Yıllık";"Adrese Dayalı Nüfus Kayıt Sistemi";"Kütahya";"Tek Çekirdek Aileden Oluşan Hanehalkı";"Hanehalkı sayısı";"2023";"121307";"";"";"";"";""
"Türkiye";"Yıllık";"Adrese Dayalı Nüfus Kayıt Sistemi";"Kütahya";"Tek Çekirdek Aileden Oluşan Hanehalkı";"Hanehalkı sayısı";"2024";"121120";"";"";"";"";""
"Türkiye";"Yıllık";"Adrese Dayalı Nüfus Kayıt Sistemi";"Kütahya";"Tek Çekirdek Aileden Oluşan Hanehalkı";"Hanehalkı sayısı";"2025";"121124";"";"";"";"";""
"Türkiye";"Yıllık";"Adrese Dayalı Nüfus Kayıt Sistemi";"Kütahya";"En Az Bir Çekirdek Aile Ve Diğer Kişilerden Oluşan Hanehalkı";"Hanehalkı sayısı";"2014";"30275";"";"";"";"";""
"Türkiye";"Yıllık";"Adrese Dayalı Nüfus Kayıt Sistemi";"Kütahya";"En Az Bir Çekirdek Aile Ve Diğer Kişilerden Oluşan Hanehalkı";"Hanehalkı sayısı";"2015";"29983";"";"";"";"";""
"Türkiye";"Yıllık";"Adrese Dayalı Nüfus Kayıt Sistemi";"Kütahya";"En Az Bir Çekirdek Aile Ve Diğer Kişilerden Oluşan Hanehalkı";"Hanehalkı sayısı";"2016";"29568";"";"";"";"";""
"Türkiye";"Yıllık";"Adrese Dayalı Nüfus Kayıt Sistemi";"Kütahya";"En Az Bir Çekirdek Aile Ve Diğer Kişilerden Oluşan Hanehalkı";"Hanehalkı sayısı";"2017";"29159";"";"";"";"";""
"Türkiye";"Yıllık";"Adrese Dayalı Nüfus Kayıt Sistemi";"Kütahya";"En Az Bir Çekirdek Aile Ve Diğer Kişilerden Oluşan Hanehalkı";"Hanehalkı sayısı";"2018";"29162";"";"";"";"";""
"Türkiye";"Yıllık";"Adrese Dayalı Nüfus Kayıt Sistemi";"Kütahya";"En Az Bir Çekirdek Aile Ve Diğer Kişilerden Oluşan Hanehalkı";"Hanehalkı sayısı";"2019";"27964";"";"";"";"";""
"Türkiye";"Yıllık";"Adrese Dayalı Nüfus Kayıt Sistemi";"Kütahya";"En Az Bir Çekirdek Aile Ve Diğer Kişilerden Oluşan Hanehalkı";"Hanehalkı sayısı";"2020";"27100";"";"";"";"";""
"Türkiye";"Yıllık";"Adrese Dayalı Nüfus Kayıt Sistemi";"Kütahya";"En Az Bir Çekirdek Aile Ve Diğer Kişilerden Oluşan Hanehalkı";"Hanehalkı sayısı";"2021";"26154";"";"";"";"";""
"Türkiye";"Yıllık";"Adrese Dayalı Nüfus Kayıt Sistemi";"Kütahya";"En Az Bir Çekirdek Aile Ve Diğer Kişilerden Oluşan Hanehalkı";"Hanehalkı sayısı";"2022";"25132";"";"";"";"";""
"Türkiye";"Yıllık";"Adrese Dayalı Nüfus Kayıt Sistemi";"Kütahya";"En Az Bir Çekirdek Aile Ve Diğer Kişilerden Oluşan Hanehalkı";"Hanehalkı sayısı";"2023";"26349";"";"";"";"";""
"Türkiye";"Yıllık";"Adrese Dayalı Nüfus Kayıt Sistemi";"Kütahya";"En Az Bir Çekirdek Aile Ve Diğer Kişilerden Oluşan Hanehalkı";"Hanehalkı sayısı";"2024";"26281";"";"";"";"";""
"Türkiye";"Yıllık";"Adrese Dayalı Nüfus Kayıt Sistemi";"Kütahya";"En Az Bir Çekirdek Aile Ve Diğer Kişilerden Oluşan Hanehalkı";"Hanehalkı sayısı";"2025";"26414";"";"";"";"";""
"Türkiye";"Yıllık";"Adrese Dayalı Nüfus Kayıt Sistemi";"Kütahya";"Çekirdek Aile Bulunmayan Birden Fazla Kişiden Oluşan Hanehalkı";"Hanehalkı sayısı";"2014";"2811";"";"";"";"";""
"Türkiye";"Yıllık";"Adrese Dayalı Nüfus Kayıt Sistemi";"Kütahya";"Çekirdek Aile Bulunmayan Birden Fazla Kişiden Oluşan Hanehalkı";"Hanehalkı sayısı";"2015";"3058";"";"";"";"";""
"Türkiye";"Yıllık";"Adrese Dayalı Nüfus Kayıt Sistemi";"Kütahya";"Çekirdek Aile Bulunmayan Birden Fazla Kişiden Oluşan Hanehalkı";"Hanehalkı sayısı";"2016";"3312";"";"";"";"";""
"Türkiye";"Yıllık";"Adrese Dayalı Nüfus Kayıt Sistemi";"Kütahya";"Çekirdek Aile Bulunmayan Birden Fazla Kişiden Oluşan Hanehalkı";"Hanehalkı sayısı";"2017";"3541";"";"";"";"";""
"Türkiye";"Yıllık";"Adrese Dayalı Nüfus Kayıt Sistemi";"Kütahya";"Çekirdek Aile Bulunmayan Birden Fazla Kişiden Oluşan Hanehalkı";"Hanehalkı sayısı";"2018";"3692";"";"";"";"";""
"Türkiye";"Yıllık";"Adrese Dayalı Nüfus Kayıt Sistemi";"Kütahya";"Çekirdek Aile Bulunmayan Birden Fazla Kişiden Oluşan Hanehalkı";"Hanehalkı sayısı";"2019";"4045";"";"";"";"";""
"Türkiye";"Yıllık";"Adrese Dayalı Nüfus Kayıt Sistemi";"Kütahya";"Çekirdek Aile Bulunmayan Birden Fazla Kişiden Oluşan Hanehalkı";"Hanehalkı sayısı";"2020";"3994";"";"";"";"";""
"Türkiye";"Yıllık";"Adrese Dayalı Nüfus Kayıt Sistemi";"Kütahya";"Çekirdek Aile Bulunmayan Birden Fazla Kişiden Oluşan Hanehalkı";"Hanehalkı sayısı";"2021";"4382";"";"";"";"";""
"Türkiye";"Yıllık";"Adrese Dayalı Nüfus Kayıt Sistemi";"Kütahya";"Çekirdek Aile Bulunmayan Birden Fazla Kişiden Oluşan Hanehalkı";"Hanehalkı sayısı";"2022";"4582";"";"";"";"";""
"Türkiye";"Yıllık";"Adrese Dayalı Nüfus Kayıt Sistemi";"Kütahya";"Çekirdek Aile Bulunmayan Birden Fazla Kişiden Oluşan Hanehalkı";"Hanehalkı sayısı";"2023";"4561";"";"";"";"";""
"Türkiye";"Yıllık";"Adrese Dayalı Nüfus Kayıt Sistemi";"Kütahya";"Çekirdek Aile Bulunmayan Birden Fazla Kişiden Oluşan Hanehalkı";"Hanehalkı sayısı";"2024";"4194";"";"";"";"";""
"Türkiye";"Yıllık";"Adrese Dayalı Nüfus Kayıt Sistemi";"Kütahya";"Çekirdek Aile Bulunmayan Birden Fazla Kişiden Oluşan Hanehalkı";"Hanehalkı sayısı";"2025";"4402";"";"";"";"";""
"Türkiye";"Yıllık";"Adrese Dayalı Nüfus Kayıt Sistemi";"Kütahya";"Toplam";"Hanehalkı sayısı";"2014";"174982";"";"";"";"";""
"Türkiye";"Yıllık";"Adrese Dayalı Nüfus Kayıt Sistemi";"Kütahya";"Toplam";"Hanehalkı sayısı";"2015";"177471";"";"";"";"";""
"Türkiye";"Yıllık";"Adrese Dayalı Nüfus Kayıt Sistemi";"Kütahya";"Toplam";"Hanehalkı sayısı";"2016";"179924";"";"";"";"";""
"Türkiye";"Yıllık";"Adrese Dayalı Nüfus Kayıt Sistemi";"Kütahya";"Toplam";"Hanehalkı sayısı";"2017";"181660";"";"";"";"";""
"Türkiye";"Yıllık";"Adrese Dayalı Nüfus Kayıt Sistemi";"Kütahya";"Toplam";"Hanehalkı sayısı";"2018";"184030";"";"";"";"";""
"Türkiye";"Yıllık";"Adrese Dayalı Nüfus Kayıt Sistemi";"Kütahya";"Toplam";"Hanehalkı sayısı";"2019";"187351";"";"";"";"";""
"Türkiye";"Yıllık";"Adrese Dayalı Nüfus Kayıt Sistemi";"Kütahya";"Toplam";"Hanehalkı sayısı";"2020";"189584";"";"";"";"";""
"Türkiye";"Yıllık";"Adrese Dayalı Nüfus Kayıt Sistemi";"Kütahya";"Toplam";"Hanehalkı sayısı";"2021";"192678";"";"";"";"";""
"Türkiye";"Yıllık";"Adrese Dayalı Nüfus Kayıt Sistemi";"Kütahya";"Toplam";"Hanehalkı sayısı";"2022";"196341";"";"";"";"";""
"Türkiye";"Yıllık";"Adrese Dayalı Nüfus Kayıt Sistemi";"Kütahya";"Toplam";"Hanehalkı sayısı";"2023";"197052";"";"";"";"";""
"Türkiye";"Yıllık";"Adrese Dayalı Nüfus Kayıt Sistemi";"Kütahya";"Toplam";"Hanehalkı sayısı";"2024";"197537";"";"";"";"";""
"Türkiye";"Yıllık";"Adrese Dayalı Nüfus Kayıt Sistemi";"Kütahya";"Toplam";"Hanehalkı sayısı";"2025";"199423";"";"";"";"";""
"Türkiye";"Yıllık";"Adrese Dayalı Nüfus Kayıt Sistemi";"Manisa";"Tek Kişilik Hanehalkı";"Hanehalkı sayısı";"2014";"59381";"";"";"";"";""
"Türkiye";"Yıllık";"Adrese Dayalı Nüfus Kayıt Sistemi";"Manisa";"Tek Kişilik Hanehalkı";"Hanehalkı sayısı";"2015";"62811";"";"";"";"";""
"Türkiye";"Yıllık";"Adrese Dayalı Nüfus Kayıt Sistemi";"Manisa";"Tek Kişilik Hanehalkı";"Hanehalkı sayısı";"2016";"66135";"";"";"";"";""
"Türkiye";"Yıllık";"Adrese Dayalı Nüfus Kayıt Sistemi";"Manisa";"Tek Kişilik Hanehalkı";"Hanehalkı sayısı";"2017";"69008";"";"";"";"";""
"Türkiye";"Yıllık";"Adrese Dayalı Nüfus Kayıt Sistemi";"Manisa";"Tek Kişilik Hanehalkı";"Hanehalkı sayısı";"2018";"72172";"";"";"";"";""
"Türkiye";"Yıllık";"Adrese Dayalı Nüfus Kayıt Sistemi";"Manisa";"Tek Kişilik Hanehalkı";"Hanehalkı sayısı";"2019";"76728";"";"";"";"";""
"Türkiye";"Yıllık";"Adrese Dayalı Nüfus Kayıt Sistemi";"Manisa";"Tek Kişilik Hanehalkı";"Hanehalkı sayısı";"2020";"82844";"";"";"";"";""
"Türkiye";"Yıllık";"Adrese Dayalı Nüfus Kayıt Sistemi";"Manisa";"Tek Kişilik Hanehalkı";"Hanehalkı sayısı";"2021";"88684";"";"";"";"";""
"Türkiye";"Yıllık";"Adrese Dayalı Nüfus Kayıt Sistemi";"Manisa";"Tek Kişilik Hanehalkı";"Hanehalkı sayısı";"2022";"93227";"";"";"";"";""
"Türkiye";"Yıllık";"Adrese Dayalı Nüfus Kayıt Sistemi";"Manisa";"Tek Kişilik Hanehalkı";"Hanehalkı sayısı";"2023";"94957";"";"";"";"";""
"Türkiye";"Yıllık";"Adrese Dayalı Nüfus Kayıt Sistemi";"Manisa";"Tek Kişilik Hanehalkı";"Hanehalkı sayısı";"2024";"96282";"";"";"";"";""
"Türkiye";"Yıllık";"Adrese Dayalı Nüfus Kayıt Sistemi";"Manisa";"Tek Kişilik Hanehalkı";"Hanehalkı sayısı";"2025";"99083";"";"";"";"";""
"Türkiye";"Yıllık";"Adrese Dayalı Nüfus Kayıt Sistemi";"Manisa";"Tek Çekirdek Aileden Oluşan Hanehalkı";"Hanehalkı sayısı";"2014";"291178";"";"";"";"";""
"Türkiye";"Yıllık";"Adrese Dayalı Nüfus Kayıt Sistemi";"Manisa";"Tek Çekirdek Aileden Oluşan Hanehalkı";"Hanehalkı sayısı";"2015";"293589";"";"";"";"";""
"Türkiye";"Yıllık";"Adrese Dayalı Nüfus Kayıt Sistemi";"Manisa";"Tek Çekirdek Aileden Oluşan Hanehalkı";"Hanehalkı sayısı";"2016";"295094";"";"";"";"";""
"Türkiye";"Yıllık";"Adrese Dayalı Nüfus Kayıt Sistemi";"Manisa";"Tek Çekirdek Aileden Oluşan Hanehalkı";"Hanehalkı sayısı";"2017";"297665";"";"";"";"";""
"Türkiye";"Yıllık";"Adrese Dayalı Nüfus Kayıt Sistemi";"Manisa";"Tek Çekirdek Aileden Oluşan Hanehalkı";"Hanehalkı sayısı";"2018";"300771";"";"";"";"";""
"Türkiye";"Yıllık";"Adrese Dayalı Nüfus Kayıt Sistemi";"Manisa";"Tek Çekirdek Aileden Oluşan Hanehalkı";"Hanehalkı sayısı";"2019";"305973";"";"";"";"";""
"Türkiye";"Yıllık";"Adrese Dayalı Nüfus Kayıt Sistemi";"Manisa";"Tek Çekirdek Aileden Oluşan Hanehalkı";"Hanehalkı sayısı";"2020";"313020";"";"";"";"";""
"Türkiye";"Yıllık";"Adrese Dayalı Nüfus Kayıt Sistemi";"Manisa";"Tek Çekirdek Aileden Oluşan Hanehalkı";"Hanehalkı sayısı";"2021";"316545";"";"";"";"";""
"Türkiye";"Yıllık";"Adrese Dayalı Nüfus Kayıt Sistemi";"Manisa";"Tek Çekirdek Aileden Oluşan Hanehalkı";"Hanehalkı sayısı";"2022";"322599";"";"";"";"";""
"Türkiye";"Yıllık";"Adrese Dayalı Nüfus Kayıt Sistemi";"Manisa";"Tek Çekirdek Aileden Oluşan Hanehalkı";"Hanehalkı sayısı";"2023";"322534";"";"";"";"";""
"Türkiye";"Yıllık";"Adrese Dayalı Nüfus Kayıt Sistemi";"Manisa";"Tek Çekirdek Aileden Oluşan Hanehalkı";"Hanehalkı sayısı";"2024";"321046";"";"";"";"";""
"Türkiye";"Yıllık";"Adrese Dayalı Nüfus Kayıt Sistemi";"Manisa";"Tek Çekirdek Aileden Oluşan Hanehalkı";"Hanehalkı sayısı";"2025";"319857";"";"";"";"";""
"Türkiye";"Yıllık";"Adrese Dayalı Nüfus Kayıt Sistemi";"Manisa";"En Az Bir Çekirdek Aile Ve Diğer Kişilerden Oluşan Hanehalkı";"Hanehalkı sayısı";"2014";"61395";"";"";"";"";""
"Türkiye";"Yıllık";"Adrese Dayalı Nüfus Kayıt Sistemi";"Manisa";"En Az Bir Çekirdek Aile Ve Diğer Kişilerden Oluşan Hanehalkı";"Hanehalkı sayısı";"2015";"63172";"";"";"";"";""
"Türkiye";"Yıllık";"Adrese Dayalı Nüfus Kayıt Sistemi";"Manisa";"En Az Bir Çekirdek Aile Ve Diğer Kişilerden Oluşan Hanehalkı";"Hanehalkı sayısı";"2016";"64502";"";"";"";"";""
"Türkiye";"Yıllık";"Adrese Dayalı Nüfus Kayıt Sistemi";"Manisa";"En Az Bir Çekirdek Aile Ve Diğer Kişilerden Oluşan Hanehalkı";"Hanehalkı sayısı";"2017";"65332";"";"";"";"";""
"Türkiye";"Yıllık";"Adrese Dayalı Nüfus Kayıt Sistemi";"Manisa";"En Az Bir Çekirdek Aile Ve Diğer Kişilerden Oluşan Hanehalkı";"Hanehalkı sayısı";"2018";"65671";"";"";"";"";""
"Türkiye";"Yıllık";"Adrese Dayalı Nüfus Kayıt Sistemi";"Manisa";"En Az Bir Çekirdek Aile Ve Diğer Kişilerden Oluşan Hanehalkı";"Hanehalkı sayısı";"2019";"65200";"";"";"";"";""
"Türkiye";"Yıllık";"Adrese Dayalı Nüfus Kayıt Sistemi";"Manisa";"En Az Bir Çekirdek Aile Ve Diğer Kişilerden Oluşan Hanehalkı";"Hanehalkı sayısı";"2020";"62125";"";"";"";"";""
"Türkiye";"Yıllık";"Adrese Dayalı Nüfus Kayıt Sistemi";"Manisa";"En Az Bir Çekirdek Aile Ve Diğer Kişilerden Oluşan Hanehalkı";"Hanehalkı sayısı";"2021";"61652";"";"";"";"";""
"Türkiye";"Yıllık";"Adrese Dayalı Nüfus Kayıt Sistemi";"Manisa";"En Az Bir Çekirdek Aile Ve Diğer Kişilerden Oluşan Hanehalkı";"Hanehalkı sayısı";"2022";"60508";"";"";"";"";""
"Türkiye";"Yıllık";"Adrese Dayalı Nüfus Kayıt Sistemi";"Manisa";"En Az Bir Çekirdek Aile Ve Diğer Kişilerden Oluşan Hanehalkı";"Hanehalkı sayısı";"2023";"62976";"";"";"";"";""
"Türkiye";"Yıllık";"Adrese Dayalı Nüfus Kayıt Sistemi";"Manisa";"En Az Bir Çekirdek Aile Ve Diğer Kişilerden Oluşan Hanehalkı";"Hanehalkı sayısı";"2024";"64319";"";"";"";"";""
"Türkiye";"Yıllık";"Adrese Dayalı Nüfus Kayıt Sistemi";"Manisa";"En Az Bir Çekirdek Aile Ve Diğer Kişilerden Oluşan Hanehalkı";"Hanehalkı sayısı";"2025";"66050";"";"";"";"";""
"Türkiye";"Yıllık";"Adrese Dayalı Nüfus Kayıt Sistemi";"Manisa";"Çekirdek Aile Bulunmayan Birden Fazla Kişiden Oluşan Hanehalkı";"Hanehalkı sayısı";"2014";"5151";"";"";"";"";""
"Türkiye";"Yıllık";"Adrese Dayalı Nüfus Kayıt Sistemi";"Manisa";"Çekirdek Aile Bulunmayan Birden Fazla Kişiden Oluşan Hanehalkı";"Hanehalkı sayısı";"2015";"5594";"";"";"";"";""
"Türkiye";"Yıllık";"Adrese Dayalı Nüfus Kayıt Sistemi";"Manisa";"Çekirdek Aile Bulunmayan Birden Fazla Kişiden Oluşan Hanehalkı";"Hanehalkı sayısı";"2016";"6214";"";"";"";"";""
"Türkiye";"Yıllık";"Adrese Dayalı Nüfus Kayıt Sistemi";"Manisa";"Çekirdek Aile Bulunmayan Birden Fazla Kişiden Oluşan Hanehalkı";"Hanehalkı sayısı";"2017";"6716";"";"";"";"";""
"Türkiye";"Yıllık";"Adrese Dayalı Nüfus Kayıt Sistemi";"Manisa";"Çekirdek Aile Bulunmayan Birden Fazla Kişiden Oluşan Hanehalkı";"Hanehalkı sayısı";"2018";"7223";"";"";"";"";""
"Türkiye";"Yıllık";"Adrese Dayalı Nüfus Kayıt Sistemi";"Manisa";"Çekirdek Aile Bulunmayan Birden Fazla Kişiden Oluşan Hanehalkı";"Hanehalkı sayısı";"2019";"7627";"";"";"";"";""
"Türkiye";"Yıllık";"Adrese Dayalı Nüfus Kayıt Sistemi";"Manisa";"Çekirdek Aile Bulunmayan Birden Fazla Kişiden Oluşan Hanehalkı";"Hanehalkı sayısı";"2020";"7701";"";"";"";"";""
"Türkiye";"Yıllık";"Adrese Dayalı Nüfus Kayıt Sistemi";"Manisa";"Çekirdek Aile Bulunmayan Birden Fazla Kişiden Oluşan Hanehalkı";"Hanehalkı sayısı";"2021";"8165";"";"";"";"";""
"Türkiye";"Yıllık";"Adrese Dayalı Nüfus Kayıt Sistemi";"Manisa";"Çekirdek Aile Bulunmayan Birden Fazla Kişiden Oluşan Hanehalkı";"Hanehalkı sayısı";"2022";"8656";"";"";"";"";""
"Türkiye";"Yıllık";"Adrese Dayalı Nüfus Kayıt Sistemi";"Manisa";"Çekirdek Aile Bulunmayan Birden Fazla Kişiden Oluşan Hanehalkı";"Hanehalkı sayısı";"2023";"8933";"";"";"";"";""
"Türkiye";"Yıllık";"Adrese Dayalı Nüfus Kayıt Sistemi";"Manisa";"Çekirdek Aile Bulunmayan Birden Fazla Kişiden Oluşan Hanehalkı";"Hanehalkı sayısı";"2024";"9158";"";"";"";"";""
"Türkiye";"Yıllık";"Adrese Dayalı Nüfus Kayıt Sistemi";"Manisa";"Çekirdek Aile Bulunmayan Birden Fazla Kişiden Oluşan Hanehalkı";"Hanehalkı sayısı";"2025";"9644";"";"";"";"";""
"Türkiye";"Yıllık";"Adrese Dayalı Nüfus Kayıt Sistemi";"Manisa";"Toplam";"Hanehalkı sayısı";"2014";"417105";"";"";"";"";""
"Türkiye";"Yıllık";"Adrese Dayalı Nüfus Kayıt Sistemi";"Manisa";"Toplam";"Hanehalkı sayısı";"2015";"425166";"";"";"";"";""
"Türkiye";"Yıllık";"Adrese Dayalı Nüfus Kayıt Sistemi";"Manisa";"Toplam";"Hanehalkı sayısı";"2016";"431945";"";"";"";"";""
"Türkiye";"Yıllık";"Adrese Dayalı Nüfus Kayıt Sistemi";"Manisa";"Toplam";"Hanehalkı sayısı";"2017";"438721";"";"";"";"";""
"Türkiye";"Yıllık";"Adrese Dayalı Nüfus Kayıt Sistemi";"Manisa";"Toplam";"Hanehalkı sayısı";"2018";"445837";"";"";"";"";""
"Türkiye";"Yıllık";"Adrese Dayalı Nüfus Kayıt Sistemi";"Manisa";"Toplam";"Hanehalkı sayısı";"2019";"455528";"";"";"";"";""
"Türkiye";"Yıllık";"Adrese Dayalı Nüfus Kayıt Sistemi";"Manisa";"Toplam";"Hanehalkı sayısı";"2020";"465690";"";"";"";"";""
"Türkiye";"Yıllık";"Adrese Dayalı Nüfus Kayıt Sistemi";"Manisa";"Toplam";"Hanehalkı sayısı";"2021";"475046";"";"";"";"";""
"Türkiye";"Yıllık";"Adrese Dayalı Nüfus Kayıt Sistemi";"Manisa";"Toplam";"Hanehalkı sayısı";"2022";"484990";"";"";"";"";""
"Türkiye";"Yıllık";"Adrese Dayalı Nüfus Kayıt Sistemi";"Manisa";"Toplam";"Hanehalkı sayısı";"2023";"489400";"";"";"";"";""
"Türkiye";"Yıllık";"Adrese Dayalı Nüfus Kayıt Sistemi";"Manisa";"Toplam";"Hanehalkı sayısı";"2024";"490805";"";"";"";"";""
"Türkiye";"Yıllık";"Adrese Dayalı Nüfus Kayıt Sistemi";"Manisa";"Toplam";"Hanehalkı sayısı";"2025";"494634";"";"";"";"";""
"Türkiye";"Yıllık";"Adrese Dayalı Nüfus Kayıt Sistemi";"Uşak";"Tek Kişilik Hanehalkı";"Hanehalkı sayısı";"2014";"16195";"";"";"";"";""
"Türkiye";"Yıllık";"Adrese Dayalı Nüfus Kayıt Sistemi";"Uşak";"Tek Kişilik Hanehalkı";"Hanehalkı sayısı";"2015";"17039";"";"";"";"";""
"Türkiye";"Yıllık";"Adrese Dayalı Nüfus Kayıt Sistemi";"Uşak";"Tek Kişilik Hanehalkı";"Hanehalkı sayısı";"2016";"17953";"";"";"";"";""
"Türkiye";"Yıllık";"Adrese Dayalı Nüfus Kayıt Sistemi";"Uşak";"Tek Kişilik Hanehalkı";"Hanehalkı sayısı";"2017";"19054";"";"";"";"";""
"Türkiye";"Yıllık";"Adrese Dayalı Nüfus Kayıt Sistemi";"Uşak";"Tek Kişilik Hanehalkı";"Hanehalkı sayısı";"2018";"20305";"";"";"";"";""
"Türkiye";"Yıllık";"Adrese Dayalı Nüfus Kayıt Sistemi";"Uşak";"Tek Kişilik Hanehalkı";"Hanehalkı sayısı";"2019";"21718";"";"";"";"";""
"Türkiye";"Yıllık";"Adrese Dayalı Nüfus Kayıt Sistemi";"Uşak";"Tek Kişilik Hanehalkı";"Hanehalkı sayısı";"2020";"23643";"";"";"";"";""
"Türkiye";"Yıllık";"Adrese Dayalı Nüfus Kayıt Sistemi";"Uşak";"Tek Kişilik Hanehalkı";"Hanehalkı sayısı";"2021";"25380";"";"";"";"";""
"Türkiye";"Yıllık";"Adrese Dayalı Nüfus Kayıt Sistemi";"Uşak";"Tek Kişilik Hanehalkı";"Hanehalkı sayısı";"2022";"26721";"";"";"";"";""
"Türkiye";"Yıllık";"Adrese Dayalı Nüfus Kayıt Sistemi";"Uşak";"Tek Kişilik Hanehalkı";"Hanehalkı sayısı";"2023";"27324";"";"";"";"";""
"Türkiye";"Yıllık";"Adrese Dayalı Nüfus Kayıt Sistemi";"Uşak";"Tek Kişilik Hanehalkı";"Hanehalkı sayısı";"2024";"28126";"";"";"";"";""
"Türkiye";"Yıllık";"Adrese Dayalı Nüfus Kayıt Sistemi";"Uşak";"Tek Kişilik Hanehalkı";"Hanehalkı sayısı";"2025";"28993";"";"";"";"";""
"Türkiye";"Yıllık";"Adrese Dayalı Nüfus Kayıt Sistemi";"Uşak";"Tek Çekirdek Aileden Oluşan Hanehalkı";"Hanehalkı sayısı";"2014";"72272";"";"";"";"";""
"Türkiye";"Yıllık";"Adrese Dayalı Nüfus Kayıt Sistemi";"Uşak";"Tek Çekirdek Aileden Oluşan Hanehalkı";"Hanehalkı sayısı";"2015";"73037";"";"";"";"";""
"Türkiye";"Yıllık";"Adrese Dayalı Nüfus Kayıt Sistemi";"Uşak";"Tek Çekirdek Aileden Oluşan Hanehalkı";"Hanehalkı sayısı";"2016";"73747";"";"";"";"";""
"Türkiye";"Yıllık";"Adrese Dayalı Nüfus Kayıt Sistemi";"Uşak";"Tek Çekirdek Aileden Oluşan Hanehalkı";"Hanehalkı sayısı";"2017";"74504";"";"";"";"";""
"Türkiye";"Yıllık";"Adrese Dayalı Nüfus Kayıt Sistemi";"Uşak";"Tek Çekirdek Aileden Oluşan Hanehalkı";"Hanehalkı sayısı";"2018";"76105";"";"";"";"";""
"Türkiye";"Yıllık";"Adrese Dayalı Nüfus Kayıt Sistemi";"Uşak";"Tek Çekirdek Aileden Oluşan Hanehalkı";"Hanehalkı sayısı";"2019";"77481";"";"";"";"";""
"Türkiye";"Yıllık";"Adrese Dayalı Nüfus Kayıt Sistemi";"Uşak";"Tek Çekirdek Aileden Oluşan Hanehalkı";"Hanehalkı sayısı";"2020";"79178";"";"";"";"";""
"Türkiye";"Yıllık";"Adrese Dayalı Nüfus Kayıt Sistemi";"Uşak";"Tek Çekirdek Aileden Oluşan Hanehalkı";"Hanehalkı sayısı";"2021";"80649";"";"";"";"";""
"Türkiye";"Yıllık";"Adrese Dayalı Nüfus Kayıt Sistemi";"Uşak";"Tek Çekirdek Aileden Oluşan Hanehalkı";"Hanehalkı sayısı";"2022";"82261";"";"";"";"";""
"Türkiye";"Yıllık";"Adrese Dayalı Nüfus Kayıt Sistemi";"Uşak";"Tek Çekirdek Aileden Oluşan Hanehalkı";"Hanehalkı sayısı";"2023";"82659";"";"";"";"";""
"Türkiye";"Yıllık";"Adrese Dayalı Nüfus Kayıt Sistemi";"Uşak";"Tek Çekirdek Aileden Oluşan Hanehalkı";"Hanehalkı sayısı";"2024";"82659";"";"";"";"";""
"Türkiye";"Yıllık";"Adrese Dayalı Nüfus Kayıt Sistemi";"Uşak";"Tek Çekirdek Aileden Oluşan Hanehalkı";"Hanehalkı sayısı";"2025";"82396";"";"";"";"";""
"Türkiye";"Yıllık";"Adrese Dayalı Nüfus Kayıt Sistemi";"Uşak";"En Az Bir Çekirdek Aile Ve Diğer Kişilerden Oluşan Hanehalkı";"Hanehalkı sayısı";"2014";"17488";"";"";"";"";""
"Türkiye";"Yıllık";"Adrese Dayalı Nüfus Kayıt Sistemi";"Uşak";"En Az Bir Çekirdek Aile Ve Diğer Kişilerden Oluşan Hanehalkı";"Hanehalkı sayısı";"2015";"17678";"";"";"";"";""
"Türkiye";"Yıllık";"Adrese Dayalı Nüfus Kayıt Sistemi";"Uşak";"En Az Bir Çekirdek Aile Ve Diğer Kişilerden Oluşan Hanehalkı";"Hanehalkı sayısı";"2016";"17852";"";"";"";"";""
"Türkiye";"Yıllık";"Adrese Dayalı Nüfus Kayıt Sistemi";"Uşak";"En Az Bir Çekirdek Aile Ve Diğer Kişilerden Oluşan Hanehalkı";"Hanehalkı sayısı";"2017";"17905";"";"";"";"";""
"Türkiye";"Yıllık";"Adrese Dayalı Nüfus Kayıt Sistemi";"Uşak";"En Az Bir Çekirdek Aile Ve Diğer Kişilerden Oluşan Hanehalkı";"Hanehalkı sayısı";"2018";"17325";"";"";"";"";""
"Türkiye";"Yıllık";"Adrese Dayalı Nüfus Kayıt Sistemi";"Uşak";"En Az Bir Çekirdek Aile Ve Diğer Kişilerden Oluşan Hanehalkı";"Hanehalkı sayısı";"2019";"16864";"";"";"";"";""
"Türkiye";"Yıllık";"Adrese Dayalı Nüfus Kayıt Sistemi";"Uşak";"En Az Bir Çekirdek Aile Ve Diğer Kişilerden Oluşan Hanehalkı";"Hanehalkı sayısı";"2020";"16123";"";"";"";"";""
"Türkiye";"Yıllık";"Adrese Dayalı Nüfus Kayıt Sistemi";"Uşak";"En Az Bir Çekirdek Aile Ve Diğer Kişilerden Oluşan Hanehalkı";"Hanehalkı sayısı";"2021";"15760";"";"";"";"";""
"Türkiye";"Yıllık";"Adrese Dayalı Nüfus Kayıt Sistemi";"Uşak";"En Az Bir Çekirdek Aile Ve Diğer Kişilerden Oluşan Hanehalkı";"Hanehalkı sayısı";"2022";"15413";"";"";"";"";""
"Türkiye";"Yıllık";"Adrese Dayalı Nüfus Kayıt Sistemi";"Uşak";"En Az Bir Çekirdek Aile Ve Diğer Kişilerden Oluşan Hanehalkı";"Hanehalkı sayısı";"2023";"15795";"";"";"";"";""
"Türkiye";"Yıllık";"Adrese Dayalı Nüfus Kayıt Sistemi";"Uşak";"En Az Bir Çekirdek Aile Ve Diğer Kişilerden Oluşan Hanehalkı";"Hanehalkı sayısı";"2024";"16019";"";"";"";"";""
"Türkiye";"Yıllık";"Adrese Dayalı Nüfus Kayıt Sistemi";"Uşak";"En Az Bir Çekirdek Aile Ve Diğer Kişilerden Oluşan Hanehalkı";"Hanehalkı sayısı";"2025";"16432";"";"";"";"";""
"Türkiye";"Yıllık";"Adrese Dayalı Nüfus Kayıt Sistemi";"Uşak";"Çekirdek Aile Bulunmayan Birden Fazla Kişiden Oluşan Hanehalkı";"Hanehalkı sayısı";"2014";"1666";"";"";"";"";""
"Türkiye";"Yıllık";"Adrese Dayalı Nüfus Kayıt Sistemi";"Uşak";"Çekirdek Aile Bulunmayan Birden Fazla Kişiden Oluşan Hanehalkı";"Hanehalkı sayısı";"2015";"2048";"";"";"";"";""
"Türkiye";"Yıllık";"Adrese Dayalı Nüfus Kayıt Sistemi";"Uşak";"Çekirdek Aile Bulunmayan Birden Fazla Kişiden Oluşan Hanehalkı";"Hanehalkı sayısı";"2016";"2632";"";"";"";"";""
"Türkiye";"Yıllık";"Adrese Dayalı Nüfus Kayıt Sistemi";"Uşak";"Çekirdek Aile Bulunmayan Birden Fazla Kişiden Oluşan Hanehalkı";"Hanehalkı sayısı";"2017";"2923";"";"";"";"";""
"Türkiye";"Yıllık";"Adrese Dayalı Nüfus Kayıt Sistemi";"Uşak";"Çekirdek Aile Bulunmayan Birden Fazla Kişiden Oluşan Hanehalkı";"Hanehalkı sayısı";"2018";"3026";"";"";"";"";""
"Türkiye";"Yıllık";"Adrese Dayalı Nüfus Kayıt Sistemi";"Uşak";"Çekirdek Aile Bulunmayan Birden Fazla Kişiden Oluşan Hanehalkı";"Hanehalkı sayısı";"2019";"3121";"";"";"";"";""
"Türkiye";"Yıllık";"Adrese Dayalı Nüfus Kayıt Sistemi";"Uşak";"Çekirdek Aile Bulunmayan Birden Fazla Kişiden Oluşan Hanehalkı";"Hanehalkı sayısı";"2020";"3048";"";"";"";"";""
"Türkiye";"Yıllık";"Adrese Dayalı Nüfus Kayıt Sistemi";"Uşak";"Çekirdek Aile Bulunmayan Birden Fazla Kişiden Oluşan Hanehalkı";"Hanehalkı sayısı";"2021";"3067";"";"";"";"";""
"Türkiye";"Yıllık";"Adrese Dayalı Nüfus Kayıt Sistemi";"Uşak";"Çekirdek Aile Bulunmayan Birden Fazla Kişiden Oluşan Hanehalkı";"Hanehalkı sayısı";"2022";"3182";"";"";"";"";""
"Türkiye";"Yıllık";"Adrese Dayalı Nüfus Kayıt Sistemi";"Uşak";"Çekirdek Aile Bulunmayan Birden Fazla Kişiden Oluşan Hanehalkı";"Hanehalkı sayısı";"2023";"3191";"";"";"";"";""
"Türkiye";"Yıllık";"Adrese Dayalı Nüfus Kayıt Sistemi";"Uşak";"Çekirdek Aile Bulunmayan Birden Fazla Kişiden Oluşan Hanehalkı";"Hanehalkı sayısı";"2024";"2951";"";"";"";"";""
"Türkiye";"Yıllık";"Adrese Dayalı Nüfus Kayıt Sistemi";"Uşak";"Çekirdek Aile Bulunmayan Birden Fazla Kişiden Oluşan Hanehalkı";"Hanehalkı sayısı";"2025";"2976";"";"";"";"";""
"Türkiye";"Yıllık";"Adrese Dayalı Nüfus Kayıt Sistemi";"Uşak";"Toplam";"Hanehalkı sayısı";"2014";"107621";"";"";"";"";""
"Türkiye";"Yıllık";"Adrese Dayalı Nüfus Kayıt Sistemi";"Uşak";"Toplam";"Hanehalkı sayısı";"2015";"109802";"";"";"";"";""
"Türkiye";"Yıllık";"Adrese Dayalı Nüfus Kayıt Sistemi";"Uşak";"Toplam";"Hanehalkı sayısı";"2016";"112184";"";"";"";"";""
"Türkiye";"Yıllık";"Adrese Dayalı Nüfus Kayıt Sistemi";"Uşak";"Toplam";"Hanehalkı sayısı";"2017";"114386";"";"";"";"";""
"Türkiye";"Yıllık";"Adrese Dayalı Nüfus Kayıt Sistemi";"Uşak";"Toplam";"Hanehalkı sayısı";"2018";"116761";"";"";"";"";""
"Türkiye";"Yıllık";"Adrese Dayalı Nüfus Kayıt Sistemi";"Uşak";"Toplam";"Hanehalkı sayısı";"2019";"119184";"";"";"";"";""
"Türkiye";"Yıllık";"Adrese Dayalı Nüfus Kayıt Sistemi";"Uşak";"Toplam";"Hanehalkı sayısı";"2020";"121992";"";"";"";"";""
"Türkiye";"Yıllık";"Adrese Dayalı Nüfus Kayıt Sistemi";"Uşak";"Toplam";"Hanehalkı sayısı";"2021";"124856";"";"";"";"";""
"Türkiye";"Yıllık";"Adrese Dayalı Nüfus Kayıt Sistemi";"Uşak";"Toplam";"Hanehalkı sayısı";"2022";"127577";"";"";"";"";""
"Türkiye";"Yıllık";"Adrese Dayalı Nüfus Kayıt Sistemi";"Uşak";"Toplam";"Hanehalkı sayısı";"2023";"128969";"";"";"";"";""
"Türkiye";"Yıllık";"Adrese Dayalı Nüfus Kayıt Sistemi";"Uşak";"Toplam";"Hanehalkı sayısı";"2024";"129755";"";"";"";"";""
"Türkiye";"Yıllık";"Adrese Dayalı Nüfus Kayıt Sistemi";"Uşak";"Toplam";"Hanehalkı sayısı";"2025";"130797";"";"";"";"";""
"Türkiye";"Yıllık";"Adrese Dayalı Nüfus Kayıt Sistemi";"Bilecik";"Tek Kişilik Hanehalkı";"Hanehalkı sayısı";"2014";"10665";"";"";"";"";""
"Türkiye";"Yıllık";"Adrese Dayalı Nüfus Kayıt Sistemi";"Bilecik";"Tek Kişilik Hanehalkı";"Hanehalkı sayısı";"2015";"11212";"";"";"";"";""
"Türkiye";"Yıllık";"Adrese Dayalı Nüfus Kayıt Sistemi";"Bilecik";"Tek Kişilik Hanehalkı";"Hanehalkı sayısı";"2016";"11776";"";"";"";"";""
"Türkiye";"Yıllık";"Adrese Dayalı Nüfus Kayıt Sistemi";"Bilecik";"Tek Kişilik Hanehalkı";"Hanehalkı sayısı";"2017";"12390";"";"";"";"";""
"Türkiye";"Yıllık";"Adrese Dayalı Nüfus Kayıt Sistemi";"Bilecik";"Tek Kişilik Hanehalkı";"Hanehalkı sayısı";"2018";"12840";"";"";"";"";""
"Türkiye";"Yıllık";"Adrese Dayalı Nüfus Kayıt Sistemi";"Bilecik";"Tek Kişilik Hanehalkı";"Hanehalkı sayısı";"2019";"13509";"";"";"";"";""
"Türkiye";"Yıllık";"Adrese Dayalı Nüfus Kayıt Sistemi";"Bilecik";"Tek Kişilik Hanehalkı";"Hanehalkı sayısı";"2020";"14492";"";"";"";"";""
"Türkiye";"Yıllık";"Adrese Dayalı Nüfus Kayıt Sistemi";"Bilecik";"Tek Kişilik Hanehalkı";"Hanehalkı sayısı";"2021";"15551";"";"";"";"";""
"Türkiye";"Yıllık";"Adrese Dayalı Nüfus Kayıt Sistemi";"Bilecik";"Tek Kişilik Hanehalkı";"Hanehalkı sayısı";"2022";"16576";"";"";"";"";""
"Türkiye";"Yıllık";"Adrese Dayalı Nüfus Kayıt Sistemi";"Bilecik";"Tek Kişilik Hanehalkı";"Hanehalkı sayısı";"2023";"16783";"";"";"";"";""
"Türkiye";"Yıllık";"Adrese Dayalı Nüfus Kayıt Sistemi";"Bilecik";"Tek Kişilik Hanehalkı";"Hanehalkı sayısı";"2024";"16894";"";"";"";"";""
"Türkiye";"Yıllık";"Adrese Dayalı Nüfus Kayıt Sistemi";"Bilecik";"Tek Kişilik Hanehalkı";"Hanehalkı sayısı";"2025";"17329";"";"";"";"";""
"Türkiye";"Yıllık";"Adrese Dayalı Nüfus Kayıt Sistemi";"Bilecik";"Tek Çekirdek Aileden Oluşan Hanehalkı";"Hanehalkı sayısı";"2014";"42498";"";"";"";"";""
"Türkiye";"Yıllık";"Adrese Dayalı Nüfus Kayıt Sistemi";"Bilecik";"Tek Çekirdek Aileden Oluşan Hanehalkı";"Hanehalkı sayısı";"2015";"43111";"";"";"";"";""
"Türkiye";"Yıllık";"Adrese Dayalı Nüfus Kayıt Sistemi";"Bilecik";"Tek Çekirdek Aileden Oluşan Hanehalkı";"Hanehalkı sayısı";"2016";"43538";"";"";"";"";""
"Türkiye";"Yıllık";"Adrese Dayalı Nüfus Kayıt Sistemi";"Bilecik";"Tek Çekirdek Aileden Oluşan Hanehalkı";"Hanehalkı sayısı";"2017";"44243";"";"";"";"";""
"Türkiye";"Yıllık";"Adrese Dayalı Nüfus Kayıt Sistemi";"Bilecik";"Tek Çekirdek Aileden Oluşan Hanehalkı";"Hanehalkı sayısı";"2018";"44803";"";"";"";"";""
"Türkiye";"Yıllık";"Adrese Dayalı Nüfus Kayıt Sistemi";"Bilecik";"Tek Çekirdek Aileden Oluşan Hanehalkı";"Hanehalkı sayısı";"2019";"45752";"";"";"";"";""
"Türkiye";"Yıllık";"Adrese Dayalı Nüfus Kayıt Sistemi";"Bilecik";"Tek Çekirdek Aileden Oluşan Hanehalkı";"Hanehalkı sayısı";"2020";"46853";"";"";"";"";""
"Türkiye";"Yıllık";"Adrese Dayalı Nüfus Kayıt Sistemi";"Bilecik";"Tek Çekirdek Aileden Oluşan Hanehalkı";"Hanehalkı sayısı";"2021";"47512";"";"";"";"";""
"Türkiye";"Yıllık";"Adrese Dayalı Nüfus Kayıt Sistemi";"Bilecik";"Tek Çekirdek Aileden Oluşan Hanehalkı";"Hanehalkı sayısı";"2022";"48648";"";"";"";"";""
"Türkiye";"Yıllık";"Adrese Dayalı Nüfus Kayıt Sistemi";"Bilecik";"Tek Çekirdek Aileden Oluşan Hanehalkı";"Hanehalkı sayısı";"2023";"48777";"";"";"";"";""
"Türkiye";"Yıllık";"Adrese Dayalı Nüfus Kayıt Sistemi";"Bilecik";"Tek Çekirdek Aileden Oluşan Hanehalkı";"Hanehalkı sayısı";"2024";"48722";"";"";"";"";""
"Türkiye";"Yıllık";"Adrese Dayalı Nüfus Kayıt Sistemi";"Bilecik";"Tek Çekirdek Aileden Oluşan Hanehalkı";"Hanehalkı sayısı";"2025";"48869";"";"";"";"";""
"Türkiye";"Yıllık";"Adrese Dayalı Nüfus Kayıt Sistemi";"Bilecik";"En Az Bir Çekirdek Aile Ve Diğer Kişilerden Oluşan Hanehalkı";"Hanehalkı sayısı";"2014";"8952";"";"";"";"";""
"Türkiye";"Yıllık";"Adrese Dayalı Nüfus Kayıt Sistemi";"Bilecik";"En Az Bir Çekirdek Aile Ve Diğer Kişilerden Oluşan Hanehalkı";"Hanehalkı sayısı";"2015";"8936";"";"";"";"";""
"Türkiye";"Yıllık";"Adrese Dayalı Nüfus Kayıt Sistemi";"Bilecik";"En Az Bir Çekirdek Aile Ve Diğer Kişilerden Oluşan Hanehalkı";"Hanehalkı sayısı";"2016";"8984";"";"";"";"";""
"Türkiye";"Yıllık";"Adrese Dayalı Nüfus Kayıt Sistemi";"Bilecik";"En Az Bir Çekirdek Aile Ve Diğer Kişilerden Oluşan Hanehalkı";"Hanehalkı sayısı";"2017";"8978";"";"";"";"";""
"Türkiye";"Yıllık";"Adrese Dayalı Nüfus Kayıt Sistemi";"Bilecik";"En Az Bir Çekirdek Aile Ve Diğer Kişilerden Oluşan Hanehalkı";"Hanehalkı sayısı";"2018";"9176";"";"";"";"";""
"Türkiye";"Yıllık";"Adrese Dayalı Nüfus Kayıt Sistemi";"Bilecik";"En Az Bir Çekirdek Aile Ve Diğer Kişilerden Oluşan Hanehalkı";"Hanehalkı sayısı";"2019";"8840";"";"";"";"";""
"Türkiye";"Yıllık";"Adrese Dayalı Nüfus Kayıt Sistemi";"Bilecik";"En Az Bir Çekirdek Aile Ve Diğer Kişilerden Oluşan Hanehalkı";"Hanehalkı sayısı";"2020";"8352";"";"";"";"";""
"Türkiye";"Yıllık";"Adrese Dayalı Nüfus Kayıt Sistemi";"Bilecik";"En Az Bir Çekirdek Aile Ve Diğer Kişilerden Oluşan Hanehalkı";"Hanehalkı sayısı";"2021";"8266";"";"";"";"";""
"Türkiye";"Yıllık";"Adrese Dayalı Nüfus Kayıt Sistemi";"Bilecik";"En Az Bir Çekirdek Aile Ve Diğer Kişilerden Oluşan Hanehalkı";"Hanehalkı sayısı";"2022";"8148";"";"";"";"";""
"Türkiye";"Yıllık";"Adrese Dayalı Nüfus Kayıt Sistemi";"Bilecik";"En Az Bir Çekirdek Aile Ve Diğer Kişilerden Oluşan Hanehalkı";"Hanehalkı sayısı";"2023";"8834";"";"";"";"";""
"Türkiye";"Yıllık";"Adrese Dayalı Nüfus Kayıt Sistemi";"Bilecik";"En Az Bir Çekirdek Aile Ve Diğer Kişilerden Oluşan Hanehalkı";"Hanehalkı sayısı";"2024";"9000";"";"";"";"";""
"Türkiye";"Yıllık";"Adrese Dayalı Nüfus Kayıt Sistemi";"Bilecik";"En Az Bir Çekirdek Aile Ve Diğer Kişilerden Oluşan Hanehalkı";"Hanehalkı sayısı";"2025";"9239";"";"";"";"";""
"Türkiye";"Yıllık";"Adrese Dayalı Nüfus Kayıt Sistemi";"Bilecik";"Çekirdek Aile Bulunmayan Birden Fazla Kişiden Oluşan Hanehalkı";"Hanehalkı sayısı";"2014";"1161";"";"";"";"";""
"Türkiye";"Yıllık";"Adrese Dayalı Nüfus Kayıt Sistemi";"Bilecik";"Çekirdek Aile Bulunmayan Birden Fazla Kişiden Oluşan Hanehalkı";"Hanehalkı sayısı";"2015";"1260";"";"";"";"";""
"Türkiye";"Yıllık";"Adrese Dayalı Nüfus Kayıt Sistemi";"Bilecik";"Çekirdek Aile Bulunmayan Birden Fazla Kişiden Oluşan Hanehalkı";"Hanehalkı sayısı";"2016";"1556";"";"";"";"";""
"Türkiye";"Yıllık";"Adrese Dayalı Nüfus Kayıt Sistemi";"Bilecik";"Çekirdek Aile Bulunmayan Birden Fazla Kişiden Oluşan Hanehalkı";"Hanehalkı sayısı";"2017";"1468";"";"";"";"";""
"Türkiye";"Yıllık";"Adrese Dayalı Nüfus Kayıt Sistemi";"Bilecik";"Çekirdek Aile Bulunmayan Birden Fazla Kişiden Oluşan Hanehalkı";"Hanehalkı sayısı";"2018";"1639";"";"";"";"";""
"Türkiye";"Yıllık";"Adrese Dayalı Nüfus Kayıt Sistemi";"Bilecik";"Çekirdek Aile Bulunmayan Birden Fazla Kişiden Oluşan Hanehalkı";"Hanehalkı sayısı";"2019";"1588";"";"";"";"";""
"Türkiye";"Yıllık";"Adrese Dayalı Nüfus Kayıt Sistemi";"Bilecik";"Çekirdek Aile Bulunmayan Birden Fazla Kişiden Oluşan Hanehalkı";"Hanehalkı sayısı";"2020";"1561";"";"";"";"";""
"Türkiye";"Yıllık";"Adrese Dayalı Nüfus Kayıt Sistemi";"Bilecik";"Çekirdek Aile Bulunmayan Birden Fazla Kişiden Oluşan Hanehalkı";"Hanehalkı sayısı";"2021";"1643";"";"";"";"";""
"Türkiye";"Yıllık";"Adrese Dayalı Nüfus Kayıt Sistemi";"Bilecik";"Çekirdek Aile Bulunmayan Birden Fazla Kişiden Oluşan Hanehalkı";"Hanehalkı sayısı";"2022";"1660";"";"";"";"";""
"Türkiye";"Yıllık";"Adrese Dayalı Nüfus Kayıt Sistemi";"Bilecik";"Çekirdek Aile Bulunmayan Birden Fazla Kişiden Oluşan Hanehalkı";"Hanehalkı sayısı";"2023";"1898";"";"";"";"";""
"Türkiye";"Yıllık";"Adrese Dayalı Nüfus Kayıt Sistemi";"Bilecik";"Çekirdek Aile Bulunmayan Birden Fazla Kişiden Oluşan Hanehalkı";"Hanehalkı sayısı";"2024";"1919";"";"";"";"";""
"Türkiye";"Yıllık";"Adrese Dayalı Nüfus Kayıt Sistemi";"Bilecik";"Çekirdek Aile Bulunmayan Birden Fazla Kişiden Oluşan Hanehalkı";"Hanehalkı sayısı";"2025";"1923";"";"";"";"";""
"Türkiye";"Yıllık";"Adrese Dayalı Nüfus Kayıt Sistemi";"Bilecik";"Toplam";"Hanehalkı sayısı";"2014";"63276";"";"";"";"";""
"Türkiye";"Yıllık";"Adrese Dayalı Nüfus Kayıt Sistemi";"Bilecik";"Toplam";"Hanehalkı sayısı";"2015";"64519";"";"";"";"";""
"Türkiye";"Yıllık";"Adrese Dayalı Nüfus Kayıt Sistemi";"Bilecik";"Toplam";"Hanehalkı sayısı";"2016";"65854";"";"";"";"";""
"Türkiye";"Yıllık";"Adrese Dayalı Nüfus Kayıt Sistemi";"Bilecik";"Toplam";"Hanehalkı sayısı";"2017";"67079";"";"";"";"";""
"Türkiye";"Yıllık";"Adrese Dayalı Nüfus Kayıt Sistemi";"Bilecik";"Toplam";"Hanehalkı sayısı";"2018";"68458";"";"";"";"";""
"Türkiye";"Yıllık";"Adrese Dayalı Nüfus Kayıt Sistemi";"Bilecik";"Toplam";"Hanehalkı sayısı";"2019";"69689";"";"";"";"";""
"Türkiye";"Yıllık";"Adrese Dayalı Nüfus Kayıt Sistemi";"Bilecik";"Toplam";"Hanehalkı sayısı";"2020";"71258";"";"";"";"";""
"Türkiye";"Yıllık";"Adrese Dayalı Nüfus Kayıt Sistemi";"Bilecik";"Toplam";"Hanehalkı sayısı";"2021";"72972";"";"";"";"";""
"Türkiye";"Yıllık";"Adrese Dayalı Nüfus Kayıt Sistemi";"Bilecik";"Toplam";"Hanehalkı sayısı";"2022";"75032";"";"";"";"";""
"Türkiye";"Yıllık";"Adrese Dayalı Nüfus Kayıt Sistemi";"Bilecik";"Toplam";"Hanehalkı sayısı";"2023";"76292";"";"";"";"";""
"Türkiye";"Yıllık";"Adrese Dayalı Nüfus Kayıt Sistemi";"Bilecik";"Toplam";"Hanehalkı sayısı";"2024";"76535";"";"";"";"";""
"Türkiye";"Yıllık";"Adrese Dayalı Nüfus Kayıt Sistemi";"Bilecik";"Toplam";"Hanehalkı sayısı";"2025";"77360";"";"";"";"";""
"Türkiye";"Yıllık";"Adrese Dayalı Nüfus Kayıt Sistemi";"Bursa";"Tek Kişilik Hanehalkı";"Hanehalkı sayısı";"2014";"98468";"";"";"";"";""
"Türkiye";"Yıllık";"Adrese Dayalı Nüfus Kayıt Sistemi";"Bursa";"Tek Kişilik Hanehalkı";"Hanehalkı sayısı";"2015";"105288";"";"";"";"";""
"Türkiye";"Yıllık";"Adrese Dayalı Nüfus Kayıt Sistemi";"Bursa";"Tek Kişilik Hanehalkı";"Hanehalkı sayısı";"2016";"111301";"";"";"";"";""
"Türkiye";"Yıllık";"Adrese Dayalı Nüfus Kayıt Sistemi";"Bursa";"Tek Kişilik Hanehalkı";"Hanehalkı sayısı";"2017";"117340";"";"";"";"";""
"Türkiye";"Yıllık";"Adrese Dayalı Nüfus Kayıt Sistemi";"Bursa";"Tek Kişilik Hanehalkı";"Hanehalkı sayısı";"2018";"124464";"";"";"";"";""
"Türkiye";"Yıllık";"Adrese Dayalı Nüfus Kayıt Sistemi";"Bursa";"Tek Kişilik Hanehalkı";"Hanehalkı sayısı";"2019";"135446";"";"";"";"";""
"Türkiye";"Yıllık";"Adrese Dayalı Nüfus Kayıt Sistemi";"Bursa";"Tek Kişilik Hanehalkı";"Hanehalkı sayısı";"2020";"147904";"";"";"";"";""
"Türkiye";"Yıllık";"Adrese Dayalı Nüfus Kayıt Sistemi";"Bursa";"Tek Kişilik Hanehalkı";"Hanehalkı sayısı";"2021";"162849";"";"";"";"";""
"Türkiye";"Yıllık";"Adrese Dayalı Nüfus Kayıt Sistemi";"Bursa";"Tek Kişilik Hanehalkı";"Hanehalkı sayısı";"2022";"173093";"";"";"";"";""
"Türkiye";"Yıllık";"Adrese Dayalı Nüfus Kayıt Sistemi";"Bursa";"Tek Kişilik Hanehalkı";"Hanehalkı sayısı";"2023";"178860";"";"";"";"";""
"Türkiye";"Yıllık";"Adrese Dayalı Nüfus Kayıt Sistemi";"Bursa";"Tek Kişilik Hanehalkı";"Hanehalkı sayısı";"2024";"184559";"";"";"";"";""
"Türkiye";"Yıllık";"Adrese Dayalı Nüfus Kayıt Sistemi";"Bursa";"Tek Kişilik Hanehalkı";"Hanehalkı sayısı";"2025";"192914";"";"";"";"";""
"Türkiye";"Yıllık";"Adrese Dayalı Nüfus Kayıt Sistemi";"Bursa";"Tek Çekirdek Aileden Oluşan Hanehalkı";"Hanehalkı sayısı";"2014";"565139";"";"";"";"";""
"Türkiye";"Yıllık";"Adrese Dayalı Nüfus Kayıt Sistemi";"Bursa";"Tek Çekirdek Aileden Oluşan Hanehalkı";"Hanehalkı sayısı";"2015";"577423";"";"";"";"";""
"Türkiye";"Yıllık";"Adrese Dayalı Nüfus Kayıt Sistemi";"Bursa";"Tek Çekirdek Aileden Oluşan Hanehalkı";"Hanehalkı sayısı";"2016";"589314";"";"";"";"";""
"Türkiye";"Yıllık";"Adrese Dayalı Nüfus Kayıt Sistemi";"Bursa";"Tek Çekirdek Aileden Oluşan Hanehalkı";"Hanehalkı sayısı";"2017";"603190";"";"";"";"";""
"Türkiye";"Yıllık";"Adrese Dayalı Nüfus Kayıt Sistemi";"Bursa";"Tek Çekirdek Aileden Oluşan Hanehalkı";"Hanehalkı sayısı";"2018";"611752";"";"";"";"";""
"Türkiye";"Yıllık";"Adrese Dayalı Nüfus Kayıt Sistemi";"Bursa";"Tek Çekirdek Aileden Oluşan Hanehalkı";"Hanehalkı sayısı";"2019";"625943";"";"";"";"";""
"Türkiye";"Yıllık";"Adrese Dayalı Nüfus Kayıt Sistemi";"Bursa";"Tek Çekirdek Aileden Oluşan Hanehalkı";"Hanehalkı sayısı";"2020";"637787";"";"";"";"";""
"Türkiye";"Yıllık";"Adrese Dayalı Nüfus Kayıt Sistemi";"Bursa";"Tek Çekirdek Aileden Oluşan Hanehalkı";"Hanehalkı sayısı";"2021";"647850";"";"";"";"";""
"Türkiye";"Yıllık";"Adrese Dayalı Nüfus Kayıt Sistemi";"Bursa";"Tek Çekirdek Aileden Oluşan Hanehalkı";"Hanehalkı sayısı";"2022";"662721";"";"";"";"";""
"Türkiye";"Yıllık";"Adrese Dayalı Nüfus Kayıt Sistemi";"Bursa";"Tek Çekirdek Aileden Oluşan Hanehalkı";"Hanehalkı sayısı";"2023";"667140";"";"";"";"";""
"Türkiye";"Yıllık";"Adrese Dayalı Nüfus Kayıt Sistemi";"Bursa";"Tek Çekirdek Aileden Oluşan Hanehalkı";"Hanehalkı sayısı";"2024";"671952";"";"";"";"";""
"Türkiye";"Yıllık";"Adrese Dayalı Nüfus Kayıt Sistemi";"Bursa";"Tek Çekirdek Aileden Oluşan Hanehalkı";"Hanehalkı sayısı";"2025";"677740";"";"";"";"";""
"Türkiye";"Yıllık";"Adrese Dayalı Nüfus Kayıt Sistemi";"Bursa";"En Az Bir Çekirdek Aile Ve Diğer Kişilerden Oluşan Hanehalkı";"Hanehalkı sayısı";"2014";"128642";"";"";"";"";""
"Türkiye";"Yıllık";"Adrese Dayalı Nüfus Kayıt Sistemi";"Bursa";"En Az Bir Çekirdek Aile Ve Diğer Kişilerden Oluşan Hanehalkı";"Hanehalkı sayısı";"2015";"132011";"";"";"";"";""
"Türkiye";"Yıllık";"Adrese Dayalı Nüfus Kayıt Sistemi";"Bursa";"En Az Bir Çekirdek Aile Ve Diğer Kişilerden Oluşan Hanehalkı";"Hanehalkı sayısı";"2016";"133692";"";"";"";"";""
"Türkiye";"Yıllık";"Adrese Dayalı Nüfus Kayıt Sistemi";"Bursa";"En Az Bir Çekirdek Aile Ve Diğer Kişilerden Oluşan Hanehalkı";"Hanehalkı sayısı";"2017";"133524";"";"";"";"";""
"Türkiye";"Yıllık";"Adrese Dayalı Nüfus Kayıt Sistemi";"Bursa";"En Az Bir Çekirdek Aile Ve Diğer Kişilerden Oluşan Hanehalkı";"Hanehalkı sayısı";"2018";"135364";"";"";"";"";""
"Türkiye";"Yıllık";"Adrese Dayalı Nüfus Kayıt Sistemi";"Bursa";"En Az Bir Çekirdek Aile Ve Diğer Kişilerden Oluşan Hanehalkı";"Hanehalkı sayısı";"2019";"136124";"";"";"";"";""
"Türkiye";"Yıllık";"Adrese Dayalı Nüfus Kayıt Sistemi";"Bursa";"En Az Bir Çekirdek Aile Ve Diğer Kişilerden Oluşan Hanehalkı";"Hanehalkı sayısı";"2020";"133644";"";"";"";"";""
"Türkiye";"Yıllık";"Adrese Dayalı Nüfus Kayıt Sistemi";"Bursa";"En Az Bir Çekirdek Aile Ve Diğer Kişilerden Oluşan Hanehalkı";"Hanehalkı sayısı";"2021";"133744";"";"";"";"";""
"Türkiye";"Yıllık";"Adrese Dayalı Nüfus Kayıt Sistemi";"Bursa";"En Az Bir Çekirdek Aile Ve Diğer Kişilerden Oluşan Hanehalkı";"Hanehalkı sayısı";"2022";"134247";"";"";"";"";""
"Türkiye";"Yıllık";"Adrese Dayalı Nüfus Kayıt Sistemi";"Bursa";"En Az Bir Çekirdek Aile Ve Diğer Kişilerden Oluşan Hanehalkı";"Hanehalkı sayısı";"2023";"138971";"";"";"";"";""
"Türkiye";"Yıllık";"Adrese Dayalı Nüfus Kayıt Sistemi";"Bursa";"En Az Bir Çekirdek Aile Ve Diğer Kişilerden Oluşan Hanehalkı";"Hanehalkı sayısı";"2024";"141016";"";"";"";"";""
"Türkiye";"Yıllık";"Adrese Dayalı Nüfus Kayıt Sistemi";"Bursa";"En Az Bir Çekirdek Aile Ve Diğer Kişilerden Oluşan Hanehalkı";"Hanehalkı sayısı";"2025";"144621";"";"";"";"";""
"Türkiye";"Yıllık";"Adrese Dayalı Nüfus Kayıt Sistemi";"Bursa";"Çekirdek Aile Bulunmayan Birden Fazla Kişiden Oluşan Hanehalkı";"Hanehalkı sayısı";"2014";"13273";"";"";"";"";""
"Türkiye";"Yıllık";"Adrese Dayalı Nüfus Kayıt Sistemi";"Bursa";"Çekirdek Aile Bulunmayan Birden Fazla Kişiden Oluşan Hanehalkı";"Hanehalkı sayısı";"2015";"14613";"";"";"";"";""
"Türkiye";"Yıllık";"Adrese Dayalı Nüfus Kayıt Sistemi";"Bursa";"Çekirdek Aile Bulunmayan Birden Fazla Kişiden Oluşan Hanehalkı";"Hanehalkı sayısı";"2016";"17141";"";"";"";"";""
"Türkiye";"Yıllık";"Adrese Dayalı Nüfus Kayıt Sistemi";"Bursa";"Çekirdek Aile Bulunmayan Birden Fazla Kişiden Oluşan Hanehalkı";"Hanehalkı sayısı";"2017";"15929";"";"";"";"";""
"Türkiye";"Yıllık";"Adrese Dayalı Nüfus Kayıt Sistemi";"Bursa";"Çekirdek Aile Bulunmayan Birden Fazla Kişiden Oluşan Hanehalkı";"Hanehalkı sayısı";"2018";"19252";"";"";"";"";""
"Türkiye";"Yıllık";"Adrese Dayalı Nüfus Kayıt Sistemi";"Bursa";"Çekirdek Aile Bulunmayan Birden Fazla Kişiden Oluşan Hanehalkı";"Hanehalkı sayısı";"2019";"19647";"";"";"";"";""
"Türkiye";"Yıllık";"Adrese Dayalı Nüfus Kayıt Sistemi";"Bursa";"Çekirdek Aile Bulunmayan Birden Fazla Kişiden Oluşan Hanehalkı";"Hanehalkı sayısı";"2020";"20065";"";"";"";"";""
"Türkiye";"Yıllık";"Adrese Dayalı Nüfus Kayıt Sistemi";"Bursa";"Çekirdek Aile Bulunmayan Birden Fazla Kişiden Oluşan Hanehalkı";"Hanehalkı sayısı";"2021";"22322";"";"";"";"";""
"Türkiye";"Yıllık";"Adrese Dayalı Nüfus Kayıt Sistemi";"Bursa";"Çekirdek Aile Bulunmayan Birden Fazla Kişiden Oluşan Hanehalkı";"Hanehalkı sayısı";"2022";"24481";"";"";"";"";""
"Türkiye";"Yıllık";"Adrese Dayalı Nüfus Kayıt Sistemi";"Bursa";"Çekirdek Aile Bulunmayan Birden Fazla Kişiden Oluşan Hanehalkı";"Hanehalkı sayısı";"2023";"25527";"";"";"";"";""
"Türkiye";"Yıllık";"Adrese Dayalı Nüfus Kayıt Sistemi";"Bursa";"Çekirdek Aile Bulunmayan Birden Fazla Kişiden Oluşan Hanehalkı";"Hanehalkı sayısı";"2024";"25517";"";"";"";"";""
"Türkiye";"Yıllık";"Adrese Dayalı Nüfus Kayıt Sistemi";"Bursa";"Çekirdek Aile Bulunmayan Birden Fazla Kişiden Oluşan Hanehalkı";"Hanehalkı sayısı";"2025";"26239";"";"";"";"";""
"Türkiye";"Yıllık";"Adrese Dayalı Nüfus Kayıt Sistemi";"Bursa";"Toplam";"Hanehalkı sayısı";"2014";"805522";"";"";"";"";""
"Türkiye";"Yıllık";"Adrese Dayalı Nüfus Kayıt Sistemi";"Bursa";"Toplam";"Hanehalkı sayısı";"2015";"829335";"";"";"";"";""
"Türkiye";"Yıllık";"Adrese Dayalı Nüfus Kayıt Sistemi";"Bursa";"Toplam";"Hanehalkı sayısı";"2016";"851448";"";"";"";"";""
"Türkiye";"Yıllık";"Adrese Dayalı Nüfus Kayıt Sistemi";"Bursa";"Toplam";"Hanehalkı sayısı";"2017";"869983";"";"";"";"";""
"Türkiye";"Yıllık";"Adrese Dayalı Nüfus Kayıt Sistemi";"Bursa";"Toplam";"Hanehalkı sayısı";"2018";"890832";"";"";"";"";""
"Türkiye";"Yıllık";"Adrese Dayalı Nüfus Kayıt Sistemi";"Bursa";"Toplam";"Hanehalkı sayısı";"2019";"917160";"";"";"";"";""
"Türkiye";"Yıllık";"Adrese Dayalı Nüfus Kayıt Sistemi";"Bursa";"Toplam";"Hanehalkı sayısı";"2020";"939400";"";"";"";"";""
"Türkiye";"Yıllık";"Adrese Dayalı Nüfus Kayıt Sistemi";"Bursa";"Toplam";"Hanehalkı sayısı";"2021";"966765";"";"";"";"";""
"Türkiye";"Yıllık";"Adrese Dayalı Nüfus Kayıt Sistemi";"Bursa";"Toplam";"Hanehalkı sayısı";"2022";"994542";"";"";"";"";""
"Türkiye";"Yıllık";"Adrese Dayalı Nüfus Kayıt Sistemi";"Bursa";"Toplam";"Hanehalkı sayısı";"2023";"1010498";"";"";"";"";""
"Türkiye";"Yıllık";"Adrese Dayalı Nüfus Kayıt Sistemi";"Bursa";"Toplam";"Hanehalkı sayısı";"2024";"1023044";"";"";"";"";""
"Türkiye";"Yıllık";"Adrese Dayalı Nüfus Kayıt Sistemi";"Bursa";"Toplam";"Hanehalkı sayısı";"2025";"1041514";"";"";"";"";""
"Türkiye";"Yıllık";"Adrese Dayalı Nüfus Kayıt Sistemi";"Eskişehir";"Tek Kişilik Hanehalkı";"Hanehalkı sayısı";"2014";"59678";"";"";"";"";""
"Türkiye";"Yıllık";"Adrese Dayalı Nüfus Kayıt Sistemi";"Eskişehir";"Tek Kişilik Hanehalkı";"Hanehalkı sayısı";"2015";"62872";"";"";"";"";""
"Türkiye";"Yıllık";"Adrese Dayalı Nüfus Kayıt Sistemi";"Eskişehir";"Tek Kişilik Hanehalkı";"Hanehalkı sayısı";"2016";"66552";"";"";"";"";""
"Türkiye";"Yıllık";"Adrese Dayalı Nüfus Kayıt Sistemi";"Eskişehir";"Tek Kişilik Hanehalkı";"Hanehalkı sayısı";"2017";"70313";"";"";"";"";""
"Türkiye";"Yıllık";"Adrese Dayalı Nüfus Kayıt Sistemi";"Eskişehir";"Tek Kişilik Hanehalkı";"Hanehalkı sayısı";"2018";"73952";"";"";"";"";""
"Türkiye";"Yıllık";"Adrese Dayalı Nüfus Kayıt Sistemi";"Eskişehir";"Tek Kişilik Hanehalkı";"Hanehalkı sayısı";"2019";"79519";"";"";"";"";""
"Türkiye";"Yıllık";"Adrese Dayalı Nüfus Kayıt Sistemi";"Eskişehir";"Tek Kişilik Hanehalkı";"Hanehalkı sayısı";"2020";"81100";"";"";"";"";""
"Türkiye";"Yıllık";"Adrese Dayalı Nüfus Kayıt Sistemi";"Eskişehir";"Tek Kişilik Hanehalkı";"Hanehalkı sayısı";"2021";"84755";"";"";"";"";""
"Türkiye";"Yıllık";"Adrese Dayalı Nüfus Kayıt Sistemi";"Eskişehir";"Tek Kişilik Hanehalkı";"Hanehalkı sayısı";"2022";"87972";"";"";"";"";""
"Türkiye";"Yıllık";"Adrese Dayalı Nüfus Kayıt Sistemi";"Eskişehir";"Tek Kişilik Hanehalkı";"Hanehalkı sayısı";"2023";"89168";"";"";"";"";""
"Türkiye";"Yıllık";"Adrese Dayalı Nüfus Kayıt Sistemi";"Eskişehir";"Tek Kişilik Hanehalkı";"Hanehalkı sayısı";"2024";"91251";"";"";"";"";""
"Türkiye";"Yıllık";"Adrese Dayalı Nüfus Kayıt Sistemi";"Eskişehir";"Tek Kişilik Hanehalkı";"Hanehalkı sayısı";"2025";"96246";"";"";"";"";""
"Türkiye";"Yıllık";"Adrese Dayalı Nüfus Kayıt Sistemi";"Eskişehir";"Tek Çekirdek Aileden Oluşan Hanehalkı";"Hanehalkı sayısı";"2014";"175874";"";"";"";"";""
"Türkiye";"Yıllık";"Adrese Dayalı Nüfus Kayıt Sistemi";"Eskişehir";"Tek Çekirdek Aileden Oluşan Hanehalkı";"Hanehalkı sayısı";"2015";"181980";"";"";"";"";""
"Türkiye";"Yıllık";"Adrese Dayalı Nüfus Kayıt Sistemi";"Eskişehir";"Tek Çekirdek Aileden Oluşan Hanehalkı";"Hanehalkı sayısı";"2016";"187307";"";"";"";"";""
"Türkiye";"Yıllık";"Adrese Dayalı Nüfus Kayıt Sistemi";"Eskişehir";"Tek Çekirdek Aileden Oluşan Hanehalkı";"Hanehalkı sayısı";"2017";"191655";"";"";"";"";""
"Türkiye";"Yıllık";"Adrese Dayalı Nüfus Kayıt Sistemi";"Eskişehir";"Tek Çekirdek Aileden Oluşan Hanehalkı";"Hanehalkı sayısı";"2018";"193336";"";"";"";"";""
"Türkiye";"Yıllık";"Adrese Dayalı Nüfus Kayıt Sistemi";"Eskişehir";"Tek Çekirdek Aileden Oluşan Hanehalkı";"Hanehalkı sayısı";"2019";"197314";"";"";"";"";""
"Türkiye";"Yıllık";"Adrese Dayalı Nüfus Kayıt Sistemi";"Eskişehir";"Tek Çekirdek Aileden Oluşan Hanehalkı";"Hanehalkı sayısı";"2020";"199268";"";"";"";"";""
"Türkiye";"Yıllık";"Adrese Dayalı Nüfus Kayıt Sistemi";"Eskişehir";"Tek Çekirdek Aileden Oluşan Hanehalkı";"Hanehalkı sayısı";"2021";"201330";"";"";"";"";""
"Türkiye";"Yıllık";"Adrese Dayalı Nüfus Kayıt Sistemi";"Eskişehir";"Tek Çekirdek Aileden Oluşan Hanehalkı";"Hanehalkı sayısı";"2022";"203983";"";"";"";"";""
"Türkiye";"Yıllık";"Adrese Dayalı Nüfus Kayıt Sistemi";"Eskişehir";"Tek Çekirdek Aileden Oluşan Hanehalkı";"Hanehalkı sayısı";"2023";"204233";"";"";"";"";""
"Türkiye";"Yıllık";"Adrese Dayalı Nüfus Kayıt Sistemi";"Eskişehir";"Tek Çekirdek Aileden Oluşan Hanehalkı";"Hanehalkı sayısı";"2024";"205032";"";"";"";"";""
"Türkiye";"Yıllık";"Adrese Dayalı Nüfus Kayıt Sistemi";"Eskişehir";"Tek Çekirdek Aileden Oluşan Hanehalkı";"Hanehalkı sayısı";"2025";"206458";"";"";"";"";""
"Türkiye";"Yıllık";"Adrese Dayalı Nüfus Kayıt Sistemi";"Eskişehir";"En Az Bir Çekirdek Aile Ve Diğer Kişilerden Oluşan Hanehalkı";"Hanehalkı sayısı";"2014";"33559";"";"";"";"";""
"Türkiye";"Yıllık";"Adrese Dayalı Nüfus Kayıt Sistemi";"Eskişehir";"En Az Bir Çekirdek Aile Ve Diğer Kişilerden Oluşan Hanehalkı";"Hanehalkı sayısı";"2015";"32058";"";"";"";"";""
"Türkiye";"Yıllık";"Adrese Dayalı Nüfus Kayıt Sistemi";"Eskişehir";"En Az Bir Çekirdek Aile Ve Diğer Kişilerden Oluşan Hanehalkı";"Hanehalkı sayısı";"2016";"30918";"";"";"";"";""
"Türkiye";"Yıllık";"Adrese Dayalı Nüfus Kayıt Sistemi";"Eskişehir";"En Az Bir Çekirdek Aile Ve Diğer Kişilerden Oluşan Hanehalkı";"Hanehalkı sayısı";"2017";"30142";"";"";"";"";""
"Türkiye";"Yıllık";"Adrese Dayalı Nüfus Kayıt Sistemi";"Eskişehir";"En Az Bir Çekirdek Aile Ve Diğer Kişilerden Oluşan Hanehalkı";"Hanehalkı sayısı";"2018";"30194";"";"";"";"";""
"Türkiye";"Yıllık";"Adrese Dayalı Nüfus Kayıt Sistemi";"Eskişehir";"En Az Bir Çekirdek Aile Ve Diğer Kişilerden Oluşan Hanehalkı";"Hanehalkı sayısı";"2019";"29727";"";"";"";"";""
"Türkiye";"Yıllık";"Adrese Dayalı Nüfus Kayıt Sistemi";"Eskişehir";"En Az Bir Çekirdek Aile Ve Diğer Kişilerden Oluşan Hanehalkı";"Hanehalkı sayısı";"2020";"28880";"";"";"";"";""
"Türkiye";"Yıllık";"Adrese Dayalı Nüfus Kayıt Sistemi";"Eskişehir";"En Az Bir Çekirdek Aile Ve Diğer Kişilerden Oluşan Hanehalkı";"Hanehalkı sayısı";"2021";"28534";"";"";"";"";""
"Türkiye";"Yıllık";"Adrese Dayalı Nüfus Kayıt Sistemi";"Eskişehir";"En Az Bir Çekirdek Aile Ve Diğer Kişilerden Oluşan Hanehalkı";"Hanehalkı sayısı";"2022";"28567";"";"";"";"";""
"Türkiye";"Yıllık";"Adrese Dayalı Nüfus Kayıt Sistemi";"Eskişehir";"En Az Bir Çekirdek Aile Ve Diğer Kişilerden Oluşan Hanehalkı";"Hanehalkı sayısı";"2023";"30711";"";"";"";"";""
"Türkiye";"Yıllık";"Adrese Dayalı Nüfus Kayıt Sistemi";"Eskişehir";"En Az Bir Çekirdek Aile Ve Diğer Kişilerden Oluşan Hanehalkı";"Hanehalkı sayısı";"2024";"31479";"";"";"";"";""
"Türkiye";"Yıllık";"Adrese Dayalı Nüfus Kayıt Sistemi";"Eskişehir";"En Az Bir Çekirdek Aile Ve Diğer Kişilerden Oluşan Hanehalkı";"Hanehalkı sayısı";"2025";"31987";"";"";"";"";""
"Türkiye";"Yıllık";"Adrese Dayalı Nüfus Kayıt Sistemi";"Eskişehir";"Çekirdek Aile Bulunmayan Birden Fazla Kişiden Oluşan Hanehalkı";"Hanehalkı sayısı";"2014";"9104";"";"";"";"";""
"Türkiye";"Yıllık";"Adrese Dayalı Nüfus Kayıt Sistemi";"Eskişehir";"Çekirdek Aile Bulunmayan Birden Fazla Kişiden Oluşan Hanehalkı";"Hanehalkı sayısı";"2015";"9478";"";"";"";"";""
"Türkiye";"Yıllık";"Adrese Dayalı Nüfus Kayıt Sistemi";"Eskişehir";"Çekirdek Aile Bulunmayan Birden Fazla Kişiden Oluşan Hanehalkı";"Hanehalkı sayısı";"2016";"10142";"";"";"";"";""
"Türkiye";"Yıllık";"Adrese Dayalı Nüfus Kayıt Sistemi";"Eskişehir";"Çekirdek Aile Bulunmayan Birden Fazla Kişiden Oluşan Hanehalkı";"Hanehalkı sayısı";"2017";"10559";"";"";"";"";""
"Türkiye";"Yıllık";"Adrese Dayalı Nüfus Kayıt Sistemi";"Eskişehir";"Çekirdek Aile Bulunmayan Birden Fazla Kişiden Oluşan Hanehalkı";"Hanehalkı sayısı";"2018";"11514";"";"";"";"";""
"Türkiye";"Yıllık";"Adrese Dayalı Nüfus Kayıt Sistemi";"Eskişehir";"Çekirdek Aile Bulunmayan Birden Fazla Kişiden Oluşan Hanehalkı";"Hanehalkı sayısı";"2019";"12754";"";"";"";"";""
"Türkiye";"Yıllık";"Adrese Dayalı Nüfus Kayıt Sistemi";"Eskişehir";"Çekirdek Aile Bulunmayan Birden Fazla Kişiden Oluşan Hanehalkı";"Hanehalkı sayısı";"2020";"11950";"";"";"";"";""
"Türkiye";"Yıllık";"Adrese Dayalı Nüfus Kayıt Sistemi";"Eskişehir";"Çekirdek Aile Bulunmayan Birden Fazla Kişiden Oluşan Hanehalkı";"Hanehalkı sayısı";"2021";"12257";"";"";"";"";""
"Türkiye";"Yıllık";"Adrese Dayalı Nüfus Kayıt Sistemi";"Eskişehir";"Çekirdek Aile Bulunmayan Birden Fazla Kişiden Oluşan Hanehalkı";"Hanehalkı sayısı";"2022";"12494";"";"";"";"";""
"Türkiye";"Yıllık";"Adrese Dayalı Nüfus Kayıt Sistemi";"Eskişehir";"Çekirdek Aile Bulunmayan Birden Fazla Kişiden Oluşan Hanehalkı";"Hanehalkı sayısı";"2023";"12843";"";"";"";"";""
"Türkiye";"Yıllık";"Adrese Dayalı Nüfus Kayıt Sistemi";"Eskişehir";"Çekirdek Aile Bulunmayan Birden Fazla Kişiden Oluşan Hanehalkı";"Hanehalkı sayısı";"2024";"12965";"";"";"";"";""
"Türkiye";"Yıllık";"Adrese Dayalı Nüfus Kayıt Sistemi";"Eskişehir";"Çekirdek Aile Bulunmayan Birden Fazla Kişiden Oluşan Hanehalkı";"Hanehalkı sayısı";"2025";"13401";"";"";"";"";""
"Türkiye";"Yıllık";"Adrese Dayalı Nüfus Kayıt Sistemi";"Eskişehir";"Toplam";"Hanehalkı sayısı";"2014";"278215";"";"";"";"";""
"Türkiye";"Yıllık";"Adrese Dayalı Nüfus Kayıt Sistemi";"Eskişehir";"Toplam";"Hanehalkı sayısı";"2015";"286388";"";"";"";"";""
"Türkiye";"Yıllık";"Adrese Dayalı Nüfus Kayıt Sistemi";"Eskişehir";"Toplam";"Hanehalkı sayısı";"2016";"294919";"";"";"";"";""
"Türkiye";"Yıllık";"Adrese Dayalı Nüfus Kayıt Sistemi";"Eskişehir";"Toplam";"Hanehalkı sayısı";"2017";"302669";"";"";"";"";""
"Türkiye";"Yıllık";"Adrese Dayalı Nüfus Kayıt Sistemi";"Eskişehir";"Toplam";"Hanehalkı sayısı";"2018";"308996";"";"";"";"";""
"Türkiye";"Yıllık";"Adrese Dayalı Nüfus Kayıt Sistemi";"Eskişehir";"Toplam";"Hanehalkı sayısı";"2019";"319314";"";"";"";"";""
"Türkiye";"Yıllık";"Adrese Dayalı Nüfus Kayıt Sistemi";"Eskişehir";"Toplam";"Hanehalkı sayısı";"2020";"321198";"";"";"";"";""
"Türkiye";"Yıllık";"Adrese Dayalı Nüfus Kayıt Sistemi";"Eskişehir";"Toplam";"Hanehalkı sayısı";"2021";"326876";"";"";"";"";""
"Türkiye";"Yıllık";"Adrese Dayalı Nüfus Kayıt Sistemi";"Eskişehir";"Toplam";"Hanehalkı sayısı";"2022";"333016";"";"";"";"";""
"Türkiye";"Yıllık";"Adrese Dayalı Nüfus Kayıt Sistemi";"Eskişehir";"Toplam";"Hanehalkı sayısı";"2023";"336955";"";"";"";"";""
"Türkiye";"Yıllık";"Adrese Dayalı Nüfus Kayıt Sistemi";"Eskişehir";"Toplam";"Hanehalkı sayısı";"2024";"340727";"";"";"";"";""
"Türkiye";"Yıllık";"Adrese Dayalı Nüfus Kayıt Sistemi";"Eskişehir";"Toplam";"Hanehalkı sayısı";"2025";"348092";"";"";"";"";""
"Türkiye";"Yıllık";"Adrese Dayalı Nüfus Kayıt Sistemi";"Bolu";"Tek Kişilik Hanehalkı";"Hanehalkı sayısı";"2014";"13764";"";"";"";"";""
"Türkiye";"Yıllık";"Adrese Dayalı Nüfus Kayıt Sistemi";"Bolu";"Tek Kişilik Hanehalkı";"Hanehalkı sayısı";"2015";"15135";"";"";"";"";""
"Türkiye";"Yıllık";"Adrese Dayalı Nüfus Kayıt Sistemi";"Bolu";"Tek Kişilik Hanehalkı";"Hanehalkı sayısı";"2016";"16647";"";"";"";"";""
"Türkiye";"Yıllık";"Adrese Dayalı Nüfus Kayıt Sistemi";"Bolu";"Tek Kişilik Hanehalkı";"Hanehalkı sayısı";"2017";"17522";"";"";"";"";""
"Türkiye";"Yıllık";"Adrese Dayalı Nüfus Kayıt Sistemi";"Bolu";"Tek Kişilik Hanehalkı";"Hanehalkı sayısı";"2018";"18315";"";"";"";"";""
"Türkiye";"Yıllık";"Adrese Dayalı Nüfus Kayıt Sistemi";"Bolu";"Tek Kişilik Hanehalkı";"Hanehalkı sayısı";"2019";"19738";"";"";"";"";""
"Türkiye";"Yıllık";"Adrese Dayalı Nüfus Kayıt Sistemi";"Bolu";"Tek Kişilik Hanehalkı";"Hanehalkı sayısı";"2020";"21408";"";"";"";"";""
"Türkiye";"Yıllık";"Adrese Dayalı Nüfus Kayıt Sistemi";"Bolu";"Tek Kişilik Hanehalkı";"Hanehalkı sayısı";"2021";"23118";"";"";"";"";""
"Türkiye";"Yıllık";"Adrese Dayalı Nüfus Kayıt Sistemi";"Bolu";"Tek Kişilik Hanehalkı";"Hanehalkı sayısı";"2022";"24283";"";"";"";"";""
"Türkiye";"Yıllık";"Adrese Dayalı Nüfus Kayıt Sistemi";"Bolu";"Tek Kişilik Hanehalkı";"Hanehalkı sayısı";"2023";"24325";"";"";"";"";""
"Türkiye";"Yıllık";"Adrese Dayalı Nüfus Kayıt Sistemi";"Bolu";"Tek Kişilik Hanehalkı";"Hanehalkı sayısı";"2024";"24829";"";"";"";"";""
"Türkiye";"Yıllık";"Adrese Dayalı Nüfus Kayıt Sistemi";"Bolu";"Tek Kişilik Hanehalkı";"Hanehalkı sayısı";"2025";"25888";"";"";"";"";""
"Türkiye";"Yıllık";"Adrese Dayalı Nüfus Kayıt Sistemi";"Bolu";"Tek Çekirdek Aileden Oluşan Hanehalkı";"Hanehalkı sayısı";"2014";"52261";"";"";"";"";""
"Türkiye";"Yıllık";"Adrese Dayalı Nüfus Kayıt Sistemi";"Bolu";"Tek Çekirdek Aileden Oluşan Hanehalkı";"Hanehalkı sayısı";"2015";"53126";"";"";"";"";""
"Türkiye";"Yıllık";"Adrese Dayalı Nüfus Kayıt Sistemi";"Bolu";"Tek Çekirdek Aileden Oluşan Hanehalkı";"Hanehalkı sayısı";"2016";"53942";"";"";"";"";""
"Türkiye";"Yıllık";"Adrese Dayalı Nüfus Kayıt Sistemi";"Bolu";"Tek Çekirdek Aileden Oluşan Hanehalkı";"Hanehalkı sayısı";"2017";"55157";"";"";"";"";""
"Türkiye";"Yıllık";"Adrese Dayalı Nüfus Kayıt Sistemi";"Bolu";"Tek Çekirdek Aileden Oluşan Hanehalkı";"Hanehalkı sayısı";"2018";"56924";"";"";"";"";""
"Türkiye";"Yıllık";"Adrese Dayalı Nüfus Kayıt Sistemi";"Bolu";"Tek Çekirdek Aileden Oluşan Hanehalkı";"Hanehalkı sayısı";"2019";"58506";"";"";"";"";""
"Türkiye";"Yıllık";"Adrese Dayalı Nüfus Kayıt Sistemi";"Bolu";"Tek Çekirdek Aileden Oluşan Hanehalkı";"Hanehalkı sayısı";"2020";"60610";"";"";"";"";""
"Türkiye";"Yıllık";"Adrese Dayalı Nüfus Kayıt Sistemi";"Bolu";"Tek Çekirdek Aileden Oluşan Hanehalkı";"Hanehalkı sayısı";"2021";"62251";"";"";"";"";""
"Türkiye";"Yıllık";"Adrese Dayalı Nüfus Kayıt Sistemi";"Bolu";"Tek Çekirdek Aileden Oluşan Hanehalkı";"Hanehalkı sayısı";"2022";"64024";"";"";"";"";""
"Türkiye";"Yıllık";"Adrese Dayalı Nüfus Kayıt Sistemi";"Bolu";"Tek Çekirdek Aileden Oluşan Hanehalkı";"Hanehalkı sayısı";"2023";"64371";"";"";"";"";""
"Türkiye";"Yıllık";"Adrese Dayalı Nüfus Kayıt Sistemi";"Bolu";"Tek Çekirdek Aileden Oluşan Hanehalkı";"Hanehalkı sayısı";"2024";"64891";"";"";"";"";""
"Türkiye";"Yıllık";"Adrese Dayalı Nüfus Kayıt Sistemi";"Bolu";"Tek Çekirdek Aileden Oluşan Hanehalkı";"Hanehalkı sayısı";"2025";"64867";"";"";"";"";""
"Türkiye";"Yıllık";"Adrese Dayalı Nüfus Kayıt Sistemi";"Bolu";"En Az Bir Çekirdek Aile Ve Diğer Kişilerden Oluşan Hanehalkı";"Hanehalkı sayısı";"2014";"17235";"";"";"";"";""
"Türkiye";"Yıllık";"Adrese Dayalı Nüfus Kayıt Sistemi";"Bolu";"En Az Bir Çekirdek Aile Ve Diğer Kişilerden Oluşan Hanehalkı";"Hanehalkı sayısı";"2015";"17204";"";"";"";"";""
"Türkiye";"Yıllık";"Adrese Dayalı Nüfus Kayıt Sistemi";"Bolu";"En Az Bir Çekirdek Aile Ve Diğer Kişilerden Oluşan Hanehalkı";"Hanehalkı sayısı";"2016";"17442";"";"";"";"";""
"Türkiye";"Yıllık";"Adrese Dayalı Nüfus Kayıt Sistemi";"Bolu";"En Az Bir Çekirdek Aile Ve Diğer Kişilerden Oluşan Hanehalkı";"Hanehalkı sayısı";"2017";"17245";"";"";"";"";""
"Türkiye";"Yıllık";"Adrese Dayalı Nüfus Kayıt Sistemi";"Bolu";"En Az Bir Çekirdek Aile Ve Diğer Kişilerden Oluşan Hanehalkı";"Hanehalkı sayısı";"2018";"16954";"";"";"";"";""
"Türkiye";"Yıllık";"Adrese Dayalı Nüfus Kayıt Sistemi";"Bolu";"En Az Bir Çekirdek Aile Ve Diğer Kişilerden Oluşan Hanehalkı";"Hanehalkı sayısı";"2019";"16556";"";"";"";"";""
"Türkiye";"Yıllık";"Adrese Dayalı Nüfus Kayıt Sistemi";"Bolu";"En Az Bir Çekirdek Aile Ve Diğer Kişilerden Oluşan Hanehalkı";"Hanehalkı sayısı";"2020";"15706";"";"";"";"";""
"Türkiye";"Yıllık";"Adrese Dayalı Nüfus Kayıt Sistemi";"Bolu";"En Az Bir Çekirdek Aile Ve Diğer Kişilerden Oluşan Hanehalkı";"Hanehalkı sayısı";"2021";"15067";"";"";"";"";""
"Türkiye";"Yıllık";"Adrese Dayalı Nüfus Kayıt Sistemi";"Bolu";"En Az Bir Çekirdek Aile Ve Diğer Kişilerden Oluşan Hanehalkı";"Hanehalkı sayısı";"2022";"14498";"";"";"";"";""
"Türkiye";"Yıllık";"Adrese Dayalı Nüfus Kayıt Sistemi";"Bolu";"En Az Bir Çekirdek Aile Ve Diğer Kişilerden Oluşan Hanehalkı";"Hanehalkı sayısı";"2023";"15198";"";"";"";"";""
"Türkiye";"Yıllık";"Adrese Dayalı Nüfus Kayıt Sistemi";"Bolu";"En Az Bir Çekirdek Aile Ve Diğer Kişilerden Oluşan Hanehalkı";"Hanehalkı sayısı";"2024";"15247";"";"";"";"";""
"Türkiye";"Yıllık";"Adrese Dayalı Nüfus Kayıt Sistemi";"Bolu";"En Az Bir Çekirdek Aile Ve Diğer Kişilerden Oluşan Hanehalkı";"Hanehalkı sayısı";"2025";"15696";"";"";"";"";""
"Türkiye";"Yıllık";"Adrese Dayalı Nüfus Kayıt Sistemi";"Bolu";"Çekirdek Aile Bulunmayan Birden Fazla Kişiden Oluşan Hanehalkı";"Hanehalkı sayısı";"2014";"1717";"";"";"";"";""
"Türkiye";"Yıllık";"Adrese Dayalı Nüfus Kayıt Sistemi";"Bolu";"Çekirdek Aile Bulunmayan Birden Fazla Kişiden Oluşan Hanehalkı";"Hanehalkı sayısı";"2015";"2233";"";"";"";"";""
"Türkiye";"Yıllık";"Adrese Dayalı Nüfus Kayıt Sistemi";"Bolu";"Çekirdek Aile Bulunmayan Birden Fazla Kişiden Oluşan Hanehalkı";"Hanehalkı sayısı";"2016";"3531";"";"";"";"";""
"Türkiye";"Yıllık";"Adrese Dayalı Nüfus Kayıt Sistemi";"Bolu";"Çekirdek Aile Bulunmayan Birden Fazla Kişiden Oluşan Hanehalkı";"Hanehalkı sayısı";"2017";"3357";"";"";"";"";""
"Türkiye";"Yıllık";"Adrese Dayalı Nüfus Kayıt Sistemi";"Bolu";"Çekirdek Aile Bulunmayan Birden Fazla Kişiden Oluşan Hanehalkı";"Hanehalkı sayısı";"2018";"3572";"";"";"";"";""
"Türkiye";"Yıllık";"Adrese Dayalı Nüfus Kayıt Sistemi";"Bolu";"Çekirdek Aile Bulunmayan Birden Fazla Kişiden Oluşan Hanehalkı";"Hanehalkı sayısı";"2019";"3897";"";"";"";"";""
"Türkiye";"Yıllık";"Adrese Dayalı Nüfus Kayıt Sistemi";"Bolu";"Çekirdek Aile Bulunmayan Birden Fazla Kişiden Oluşan Hanehalkı";"Hanehalkı sayısı";"2020";"3713";"";"";"";"";""
"Türkiye";"Yıllık";"Adrese Dayalı Nüfus Kayıt Sistemi";"Bolu";"Çekirdek Aile Bulunmayan Birden Fazla Kişiden Oluşan Hanehalkı";"Hanehalkı sayısı";"2021";"3922";"";"";"";"";""
"Türkiye";"Yıllık";"Adrese Dayalı Nüfus Kayıt Sistemi";"Bolu";"Çekirdek Aile Bulunmayan Birden Fazla Kişiden Oluşan Hanehalkı";"Hanehalkı sayısı";"2022";"3715";"";"";"";"";""
"Türkiye";"Yıllık";"Adrese Dayalı Nüfus Kayıt Sistemi";"Bolu";"Çekirdek Aile Bulunmayan Birden Fazla Kişiden Oluşan Hanehalkı";"Hanehalkı sayısı";"2023";"3676";"";"";"";"";""
"Türkiye";"Yıllık";"Adrese Dayalı Nüfus Kayıt Sistemi";"Bolu";"Çekirdek Aile Bulunmayan Birden Fazla Kişiden Oluşan Hanehalkı";"Hanehalkı sayısı";"2024";"3402";"";"";"";"";""
"Türkiye";"Yıllık";"Adrese Dayalı Nüfus Kayıt Sistemi";"Bolu";"Çekirdek Aile Bulunmayan Birden Fazla Kişiden Oluşan Hanehalkı";"Hanehalkı sayısı";"2025";"3428";"";"";"";"";""
"Türkiye";"Yıllık";"Adrese Dayalı Nüfus Kayıt Sistemi";"Bolu";"Toplam";"Hanehalkı sayısı";"2014";"84977";"";"";"";"";""
"Türkiye";"Yıllık";"Adrese Dayalı Nüfus Kayıt Sistemi";"Bolu";"Toplam";"Hanehalkı sayısı";"2015";"87698";"";"";"";"";""
"Türkiye";"Yıllık";"Adrese Dayalı Nüfus Kayıt Sistemi";"Bolu";"Toplam";"Hanehalkı sayısı";"2016";"91562";"";"";"";"";""
"Türkiye";"Yıllık";"Adrese Dayalı Nüfus Kayıt Sistemi";"Bolu";"Toplam";"Hanehalkı sayısı";"2017";"93281";"";"";"";"";""
"Türkiye";"Yıllık";"Adrese Dayalı Nüfus Kayıt Sistemi";"Bolu";"Toplam";"Hanehalkı sayısı";"2018";"95765";"";"";"";"";""
"Türkiye";"Yıllık";"Adrese Dayalı Nüfus Kayıt Sistemi";"Bolu";"Toplam";"Hanehalkı sayısı";"2019";"98697";"";"";"";"";""
"Türkiye";"Yıllık";"Adrese Dayalı Nüfus Kayıt Sistemi";"Bolu";"Toplam";"Hanehalkı sayısı";"2020";"101437";"";"";"";"";""
"Türkiye";"Yıllık";"Adrese Dayalı Nüfus Kayıt Sistemi";"Bolu";"Toplam";"Hanehalkı sayısı";"2021";"104358";"";"";"";"";""
"Türkiye";"Yıllık";"Adrese Dayalı Nüfus Kayıt Sistemi";"Bolu";"Toplam";"Hanehalkı sayısı";"2022";"106520";"";"";"";"";""
"Türkiye";"Yıllık";"Adrese Dayalı Nüfus Kayıt Sistemi";"Bolu";"Toplam";"Hanehalkı sayısı";"2023";"107570";"";"";"";"";""
"Türkiye";"Yıllık";"Adrese Dayalı Nüfus Kayıt Sistemi";"Bolu";"Toplam";"Hanehalkı sayısı";"2024";"108369";"";"";"";"";""
"Türkiye";"Yıllık";"Adrese Dayalı Nüfus Kayıt Sistemi";"Bolu";"Toplam";"Hanehalkı sayısı";"2025";"109879";"";"";"";"";""
"Türkiye";"Yıllık";"Adrese Dayalı Nüfus Kayıt Sistemi";"Düzce";"Tek Kişilik Hanehalkı";"Hanehalkı sayısı";"2014";"12613";"";"";"";"";""
"Türkiye";"Yıllık";"Adrese Dayalı Nüfus Kayıt Sistemi";"Düzce";"Tek Kişilik Hanehalkı";"Hanehalkı sayısı";"2015";"13467";"";"";"";"";""
"Türkiye";"Yıllık";"Adrese Dayalı Nüfus Kayıt Sistemi";"Düzce";"Tek Kişilik Hanehalkı";"Hanehalkı sayısı";"2016";"14451";"";"";"";"";""
"Türkiye";"Yıllık";"Adrese Dayalı Nüfus Kayıt Sistemi";"Düzce";"Tek Kişilik Hanehalkı";"Hanehalkı sayısı";"2017";"15568";"";"";"";"";""
"Türkiye";"Yıllık";"Adrese Dayalı Nüfus Kayıt Sistemi";"Düzce";"Tek Kişilik Hanehalkı";"Hanehalkı sayısı";"2018";"16807";"";"";"";"";""
"Türkiye";"Yıllık";"Adrese Dayalı Nüfus Kayıt Sistemi";"Düzce";"Tek Kişilik Hanehalkı";"Hanehalkı sayısı";"2019";"18193";"";"";"";"";""
"Türkiye";"Yıllık";"Adrese Dayalı Nüfus Kayıt Sistemi";"Düzce";"Tek Kişilik Hanehalkı";"Hanehalkı sayısı";"2020";"20408";"";"";"";"";""
"Türkiye";"Yıllık";"Adrese Dayalı Nüfus Kayıt Sistemi";"Düzce";"Tek Kişilik Hanehalkı";"Hanehalkı sayısı";"2021";"22905";"";"";"";"";""
"Türkiye";"Yıllık";"Adrese Dayalı Nüfus Kayıt Sistemi";"Düzce";"Tek Kişilik Hanehalkı";"Hanehalkı sayısı";"2022";"25312";"";"";"";"";""
"Türkiye";"Yıllık";"Adrese Dayalı Nüfus Kayıt Sistemi";"Düzce";"Tek Kişilik Hanehalkı";"Hanehalkı sayısı";"2023";"26022";"";"";"";"";""
"Türkiye";"Yıllık";"Adrese Dayalı Nüfus Kayıt Sistemi";"Düzce";"Tek Kişilik Hanehalkı";"Hanehalkı sayısı";"2024";"27045";"";"";"";"";""
"Türkiye";"Yıllık";"Adrese Dayalı Nüfus Kayıt Sistemi";"Düzce";"Tek Kişilik Hanehalkı";"Hanehalkı sayısı";"2025";"28204";"";"";"";"";""
"Türkiye";"Yıllık";"Adrese Dayalı Nüfus Kayıt Sistemi";"Düzce";"Tek Çekirdek Aileden Oluşan Hanehalkı";"Hanehalkı sayısı";"2014";"61315";"";"";"";"";""
"Türkiye";"Yıllık";"Adrese Dayalı Nüfus Kayıt Sistemi";"Düzce";"Tek Çekirdek Aileden Oluşan Hanehalkı";"Hanehalkı sayısı";"2015";"62660";"";"";"";"";""
"Türkiye";"Yıllık";"Adrese Dayalı Nüfus Kayıt Sistemi";"Düzce";"Tek Çekirdek Aileden Oluşan Hanehalkı";"Hanehalkı sayısı";"2016";"64338";"";"";"";"";""
"Türkiye";"Yıllık";"Adrese Dayalı Nüfus Kayıt Sistemi";"Düzce";"Tek Çekirdek Aileden Oluşan Hanehalkı";"Hanehalkı sayısı";"2017";"66024";"";"";"";"";""
"Türkiye";"Yıllık";"Adrese Dayalı Nüfus Kayıt Sistemi";"Düzce";"Tek Çekirdek Aileden Oluşan Hanehalkı";"Hanehalkı sayısı";"2018";"67127";"";"";"";"";""
"Türkiye";"Yıllık";"Adrese Dayalı Nüfus Kayıt Sistemi";"Düzce";"Tek Çekirdek Aileden Oluşan Hanehalkı";"Hanehalkı sayısı";"2019";"68664";"";"";"";"";""
"Türkiye";"Yıllık";"Adrese Dayalı Nüfus Kayıt Sistemi";"Düzce";"Tek Çekirdek Aileden Oluşan Hanehalkı";"Hanehalkı sayısı";"2020";"71086";"";"";"";"";""
"Türkiye";"Yıllık";"Adrese Dayalı Nüfus Kayıt Sistemi";"Düzce";"Tek Çekirdek Aileden Oluşan Hanehalkı";"Hanehalkı sayısı";"2021";"72922";"";"";"";"";""
"Türkiye";"Yıllık";"Adrese Dayalı Nüfus Kayıt Sistemi";"Düzce";"Tek Çekirdek Aileden Oluşan Hanehalkı";"Hanehalkı sayısı";"2022";"75422";"";"";"";"";""
"Türkiye";"Yıllık";"Adrese Dayalı Nüfus Kayıt Sistemi";"Düzce";"Tek Çekirdek Aileden Oluşan Hanehalkı";"Hanehalkı sayısı";"2023";"76040";"";"";"";"";""
"Türkiye";"Yıllık";"Adrese Dayalı Nüfus Kayıt Sistemi";"Düzce";"Tek Çekirdek Aileden Oluşan Hanehalkı";"Hanehalkı sayısı";"2024";"76430";"";"";"";"";""
"Türkiye";"Yıllık";"Adrese Dayalı Nüfus Kayıt Sistemi";"Düzce";"Tek Çekirdek Aileden Oluşan Hanehalkı";"Hanehalkı sayısı";"2025";"77507";"";"";"";"";""
"Türkiye";"Yıllık";"Adrese Dayalı Nüfus Kayıt Sistemi";"Düzce";"En Az Bir Çekirdek Aile Ve Diğer Kişilerden Oluşan Hanehalkı";"Hanehalkı sayısı";"2014";"20955";"";"";"";"";""
"Türkiye";"Yıllık";"Adrese Dayalı Nüfus Kayıt Sistemi";"Düzce";"En Az Bir Çekirdek Aile Ve Diğer Kişilerden Oluşan Hanehalkı";"Hanehalkı sayısı";"2015";"20995";"";"";"";"";""
"Türkiye";"Yıllık";"Adrese Dayalı Nüfus Kayıt Sistemi";"Düzce";"En Az Bir Çekirdek Aile Ve Diğer Kişilerden Oluşan Hanehalkı";"Hanehalkı sayısı";"2016";"20820";"";"";"";"";""
"Türkiye";"Yıllık";"Adrese Dayalı Nüfus Kayıt Sistemi";"Düzce";"En Az Bir Çekirdek Aile Ve Diğer Kişilerden Oluşan Hanehalkı";"Hanehalkı sayısı";"2017";"20855";"";"";"";"";""
"Türkiye";"Yıllık";"Adrese Dayalı Nüfus Kayıt Sistemi";"Düzce";"En Az Bir Çekirdek Aile Ve Diğer Kişilerden Oluşan Hanehalkı";"Hanehalkı sayısı";"2018";"21478";"";"";"";"";""
"Türkiye";"Yıllık";"Adrese Dayalı Nüfus Kayıt Sistemi";"Düzce";"En Az Bir Çekirdek Aile Ve Diğer Kişilerden Oluşan Hanehalkı";"Hanehalkı sayısı";"2019";"21524";"";"";"";"";""
"Türkiye";"Yıllık";"Adrese Dayalı Nüfus Kayıt Sistemi";"Düzce";"En Az Bir Çekirdek Aile Ve Diğer Kişilerden Oluşan Hanehalkı";"Hanehalkı sayısı";"2020";"20953";"";"";"";"";""
"Türkiye";"Yıllık";"Adrese Dayalı Nüfus Kayıt Sistemi";"Düzce";"En Az Bir Çekirdek Aile Ve Diğer Kişilerden Oluşan Hanehalkı";"Hanehalkı sayısı";"2021";"20688";"";"";"";"";""
"Türkiye";"Yıllık";"Adrese Dayalı Nüfus Kayıt Sistemi";"Düzce";"En Az Bir Çekirdek Aile Ve Diğer Kişilerden Oluşan Hanehalkı";"Hanehalkı sayısı";"2022";"20489";"";"";"";"";""
"Türkiye";"Yıllık";"Adrese Dayalı Nüfus Kayıt Sistemi";"Düzce";"En Az Bir Çekirdek Aile Ve Diğer Kişilerden Oluşan Hanehalkı";"Hanehalkı sayısı";"2023";"21715";"";"";"";"";""
"Türkiye";"Yıllık";"Adrese Dayalı Nüfus Kayıt Sistemi";"Düzce";"En Az Bir Çekirdek Aile Ve Diğer Kişilerden Oluşan Hanehalkı";"Hanehalkı sayısı";"2024";"22294";"";"";"";"";""
"Türkiye";"Yıllık";"Adrese Dayalı Nüfus Kayıt Sistemi";"Düzce";"En Az Bir Çekirdek Aile Ve Diğer Kişilerden Oluşan Hanehalkı";"Hanehalkı sayısı";"2025";"22714";"";"";"";"";""
"Türkiye";"Yıllık";"Adrese Dayalı Nüfus Kayıt Sistemi";"Düzce";"Çekirdek Aile Bulunmayan Birden Fazla Kişiden Oluşan Hanehalkı";"Hanehalkı sayısı";"2014";"1601";"";"";"";"";""
"Türkiye";"Yıllık";"Adrese Dayalı Nüfus Kayıt Sistemi";"Düzce";"Çekirdek Aile Bulunmayan Birden Fazla Kişiden Oluşan Hanehalkı";"Hanehalkı sayısı";"2015";"1708";"";"";"";"";""
"Türkiye";"Yıllık";"Adrese Dayalı Nüfus Kayıt Sistemi";"Düzce";"Çekirdek Aile Bulunmayan Birden Fazla Kişiden Oluşan Hanehalkı";"Hanehalkı sayısı";"2016";"2229";"";"";"";"";""
"Türkiye";"Yıllık";"Adrese Dayalı Nüfus Kayıt Sistemi";"Düzce";"Çekirdek Aile Bulunmayan Birden Fazla Kişiden Oluşan Hanehalkı";"Hanehalkı sayısı";"2017";"2229";"";"";"";"";""
"Türkiye";"Yıllık";"Adrese Dayalı Nüfus Kayıt Sistemi";"Düzce";"Çekirdek Aile Bulunmayan Birden Fazla Kişiden Oluşan Hanehalkı";"Hanehalkı sayısı";"2018";"2675";"";"";"";"";""
"Türkiye";"Yıllık";"Adrese Dayalı Nüfus Kayıt Sistemi";"Düzce";"Çekirdek Aile Bulunmayan Birden Fazla Kişiden Oluşan Hanehalkı";"Hanehalkı sayısı";"2019";"2809";"";"";"";"";""
"Türkiye";"Yıllık";"Adrese Dayalı Nüfus Kayıt Sistemi";"Düzce";"Çekirdek Aile Bulunmayan Birden Fazla Kişiden Oluşan Hanehalkı";"Hanehalkı sayısı";"2020";"2892";"";"";"";"";""
"Türkiye";"Yıllık";"Adrese Dayalı Nüfus Kayıt Sistemi";"Düzce";"Çekirdek Aile Bulunmayan Birden Fazla Kişiden Oluşan Hanehalkı";"Hanehalkı sayısı";"2021";"3185";"";"";"";"";""
"Türkiye";"Yıllık";"Adrese Dayalı Nüfus Kayıt Sistemi";"Düzce";"Çekirdek Aile Bulunmayan Birden Fazla Kişiden Oluşan Hanehalkı";"Hanehalkı sayısı";"2022";"3380";"";"";"";"";""
"Türkiye";"Yıllık";"Adrese Dayalı Nüfus Kayıt Sistemi";"Düzce";"Çekirdek Aile Bulunmayan Birden Fazla Kişiden Oluşan Hanehalkı";"Hanehalkı sayısı";"2023";"3535";"";"";"";"";""
"Türkiye";"Yıllık";"Adrese Dayalı Nüfus Kayıt Sistemi";"Düzce";"Çekirdek Aile Bulunmayan Birden Fazla Kişiden Oluşan Hanehalkı";"Hanehalkı sayısı";"2024";"3514";"";"";"";"";""
"Türkiye";"Yıllık";"Adrese Dayalı Nüfus Kayıt Sistemi";"Düzce";"Çekirdek Aile Bulunmayan Birden Fazla Kişiden Oluşan Hanehalkı";"Hanehalkı sayısı";"2025";"3697";"";"";"";"";""
"Türkiye";"Yıllık";"Adrese Dayalı Nüfus Kayıt Sistemi";"Düzce";"Toplam";"Hanehalkı sayısı";"2014";"96484";"";"";"";"";""
"Türkiye";"Yıllık";"Adrese Dayalı Nüfus Kayıt Sistemi";"Düzce";"Toplam";"Hanehalkı sayısı";"2015";"98830";"";"";"";"";""
"Türkiye";"Yıllık";"Adrese Dayalı Nüfus Kayıt Sistemi";"Düzce";"Toplam";"Hanehalkı sayısı";"2016";"101838";"";"";"";"";""
"Türkiye";"Yıllık";"Adrese Dayalı Nüfus Kayıt Sistemi";"Düzce";"Toplam";"Hanehalkı sayısı";"2017";"104676";"";"";"";"";""
"Türkiye";"Yıllık";"Adrese Dayalı Nüfus Kayıt Sistemi";"Düzce";"Toplam";"Hanehalkı sayısı";"2018";"108087";"";"";"";"";""
"Türkiye";"Yıllık";"Adrese Dayalı Nüfus Kayıt Sistemi";"Düzce";"Toplam";"Hanehalkı sayısı";"2019";"111190";"";"";"";"";""
"Türkiye";"Yıllık";"Adrese Dayalı Nüfus Kayıt Sistemi";"Düzce";"Toplam";"Hanehalkı sayısı";"2020";"115339";"";"";"";"";""
"Türkiye";"Yıllık";"Adrese Dayalı Nüfus Kayıt Sistemi";"Düzce";"Toplam";"Hanehalkı sayısı";"2021";"119700";"";"";"";"";""
"Türkiye";"Yıllık";"Adrese Dayalı Nüfus Kayıt Sistemi";"Düzce";"Toplam";"Hanehalkı sayısı";"2022";"124603";"";"";"";"";""
"Türkiye";"Yıllık";"Adrese Dayalı Nüfus Kayıt Sistemi";"Düzce";"Toplam";"Hanehalkı sayısı";"2023";"127312";"";"";"";"";""
"Türkiye";"Yıllık";"Adrese Dayalı Nüfus Kayıt Sistemi";"Düzce";"Toplam";"Hanehalkı sayısı";"2024";"129283";"";"";"";"";""
"Türkiye";"Yıllık";"Adrese Dayalı Nüfus Kayıt Sistemi";"Düzce";"Toplam";"Hanehalkı sayısı";"2025";"132122";"";"";"";"";""
"Türkiye";"Yıllık";"Adrese Dayalı Nüfus Kayıt Sistemi";"Kocaeli";"Tek Kişilik Hanehalkı";"Hanehalkı sayısı";"2014";"50421";"";"";"";"";""
"Türkiye";"Yıllık";"Adrese Dayalı Nüfus Kayıt Sistemi";"Kocaeli";"Tek Kişilik Hanehalkı";"Hanehalkı sayısı";"2015";"54229";"";"";"";"";""
"Türkiye";"Yıllık";"Adrese Dayalı Nüfus Kayıt Sistemi";"Kocaeli";"Tek Kişilik Hanehalkı";"Hanehalkı sayısı";"2016";"58540";"";"";"";"";""
"Türkiye";"Yıllık";"Adrese Dayalı Nüfus Kayıt Sistemi";"Kocaeli";"Tek Kişilik Hanehalkı";"Hanehalkı sayısı";"2017";"62385";"";"";"";"";""
"Türkiye";"Yıllık";"Adrese Dayalı Nüfus Kayıt Sistemi";"Kocaeli";"Tek Kişilik Hanehalkı";"Hanehalkı sayısı";"2018";"67486";"";"";"";"";""
"Türkiye";"Yıllık";"Adrese Dayalı Nüfus Kayıt Sistemi";"Kocaeli";"Tek Kişilik Hanehalkı";"Hanehalkı sayısı";"2019";"73515";"";"";"";"";""
"Türkiye";"Yıllık";"Adrese Dayalı Nüfus Kayıt Sistemi";"Kocaeli";"Tek Kişilik Hanehalkı";"Hanehalkı sayısı";"2020";"82693";"";"";"";"";""
"Türkiye";"Yıllık";"Adrese Dayalı Nüfus Kayıt Sistemi";"Kocaeli";"Tek Kişilik Hanehalkı";"Hanehalkı sayısı";"2021";"92919";"";"";"";"";""
"Türkiye";"Yıllık";"Adrese Dayalı Nüfus Kayıt Sistemi";"Kocaeli";"Tek Kişilik Hanehalkı";"Hanehalkı sayısı";"2022";"100837";"";"";"";"";""
"Türkiye";"Yıllık";"Adrese Dayalı Nüfus Kayıt Sistemi";"Kocaeli";"Tek Kişilik Hanehalkı";"Hanehalkı sayısı";"2023";"103706";"";"";"";"";""
"Türkiye";"Yıllık";"Adrese Dayalı Nüfus Kayıt Sistemi";"Kocaeli";"Tek Kişilik Hanehalkı";"Hanehalkı sayısı";"2024";"106912";"";"";"";"";""
"Türkiye";"Yıllık";"Adrese Dayalı Nüfus Kayıt Sistemi";"Kocaeli";"Tek Kişilik Hanehalkı";"Hanehalkı sayısı";"2025";"112599";"";"";"";"";""
"Türkiye";"Yıllık";"Adrese Dayalı Nüfus Kayıt Sistemi";"Kocaeli";"Tek Çekirdek Aileden Oluşan Hanehalkı";"Hanehalkı sayısı";"2014";"335128";"";"";"";"";""
"Türkiye";"Yıllık";"Adrese Dayalı Nüfus Kayıt Sistemi";"Kocaeli";"Tek Çekirdek Aileden Oluşan Hanehalkı";"Hanehalkı sayısı";"2015";"347435";"";"";"";"";""
"Türkiye";"Yıllık";"Adrese Dayalı Nüfus Kayıt Sistemi";"Kocaeli";"Tek Çekirdek Aileden Oluşan Hanehalkı";"Hanehalkı sayısı";"2016";"358007";"";"";"";"";""
"Türkiye";"Yıllık";"Adrese Dayalı Nüfus Kayıt Sistemi";"Kocaeli";"Tek Çekirdek Aileden Oluşan Hanehalkı";"Hanehalkı sayısı";"2017";"368379";"";"";"";"";""
"Türkiye";"Yıllık";"Adrese Dayalı Nüfus Kayıt Sistemi";"Kocaeli";"Tek Çekirdek Aileden Oluşan Hanehalkı";"Hanehalkı sayısı";"2018";"374292";"";"";"";"";""
"Türkiye";"Yıllık";"Adrese Dayalı Nüfus Kayıt Sistemi";"Kocaeli";"Tek Çekirdek Aileden Oluşan Hanehalkı";"Hanehalkı sayısı";"2019";"386858";"";"";"";"";""
"Türkiye";"Yıllık";"Adrese Dayalı Nüfus Kayıt Sistemi";"Kocaeli";"Tek Çekirdek Aileden Oluşan Hanehalkı";"Hanehalkı sayısı";"2020";"401544";"";"";"";"";""
"Türkiye";"Yıllık";"Adrese Dayalı Nüfus Kayıt Sistemi";"Kocaeli";"Tek Çekirdek Aileden Oluşan Hanehalkı";"Hanehalkı sayısı";"2021";"412780";"";"";"";"";""
"Türkiye";"Yıllık";"Adrese Dayalı Nüfus Kayıt Sistemi";"Kocaeli";"Tek Çekirdek Aileden Oluşan Hanehalkı";"Hanehalkı sayısı";"2022";"426704";"";"";"";"";""
"Türkiye";"Yıllık";"Adrese Dayalı Nüfus Kayıt Sistemi";"Kocaeli";"Tek Çekirdek Aileden Oluşan Hanehalkı";"Hanehalkı sayısı";"2023";"432778";"";"";"";"";""
"Türkiye";"Yıllık";"Adrese Dayalı Nüfus Kayıt Sistemi";"Kocaeli";"Tek Çekirdek Aileden Oluşan Hanehalkı";"Hanehalkı sayısı";"2024";"438336";"";"";"";"";""
"Türkiye";"Yıllık";"Adrese Dayalı Nüfus Kayıt Sistemi";"Kocaeli";"Tek Çekirdek Aileden Oluşan Hanehalkı";"Hanehalkı sayısı";"2025";"444563";"";"";"";"";""
"Türkiye";"Yıllık";"Adrese Dayalı Nüfus Kayıt Sistemi";"Kocaeli";"En Az Bir Çekirdek Aile Ve Diğer Kişilerden Oluşan Hanehalkı";"Hanehalkı sayısı";"2014";"79224";"";"";"";"";""
"Türkiye";"Yıllık";"Adrese Dayalı Nüfus Kayıt Sistemi";"Kocaeli";"En Az Bir Çekirdek Aile Ve Diğer Kişilerden Oluşan Hanehalkı";"Hanehalkı sayısı";"2015";"82601";"";"";"";"";""
"Türkiye";"Yıllık";"Adrese Dayalı Nüfus Kayıt Sistemi";"Kocaeli";"En Az Bir Çekirdek Aile Ve Diğer Kişilerden Oluşan Hanehalkı";"Hanehalkı sayısı";"2016";"84588";"";"";"";"";""
"Türkiye";"Yıllık";"Adrese Dayalı Nüfus Kayıt Sistemi";"Kocaeli";"En Az Bir Çekirdek Aile Ve Diğer Kişilerden Oluşan Hanehalkı";"Hanehalkı sayısı";"2017";"86992";"";"";"";"";""
"Türkiye";"Yıllık";"Adrese Dayalı Nüfus Kayıt Sistemi";"Kocaeli";"En Az Bir Çekirdek Aile Ve Diğer Kişilerden Oluşan Hanehalkı";"Hanehalkı sayısı";"2018";"86947";"";"";"";"";""
"Türkiye";"Yıllık";"Adrese Dayalı Nüfus Kayıt Sistemi";"Kocaeli";"En Az Bir Çekirdek Aile Ve Diğer Kişilerden Oluşan Hanehalkı";"Hanehalkı sayısı";"2019";"87566";"";"";"";"";""
"Türkiye";"Yıllık";"Adrese Dayalı Nüfus Kayıt Sistemi";"Kocaeli";"En Az Bir Çekirdek Aile Ve Diğer Kişilerden Oluşan Hanehalkı";"Hanehalkı sayısı";"2020";"84725";"";"";"";"";""
"Türkiye";"Yıllık";"Adrese Dayalı Nüfus Kayıt Sistemi";"Kocaeli";"En Az Bir Çekirdek Aile Ve Diğer Kişilerden Oluşan Hanehalkı";"Hanehalkı sayısı";"2021";"84173";"";"";"";"";""
"Türkiye";"Yıllık";"Adrese Dayalı Nüfus Kayıt Sistemi";"Kocaeli";"En Az Bir Çekirdek Aile Ve Diğer Kişilerden Oluşan Hanehalkı";"Hanehalkı sayısı";"2022";"84658";"";"";"";"";""
"Türkiye";"Yıllık";"Adrese Dayalı Nüfus Kayıt Sistemi";"Kocaeli";"En Az Bir Çekirdek Aile Ve Diğer Kişilerden Oluşan Hanehalkı";"Hanehalkı sayısı";"2023";"87454";"";"";"";"";""
"Türkiye";"Yıllık";"Adrese Dayalı Nüfus Kayıt Sistemi";"Kocaeli";"En Az Bir Çekirdek Aile Ve Diğer Kişilerden Oluşan Hanehalkı";"Hanehalkı sayısı";"2024";"89822";"";"";"";"";""
"Türkiye";"Yıllık";"Adrese Dayalı Nüfus Kayıt Sistemi";"Kocaeli";"En Az Bir Çekirdek Aile Ve Diğer Kişilerden Oluşan Hanehalkı";"Hanehalkı sayısı";"2025";"93151";"";"";"";"";""
"Türkiye";"Yıllık";"Adrese Dayalı Nüfus Kayıt Sistemi";"Kocaeli";"Çekirdek Aile Bulunmayan Birden Fazla Kişiden Oluşan Hanehalkı";"Hanehalkı sayısı";"2014";"7543";"";"";"";"";""
"Türkiye";"Yıllık";"Adrese Dayalı Nüfus Kayıt Sistemi";"Kocaeli";"Çekirdek Aile Bulunmayan Birden Fazla Kişiden Oluşan Hanehalkı";"Hanehalkı sayısı";"2015";"8000";"";"";"";"";""
"Türkiye";"Yıllık";"Adrese Dayalı Nüfus Kayıt Sistemi";"Kocaeli";"Çekirdek Aile Bulunmayan Birden Fazla Kişiden Oluşan Hanehalkı";"Hanehalkı sayısı";"2016";"8469";"";"";"";"";""
"Türkiye";"Yıllık";"Adrese Dayalı Nüfus Kayıt Sistemi";"Kocaeli";"Çekirdek Aile Bulunmayan Birden Fazla Kişiden Oluşan Hanehalkı";"Hanehalkı sayısı";"2017";"8657";"";"";"";"";""
"Türkiye";"Yıllık";"Adrese Dayalı Nüfus Kayıt Sistemi";"Kocaeli";"Çekirdek Aile Bulunmayan Birden Fazla Kişiden Oluşan Hanehalkı";"Hanehalkı sayısı";"2018";"9829";"";"";"";"";""
"Türkiye";"Yıllık";"Adrese Dayalı Nüfus Kayıt Sistemi";"Kocaeli";"Çekirdek Aile Bulunmayan Birden Fazla Kişiden Oluşan Hanehalkı";"Hanehalkı sayısı";"2019";"10535";"";"";"";"";""
"Türkiye";"Yıllık";"Adrese Dayalı Nüfus Kayıt Sistemi";"Kocaeli";"Çekirdek Aile Bulunmayan Birden Fazla Kişiden Oluşan Hanehalkı";"Hanehalkı sayısı";"2020";"11298";"";"";"";"";""
"Türkiye";"Yıllık";"Adrese Dayalı Nüfus Kayıt Sistemi";"Kocaeli";"Çekirdek Aile Bulunmayan Birden Fazla Kişiden Oluşan Hanehalkı";"Hanehalkı sayısı";"2021";"12729";"";"";"";"";""
"Türkiye";"Yıllık";"Adrese Dayalı Nüfus Kayıt Sistemi";"Kocaeli";"Çekirdek Aile Bulunmayan Birden Fazla Kişiden Oluşan Hanehalkı";"Hanehalkı sayısı";"2022";"13992";"";"";"";"";""
"Türkiye";"Yıllık";"Adrese Dayalı Nüfus Kayıt Sistemi";"Kocaeli";"Çekirdek Aile Bulunmayan Birden Fazla Kişiden Oluşan Hanehalkı";"Hanehalkı sayısı";"2023";"14932";"";"";"";"";""
"Türkiye";"Yıllık";"Adrese Dayalı Nüfus Kayıt Sistemi";"Kocaeli";"Çekirdek Aile Bulunmayan Birden Fazla Kişiden Oluşan Hanehalkı";"Hanehalkı sayısı";"2024";"15399";"";"";"";"";""
"Türkiye";"Yıllık";"Adrese Dayalı Nüfus Kayıt Sistemi";"Kocaeli";"Çekirdek Aile Bulunmayan Birden Fazla Kişiden Oluşan Hanehalkı";"Hanehalkı sayısı";"2025";"16412";"";"";"";"";""
"Türkiye";"Yıllık";"Adrese Dayalı Nüfus Kayıt Sistemi";"Kocaeli";"Toplam";"Hanehalkı sayısı";"2014";"472316";"";"";"";"";""
"Türkiye";"Yıllık";"Adrese Dayalı Nüfus Kayıt Sistemi";"Kocaeli";"Toplam";"Hanehalkı sayısı";"2015";"492265";"";"";"";"";""
"Türkiye";"Yıllık";"Adrese Dayalı Nüfus Kayıt Sistemi";"Kocaeli";"Toplam";"Hanehalkı sayısı";"2016";"509604";"";"";"";"";""
"Türkiye";"Yıllık";"Adrese Dayalı Nüfus Kayıt Sistemi";"Kocaeli";"Toplam";"Hanehalkı sayısı";"2017";"526413";"";"";"";"";""
"Türkiye";"Yıllık";"Adrese Dayalı Nüfus Kayıt Sistemi";"Kocaeli";"Toplam";"Hanehalkı sayısı";"2018";"538554";"";"";"";"";""
"Türkiye";"Yıllık";"Adrese Dayalı Nüfus Kayıt Sistemi";"Kocaeli";"Toplam";"Hanehalkı sayısı";"2019";"558474";"";"";"";"";""
"Türkiye";"Yıllık";"Adrese Dayalı Nüfus Kayıt Sistemi";"Kocaeli";"Toplam";"Hanehalkı sayısı";"2020";"580260";"";"";"";"";""
"Türkiye";"Yıllık";"Adrese Dayalı Nüfus Kayıt Sistemi";"Kocaeli";"Toplam";"Hanehalkı sayısı";"2021";"602601";"";"";"";"";""
"Türkiye";"Yıllık";"Adrese Dayalı Nüfus Kayıt Sistemi";"Kocaeli";"Toplam";"Hanehalkı sayısı";"2022";"626191";"";"";"";"";""
"Türkiye";"Yıllık";"Adrese Dayalı Nüfus Kayıt Sistemi";"Kocaeli";"Toplam";"Hanehalkı sayısı";"2023";"638870";"";"";"";"";""
"Türkiye";"Yıllık";"Adrese Dayalı Nüfus Kayıt Sistemi";"Kocaeli";"Toplam";"Hanehalkı sayısı";"2024";"650469";"";"";"";"";""
"Türkiye";"Yıllık";"Adrese Dayalı Nüfus Kayıt Sistemi";"Kocaeli";"Toplam";"Hanehalkı sayısı";"2025";"666725";"";"";"";"";""
"Türkiye";"Yıllık";"Adrese Dayalı Nüfus Kayıt Sistemi";"Sakarya";"Tek Kişilik Hanehalkı";"Hanehalkı sayısı";"2014";"29795";"";"";"";"";""
"Türkiye";"Yıllık";"Adrese Dayalı Nüfus Kayıt Sistemi";"Sakarya";"Tek Kişilik Hanehalkı";"Hanehalkı sayısı";"2015";"31970";"";"";"";"";""
"Türkiye";"Yıllık";"Adrese Dayalı Nüfus Kayıt Sistemi";"Sakarya";"Tek Kişilik Hanehalkı";"Hanehalkı sayısı";"2016";"34273";"";"";"";"";""
"Türkiye";"Yıllık";"Adrese Dayalı Nüfus Kayıt Sistemi";"Sakarya";"Tek Kişilik Hanehalkı";"Hanehalkı sayısı";"2017";"36835";"";"";"";"";""
"Türkiye";"Yıllık";"Adrese Dayalı Nüfus Kayıt Sistemi";"Sakarya";"Tek Kişilik Hanehalkı";"Hanehalkı sayısı";"2018";"39796";"";"";"";"";""
"Türkiye";"Yıllık";"Adrese Dayalı Nüfus Kayıt Sistemi";"Sakarya";"Tek Kişilik Hanehalkı";"Hanehalkı sayısı";"2019";"43802";"";"";"";"";""
"Türkiye";"Yıllık";"Adrese Dayalı Nüfus Kayıt Sistemi";"Sakarya";"Tek Kişilik Hanehalkı";"Hanehalkı sayısı";"2020";"48818";"";"";"";"";""
"Türkiye";"Yıllık";"Adrese Dayalı Nüfus Kayıt Sistemi";"Sakarya";"Tek Kişilik Hanehalkı";"Hanehalkı sayısı";"2021";"54510";"";"";"";"";""
"Türkiye";"Yıllık";"Adrese Dayalı Nüfus Kayıt Sistemi";"Sakarya";"Tek Kişilik Hanehalkı";"Hanehalkı sayısı";"2022";"58872";"";"";"";"";""
"Türkiye";"Yıllık";"Adrese Dayalı Nüfus Kayıt Sistemi";"Sakarya";"Tek Kişilik Hanehalkı";"Hanehalkı sayısı";"2023";"60600";"";"";"";"";""
"Türkiye";"Yıllık";"Adrese Dayalı Nüfus Kayıt Sistemi";"Sakarya";"Tek Kişilik Hanehalkı";"Hanehalkı sayısı";"2024";"62325";"";"";"";"";""
"Türkiye";"Yıllık";"Adrese Dayalı Nüfus Kayıt Sistemi";"Sakarya";"Tek Kişilik Hanehalkı";"Hanehalkı sayısı";"2025";"65384";"";"";"";"";""
"Türkiye";"Yıllık";"Adrese Dayalı Nüfus Kayıt Sistemi";"Sakarya";"Tek Çekirdek Aileden Oluşan Hanehalkı";"Hanehalkı sayısı";"2014";"157999";"";"";"";"";""
"Türkiye";"Yıllık";"Adrese Dayalı Nüfus Kayıt Sistemi";"Sakarya";"Tek Çekirdek Aileden Oluşan Hanehalkı";"Hanehalkı sayısı";"2015";"161688";"";"";"";"";""
"Türkiye";"Yıllık";"Adrese Dayalı Nüfus Kayıt Sistemi";"Sakarya";"Tek Çekirdek Aileden Oluşan Hanehalkı";"Hanehalkı sayısı";"2016";"165460";"";"";"";"";""
"Türkiye";"Yıllık";"Adrese Dayalı Nüfus Kayıt Sistemi";"Sakarya";"Tek Çekirdek Aileden Oluşan Hanehalkı";"Hanehalkı sayısı";"2017";"172187";"";"";"";"";""
"Türkiye";"Yıllık";"Adrese Dayalı Nüfus Kayıt Sistemi";"Sakarya";"Tek Çekirdek Aileden Oluşan Hanehalkı";"Hanehalkı sayısı";"2018";"178667";"";"";"";"";""
"Türkiye";"Yıllık";"Adrese Dayalı Nüfus Kayıt Sistemi";"Sakarya";"Tek Çekirdek Aileden Oluşan Hanehalkı";"Hanehalkı sayısı";"2019";"184666";"";"";"";"";""
"Türkiye";"Yıllık";"Adrese Dayalı Nüfus Kayıt Sistemi";"Sakarya";"Tek Çekirdek Aileden Oluşan Hanehalkı";"Hanehalkı sayısı";"2020";"192184";"";"";"";"";""
"Türkiye";"Yıllık";"Adrese Dayalı Nüfus Kayıt Sistemi";"Sakarya";"Tek Çekirdek Aileden Oluşan Hanehalkı";"Hanehalkı sayısı";"2021";"197706";"";"";"";"";""
"Türkiye";"Yıllık";"Adrese Dayalı Nüfus Kayıt Sistemi";"Sakarya";"Tek Çekirdek Aileden Oluşan Hanehalkı";"Hanehalkı sayısı";"2022";"205161";"";"";"";"";""
"Türkiye";"Yıllık";"Adrese Dayalı Nüfus Kayıt Sistemi";"Sakarya";"Tek Çekirdek Aileden Oluşan Hanehalkı";"Hanehalkı sayısı";"2023";"208439";"";"";"";"";""
"Türkiye";"Yıllık";"Adrese Dayalı Nüfus Kayıt Sistemi";"Sakarya";"Tek Çekirdek Aileden Oluşan Hanehalkı";"Hanehalkı sayısı";"2024";"209847";"";"";"";"";""
"Türkiye";"Yıllık";"Adrese Dayalı Nüfus Kayıt Sistemi";"Sakarya";"Tek Çekirdek Aileden Oluşan Hanehalkı";"Hanehalkı sayısı";"2025";"211770";"";"";"";"";""
"Türkiye";"Yıllık";"Adrese Dayalı Nüfus Kayıt Sistemi";"Sakarya";"En Az Bir Çekirdek Aile Ve Diğer Kişilerden Oluşan Hanehalkı";"Hanehalkı sayısı";"2014";"54004";"";"";"";"";""
"Türkiye";"Yıllık";"Adrese Dayalı Nüfus Kayıt Sistemi";"Sakarya";"En Az Bir Çekirdek Aile Ve Diğer Kişilerden Oluşan Hanehalkı";"Hanehalkı sayısı";"2015";"55260";"";"";"";"";""
"Türkiye";"Yıllık";"Adrese Dayalı Nüfus Kayıt Sistemi";"Sakarya";"En Az Bir Çekirdek Aile Ve Diğer Kişilerden Oluşan Hanehalkı";"Hanehalkı sayısı";"2016";"56304";"";"";"";"";""
"Türkiye";"Yıllık";"Adrese Dayalı Nüfus Kayıt Sistemi";"Sakarya";"En Az Bir Çekirdek Aile Ve Diğer Kişilerden Oluşan Hanehalkı";"Hanehalkı sayısı";"2017";"55366";"";"";"";"";""
"Türkiye";"Yıllık";"Adrese Dayalı Nüfus Kayıt Sistemi";"Sakarya";"En Az Bir Çekirdek Aile Ve Diğer Kişilerden Oluşan Hanehalkı";"Hanehalkı sayısı";"2018";"54622";"";"";"";"";""
"Türkiye";"Yıllık";"Adrese Dayalı Nüfus Kayıt Sistemi";"Sakarya";"En Az Bir Çekirdek Aile Ve Diğer Kişilerden Oluşan Hanehalkı";"Hanehalkı sayısı";"2019";"53634";"";"";"";"";""
"Türkiye";"Yıllık";"Adrese Dayalı Nüfus Kayıt Sistemi";"Sakarya";"En Az Bir Çekirdek Aile Ve Diğer Kişilerden Oluşan Hanehalkı";"Hanehalkı sayısı";"2020";"51811";"";"";"";"";""
"Türkiye";"Yıllık";"Adrese Dayalı Nüfus Kayıt Sistemi";"Sakarya";"En Az Bir Çekirdek Aile Ve Diğer Kişilerden Oluşan Hanehalkı";"Hanehalkı sayısı";"2021";"51062";"";"";"";"";""
"Türkiye";"Yıllık";"Adrese Dayalı Nüfus Kayıt Sistemi";"Sakarya";"En Az Bir Çekirdek Aile Ve Diğer Kişilerden Oluşan Hanehalkı";"Hanehalkı sayısı";"2022";"50610";"";"";"";"";""
"Türkiye";"Yıllık";"Adrese Dayalı Nüfus Kayıt Sistemi";"Sakarya";"En Az Bir Çekirdek Aile Ve Diğer Kişilerden Oluşan Hanehalkı";"Hanehalkı sayısı";"2023";"52796";"";"";"";"";""
"Türkiye";"Yıllık";"Adrese Dayalı Nüfus Kayıt Sistemi";"Sakarya";"En Az Bir Çekirdek Aile Ve Diğer Kişilerden Oluşan Hanehalkı";"Hanehalkı sayısı";"2024";"54350";"";"";"";"";""
"Türkiye";"Yıllık";"Adrese Dayalı Nüfus Kayıt Sistemi";"Sakarya";"En Az Bir Çekirdek Aile Ve Diğer Kişilerden Oluşan Hanehalkı";"Hanehalkı sayısı";"2025";"56904";"";"";"";"";""
"Türkiye";"Yıllık";"Adrese Dayalı Nüfus Kayıt Sistemi";"Sakarya";"Çekirdek Aile Bulunmayan Birden Fazla Kişiden Oluşan Hanehalkı";"Hanehalkı sayısı";"2014";"4720";"";"";"";"";""
"Türkiye";"Yıllık";"Adrese Dayalı Nüfus Kayıt Sistemi";"Sakarya";"Çekirdek Aile Bulunmayan Birden Fazla Kişiden Oluşan Hanehalkı";"Hanehalkı sayısı";"2015";"4906";"";"";"";"";""
"Türkiye";"Yıllık";"Adrese Dayalı Nüfus Kayıt Sistemi";"Sakarya";"Çekirdek Aile Bulunmayan Birden Fazla Kişiden Oluşan Hanehalkı";"Hanehalkı sayısı";"2016";"6623";"";"";"";"";""
"Türkiye";"Yıllık";"Adrese Dayalı Nüfus Kayıt Sistemi";"Sakarya";"Çekirdek Aile Bulunmayan Birden Fazla Kişiden Oluşan Hanehalkı";"Hanehalkı sayısı";"2017";"6416";"";"";"";"";""
"Türkiye";"Yıllık";"Adrese Dayalı Nüfus Kayıt Sistemi";"Sakarya";"Çekirdek Aile Bulunmayan Birden Fazla Kişiden Oluşan Hanehalkı";"Hanehalkı sayısı";"2018";"7573";"";"";"";"";""
"Türkiye";"Yıllık";"Adrese Dayalı Nüfus Kayıt Sistemi";"Sakarya";"Çekirdek Aile Bulunmayan Birden Fazla Kişiden Oluşan Hanehalkı";"Hanehalkı sayısı";"2019";"8267";"";"";"";"";""
"Türkiye";"Yıllık";"Adrese Dayalı Nüfus Kayıt Sistemi";"Sakarya";"Çekirdek Aile Bulunmayan Birden Fazla Kişiden Oluşan Hanehalkı";"Hanehalkı sayısı";"2020";"8578";"";"";"";"";""
"Türkiye";"Yıllık";"Adrese Dayalı Nüfus Kayıt Sistemi";"Sakarya";"Çekirdek Aile Bulunmayan Birden Fazla Kişiden Oluşan Hanehalkı";"Hanehalkı sayısı";"2021";"9489";"";"";"";"";""
"Türkiye";"Yıllık";"Adrese Dayalı Nüfus Kayıt Sistemi";"Sakarya";"Çekirdek Aile Bulunmayan Birden Fazla Kişiden Oluşan Hanehalkı";"Hanehalkı sayısı";"2022";"10079";"";"";"";"";""
"Türkiye";"Yıllık";"Adrese Dayalı Nüfus Kayıt Sistemi";"Sakarya";"Çekirdek Aile Bulunmayan Birden Fazla Kişiden Oluşan Hanehalkı";"Hanehalkı sayısı";"2023";"10229";"";"";"";"";""
"Türkiye";"Yıllık";"Adrese Dayalı Nüfus Kayıt Sistemi";"Sakarya";"Çekirdek Aile Bulunmayan Birden Fazla Kişiden Oluşan Hanehalkı";"Hanehalkı sayısı";"2024";"10309";"";"";"";"";""
"Türkiye";"Yıllık";"Adrese Dayalı Nüfus Kayıt Sistemi";"Sakarya";"Çekirdek Aile Bulunmayan Birden Fazla Kişiden Oluşan Hanehalkı";"Hanehalkı sayısı";"2025";"10397";"";"";"";"";""
"Türkiye";"Yıllık";"Adrese Dayalı Nüfus Kayıt Sistemi";"Sakarya";"Toplam";"Hanehalkı sayısı";"2014";"246518";"";"";"";"";""
"Türkiye";"Yıllık";"Adrese Dayalı Nüfus Kayıt Sistemi";"Sakarya";"Toplam";"Hanehalkı sayısı";"2015";"253824";"";"";"";"";""
"Türkiye";"Yıllık";"Adrese Dayalı Nüfus Kayıt Sistemi";"Sakarya";"Toplam";"Hanehalkı sayısı";"2016";"262660";"";"";"";"";""
"Türkiye";"Yıllık";"Adrese Dayalı Nüfus Kayıt Sistemi";"Sakarya";"Toplam";"Hanehalkı sayısı";"2017";"270804";"";"";"";"";""
"Türkiye";"Yıllık";"Adrese Dayalı Nüfus Kayıt Sistemi";"Sakarya";"Toplam";"Hanehalkı sayısı";"2018";"280658";"";"";"";"";""
"Türkiye";"Yıllık";"Adrese Dayalı Nüfus Kayıt Sistemi";"Sakarya";"Toplam";"Hanehalkı sayısı";"2019";"290369";"";"";"";"";""
"Türkiye";"Yıllık";"Adrese Dayalı Nüfus Kayıt Sistemi";"Sakarya";"Toplam";"Hanehalkı sayısı";"2020";"301391";"";"";"";"";""
"Türkiye";"Yıllık";"Adrese Dayalı Nüfus Kayıt Sistemi";"Sakarya";"Toplam";"Hanehalkı sayısı";"2021";"312767";"";"";"";"";""
"Türkiye";"Yıllık";"Adrese Dayalı Nüfus Kayıt Sistemi";"Sakarya";"Toplam";"Hanehalkı sayısı";"2022";"324722";"";"";"";"";""
"Türkiye";"Yıllık";"Adrese Dayalı Nüfus Kayıt Sistemi";"Sakarya";"Toplam";"Hanehalkı sayısı";"2023";"332064";"";"";"";"";""
"Türkiye";"Yıllık";"Adrese Dayalı Nüfus Kayıt Sistemi";"Sakarya";"Toplam";"Hanehalkı sayısı";"2024";"336831";"";"";"";"";""
"Türkiye";"Yıllık";"Adrese Dayalı Nüfus Kayıt Sistemi";"Sakarya";"Toplam";"Hanehalkı sayısı";"2025";"344455";"";"";"";"";""
"Türkiye";"Yıllık";"Adrese Dayalı Nüfus Kayıt Sistemi";"Yalova";"Tek Kişilik Hanehalkı";"Hanehalkı sayısı";"2014";"12856";"";"";"";"";""
"Türkiye";"Yıllık";"Adrese Dayalı Nüfus Kayıt Sistemi";"Yalova";"Tek Kişilik Hanehalkı";"Hanehalkı sayısı";"2015";"13531";"";"";"";"";""
"Türkiye";"Yıllık";"Adrese Dayalı Nüfus Kayıt Sistemi";"Yalova";"Tek Kişilik Hanehalkı";"Hanehalkı sayısı";"2016";"14476";"";"";"";"";""
"Türkiye";"Yıllık";"Adrese Dayalı Nüfus Kayıt Sistemi";"Yalova";"Tek Kişilik Hanehalkı";"Hanehalkı sayısı";"2017";"15421";"";"";"";"";""
"Türkiye";"Yıllık";"Adrese Dayalı Nüfus Kayıt Sistemi";"Yalova";"Tek Kişilik Hanehalkı";"Hanehalkı sayısı";"2018";"16729";"";"";"";"";""
"Türkiye";"Yıllık";"Adrese Dayalı Nüfus Kayıt Sistemi";"Yalova";"Tek Kişilik Hanehalkı";"Hanehalkı sayısı";"2019";"19089";"";"";"";"";""
"Türkiye";"Yıllık";"Adrese Dayalı Nüfus Kayıt Sistemi";"Yalova";"Tek Kişilik Hanehalkı";"Hanehalkı sayısı";"2020";"20412";"";"";"";"";""
"Türkiye";"Yıllık";"Adrese Dayalı Nüfus Kayıt Sistemi";"Yalova";"Tek Kişilik Hanehalkı";"Hanehalkı sayısı";"2021";"22300";"";"";"";"";""
"Türkiye";"Yıllık";"Adrese Dayalı Nüfus Kayıt Sistemi";"Yalova";"Tek Kişilik Hanehalkı";"Hanehalkı sayısı";"2022";"23348";"";"";"";"";""
"Türkiye";"Yıllık";"Adrese Dayalı Nüfus Kayıt Sistemi";"Yalova";"Tek Kişilik Hanehalkı";"Hanehalkı sayısı";"2023";"23519";"";"";"";"";""
"Türkiye";"Yıllık";"Adrese Dayalı Nüfus Kayıt Sistemi";"Yalova";"Tek Kişilik Hanehalkı";"Hanehalkı sayısı";"2024";"24094";"";"";"";"";""
"Türkiye";"Yıllık";"Adrese Dayalı Nüfus Kayıt Sistemi";"Yalova";"Tek Kişilik Hanehalkı";"Hanehalkı sayısı";"2025";"25031";"";"";"";"";""
"Türkiye";"Yıllık";"Adrese Dayalı Nüfus Kayıt Sistemi";"Yalova";"Tek Çekirdek Aileden Oluşan Hanehalkı";"Hanehalkı sayısı";"2014";"45334";"";"";"";"";""
"Türkiye";"Yıllık";"Adrese Dayalı Nüfus Kayıt Sistemi";"Yalova";"Tek Çekirdek Aileden Oluşan Hanehalkı";"Hanehalkı sayısı";"2015";"45831";"";"";"";"";""
"Türkiye";"Yıllık";"Adrese Dayalı Nüfus Kayıt Sistemi";"Yalova";"Tek Çekirdek Aileden Oluşan Hanehalkı";"Hanehalkı sayısı";"2016";"46140";"";"";"";"";""
"Türkiye";"Yıllık";"Adrese Dayalı Nüfus Kayıt Sistemi";"Yalova";"Tek Çekirdek Aileden Oluşan Hanehalkı";"Hanehalkı sayısı";"2017";"47391";"";"";"";"";""
"Türkiye";"Yıllık";"Adrese Dayalı Nüfus Kayıt Sistemi";"Yalova";"Tek Çekirdek Aileden Oluşan Hanehalkı";"Hanehalkı sayısı";"2018";"47864";"";"";"";"";""
"Türkiye";"Yıllık";"Adrese Dayalı Nüfus Kayıt Sistemi";"Yalova";"Tek Çekirdek Aileden Oluşan Hanehalkı";"Hanehalkı sayısı";"2019";"48908";"";"";"";"";""
"Türkiye";"Yıllık";"Adrese Dayalı Nüfus Kayıt Sistemi";"Yalova";"Tek Çekirdek Aileden Oluşan Hanehalkı";"Hanehalkı sayısı";"2020";"50909";"";"";"";"";""
"Türkiye";"Yıllık";"Adrese Dayalı Nüfus Kayıt Sistemi";"Yalova";"Tek Çekirdek Aileden Oluşan Hanehalkı";"Hanehalkı sayısı";"2021";"52204";"";"";"";"";""
"Türkiye";"Yıllık";"Adrese Dayalı Nüfus Kayıt Sistemi";"Yalova";"Tek Çekirdek Aileden Oluşan Hanehalkı";"Hanehalkı sayısı";"2022";"54238";"";"";"";"";""
"Türkiye";"Yıllık";"Adrese Dayalı Nüfus Kayıt Sistemi";"Yalova";"Tek Çekirdek Aileden Oluşan Hanehalkı";"Hanehalkı sayısı";"2023";"55302";"";"";"";"";""
"Türkiye";"Yıllık";"Adrese Dayalı Nüfus Kayıt Sistemi";"Yalova";"Tek Çekirdek Aileden Oluşan Hanehalkı";"Hanehalkı sayısı";"2024";"56141";"";"";"";"";""
"Türkiye";"Yıllık";"Adrese Dayalı Nüfus Kayıt Sistemi";"Yalova";"Tek Çekirdek Aileden Oluşan Hanehalkı";"Hanehalkı sayısı";"2025";"57406";"";"";"";"";""
"Türkiye";"Yıllık";"Adrese Dayalı Nüfus Kayıt Sistemi";"Yalova";"En Az Bir Çekirdek Aile Ve Diğer Kişilerden Oluşan Hanehalkı";"Hanehalkı sayısı";"2014";"9809";"";"";"";"";""
"Türkiye";"Yıllık";"Adrese Dayalı Nüfus Kayıt Sistemi";"Yalova";"En Az Bir Çekirdek Aile Ve Diğer Kişilerden Oluşan Hanehalkı";"Hanehalkı sayısı";"2015";"10405";"";"";"";"";""
"Türkiye";"Yıllık";"Adrese Dayalı Nüfus Kayıt Sistemi";"Yalova";"En Az Bir Çekirdek Aile Ve Diğer Kişilerden Oluşan Hanehalkı";"Hanehalkı sayısı";"2016";"10978";"";"";"";"";""
"Türkiye";"Yıllık";"Adrese Dayalı Nüfus Kayıt Sistemi";"Yalova";"En Az Bir Çekirdek Aile Ve Diğer Kişilerden Oluşan Hanehalkı";"Hanehalkı sayısı";"2017";"11439";"";"";"";"";""
"Türkiye";"Yıllık";"Adrese Dayalı Nüfus Kayıt Sistemi";"Yalova";"En Az Bir Çekirdek Aile Ve Diğer Kişilerden Oluşan Hanehalkı";"Hanehalkı sayısı";"2018";"12046";"";"";"";"";""
"Türkiye";"Yıllık";"Adrese Dayalı Nüfus Kayıt Sistemi";"Yalova";"En Az Bir Çekirdek Aile Ve Diğer Kişilerden Oluşan Hanehalkı";"Hanehalkı sayısı";"2019";"12004";"";"";"";"";""
"Türkiye";"Yıllık";"Adrese Dayalı Nüfus Kayıt Sistemi";"Yalova";"En Az Bir Çekirdek Aile Ve Diğer Kişilerden Oluşan Hanehalkı";"Hanehalkı sayısı";"2020";"11904";"";"";"";"";""
"Türkiye";"Yıllık";"Adrese Dayalı Nüfus Kayıt Sistemi";"Yalova";"En Az Bir Çekirdek Aile Ve Diğer Kişilerden Oluşan Hanehalkı";"Hanehalkı sayısı";"2021";"12206";"";"";"";"";""
"Türkiye";"Yıllık";"Adrese Dayalı Nüfus Kayıt Sistemi";"Yalova";"En Az Bir Çekirdek Aile Ve Diğer Kişilerden Oluşan Hanehalkı";"Hanehalkı sayısı";"2022";"12481";"";"";"";"";""
"Türkiye";"Yıllık";"Adrese Dayalı Nüfus Kayıt Sistemi";"Yalova";"En Az Bir Çekirdek Aile Ve Diğer Kişilerden Oluşan Hanehalkı";"Hanehalkı sayısı";"2023";"13779";"";"";"";"";""
"Türkiye";"Yıllık";"Adrese Dayalı Nüfus Kayıt Sistemi";"Yalova";"En Az Bir Çekirdek Aile Ve Diğer Kişilerden Oluşan Hanehalkı";"Hanehalkı sayısı";"2024";"14334";"";"";"";"";""
"Türkiye";"Yıllık";"Adrese Dayalı Nüfus Kayıt Sistemi";"Yalova";"En Az Bir Çekirdek Aile Ve Diğer Kişilerden Oluşan Hanehalkı";"Hanehalkı sayısı";"2025";"15030";"";"";"";"";""
"Türkiye";"Yıllık";"Adrese Dayalı Nüfus Kayıt Sistemi";"Yalova";"Çekirdek Aile Bulunmayan Birden Fazla Kişiden Oluşan Hanehalkı";"Hanehalkı sayısı";"2014";"1751";"";"";"";"";""
"Türkiye";"Yıllık";"Adrese Dayalı Nüfus Kayıt Sistemi";"Yalova";"Çekirdek Aile Bulunmayan Birden Fazla Kişiden Oluşan Hanehalkı";"Hanehalkı sayısı";"2015";"2252";"";"";"";"";""
"Türkiye";"Yıllık";"Adrese Dayalı Nüfus Kayıt Sistemi";"Yalova";"Çekirdek Aile Bulunmayan Birden Fazla Kişiden Oluşan Hanehalkı";"Hanehalkı sayısı";"2016";"3489";"";"";"";"";""
"Türkiye";"Yıllık";"Adrese Dayalı Nüfus Kayıt Sistemi";"Yalova";"Çekirdek Aile Bulunmayan Birden Fazla Kişiden Oluşan Hanehalkı";"Hanehalkı sayısı";"2017";"4006";"";"";"";"";""
"Türkiye";"Yıllık";"Adrese Dayalı Nüfus Kayıt Sistemi";"Yalova";"Çekirdek Aile Bulunmayan Birden Fazla Kişiden Oluşan Hanehalkı";"Hanehalkı sayısı";"2018";"5273";"";"";"";"";""
"Türkiye";"Yıllık";"Adrese Dayalı Nüfus Kayıt Sistemi";"Yalova";"Çekirdek Aile Bulunmayan Birden Fazla Kişiden Oluşan Hanehalkı";"Hanehalkı sayısı";"2019";"6568";"";"";"";"";""
"Türkiye";"Yıllık";"Adrese Dayalı Nüfus Kayıt Sistemi";"Yalova";"Çekirdek Aile Bulunmayan Birden Fazla Kişiden Oluşan Hanehalkı";"Hanehalkı sayısı";"2020";"6485";"";"";"";"";""
"Türkiye";"Yıllık";"Adrese Dayalı Nüfus Kayıt Sistemi";"Yalova";"Çekirdek Aile Bulunmayan Birden Fazla Kişiden Oluşan Hanehalkı";"Hanehalkı sayısı";"2021";"8375";"";"";"";"";""
"Türkiye";"Yıllık";"Adrese Dayalı Nüfus Kayıt Sistemi";"Yalova";"Çekirdek Aile Bulunmayan Birden Fazla Kişiden Oluşan Hanehalkı";"Hanehalkı sayısı";"2022";"8123";"";"";"";"";""
"Türkiye";"Yıllık";"Adrese Dayalı Nüfus Kayıt Sistemi";"Yalova";"Çekirdek Aile Bulunmayan Birden Fazla Kişiden Oluşan Hanehalkı";"Hanehalkı sayısı";"2023";"7792";"";"";"";"";""
"Türkiye";"Yıllık";"Adrese Dayalı Nüfus Kayıt Sistemi";"Yalova";"Çekirdek Aile Bulunmayan Birden Fazla Kişiden Oluşan Hanehalkı";"Hanehalkı sayısı";"2024";"7426";"";"";"";"";""
"Türkiye";"Yıllık";"Adrese Dayalı Nüfus Kayıt Sistemi";"Yalova";"Çekirdek Aile Bulunmayan Birden Fazla Kişiden Oluşan Hanehalkı";"Hanehalkı sayısı";"2025";"6657";"";"";"";"";""
"Türkiye";"Yıllık";"Adrese Dayalı Nüfus Kayıt Sistemi";"Yalova";"Toplam";"Hanehalkı sayısı";"2014";"69750";"";"";"";"";""
"Türkiye";"Yıllık";"Adrese Dayalı Nüfus Kayıt Sistemi";"Yalova";"Toplam";"Hanehalkı sayısı";"2015";"72019";"";"";"";"";""
"Türkiye";"Yıllık";"Adrese Dayalı Nüfus Kayıt Sistemi";"Yalova";"Toplam";"Hanehalkı sayısı";"2016";"75083";"";"";"";"";""
"Türkiye";"Yıllık";"Adrese Dayalı Nüfus Kayıt Sistemi";"Yalova";"Toplam";"Hanehalkı sayısı";"2017";"78257";"";"";"";"";""
"Türkiye";"Yıllık";"Adrese Dayalı Nüfus Kayıt Sistemi";"Yalova";"Toplam";"Hanehalkı sayısı";"2018";"81912";"";"";"";"";""
"Türkiye";"Yıllık";"Adrese Dayalı Nüfus Kayıt Sistemi";"Yalova";"Toplam";"Hanehalkı sayısı";"2019";"86569";"";"";"";"";""
"Türkiye";"Yıllık";"Adrese Dayalı Nüfus Kayıt Sistemi";"Yalova";"Toplam";"Hanehalkı sayısı";"2020";"89710";"";"";"";"";""
"Türkiye";"Yıllık";"Adrese Dayalı Nüfus Kayıt Sistemi";"Yalova";"Toplam";"Hanehalkı sayısı";"2021";"95085";"";"";"";"";""
"Türkiye";"Yıllık";"Adrese Dayalı Nüfus Kayıt Sistemi";"Yalova";"Toplam";"Hanehalkı sayısı";"2022";"98190";"";"";"";"";""
"Türkiye";"Yıllık";"Adrese Dayalı Nüfus Kayıt Sistemi";"Yalova";"Toplam";"Hanehalkı sayısı";"2023";"100392";"";"";"";"";""
"Türkiye";"Yıllık";"Adrese Dayalı Nüfus Kayıt Sistemi";"Yalova";"Toplam";"Hanehalkı sayısı";"2024";"101995";"";"";"";"";""
"Türkiye";"Yıllık";"Adrese Dayalı Nüfus Kayıt Sistemi";"Yalova";"Toplam";"Hanehalkı sayısı";"2025";"104124";"";"";"";"";""
"Türkiye";"Yıllık";"Adrese Dayalı Nüfus Kayıt Sistemi";"Ankara";"Tek Kişilik Hanehalkı";"Hanehalkı sayısı";"2014";"213469";"";"";"";"";""
"Türkiye";"Yıllık";"Adrese Dayalı Nüfus Kayıt Sistemi";"Ankara";"Tek Kişilik Hanehalkı";"Hanehalkı sayısı";"2015";"227029";"";"";"";"";""
"Türkiye";"Yıllık";"Adrese Dayalı Nüfus Kayıt Sistemi";"Ankara";"Tek Kişilik Hanehalkı";"Hanehalkı sayısı";"2016";"241183";"";"";"";"";""
"Türkiye";"Yıllık";"Adrese Dayalı Nüfus Kayıt Sistemi";"Ankara";"Tek Kişilik Hanehalkı";"Hanehalkı sayısı";"2017";"255205";"";"";"";"";""
"Türkiye";"Yıllık";"Adrese Dayalı Nüfus Kayıt Sistemi";"Ankara";"Tek Kişilik Hanehalkı";"Hanehalkı sayısı";"2018";"273687";"";"";"";"";""
"Türkiye";"Yıllık";"Adrese Dayalı Nüfus Kayıt Sistemi";"Ankara";"Tek Kişilik Hanehalkı";"Hanehalkı sayısı";"2019";"300036";"";"";"";"";""
"Türkiye";"Yıllık";"Adrese Dayalı Nüfus Kayıt Sistemi";"Ankara";"Tek Kişilik Hanehalkı";"Hanehalkı sayısı";"2020";"326399";"";"";"";"";""
"Türkiye";"Yıllık";"Adrese Dayalı Nüfus Kayıt Sistemi";"Ankara";"Tek Kişilik Hanehalkı";"Hanehalkı sayısı";"2021";"354741";"";"";"";"";""
"Türkiye";"Yıllık";"Adrese Dayalı Nüfus Kayıt Sistemi";"Ankara";"Tek Kişilik Hanehalkı";"Hanehalkı sayısı";"2022";"368911";"";"";"";"";""
"Türkiye";"Yıllık";"Adrese Dayalı Nüfus Kayıt Sistemi";"Ankara";"Tek Kişilik Hanehalkı";"Hanehalkı sayısı";"2023";"375260";"";"";"";"";""
"Türkiye";"Yıllık";"Adrese Dayalı Nüfus Kayıt Sistemi";"Ankara";"Tek Kişilik Hanehalkı";"Hanehalkı sayısı";"2024";"384201";"";"";"";"";""
"Türkiye";"Yıllık";"Adrese Dayalı Nüfus Kayıt Sistemi";"Ankara";"Tek Kişilik Hanehalkı";"Hanehalkı sayısı";"2025";"400484";"";"";"";"";""
"Türkiye";"Yıllık";"Adrese Dayalı Nüfus Kayıt Sistemi";"Ankara";"Tek Çekirdek Aileden Oluşan Hanehalkı";"Hanehalkı sayısı";"2014";"1131933";"";"";"";"";""
"Türkiye";"Yıllık";"Adrese Dayalı Nüfus Kayıt Sistemi";"Ankara";"Tek Çekirdek Aileden Oluşan Hanehalkı";"Hanehalkı sayısı";"2015";"1158813";"";"";"";"";""
"Türkiye";"Yıllık";"Adrese Dayalı Nüfus Kayıt Sistemi";"Ankara";"Tek Çekirdek Aileden Oluşan Hanehalkı";"Hanehalkı sayısı";"2016";"1174148";"";"";"";"";""
"Türkiye";"Yıllık";"Adrese Dayalı Nüfus Kayıt Sistemi";"Ankara";"Tek Çekirdek Aileden Oluşan Hanehalkı";"Hanehalkı sayısı";"2017";"1195942";"";"";"";"";""
"Türkiye";"Yıllık";"Adrese Dayalı Nüfus Kayıt Sistemi";"Ankara";"Tek Çekirdek Aileden Oluşan Hanehalkı";"Hanehalkı sayısı";"2018";"1191136";"";"";"";"";""
"Türkiye";"Yıllık";"Adrese Dayalı Nüfus Kayıt Sistemi";"Ankara";"Tek Çekirdek Aileden Oluşan Hanehalkı";"Hanehalkı sayısı";"2019";"1224204";"";"";"";"";""
"Türkiye";"Yıllık";"Adrese Dayalı Nüfus Kayıt Sistemi";"Ankara";"Tek Çekirdek Aileden Oluşan Hanehalkı";"Hanehalkı sayısı";"2020";"1245323";"";"";"";"";""
"Türkiye";"Yıllık";"Adrese Dayalı Nüfus Kayıt Sistemi";"Ankara";"Tek Çekirdek Aileden Oluşan Hanehalkı";"Hanehalkı sayısı";"2021";"1272303";"";"";"";"";""
"Türkiye";"Yıllık";"Adrese Dayalı Nüfus Kayıt Sistemi";"Ankara";"Tek Çekirdek Aileden Oluşan Hanehalkı";"Hanehalkı sayısı";"2022";"1295719";"";"";"";"";""
"Türkiye";"Yıllık";"Adrese Dayalı Nüfus Kayıt Sistemi";"Ankara";"Tek Çekirdek Aileden Oluşan Hanehalkı";"Hanehalkı sayısı";"2023";"1284785";"";"";"";"";""
"Türkiye";"Yıllık";"Adrese Dayalı Nüfus Kayıt Sistemi";"Ankara";"Tek Çekirdek Aileden Oluşan Hanehalkı";"Hanehalkı sayısı";"2024";"1303652";"";"";"";"";""
"Türkiye";"Yıllık";"Adrese Dayalı Nüfus Kayıt Sistemi";"Ankara";"Tek Çekirdek Aileden Oluşan Hanehalkı";"Hanehalkı sayısı";"2025";"1312420";"";"";"";"";""
"Türkiye";"Yıllık";"Adrese Dayalı Nüfus Kayıt Sistemi";"Ankara";"En Az Bir Çekirdek Aile Ve Diğer Kişilerden Oluşan Hanehalkı";"Hanehalkı sayısı";"2014";"178570";"";"";"";"";""
"Türkiye";"Yıllık";"Adrese Dayalı Nüfus Kayıt Sistemi";"Ankara";"En Az Bir Çekirdek Aile Ve Diğer Kişilerden Oluşan Hanehalkı";"Hanehalkı sayısı";"2015";"186838";"";"";"";"";""
"Türkiye";"Yıllık";"Adrese Dayalı Nüfus Kayıt Sistemi";"Ankara";"En Az Bir Çekirdek Aile Ve Diğer Kişilerden Oluşan Hanehalkı";"Hanehalkı sayısı";"2016";"191244";"";"";"";"";""
"Türkiye";"Yıllık";"Adrese Dayalı Nüfus Kayıt Sistemi";"Ankara";"En Az Bir Çekirdek Aile Ve Diğer Kişilerden Oluşan Hanehalkı";"Hanehalkı sayısı";"2017";"191096";"";"";"";"";""
"Türkiye";"Yıllık";"Adrese Dayalı Nüfus Kayıt Sistemi";"Ankara";"En Az Bir Çekirdek Aile Ve Diğer Kişilerden Oluşan Hanehalkı";"Hanehalkı sayısı";"2018";"191030";"";"";"";"";""
"Türkiye";"Yıllık";"Adrese Dayalı Nüfus Kayıt Sistemi";"Ankara";"En Az Bir Çekirdek Aile Ve Diğer Kişilerden Oluşan Hanehalkı";"Hanehalkı sayısı";"2019";"191522";"";"";"";"";""
"Türkiye";"Yıllık";"Adrese Dayalı Nüfus Kayıt Sistemi";"Ankara";"En Az Bir Çekirdek Aile Ve Diğer Kişilerden Oluşan Hanehalkı";"Hanehalkı sayısı";"2020";"185237";"";"";"";"";""
"Türkiye";"Yıllık";"Adrese Dayalı Nüfus Kayıt Sistemi";"Ankara";"En Az Bir Çekirdek Aile Ve Diğer Kişilerden Oluşan Hanehalkı";"Hanehalkı sayısı";"2021";"181102";"";"";"";"";""
"Türkiye";"Yıllık";"Adrese Dayalı Nüfus Kayıt Sistemi";"Ankara";"En Az Bir Çekirdek Aile Ve Diğer Kişilerden Oluşan Hanehalkı";"Hanehalkı sayısı";"2022";"178831";"";"";"";"";""
"Türkiye";"Yıllık";"Adrese Dayalı Nüfus Kayıt Sistemi";"Ankara";"En Az Bir Çekirdek Aile Ve Diğer Kişilerden Oluşan Hanehalkı";"Hanehalkı sayısı";"2023";"192386";"";"";"";"";""
"Türkiye";"Yıllık";"Adrese Dayalı Nüfus Kayıt Sistemi";"Ankara";"En Az Bir Çekirdek Aile Ve Diğer Kişilerden Oluşan Hanehalkı";"Hanehalkı sayısı";"2024";"197010";"";"";"";"";""
"Türkiye";"Yıllık";"Adrese Dayalı Nüfus Kayıt Sistemi";"Ankara";"En Az Bir Çekirdek Aile Ve Diğer Kişilerden Oluşan Hanehalkı";"Hanehalkı sayısı";"2025";"205415";"";"";"";"";""
"Türkiye";"Yıllık";"Adrese Dayalı Nüfus Kayıt Sistemi";"Ankara";"Çekirdek Aile Bulunmayan Birden Fazla Kişiden Oluşan Hanehalkı";"Hanehalkı sayısı";"2014";"31273";"";"";"";"";""
"Türkiye";"Yıllık";"Adrese Dayalı Nüfus Kayıt Sistemi";"Ankara";"Çekirdek Aile Bulunmayan Birden Fazla Kişiden Oluşan Hanehalkı";"Hanehalkı sayısı";"2015";"34230";"";"";"";"";""
"Türkiye";"Yıllık";"Adrese Dayalı Nüfus Kayıt Sistemi";"Ankara";"Çekirdek Aile Bulunmayan Birden Fazla Kişiden Oluşan Hanehalkı";"Hanehalkı sayısı";"2016";"39928";"";"";"";"";""
"Türkiye";"Yıllık";"Adrese Dayalı Nüfus Kayıt Sistemi";"Ankara";"Çekirdek Aile Bulunmayan Birden Fazla Kişiden Oluşan Hanehalkı";"Hanehalkı sayısı";"2017";"43458";"";"";"";"";""
"Türkiye";"Yıllık";"Adrese Dayalı Nüfus Kayıt Sistemi";"Ankara";"Çekirdek Aile Bulunmayan Birden Fazla Kişiden Oluşan Hanehalkı";"Hanehalkı sayısı";"2018";"54029";"";"";"";"";""
"Türkiye";"Yıllık";"Adrese Dayalı Nüfus Kayıt Sistemi";"Ankara";"Çekirdek Aile Bulunmayan Birden Fazla Kişiden Oluşan Hanehalkı";"Hanehalkı sayısı";"2019";"61947";"";"";"";"";""
"Türkiye";"Yıllık";"Adrese Dayalı Nüfus Kayıt Sistemi";"Ankara";"Çekirdek Aile Bulunmayan Birden Fazla Kişiden Oluşan Hanehalkı";"Hanehalkı sayısı";"2020";"59836";"";"";"";"";""
"Türkiye";"Yıllık";"Adrese Dayalı Nüfus Kayıt Sistemi";"Ankara";"Çekirdek Aile Bulunmayan Birden Fazla Kişiden Oluşan Hanehalkı";"Hanehalkı sayısı";"2021";"65947";"";"";"";"";""
"Türkiye";"Yıllık";"Adrese Dayalı Nüfus Kayıt Sistemi";"Ankara";"Çekirdek Aile Bulunmayan Birden Fazla Kişiden Oluşan Hanehalkı";"Hanehalkı sayısı";"2022";"65671";"";"";"";"";""
"Türkiye";"Yıllık";"Adrese Dayalı Nüfus Kayıt Sistemi";"Ankara";"Çekirdek Aile Bulunmayan Birden Fazla Kişiden Oluşan Hanehalkı";"Hanehalkı sayısı";"2023";"68153";"";"";"";"";""
"Türkiye";"Yıllık";"Adrese Dayalı Nüfus Kayıt Sistemi";"Ankara";"Çekirdek Aile Bulunmayan Birden Fazla Kişiden Oluşan Hanehalkı";"Hanehalkı sayısı";"2024";"67635";"";"";"";"";""
"Türkiye";"Yıllık";"Adrese Dayalı Nüfus Kayıt Sistemi";"Ankara";"Çekirdek Aile Bulunmayan Birden Fazla Kişiden Oluşan Hanehalkı";"Hanehalkı sayısı";"2025";"68897";"";"";"";"";""
"Türkiye";"Yıllık";"Adrese Dayalı Nüfus Kayıt Sistemi";"Ankara";"Toplam";"Hanehalkı sayısı";"2014";"1555245";"";"";"";"";""
"Türkiye";"Yıllık";"Adrese Dayalı Nüfus Kayıt Sistemi";"Ankara";"Toplam";"Hanehalkı sayısı";"2015";"1606910";"";"";"";"";""
"Türkiye";"Yıllık";"Adrese Dayalı Nüfus Kayıt Sistemi";"Ankara";"Toplam";"Hanehalkı sayısı";"2016";"1646503";"";"";"";"";""
"Türkiye";"Yıllık";"Adrese Dayalı Nüfus Kayıt Sistemi";"Ankara";"Toplam";"Hanehalkı sayısı";"2017";"1685701";"";"";"";"";""
"Türkiye";"Yıllık";"Adrese Dayalı Nüfus Kayıt Sistemi";"Ankara";"Toplam";"Hanehalkı sayısı";"2018";"1709882";"";"";"";"";""
"Türkiye";"Yıllık";"Adrese Dayalı Nüfus Kayıt Sistemi";"Ankara";"Toplam";"Hanehalkı sayısı";"2019";"1777709";"";"";"";"";""
"Türkiye";"Yıllık";"Adrese Dayalı Nüfus Kayıt Sistemi";"Ankara";"Toplam";"Hanehalkı sayısı";"2020";"1816795";"";"";"";"";""
"Türkiye";"Yıllık";"Adrese Dayalı Nüfus Kayıt Sistemi";"Ankara";"Toplam";"Hanehalkı sayısı";"2021";"1874093";"";"";"";"";""
"Türkiye";"Yıllık";"Adrese Dayalı Nüfus Kayıt Sistemi";"Ankara";"Toplam";"Hanehalkı sayısı";"2022";"1909132";"";"";"";"";""
"Türkiye";"Yıllık";"Adrese Dayalı Nüfus Kayıt Sistemi";"Ankara";"Toplam";"Hanehalkı sayısı";"2023";"1920584";"";"";"";"";""
"Türkiye";"Yıllık";"Adrese Dayalı Nüfus Kayıt Sistemi";"Ankara";"Toplam";"Hanehalkı sayısı";"2024";"1952498";"";"";"";"";""
"Türkiye";"Yıllık";"Adrese Dayalı Nüfus Kayıt Sistemi";"Ankara";"Toplam";"Hanehalkı sayısı";"2025";"1987216";"";"";"";"";""
"Türkiye";"Yıllık";"Adrese Dayalı Nüfus Kayıt Sistemi";"Karaman";"Tek Kişilik Hanehalkı";"Hanehalkı sayısı";"2014";"10293";"";"";"";"";""
"Türkiye";"Yıllık";"Adrese Dayalı Nüfus Kayıt Sistemi";"Karaman";"Tek Kişilik Hanehalkı";"Hanehalkı sayısı";"2015";"10722";"";"";"";"";""
"Türkiye";"Yıllık";"Adrese Dayalı Nüfus Kayıt Sistemi";"Karaman";"Tek Kişilik Hanehalkı";"Hanehalkı sayısı";"2016";"11256";"";"";"";"";""
"Türkiye";"Yıllık";"Adrese Dayalı Nüfus Kayıt Sistemi";"Karaman";"Tek Kişilik Hanehalkı";"Hanehalkı sayısı";"2017";"11725";"";"";"";"";""
"Türkiye";"Yıllık";"Adrese Dayalı Nüfus Kayıt Sistemi";"Karaman";"Tek Kişilik Hanehalkı";"Hanehalkı sayısı";"2018";"12526";"";"";"";"";""
"Türkiye";"Yıllık";"Adrese Dayalı Nüfus Kayıt Sistemi";"Karaman";"Tek Kişilik Hanehalkı";"Hanehalkı sayısı";"2019";"13562";"";"";"";"";""
"Türkiye";"Yıllık";"Adrese Dayalı Nüfus Kayıt Sistemi";"Karaman";"Tek Kişilik Hanehalkı";"Hanehalkı sayısı";"2020";"14883";"";"";"";"";""
"Türkiye";"Yıllık";"Adrese Dayalı Nüfus Kayıt Sistemi";"Karaman";"Tek Kişilik Hanehalkı";"Hanehalkı sayısı";"2021";"16045";"";"";"";"";""
"Türkiye";"Yıllık";"Adrese Dayalı Nüfus Kayıt Sistemi";"Karaman";"Tek Kişilik Hanehalkı";"Hanehalkı sayısı";"2022";"17104";"";"";"";"";""
"Türkiye";"Yıllık";"Adrese Dayalı Nüfus Kayıt Sistemi";"Karaman";"Tek Kişilik Hanehalkı";"Hanehalkı sayısı";"2023";"17518";"";"";"";"";""
"Türkiye";"Yıllık";"Adrese Dayalı Nüfus Kayıt Sistemi";"Karaman";"Tek Kişilik Hanehalkı";"Hanehalkı sayısı";"2024";"17954";"";"";"";"";""
"Türkiye";"Yıllık";"Adrese Dayalı Nüfus Kayıt Sistemi";"Karaman";"Tek Kişilik Hanehalkı";"Hanehalkı sayısı";"2025";"18793";"";"";"";"";""
"Türkiye";"Yıllık";"Adrese Dayalı Nüfus Kayıt Sistemi";"Karaman";"Tek Çekirdek Aileden Oluşan Hanehalkı";"Hanehalkı sayısı";"2014";"50429";"";"";"";"";""
"Türkiye";"Yıllık";"Adrese Dayalı Nüfus Kayıt Sistemi";"Karaman";"Tek Çekirdek Aileden Oluşan Hanehalkı";"Hanehalkı sayısı";"2015";"51172";"";"";"";"";""
"Türkiye";"Yıllık";"Adrese Dayalı Nüfus Kayıt Sistemi";"Karaman";"Tek Çekirdek Aileden Oluşan Hanehalkı";"Hanehalkı sayısı";"2016";"51751";"";"";"";"";""
"Türkiye";"Yıllık";"Adrese Dayalı Nüfus Kayıt Sistemi";"Karaman";"Tek Çekirdek Aileden Oluşan Hanehalkı";"Hanehalkı sayısı";"2017";"52096";"";"";"";"";""
"Türkiye";"Yıllık";"Adrese Dayalı Nüfus Kayıt Sistemi";"Karaman";"Tek Çekirdek Aileden Oluşan Hanehalkı";"Hanehalkı sayısı";"2018";"52466";"";"";"";"";""
"Türkiye";"Yıllık";"Adrese Dayalı Nüfus Kayıt Sistemi";"Karaman";"Tek Çekirdek Aileden Oluşan Hanehalkı";"Hanehalkı sayısı";"2019";"53073";"";"";"";"";""
"Türkiye";"Yıllık";"Adrese Dayalı Nüfus Kayıt Sistemi";"Karaman";"Tek Çekirdek Aileden Oluşan Hanehalkı";"Hanehalkı sayısı";"2020";"54063";"";"";"";"";""
"Türkiye";"Yıllık";"Adrese Dayalı Nüfus Kayıt Sistemi";"Karaman";"Tek Çekirdek Aileden Oluşan Hanehalkı";"Hanehalkı sayısı";"2021";"54959";"";"";"";"";""
"Türkiye";"Yıllık";"Adrese Dayalı Nüfus Kayıt Sistemi";"Karaman";"Tek Çekirdek Aileden Oluşan Hanehalkı";"Hanehalkı sayısı";"2022";"55988";"";"";"";"";""
"Türkiye";"Yıllık";"Adrese Dayalı Nüfus Kayıt Sistemi";"Karaman";"Tek Çekirdek Aileden Oluşan Hanehalkı";"Hanehalkı sayısı";"2023";"56264";"";"";"";"";""
"Türkiye";"Yıllık";"Adrese Dayalı Nüfus Kayıt Sistemi";"Karaman";"Tek Çekirdek Aileden Oluşan Hanehalkı";"Hanehalkı sayısı";"2024";"56121";"";"";"";"";""
"Türkiye";"Yıllık";"Adrese Dayalı Nüfus Kayıt Sistemi";"Karaman";"Tek Çekirdek Aileden Oluşan Hanehalkı";"Hanehalkı sayısı";"2025";"55823";"";"";"";"";""
"Türkiye";"Yıllık";"Adrese Dayalı Nüfus Kayıt Sistemi";"Karaman";"En Az Bir Çekirdek Aile Ve Diğer Kişilerden Oluşan Hanehalkı";"Hanehalkı sayısı";"2014";"8760";"";"";"";"";""
"Türkiye";"Yıllık";"Adrese Dayalı Nüfus Kayıt Sistemi";"Karaman";"En Az Bir Çekirdek Aile Ve Diğer Kişilerden Oluşan Hanehalkı";"Hanehalkı sayısı";"2015";"8832";"";"";"";"";""
"Türkiye";"Yıllık";"Adrese Dayalı Nüfus Kayıt Sistemi";"Karaman";"En Az Bir Çekirdek Aile Ve Diğer Kişilerden Oluşan Hanehalkı";"Hanehalkı sayısı";"2016";"8859";"";"";"";"";""
"Türkiye";"Yıllık";"Adrese Dayalı Nüfus Kayıt Sistemi";"Karaman";"En Az Bir Çekirdek Aile Ve Diğer Kişilerden Oluşan Hanehalkı";"Hanehalkı sayısı";"2017";"8882";"";"";"";"";""
"Türkiye";"Yıllık";"Adrese Dayalı Nüfus Kayıt Sistemi";"Karaman";"En Az Bir Çekirdek Aile Ve Diğer Kişilerden Oluşan Hanehalkı";"Hanehalkı sayısı";"2018";"9136";"";"";"";"";""
"Türkiye";"Yıllık";"Adrese Dayalı Nüfus Kayıt Sistemi";"Karaman";"En Az Bir Çekirdek Aile Ve Diğer Kişilerden Oluşan Hanehalkı";"Hanehalkı sayısı";"2019";"9042";"";"";"";"";""
"Türkiye";"Yıllık";"Adrese Dayalı Nüfus Kayıt Sistemi";"Karaman";"En Az Bir Çekirdek Aile Ve Diğer Kişilerden Oluşan Hanehalkı";"Hanehalkı sayısı";"2020";"8766";"";"";"";"";""
"Türkiye";"Yıllık";"Adrese Dayalı Nüfus Kayıt Sistemi";"Karaman";"En Az Bir Çekirdek Aile Ve Diğer Kişilerden Oluşan Hanehalkı";"Hanehalkı sayısı";"2021";"8779";"";"";"";"";""
"Türkiye";"Yıllık";"Adrese Dayalı Nüfus Kayıt Sistemi";"Karaman";"En Az Bir Çekirdek Aile Ve Diğer Kişilerden Oluşan Hanehalkı";"Hanehalkı sayısı";"2022";"8592";"";"";"";"";""
"Türkiye";"Yıllık";"Adrese Dayalı Nüfus Kayıt Sistemi";"Karaman";"En Az Bir Çekirdek Aile Ve Diğer Kişilerden Oluşan Hanehalkı";"Hanehalkı sayısı";"2023";"9318";"";"";"";"";""
"Türkiye";"Yıllık";"Adrese Dayalı Nüfus Kayıt Sistemi";"Karaman";"En Az Bir Çekirdek Aile Ve Diğer Kişilerden Oluşan Hanehalkı";"Hanehalkı sayısı";"2024";"9463";"";"";"";"";""
"Türkiye";"Yıllık";"Adrese Dayalı Nüfus Kayıt Sistemi";"Karaman";"En Az Bir Çekirdek Aile Ve Diğer Kişilerden Oluşan Hanehalkı";"Hanehalkı sayısı";"2025";"9927";"";"";"";"";""
"Türkiye";"Yıllık";"Adrese Dayalı Nüfus Kayıt Sistemi";"Karaman";"Çekirdek Aile Bulunmayan Birden Fazla Kişiden Oluşan Hanehalkı";"Hanehalkı sayısı";"2014";"987";"";"";"";"";""
"Türkiye";"Yıllık";"Adrese Dayalı Nüfus Kayıt Sistemi";"Karaman";"Çekirdek Aile Bulunmayan Birden Fazla Kişiden Oluşan Hanehalkı";"Hanehalkı sayısı";"2015";"1089";"";"";"";"";""
"Türkiye";"Yıllık";"Adrese Dayalı Nüfus Kayıt Sistemi";"Karaman";"Çekirdek Aile Bulunmayan Birden Fazla Kişiden Oluşan Hanehalkı";"Hanehalkı sayısı";"2016";"1221";"";"";"";"";""
"Türkiye";"Yıllık";"Adrese Dayalı Nüfus Kayıt Sistemi";"Karaman";"Çekirdek Aile Bulunmayan Birden Fazla Kişiden Oluşan Hanehalkı";"Hanehalkı sayısı";"2017";"1255";"";"";"";"";""
"Türkiye";"Yıllık";"Adrese Dayalı Nüfus Kayıt Sistemi";"Karaman";"Çekirdek Aile Bulunmayan Birden Fazla Kişiden Oluşan Hanehalkı";"Hanehalkı sayısı";"2018";"1445";"";"";"";"";""
"Türkiye";"Yıllık";"Adrese Dayalı Nüfus Kayıt Sistemi";"Karaman";"Çekirdek Aile Bulunmayan Birden Fazla Kişiden Oluşan Hanehalkı";"Hanehalkı sayısı";"2019";"1462";"";"";"";"";""
"Türkiye";"Yıllık";"Adrese Dayalı Nüfus Kayıt Sistemi";"Karaman";"Çekirdek Aile Bulunmayan Birden Fazla Kişiden Oluşan Hanehalkı";"Hanehalkı sayısı";"2020";"1510";"";"";"";"";""
"Türkiye";"Yıllık";"Adrese Dayalı Nüfus Kayıt Sistemi";"Karaman";"Çekirdek Aile Bulunmayan Birden Fazla Kişiden Oluşan Hanehalkı";"Hanehalkı sayısı";"2021";"1573";"";"";"";"";""
"Türkiye";"Yıllık";"Adrese Dayalı Nüfus Kayıt Sistemi";"Karaman";"Çekirdek Aile Bulunmayan Birden Fazla Kişiden Oluşan Hanehalkı";"Hanehalkı sayısı";"2022";"1603";"";"";"";"";""
"Türkiye";"Yıllık";"Adrese Dayalı Nüfus Kayıt Sistemi";"Karaman";"Çekirdek Aile Bulunmayan Birden Fazla Kişiden Oluşan Hanehalkı";"Hanehalkı sayısı";"2023";"1645";"";"";"";"";""
"Türkiye";"Yıllık";"Adrese Dayalı Nüfus Kayıt Sistemi";"Karaman";"Çekirdek Aile Bulunmayan Birden Fazla Kişiden Oluşan Hanehalkı";"Hanehalkı sayısı";"2024";"1702";"";"";"";"";""
"Türkiye";"Yıllık";"Adrese Dayalı Nüfus Kayıt Sistemi";"Karaman";"Çekirdek Aile Bulunmayan Birden Fazla Kişiden Oluşan Hanehalkı";"Hanehalkı sayısı";"2025";"1842";"";"";"";"";""
"Türkiye";"Yıllık";"Adrese Dayalı Nüfus Kayıt Sistemi";"Karaman";"Toplam";"Hanehalkı sayısı";"2014";"70469";"";"";"";"";""
"Türkiye";"Yıllık";"Adrese Dayalı Nüfus Kayıt Sistemi";"Karaman";"Toplam";"Hanehalkı sayısı";"2015";"71815";"";"";"";"";""
"Türkiye";"Yıllık";"Adrese Dayalı Nüfus Kayıt Sistemi";"Karaman";"Toplam";"Hanehalkı sayısı";"2016";"73087";"";"";"";"";""
"Türkiye";"Yıllık";"Adrese Dayalı Nüfus Kayıt Sistemi";"Karaman";"Toplam";"Hanehalkı sayısı";"2017";"73958";"";"";"";"";""
"Türkiye";"Yıllık";"Adrese Dayalı Nüfus Kayıt Sistemi";"Karaman";"Toplam";"Hanehalkı sayısı";"2018";"75573";"";"";"";"";""
"Türkiye";"Yıllık";"Adrese Dayalı Nüfus Kayıt Sistemi";"Karaman";"Toplam";"Hanehalkı sayısı";"2019";"77139";"";"";"";"";""
"Türkiye";"Yıllık";"Adrese Dayalı Nüfus Kayıt Sistemi";"Karaman";"Toplam";"Hanehalkı sayısı";"2020";"79222";"";"";"";"";""
"Türkiye";"Yıllık";"Adrese Dayalı Nüfus Kayıt Sistemi";"Karaman";"Toplam";"Hanehalkı sayısı";"2021";"81356";"";"";"";"";""
"Türkiye";"Yıllık";"Adrese Dayalı Nüfus Kayıt Sistemi";"Karaman";"Toplam";"Hanehalkı sayısı";"2022";"83287";"";"";"";"";""
"Türkiye";"Yıllık";"Adrese Dayalı Nüfus Kayıt Sistemi";"Karaman";"Toplam";"Hanehalkı sayısı";"2023";"84745";"";"";"";"";""
"Türkiye";"Yıllık";"Adrese Dayalı Nüfus Kayıt Sistemi";"Karaman";"Toplam";"Hanehalkı sayısı";"2024";"85240";"";"";"";"";""
"Türkiye";"Yıllık";"Adrese Dayalı Nüfus Kayıt Sistemi";"Karaman";"Toplam";"Hanehalkı sayısı";"2025";"86385";"";"";"";"";""
"Türkiye";"Yıllık";"Adrese Dayalı Nüfus Kayıt Sistemi";"Konya";"Tek Kişilik Hanehalkı";"Hanehalkı sayısı";"2014";"69362";"";"";"";"";""
"Türkiye";"Yıllık";"Adrese Dayalı Nüfus Kayıt Sistemi";"Konya";"Tek Kişilik Hanehalkı";"Hanehalkı sayısı";"2015";"72871";"";"";"";"";""
"Türkiye";"Yıllık";"Adrese Dayalı Nüfus Kayıt Sistemi";"Konya";"Tek Kişilik Hanehalkı";"Hanehalkı sayısı";"2016";"76554";"";"";"";"";""
"Türkiye";"Yıllık";"Adrese Dayalı Nüfus Kayıt Sistemi";"Konya";"Tek Kişilik Hanehalkı";"Hanehalkı sayısı";"2017";"79078";"";"";"";"";""
"Türkiye";"Yıllık";"Adrese Dayalı Nüfus Kayıt Sistemi";"Konya";"Tek Kişilik Hanehalkı";"Hanehalkı sayısı";"2018";"82623";"";"";"";"";""
"Türkiye";"Yıllık";"Adrese Dayalı Nüfus Kayıt Sistemi";"Konya";"Tek Kişilik Hanehalkı";"Hanehalkı sayısı";"2019";"88532";"";"";"";"";""
"Türkiye";"Yıllık";"Adrese Dayalı Nüfus Kayıt Sistemi";"Konya";"Tek Kişilik Hanehalkı";"Hanehalkı sayısı";"2020";"97611";"";"";"";"";""
"Türkiye";"Yıllık";"Adrese Dayalı Nüfus Kayıt Sistemi";"Konya";"Tek Kişilik Hanehalkı";"Hanehalkı sayısı";"2021";"106528";"";"";"";"";""
"Türkiye";"Yıllık";"Adrese Dayalı Nüfus Kayıt Sistemi";"Konya";"Tek Kişilik Hanehalkı";"Hanehalkı sayısı";"2022";"113035";"";"";"";"";""
"Türkiye";"Yıllık";"Adrese Dayalı Nüfus Kayıt Sistemi";"Konya";"Tek Kişilik Hanehalkı";"Hanehalkı sayısı";"2023";"114808";"";"";"";"";""
"Türkiye";"Yıllık";"Adrese Dayalı Nüfus Kayıt Sistemi";"Konya";"Tek Kişilik Hanehalkı";"Hanehalkı sayısı";"2024";"118166";"";"";"";"";""
"Türkiye";"Yıllık";"Adrese Dayalı Nüfus Kayıt Sistemi";"Konya";"Tek Kişilik Hanehalkı";"Hanehalkı sayısı";"2025";"123952";"";"";"";"";""
"Türkiye";"Yıllık";"Adrese Dayalı Nüfus Kayıt Sistemi";"Konya";"Tek Çekirdek Aileden Oluşan Hanehalkı";"Hanehalkı sayısı";"2014";"401803";"";"";"";"";""
"Türkiye";"Yıllık";"Adrese Dayalı Nüfus Kayıt Sistemi";"Konya";"Tek Çekirdek Aileden Oluşan Hanehalkı";"Hanehalkı sayısı";"2015";"408798";"";"";"";"";""
"Türkiye";"Yıllık";"Adrese Dayalı Nüfus Kayıt Sistemi";"Konya";"Tek Çekirdek Aileden Oluşan Hanehalkı";"Hanehalkı sayısı";"2016";"415527";"";"";"";"";""
"Türkiye";"Yıllık";"Adrese Dayalı Nüfus Kayıt Sistemi";"Konya";"Tek Çekirdek Aileden Oluşan Hanehalkı";"Hanehalkı sayısı";"2017";"422246";"";"";"";"";""
"Türkiye";"Yıllık";"Adrese Dayalı Nüfus Kayıt Sistemi";"Konya";"Tek Çekirdek Aileden Oluşan Hanehalkı";"Hanehalkı sayısı";"2018";"428548";"";"";"";"";""
"Türkiye";"Yıllık";"Adrese Dayalı Nüfus Kayıt Sistemi";"Konya";"Tek Çekirdek Aileden Oluşan Hanehalkı";"Hanehalkı sayısı";"2019";"437888";"";"";"";"";""
"Türkiye";"Yıllık";"Adrese Dayalı Nüfus Kayıt Sistemi";"Konya";"Tek Çekirdek Aileden Oluşan Hanehalkı";"Hanehalkı sayısı";"2020";"447187";"";"";"";"";""
"Türkiye";"Yıllık";"Adrese Dayalı Nüfus Kayıt Sistemi";"Konya";"Tek Çekirdek Aileden Oluşan Hanehalkı";"Hanehalkı sayısı";"2021";"455548";"";"";"";"";""
"Türkiye";"Yıllık";"Adrese Dayalı Nüfus Kayıt Sistemi";"Konya";"Tek Çekirdek Aileden Oluşan Hanehalkı";"Hanehalkı sayısı";"2022";"466862";"";"";"";"";""
"Türkiye";"Yıllık";"Adrese Dayalı Nüfus Kayıt Sistemi";"Konya";"Tek Çekirdek Aileden Oluşan Hanehalkı";"Hanehalkı sayısı";"2023";"469960";"";"";"";"";""
"Türkiye";"Yıllık";"Adrese Dayalı Nüfus Kayıt Sistemi";"Konya";"Tek Çekirdek Aileden Oluşan Hanehalkı";"Hanehalkı sayısı";"2024";"473759";"";"";"";"";""
"Türkiye";"Yıllık";"Adrese Dayalı Nüfus Kayıt Sistemi";"Konya";"Tek Çekirdek Aileden Oluşan Hanehalkı";"Hanehalkı sayısı";"2025";"476511";"";"";"";"";""
"Türkiye";"Yıllık";"Adrese Dayalı Nüfus Kayıt Sistemi";"Konya";"En Az Bir Çekirdek Aile Ve Diğer Kişilerden Oluşan Hanehalkı";"Hanehalkı sayısı";"2014";"92938";"";"";"";"";""
"Türkiye";"Yıllık";"Adrese Dayalı Nüfus Kayıt Sistemi";"Konya";"En Az Bir Çekirdek Aile Ve Diğer Kişilerden Oluşan Hanehalkı";"Hanehalkı sayısı";"2015";"93874";"";"";"";"";""
"Türkiye";"Yıllık";"Adrese Dayalı Nüfus Kayıt Sistemi";"Konya";"En Az Bir Çekirdek Aile Ve Diğer Kişilerden Oluşan Hanehalkı";"Hanehalkı sayısı";"2016";"94364";"";"";"";"";""
"Türkiye";"Yıllık";"Adrese Dayalı Nüfus Kayıt Sistemi";"Konya";"En Az Bir Çekirdek Aile Ve Diğer Kişilerden Oluşan Hanehalkı";"Hanehalkı sayısı";"2017";"94042";"";"";"";"";""
"Türkiye";"Yıllık";"Adrese Dayalı Nüfus Kayıt Sistemi";"Konya";"En Az Bir Çekirdek Aile Ve Diğer Kişilerden Oluşan Hanehalkı";"Hanehalkı sayısı";"2018";"94785";"";"";"";"";""
"Türkiye";"Yıllık";"Adrese Dayalı Nüfus Kayıt Sistemi";"Konya";"En Az Bir Çekirdek Aile Ve Diğer Kişilerden Oluşan Hanehalkı";"Hanehalkı sayısı";"2019";"93474";"";"";"";"";""
"Türkiye";"Yıllık";"Adrese Dayalı Nüfus Kayıt Sistemi";"Konya";"En Az Bir Çekirdek Aile Ve Diğer Kişilerden Oluşan Hanehalkı";"Hanehalkı sayısı";"2020";"90733";"";"";"";"";""
"Türkiye";"Yıllık";"Adrese Dayalı Nüfus Kayıt Sistemi";"Konya";"En Az Bir Çekirdek Aile Ve Diğer Kişilerden Oluşan Hanehalkı";"Hanehalkı sayısı";"2021";"90239";"";"";"";"";""
"Türkiye";"Yıllık";"Adrese Dayalı Nüfus Kayıt Sistemi";"Konya";"En Az Bir Çekirdek Aile Ve Diğer Kişilerden Oluşan Hanehalkı";"Hanehalkı sayısı";"2022";"89029";"";"";"";"";""
"Türkiye";"Yıllık";"Adrese Dayalı Nüfus Kayıt Sistemi";"Konya";"En Az Bir Çekirdek Aile Ve Diğer Kişilerden Oluşan Hanehalkı";"Hanehalkı sayısı";"2023";"93885";"";"";"";"";""
"Türkiye";"Yıllık";"Adrese Dayalı Nüfus Kayıt Sistemi";"Konya";"En Az Bir Çekirdek Aile Ve Diğer Kişilerden Oluşan Hanehalkı";"Hanehalkı sayısı";"2024";"94904";"";"";"";"";""
"Türkiye";"Yıllık";"Adrese Dayalı Nüfus Kayıt Sistemi";"Konya";"En Az Bir Çekirdek Aile Ve Diğer Kişilerden Oluşan Hanehalkı";"Hanehalkı sayısı";"2025";"97404";"";"";"";"";""
"Türkiye";"Yıllık";"Adrese Dayalı Nüfus Kayıt Sistemi";"Konya";"Çekirdek Aile Bulunmayan Birden Fazla Kişiden Oluşan Hanehalkı";"Hanehalkı sayısı";"2014";"8613";"";"";"";"";""
"Türkiye";"Yıllık";"Adrese Dayalı Nüfus Kayıt Sistemi";"Konya";"Çekirdek Aile Bulunmayan Birden Fazla Kişiden Oluşan Hanehalkı";"Hanehalkı sayısı";"2015";"8973";"";"";"";"";""
"Türkiye";"Yıllık";"Adrese Dayalı Nüfus Kayıt Sistemi";"Konya";"Çekirdek Aile Bulunmayan Birden Fazla Kişiden Oluşan Hanehalkı";"Hanehalkı sayısı";"2016";"9521";"";"";"";"";""
"Türkiye";"Yıllık";"Adrese Dayalı Nüfus Kayıt Sistemi";"Konya";"Çekirdek Aile Bulunmayan Birden Fazla Kişiden Oluşan Hanehalkı";"Hanehalkı sayısı";"2017";"9485";"";"";"";"";""
"Türkiye";"Yıllık";"Adrese Dayalı Nüfus Kayıt Sistemi";"Konya";"Çekirdek Aile Bulunmayan Birden Fazla Kişiden Oluşan Hanehalkı";"Hanehalkı sayısı";"2018";"10378";"";"";"";"";""
"Türkiye";"Yıllık";"Adrese Dayalı Nüfus Kayıt Sistemi";"Konya";"Çekirdek Aile Bulunmayan Birden Fazla Kişiden Oluşan Hanehalkı";"Hanehalkı sayısı";"2019";"10956";"";"";"";"";""
"Türkiye";"Yıllık";"Adrese Dayalı Nüfus Kayıt Sistemi";"Konya";"Çekirdek Aile Bulunmayan Birden Fazla Kişiden Oluşan Hanehalkı";"Hanehalkı sayısı";"2020";"11501";"";"";"";"";""
"Türkiye";"Yıllık";"Adrese Dayalı Nüfus Kayıt Sistemi";"Konya";"Çekirdek Aile Bulunmayan Birden Fazla Kişiden Oluşan Hanehalkı";"Hanehalkı sayısı";"2021";"12458";"";"";"";"";""
"Türkiye";"Yıllık";"Adrese Dayalı Nüfus Kayıt Sistemi";"Konya";"Çekirdek Aile Bulunmayan Birden Fazla Kişiden Oluşan Hanehalkı";"Hanehalkı sayısı";"2022";"13577";"";"";"";"";""
"Türkiye";"Yıllık";"Adrese Dayalı Nüfus Kayıt Sistemi";"Konya";"Çekirdek Aile Bulunmayan Birden Fazla Kişiden Oluşan Hanehalkı";"Hanehalkı sayısı";"2023";"13769";"";"";"";"";""
"Türkiye";"Yıllık";"Adrese Dayalı Nüfus Kayıt Sistemi";"Konya";"Çekirdek Aile Bulunmayan Birden Fazla Kişiden Oluşan Hanehalkı";"Hanehalkı sayısı";"2024";"13828";"";"";"";"";""
"Türkiye";"Yıllık";"Adrese Dayalı Nüfus Kayıt Sistemi";"Konya";"Çekirdek Aile Bulunmayan Birden Fazla Kişiden Oluşan Hanehalkı";"Hanehalkı sayısı";"2025";"14995";"";"";"";"";""
"Türkiye";"Yıllık";"Adrese Dayalı Nüfus Kayıt Sistemi";"Konya";"Toplam";"Hanehalkı sayısı";"2014";"572716";"";"";"";"";""
"Türkiye";"Yıllık";"Adrese Dayalı Nüfus Kayıt Sistemi";"Konya";"Toplam";"Hanehalkı sayısı";"2015";"584516";"";"";"";"";""
"Türkiye";"Yıllık";"Adrese Dayalı Nüfus Kayıt Sistemi";"Konya";"Toplam";"Hanehalkı sayısı";"2016";"595966";"";"";"";"";""
"Türkiye";"Yıllık";"Adrese Dayalı Nüfus Kayıt Sistemi";"Konya";"Toplam";"Hanehalkı sayısı";"2017";"604851";"";"";"";"";""
"Türkiye";"Yıllık";"Adrese Dayalı Nüfus Kayıt Sistemi";"Konya";"Toplam";"Hanehalkı sayısı";"2018";"616334";"";"";"";"";""
"Türkiye";"Yıllık";"Adrese Dayalı Nüfus Kayıt Sistemi";"Konya";"Toplam";"Hanehalkı sayısı";"2019";"630850";"";"";"";"";""
"Türkiye";"Yıllık";"Adrese Dayalı Nüfus Kayıt Sistemi";"Konya";"Toplam";"Hanehalkı sayısı";"2020";"647032";"";"";"";"";""
"Türkiye";"Yıllık";"Adrese Dayalı Nüfus Kayıt Sistemi";"Konya";"Toplam";"Hanehalkı sayısı";"2021";"664773";"";"";"";"";""
"Türkiye";"Yıllık";"Adrese Dayalı Nüfus Kayıt Sistemi";"Konya";"Toplam";"Hanehalkı sayısı";"2022";"682503";"";"";"";"";""
"Türkiye";"Yıllık";"Adrese Dayalı Nüfus Kayıt Sistemi";"Konya";"Toplam";"Hanehalkı sayısı";"2023";"692422";"";"";"";"";""
"Türkiye";"Yıllık";"Adrese Dayalı Nüfus Kayıt Sistemi";"Konya";"Toplam";"Hanehalkı sayısı";"2024";"700657";"";"";"";"";""
"Türkiye";"Yıllık";"Adrese Dayalı Nüfus Kayıt Sistemi";"Konya";"Toplam";"Hanehalkı sayısı";"2025";"712862";"";"";"";"";""
"Türkiye";"Yıllık";"Adrese Dayalı Nüfus Kayıt Sistemi";"Antalya";"Tek Kişilik Hanehalkı";"Hanehalkı sayısı";"2014";"102759";"";"";"";"";""
"Türkiye";"Yıllık";"Adrese Dayalı Nüfus Kayıt Sistemi";"Antalya";"Tek Kişilik Hanehalkı";"Hanehalkı sayısı";"2015";"111187";"";"";"";"";""
"Türkiye";"Yıllık";"Adrese Dayalı Nüfus Kayıt Sistemi";"Antalya";"Tek Kişilik Hanehalkı";"Hanehalkı sayısı";"2016";"118942";"";"";"";"";""
"Türkiye";"Yıllık";"Adrese Dayalı Nüfus Kayıt Sistemi";"Antalya";"Tek Kişilik Hanehalkı";"Hanehalkı sayısı";"2017";"125397";"";"";"";"";""
"Türkiye";"Yıllık";"Adrese Dayalı Nüfus Kayıt Sistemi";"Antalya";"Tek Kişilik Hanehalkı";"Hanehalkı sayısı";"2018";"135331";"";"";"";"";""
"Türkiye";"Yıllık";"Adrese Dayalı Nüfus Kayıt Sistemi";"Antalya";"Tek Kişilik Hanehalkı";"Hanehalkı sayısı";"2019";"153866";"";"";"";"";""
"Türkiye";"Yıllık";"Adrese Dayalı Nüfus Kayıt Sistemi";"Antalya";"Tek Kişilik Hanehalkı";"Hanehalkı sayısı";"2020";"167537";"";"";"";"";""
"Türkiye";"Yıllık";"Adrese Dayalı Nüfus Kayıt Sistemi";"Antalya";"Tek Kişilik Hanehalkı";"Hanehalkı sayısı";"2021";"186091";"";"";"";"";""
"Türkiye";"Yıllık";"Adrese Dayalı Nüfus Kayıt Sistemi";"Antalya";"Tek Kişilik Hanehalkı";"Hanehalkı sayısı";"2022";"196762";"";"";"";"";""
"Türkiye";"Yıllık";"Adrese Dayalı Nüfus Kayıt Sistemi";"Antalya";"Tek Kişilik Hanehalkı";"Hanehalkı sayısı";"2023";"195430";"";"";"";"";""
"Türkiye";"Yıllık";"Adrese Dayalı Nüfus Kayıt Sistemi";"Antalya";"Tek Kişilik Hanehalkı";"Hanehalkı sayısı";"2024";"197923";"";"";"";"";""
"Türkiye";"Yıllık";"Adrese Dayalı Nüfus Kayıt Sistemi";"Antalya";"Tek Kişilik Hanehalkı";"Hanehalkı sayısı";"2025";"206905";"";"";"";"";""
"Türkiye";"Yıllık";"Adrese Dayalı Nüfus Kayıt Sistemi";"Antalya";"Tek Çekirdek Aileden Oluşan Hanehalkı";"Hanehalkı sayısı";"2014";"456946";"";"";"";"";""
"Türkiye";"Yıllık";"Adrese Dayalı Nüfus Kayıt Sistemi";"Antalya";"Tek Çekirdek Aileden Oluşan Hanehalkı";"Hanehalkı sayısı";"2015";"467490";"";"";"";"";""
"Türkiye";"Yıllık";"Adrese Dayalı Nüfus Kayıt Sistemi";"Antalya";"Tek Çekirdek Aileden Oluşan Hanehalkı";"Hanehalkı sayısı";"2016";"474889";"";"";"";"";""
"Türkiye";"Yıllık";"Adrese Dayalı Nüfus Kayıt Sistemi";"Antalya";"Tek Çekirdek Aileden Oluşan Hanehalkı";"Hanehalkı sayısı";"2017";"485168";"";"";"";"";""
"Türkiye";"Yıllık";"Adrese Dayalı Nüfus Kayıt Sistemi";"Antalya";"Tek Çekirdek Aileden Oluşan Hanehalkı";"Hanehalkı sayısı";"2018";"490729";"";"";"";"";""
"Türkiye";"Yıllık";"Adrese Dayalı Nüfus Kayıt Sistemi";"Antalya";"Tek Çekirdek Aileden Oluşan Hanehalkı";"Hanehalkı sayısı";"2019";"504196";"";"";"";"";""
"Türkiye";"Yıllık";"Adrese Dayalı Nüfus Kayıt Sistemi";"Antalya";"Tek Çekirdek Aileden Oluşan Hanehalkı";"Hanehalkı sayısı";"2020";"518022";"";"";"";"";""
"Türkiye";"Yıllık";"Adrese Dayalı Nüfus Kayıt Sistemi";"Antalya";"Tek Çekirdek Aileden Oluşan Hanehalkı";"Hanehalkı sayısı";"2021";"524989";"";"";"";"";""
"Türkiye";"Yıllık";"Adrese Dayalı Nüfus Kayıt Sistemi";"Antalya";"Tek Çekirdek Aileden Oluşan Hanehalkı";"Hanehalkı sayısı";"2022";"531696";"";"";"";"";""
"Türkiye";"Yıllık";"Adrese Dayalı Nüfus Kayıt Sistemi";"Antalya";"Tek Çekirdek Aileden Oluşan Hanehalkı";"Hanehalkı sayısı";"2023";"530181";"";"";"";"";""
"Türkiye";"Yıllık";"Adrese Dayalı Nüfus Kayıt Sistemi";"Antalya";"Tek Çekirdek Aileden Oluşan Hanehalkı";"Hanehalkı sayısı";"2024";"534920";"";"";"";"";""
"Türkiye";"Yıllık";"Adrese Dayalı Nüfus Kayıt Sistemi";"Antalya";"Tek Çekirdek Aileden Oluşan Hanehalkı";"Hanehalkı sayısı";"2025";"539733";"";"";"";"";""
"Türkiye";"Yıllık";"Adrese Dayalı Nüfus Kayıt Sistemi";"Antalya";"En Az Bir Çekirdek Aile Ve Diğer Kişilerden Oluşan Hanehalkı";"Hanehalkı sayısı";"2014";"87030";"";"";"";"";""
"Türkiye";"Yıllık";"Adrese Dayalı Nüfus Kayıt Sistemi";"Antalya";"En Az Bir Çekirdek Aile Ve Diğer Kişilerden Oluşan Hanehalkı";"Hanehalkı sayısı";"2015";"92766";"";"";"";"";""
"Türkiye";"Yıllık";"Adrese Dayalı Nüfus Kayıt Sistemi";"Antalya";"En Az Bir Çekirdek Aile Ve Diğer Kişilerden Oluşan Hanehalkı";"Hanehalkı sayısı";"2016";"95412";"";"";"";"";""
"Türkiye";"Yıllık";"Adrese Dayalı Nüfus Kayıt Sistemi";"Antalya";"En Az Bir Çekirdek Aile Ve Diğer Kişilerden Oluşan Hanehalkı";"Hanehalkı sayısı";"2017";"96407";"";"";"";"";""
"Türkiye";"Yıllık";"Adrese Dayalı Nüfus Kayıt Sistemi";"Antalya";"En Az Bir Çekirdek Aile Ve Diğer Kişilerden Oluşan Hanehalkı";"Hanehalkı sayısı";"2018";"100833";"";"";"";"";""
"Türkiye";"Yıllık";"Adrese Dayalı Nüfus Kayıt Sistemi";"Antalya";"En Az Bir Çekirdek Aile Ve Diğer Kişilerden Oluşan Hanehalkı";"Hanehalkı sayısı";"2019";"102450";"";"";"";"";""
"Türkiye";"Yıllık";"Adrese Dayalı Nüfus Kayıt Sistemi";"Antalya";"En Az Bir Çekirdek Aile Ve Diğer Kişilerden Oluşan Hanehalkı";"Hanehalkı sayısı";"2020";"99609";"";"";"";"";""
"Türkiye";"Yıllık";"Adrese Dayalı Nüfus Kayıt Sistemi";"Antalya";"En Az Bir Çekirdek Aile Ve Diğer Kişilerden Oluşan Hanehalkı";"Hanehalkı sayısı";"2021";"101233";"";"";"";"";""
"Türkiye";"Yıllık";"Adrese Dayalı Nüfus Kayıt Sistemi";"Antalya";"En Az Bir Çekirdek Aile Ve Diğer Kişilerden Oluşan Hanehalkı";"Hanehalkı sayısı";"2022";"103108";"";"";"";"";""
"Türkiye";"Yıllık";"Adrese Dayalı Nüfus Kayıt Sistemi";"Antalya";"En Az Bir Çekirdek Aile Ve Diğer Kişilerden Oluşan Hanehalkı";"Hanehalkı sayısı";"2023";"113168";"";"";"";"";""
"Türkiye";"Yıllık";"Adrese Dayalı Nüfus Kayıt Sistemi";"Antalya";"En Az Bir Çekirdek Aile Ve Diğer Kişilerden Oluşan Hanehalkı";"Hanehalkı sayısı";"2024";"116921";"";"";"";"";""
"Türkiye";"Yıllık";"Adrese Dayalı Nüfus Kayıt Sistemi";"Antalya";"En Az Bir Çekirdek Aile Ve Diğer Kişilerden Oluşan Hanehalkı";"Hanehalkı sayısı";"2025";"124013";"";"";"";"";""
"Türkiye";"Yıllık";"Adrese Dayalı Nüfus Kayıt Sistemi";"Antalya";"Çekirdek Aile Bulunmayan Birden Fazla Kişiden Oluşan Hanehalkı";"Hanehalkı sayısı";"2014";"17105";"";"";"";"";""
"Türkiye";"Yıllık";"Adrese Dayalı Nüfus Kayıt Sistemi";"Antalya";"Çekirdek Aile Bulunmayan Birden Fazla Kişiden Oluşan Hanehalkı";"Hanehalkı sayısı";"2015";"19912";"";"";"";"";""
"Türkiye";"Yıllık";"Adrese Dayalı Nüfus Kayıt Sistemi";"Antalya";"Çekirdek Aile Bulunmayan Birden Fazla Kişiden Oluşan Hanehalkı";"Hanehalkı sayısı";"2016";"24772";"";"";"";"";""
"Türkiye";"Yıllık";"Adrese Dayalı Nüfus Kayıt Sistemi";"Antalya";"Çekirdek Aile Bulunmayan Birden Fazla Kişiden Oluşan Hanehalkı";"Hanehalkı sayısı";"2017";"25451";"";"";"";"";""
"Türkiye";"Yıllık";"Adrese Dayalı Nüfus Kayıt Sistemi";"Antalya";"Çekirdek Aile Bulunmayan Birden Fazla Kişiden Oluşan Hanehalkı";"Hanehalkı sayısı";"2018";"31343";"";"";"";"";""
"Türkiye";"Yıllık";"Adrese Dayalı Nüfus Kayıt Sistemi";"Antalya";"Çekirdek Aile Bulunmayan Birden Fazla Kişiden Oluşan Hanehalkı";"Hanehalkı sayısı";"2019";"36778";"";"";"";"";""
"Türkiye";"Yıllık";"Adrese Dayalı Nüfus Kayıt Sistemi";"Antalya";"Çekirdek Aile Bulunmayan Birden Fazla Kişiden Oluşan Hanehalkı";"Hanehalkı sayısı";"2020";"35700";"";"";"";"";""
"Türkiye";"Yıllık";"Adrese Dayalı Nüfus Kayıt Sistemi";"Antalya";"Çekirdek Aile Bulunmayan Birden Fazla Kişiden Oluşan Hanehalkı";"Hanehalkı sayısı";"2021";"45794";"";"";"";"";""
"Türkiye";"Yıllık";"Adrese Dayalı Nüfus Kayıt Sistemi";"Antalya";"Çekirdek Aile Bulunmayan Birden Fazla Kişiden Oluşan Hanehalkı";"Hanehalkı sayısı";"2022";"55419";"";"";"";"";""
"Türkiye";"Yıllık";"Adrese Dayalı Nüfus Kayıt Sistemi";"Antalya";"Çekirdek Aile Bulunmayan Birden Fazla Kişiden Oluşan Hanehalkı";"Hanehalkı sayısı";"2023";"48450";"";"";"";"";""
"Türkiye";"Yıllık";"Adrese Dayalı Nüfus Kayıt Sistemi";"Antalya";"Çekirdek Aile Bulunmayan Birden Fazla Kişiden Oluşan Hanehalkı";"Hanehalkı sayısı";"2024";"45240";"";"";"";"";""
"Türkiye";"Yıllık";"Adrese Dayalı Nüfus Kayıt Sistemi";"Antalya";"Çekirdek Aile Bulunmayan Birden Fazla Kişiden Oluşan Hanehalkı";"Hanehalkı sayısı";"2025";"48334";"";"";"";"";""
"Türkiye";"Yıllık";"Adrese Dayalı Nüfus Kayıt Sistemi";"Antalya";"Toplam";"Hanehalkı sayısı";"2014";"663840";"";"";"";"";""
"Türkiye";"Yıllık";"Adrese Dayalı Nüfus Kayıt Sistemi";"Antalya";"Toplam";"Hanehalkı sayısı";"2015";"691355";"";"";"";"";""
"Türkiye";"Yıllık";"Adrese Dayalı Nüfus Kayıt Sistemi";"Antalya";"Toplam";"Hanehalkı sayısı";"2016";"714015";"";"";"";"";""
"Türkiye";"Yıllık";"Adrese Dayalı Nüfus Kayıt Sistemi";"Antalya";"Toplam";"Hanehalkı sayısı";"2017";"732423";"";"";"";"";""
"Türkiye";"Yıllık";"Adrese Dayalı Nüfus Kayıt Sistemi";"Antalya";"Toplam";"Hanehalkı sayısı";"2018";"758236";"";"";"";"";""
"Türkiye";"Yıllık";"Adrese Dayalı Nüfus Kayıt Sistemi";"Antalya";"Toplam";"Hanehalkı sayısı";"2019";"797290";"";"";"";"";""
"Türkiye";"Yıllık";"Adrese Dayalı Nüfus Kayıt Sistemi";"Antalya";"Toplam";"Hanehalkı sayısı";"2020";"820868";"";"";"";"";""
"Türkiye";"Yıllık";"Adrese Dayalı Nüfus Kayıt Sistemi";"Antalya";"Toplam";"Hanehalkı sayısı";"2021";"858107";"";"";"";"";""
"Türkiye";"Yıllık";"Adrese Dayalı Nüfus Kayıt Sistemi";"Antalya";"Toplam";"Hanehalkı sayısı";"2022";"886985";"";"";"";"";""
"Türkiye";"Yıllık";"Adrese Dayalı Nüfus Kayıt Sistemi";"Antalya";"Toplam";"Hanehalkı sayısı";"2023";"887229";"";"";"";"";""
"Türkiye";"Yıllık";"Adrese Dayalı Nüfus Kayıt Sistemi";"Antalya";"Toplam";"Hanehalkı sayısı";"2024";"895004";"";"";"";"";""
"Türkiye";"Yıllık";"Adrese Dayalı Nüfus Kayıt Sistemi";"Antalya";"Toplam";"Hanehalkı sayısı";"2025";"918985";"";"";"";"";""
"Türkiye";"Yıllık";"Adrese Dayalı Nüfus Kayıt Sistemi";"Burdur";"Tek Kişilik Hanehalkı";"Hanehalkı sayısı";"2014";"16044";"";"";"";"";""
"Türkiye";"Yıllık";"Adrese Dayalı Nüfus Kayıt Sistemi";"Burdur";"Tek Kişilik Hanehalkı";"Hanehalkı sayısı";"2015";"16861";"";"";"";"";""
"Türkiye";"Yıllık";"Adrese Dayalı Nüfus Kayıt Sistemi";"Burdur";"Tek Kişilik Hanehalkı";"Hanehalkı sayısı";"2016";"17914";"";"";"";"";""
"Türkiye";"Yıllık";"Adrese Dayalı Nüfus Kayıt Sistemi";"Burdur";"Tek Kişilik Hanehalkı";"Hanehalkı sayısı";"2017";"18878";"";"";"";"";""
"Türkiye";"Yıllık";"Adrese Dayalı Nüfus Kayıt Sistemi";"Burdur";"Tek Kişilik Hanehalkı";"Hanehalkı sayısı";"2018";"19944";"";"";"";"";""
"Türkiye";"Yıllık";"Adrese Dayalı Nüfus Kayıt Sistemi";"Burdur";"Tek Kişilik Hanehalkı";"Hanehalkı sayısı";"2019";"21313";"";"";"";"";""
"Türkiye";"Yıllık";"Adrese Dayalı Nüfus Kayıt Sistemi";"Burdur";"Tek Kişilik Hanehalkı";"Hanehalkı sayısı";"2020";"22674";"";"";"";"";""
"Türkiye";"Yıllık";"Adrese Dayalı Nüfus Kayıt Sistemi";"Burdur";"Tek Kişilik Hanehalkı";"Hanehalkı sayısı";"2021";"24313";"";"";"";"";""
"Türkiye";"Yıllık";"Adrese Dayalı Nüfus Kayıt Sistemi";"Burdur";"Tek Kişilik Hanehalkı";"Hanehalkı sayısı";"2022";"25382";"";"";"";"";""
"Türkiye";"Yıllık";"Adrese Dayalı Nüfus Kayıt Sistemi";"Burdur";"Tek Kişilik Hanehalkı";"Hanehalkı sayısı";"2023";"24641";"";"";"";"";""
"Türkiye";"Yıllık";"Adrese Dayalı Nüfus Kayıt Sistemi";"Burdur";"Tek Kişilik Hanehalkı";"Hanehalkı sayısı";"2024";"24480";"";"";"";"";""
"Türkiye";"Yıllık";"Adrese Dayalı Nüfus Kayıt Sistemi";"Burdur";"Tek Kişilik Hanehalkı";"Hanehalkı sayısı";"2025";"24716";"";"";"";"";""
"Türkiye";"Yıllık";"Adrese Dayalı Nüfus Kayıt Sistemi";"Burdur";"Tek Çekirdek Aileden Oluşan Hanehalkı";"Hanehalkı sayısı";"2014";"56858";"";"";"";"";""
"Türkiye";"Yıllık";"Adrese Dayalı Nüfus Kayıt Sistemi";"Burdur";"Tek Çekirdek Aileden Oluşan Hanehalkı";"Hanehalkı sayısı";"2015";"56915";"";"";"";"";""
"Türkiye";"Yıllık";"Adrese Dayalı Nüfus Kayıt Sistemi";"Burdur";"Tek Çekirdek Aileden Oluşan Hanehalkı";"Hanehalkı sayısı";"2016";"57182";"";"";"";"";""
"Türkiye";"Yıllık";"Adrese Dayalı Nüfus Kayıt Sistemi";"Burdur";"Tek Çekirdek Aileden Oluşan Hanehalkı";"Hanehalkı sayısı";"2017";"57675";"";"";"";"";""
"Türkiye";"Yıllık";"Adrese Dayalı Nüfus Kayıt Sistemi";"Burdur";"Tek Çekirdek Aileden Oluşan Hanehalkı";"Hanehalkı sayısı";"2018";"58339";"";"";"";"";""
"Türkiye";"Yıllık";"Adrese Dayalı Nüfus Kayıt Sistemi";"Burdur";"Tek Çekirdek Aileden Oluşan Hanehalkı";"Hanehalkı sayısı";"2019";"58550";"";"";"";"";""
"Türkiye";"Yıllık";"Adrese Dayalı Nüfus Kayıt Sistemi";"Burdur";"Tek Çekirdek Aileden Oluşan Hanehalkı";"Hanehalkı sayısı";"2020";"59275";"";"";"";"";""
"Türkiye";"Yıllık";"Adrese Dayalı Nüfus Kayıt Sistemi";"Burdur";"Tek Çekirdek Aileden Oluşan Hanehalkı";"Hanehalkı sayısı";"2021";"59586";"";"";"";"";""
"Türkiye";"Yıllık";"Adrese Dayalı Nüfus Kayıt Sistemi";"Burdur";"Tek Çekirdek Aileden Oluşan Hanehalkı";"Hanehalkı sayısı";"2022";"60546";"";"";"";"";""
"Türkiye";"Yıllık";"Adrese Dayalı Nüfus Kayıt Sistemi";"Burdur";"Tek Çekirdek Aileden Oluşan Hanehalkı";"Hanehalkı sayısı";"2023";"60117";"";"";"";"";""
"Türkiye";"Yıllık";"Adrese Dayalı Nüfus Kayıt Sistemi";"Burdur";"Tek Çekirdek Aileden Oluşan Hanehalkı";"Hanehalkı sayısı";"2024";"59810";"";"";"";"";""
"Türkiye";"Yıllık";"Adrese Dayalı Nüfus Kayıt Sistemi";"Burdur";"Tek Çekirdek Aileden Oluşan Hanehalkı";"Hanehalkı sayısı";"2025";"58988";"";"";"";"";""
"Türkiye";"Yıllık";"Adrese Dayalı Nüfus Kayıt Sistemi";"Burdur";"En Az Bir Çekirdek Aile Ve Diğer Kişilerden Oluşan Hanehalkı";"Hanehalkı sayısı";"2014";"10336";"";"";"";"";""
"Türkiye";"Yıllık";"Adrese Dayalı Nüfus Kayıt Sistemi";"Burdur";"En Az Bir Çekirdek Aile Ve Diğer Kişilerden Oluşan Hanehalkı";"Hanehalkı sayısı";"2015";"10384";"";"";"";"";""
"Türkiye";"Yıllık";"Adrese Dayalı Nüfus Kayıt Sistemi";"Burdur";"En Az Bir Çekirdek Aile Ve Diğer Kişilerden Oluşan Hanehalkı";"Hanehalkı sayısı";"2016";"10436";"";"";"";"";""
"Türkiye";"Yıllık";"Adrese Dayalı Nüfus Kayıt Sistemi";"Burdur";"En Az Bir Çekirdek Aile Ve Diğer Kişilerden Oluşan Hanehalkı";"Hanehalkı sayısı";"2017";"10271";"";"";"";"";""
"Türkiye";"Yıllık";"Adrese Dayalı Nüfus Kayıt Sistemi";"Burdur";"En Az Bir Çekirdek Aile Ve Diğer Kişilerden Oluşan Hanehalkı";"Hanehalkı sayısı";"2018";"10272";"";"";"";"";""
"Türkiye";"Yıllık";"Adrese Dayalı Nüfus Kayıt Sistemi";"Burdur";"En Az Bir Çekirdek Aile Ve Diğer Kişilerden Oluşan Hanehalkı";"Hanehalkı sayısı";"2019";"10159";"";"";"";"";""
"Türkiye";"Yıllık";"Adrese Dayalı Nüfus Kayıt Sistemi";"Burdur";"En Az Bir Çekirdek Aile Ve Diğer Kişilerden Oluşan Hanehalkı";"Hanehalkı sayısı";"2020";"9748";"";"";"";"";""
"Türkiye";"Yıllık";"Adrese Dayalı Nüfus Kayıt Sistemi";"Burdur";"En Az Bir Çekirdek Aile Ve Diğer Kişilerden Oluşan Hanehalkı";"Hanehalkı sayısı";"2021";"9802";"";"";"";"";""
"Türkiye";"Yıllık";"Adrese Dayalı Nüfus Kayıt Sistemi";"Burdur";"En Az Bir Çekirdek Aile Ve Diğer Kişilerden Oluşan Hanehalkı";"Hanehalkı sayısı";"2022";"9522";"";"";"";"";""
"Türkiye";"Yıllık";"Adrese Dayalı Nüfus Kayıt Sistemi";"Burdur";"En Az Bir Çekirdek Aile Ve Diğer Kişilerden Oluşan Hanehalkı";"Hanehalkı sayısı";"2023";"10686";"";"";"";"";""
"Türkiye";"Yıllık";"Adrese Dayalı Nüfus Kayıt Sistemi";"Burdur";"En Az Bir Çekirdek Aile Ve Diğer Kişilerden Oluşan Hanehalkı";"Hanehalkı sayısı";"2024";"10618";"";"";"";"";""
"Türkiye";"Yıllık";"Adrese Dayalı Nüfus Kayıt Sistemi";"Burdur";"En Az Bir Çekirdek Aile Ve Diğer Kişilerden Oluşan Hanehalkı";"Hanehalkı sayısı";"2025";"11040";"";"";"";"";""
"Türkiye";"Yıllık";"Adrese Dayalı Nüfus Kayıt Sistemi";"Burdur";"Çekirdek Aile Bulunmayan Birden Fazla Kişiden Oluşan Hanehalkı";"Hanehalkı sayısı";"2014";"1360";"";"";"";"";""
"Türkiye";"Yıllık";"Adrese Dayalı Nüfus Kayıt Sistemi";"Burdur";"Çekirdek Aile Bulunmayan Birden Fazla Kişiden Oluşan Hanehalkı";"Hanehalkı sayısı";"2015";"1458";"";"";"";"";""
"Türkiye";"Yıllık";"Adrese Dayalı Nüfus Kayıt Sistemi";"Burdur";"Çekirdek Aile Bulunmayan Birden Fazla Kişiden Oluşan Hanehalkı";"Hanehalkı sayısı";"2016";"1566";"";"";"";"";""
"Türkiye";"Yıllık";"Adrese Dayalı Nüfus Kayıt Sistemi";"Burdur";"Çekirdek Aile Bulunmayan Birden Fazla Kişiden Oluşan Hanehalkı";"Hanehalkı sayısı";"2017";"1745";"";"";"";"";""
"Türkiye";"Yıllık";"Adrese Dayalı Nüfus Kayıt Sistemi";"Burdur";"Çekirdek Aile Bulunmayan Birden Fazla Kişiden Oluşan Hanehalkı";"Hanehalkı sayısı";"2018";"2037";"";"";"";"";""
"Türkiye";"Yıllık";"Adrese Dayalı Nüfus Kayıt Sistemi";"Burdur";"Çekirdek Aile Bulunmayan Birden Fazla Kişiden Oluşan Hanehalkı";"Hanehalkı sayısı";"2019";"2273";"";"";"";"";""
"Türkiye";"Yıllık";"Adrese Dayalı Nüfus Kayıt Sistemi";"Burdur";"Çekirdek Aile Bulunmayan Birden Fazla Kişiden Oluşan Hanehalkı";"Hanehalkı sayısı";"2020";"2118";"";"";"";"";""
"Türkiye";"Yıllık";"Adrese Dayalı Nüfus Kayıt Sistemi";"Burdur";"Çekirdek Aile Bulunmayan Birden Fazla Kişiden Oluşan Hanehalkı";"Hanehalkı sayısı";"2021";"2519";"";"";"";"";""
"Türkiye";"Yıllık";"Adrese Dayalı Nüfus Kayıt Sistemi";"Burdur";"Çekirdek Aile Bulunmayan Birden Fazla Kişiden Oluşan Hanehalkı";"Hanehalkı sayısı";"2022";"2333";"";"";"";"";""
"Türkiye";"Yıllık";"Adrese Dayalı Nüfus Kayıt Sistemi";"Burdur";"Çekirdek Aile Bulunmayan Birden Fazla Kişiden Oluşan Hanehalkı";"Hanehalkı sayısı";"2023";"2214";"";"";"";"";""
"Türkiye";"Yıllık";"Adrese Dayalı Nüfus Kayıt Sistemi";"Burdur";"Çekirdek Aile Bulunmayan Birden Fazla Kişiden Oluşan Hanehalkı";"Hanehalkı sayısı";"2024";"2064";"";"";"";"";""
"Türkiye";"Yıllık";"Adrese Dayalı Nüfus Kayıt Sistemi";"Burdur";"Çekirdek Aile Bulunmayan Birden Fazla Kişiden Oluşan Hanehalkı";"Hanehalkı sayısı";"2025";"2022";"";"";"";"";""
"Türkiye";"Yıllık";"Adrese Dayalı Nüfus Kayıt Sistemi";"Burdur";"Toplam";"Hanehalkı sayısı";"2014";"84598";"";"";"";"";""
"Türkiye";"Yıllık";"Adrese Dayalı Nüfus Kayıt Sistemi";"Burdur";"Toplam";"Hanehalkı sayısı";"2015";"85618";"";"";"";"";""
"Türkiye";"Yıllık";"Adrese Dayalı Nüfus Kayıt Sistemi";"Burdur";"Toplam";"Hanehalkı sayısı";"2016";"87098";"";"";"";"";""
"Türkiye";"Yıllık";"Adrese Dayalı Nüfus Kayıt Sistemi";"Burdur";"Toplam";"Hanehalkı sayısı";"2017";"88569";"";"";"";"";""
"Türkiye";"Yıllık";"Adrese Dayalı Nüfus Kayıt Sistemi";"Burdur";"Toplam";"Hanehalkı sayısı";"2018";"90592";"";"";"";"";""
"Türkiye";"Yıllık";"Adrese Dayalı Nüfus Kayıt Sistemi";"Burdur";"Toplam";"Hanehalkı sayısı";"2019";"92295";"";"";"";"";""
"Türkiye";"Yıllık";"Adrese Dayalı Nüfus Kayıt Sistemi";"Burdur";"Toplam";"Hanehalkı sayısı";"2020";"93815";"";"";"";"";""
"Türkiye";"Yıllık";"Adrese Dayalı Nüfus Kayıt Sistemi";"Burdur";"Toplam";"Hanehalkı sayısı";"2021";"96220";"";"";"";"";""
"Türkiye";"Yıllık";"Adrese Dayalı Nüfus Kayıt Sistemi";"Burdur";"Toplam";"Hanehalkı sayısı";"2022";"97783";"";"";"";"";""
"Türkiye";"Yıllık";"Adrese Dayalı Nüfus Kayıt Sistemi";"Burdur";"Toplam";"Hanehalkı sayısı";"2023";"97658";"";"";"";"";""
"Türkiye";"Yıllık";"Adrese Dayalı Nüfus Kayıt Sistemi";"Burdur";"Toplam";"Hanehalkı sayısı";"2024";"96972";"";"";"";"";""
"Türkiye";"Yıllık";"Adrese Dayalı Nüfus Kayıt Sistemi";"Burdur";"Toplam";"Hanehalkı sayısı";"2025";"96766";"";"";"";"";""
"Türkiye";"Yıllık";"Adrese Dayalı Nüfus Kayıt Sistemi";"Isparta";"Tek Kişilik Hanehalkı";"Hanehalkı sayısı";"2014";"23207";"";"";"";"";""
"Türkiye";"Yıllık";"Adrese Dayalı Nüfus Kayıt Sistemi";"Isparta";"Tek Kişilik Hanehalkı";"Hanehalkı sayısı";"2015";"24453";"";"";"";"";""
"Türkiye";"Yıllık";"Adrese Dayalı Nüfus Kayıt Sistemi";"Isparta";"Tek Kişilik Hanehalkı";"Hanehalkı sayısı";"2016";"26030";"";"";"";"";""
"Türkiye";"Yıllık";"Adrese Dayalı Nüfus Kayıt Sistemi";"Isparta";"Tek Kişilik Hanehalkı";"Hanehalkı sayısı";"2017";"27149";"";"";"";"";""
"Türkiye";"Yıllık";"Adrese Dayalı Nüfus Kayıt Sistemi";"Isparta";"Tek Kişilik Hanehalkı";"Hanehalkı sayısı";"2018";"31204";"";"";"";"";""
"Türkiye";"Yıllık";"Adrese Dayalı Nüfus Kayıt Sistemi";"Isparta";"Tek Kişilik Hanehalkı";"Hanehalkı sayısı";"2019";"32998";"";"";"";"";""
"Türkiye";"Yıllık";"Adrese Dayalı Nüfus Kayıt Sistemi";"Isparta";"Tek Kişilik Hanehalkı";"Hanehalkı sayısı";"2020";"34336";"";"";"";"";""
"Türkiye";"Yıllık";"Adrese Dayalı Nüfus Kayıt Sistemi";"Isparta";"Tek Kişilik Hanehalkı";"Hanehalkı sayısı";"2021";"36595";"";"";"";"";""
"Türkiye";"Yıllık";"Adrese Dayalı Nüfus Kayıt Sistemi";"Isparta";"Tek Kişilik Hanehalkı";"Hanehalkı sayısı";"2022";"37835";"";"";"";"";""
"Türkiye";"Yıllık";"Adrese Dayalı Nüfus Kayıt Sistemi";"Isparta";"Tek Kişilik Hanehalkı";"Hanehalkı sayısı";"2023";"37072";"";"";"";"";""
"Türkiye";"Yıllık";"Adrese Dayalı Nüfus Kayıt Sistemi";"Isparta";"Tek Kişilik Hanehalkı";"Hanehalkı sayısı";"2024";"36993";"";"";"";"";""
"Türkiye";"Yıllık";"Adrese Dayalı Nüfus Kayıt Sistemi";"Isparta";"Tek Kişilik Hanehalkı";"Hanehalkı sayısı";"2025";"38086";"";"";"";"";""
"Türkiye";"Yıllık";"Adrese Dayalı Nüfus Kayıt Sistemi";"Isparta";"Tek Çekirdek Aileden Oluşan Hanehalkı";"Hanehalkı sayısı";"2014";"88080";"";"";"";"";""
"Türkiye";"Yıllık";"Adrese Dayalı Nüfus Kayıt Sistemi";"Isparta";"Tek Çekirdek Aileden Oluşan Hanehalkı";"Hanehalkı sayısı";"2015";"88784";"";"";"";"";""
"Türkiye";"Yıllık";"Adrese Dayalı Nüfus Kayıt Sistemi";"Isparta";"Tek Çekirdek Aileden Oluşan Hanehalkı";"Hanehalkı sayısı";"2016";"89176";"";"";"";"";""
"Türkiye";"Yıllık";"Adrese Dayalı Nüfus Kayıt Sistemi";"Isparta";"Tek Çekirdek Aileden Oluşan Hanehalkı";"Hanehalkı sayısı";"2017";"90343";"";"";"";"";""
"Türkiye";"Yıllık";"Adrese Dayalı Nüfus Kayıt Sistemi";"Isparta";"Tek Çekirdek Aileden Oluşan Hanehalkı";"Hanehalkı sayısı";"2018";"91208";"";"";"";"";""
"Türkiye";"Yıllık";"Adrese Dayalı Nüfus Kayıt Sistemi";"Isparta";"Tek Çekirdek Aileden Oluşan Hanehalkı";"Hanehalkı sayısı";"2019";"92550";"";"";"";"";""
"Türkiye";"Yıllık";"Adrese Dayalı Nüfus Kayıt Sistemi";"Isparta";"Tek Çekirdek Aileden Oluşan Hanehalkı";"Hanehalkı sayısı";"2020";"93609";"";"";"";"";""
"Türkiye";"Yıllık";"Adrese Dayalı Nüfus Kayıt Sistemi";"Isparta";"Tek Çekirdek Aileden Oluşan Hanehalkı";"Hanehalkı sayısı";"2021";"94433";"";"";"";"";""
"Türkiye";"Yıllık";"Adrese Dayalı Nüfus Kayıt Sistemi";"Isparta";"Tek Çekirdek Aileden Oluşan Hanehalkı";"Hanehalkı sayısı";"2022";"96505";"";"";"";"";""
"Türkiye";"Yıllık";"Adrese Dayalı Nüfus Kayıt Sistemi";"Isparta";"Tek Çekirdek Aileden Oluşan Hanehalkı";"Hanehalkı sayısı";"2023";"96232";"";"";"";"";""
"Türkiye";"Yıllık";"Adrese Dayalı Nüfus Kayıt Sistemi";"Isparta";"Tek Çekirdek Aileden Oluşan Hanehalkı";"Hanehalkı sayısı";"2024";"96193";"";"";"";"";""
"Türkiye";"Yıllık";"Adrese Dayalı Nüfus Kayıt Sistemi";"Isparta";"Tek Çekirdek Aileden Oluşan Hanehalkı";"Hanehalkı sayısı";"2025";"95977";"";"";"";"";""
"Türkiye";"Yıllık";"Adrese Dayalı Nüfus Kayıt Sistemi";"Isparta";"En Az Bir Çekirdek Aile Ve Diğer Kişilerden Oluşan Hanehalkı";"Hanehalkı sayısı";"2014";"17519";"";"";"";"";""
"Türkiye";"Yıllık";"Adrese Dayalı Nüfus Kayıt Sistemi";"Isparta";"En Az Bir Çekirdek Aile Ve Diğer Kişilerden Oluşan Hanehalkı";"Hanehalkı sayısı";"2015";"17405";"";"";"";"";""
"Türkiye";"Yıllık";"Adrese Dayalı Nüfus Kayıt Sistemi";"Isparta";"En Az Bir Çekirdek Aile Ve Diğer Kişilerden Oluşan Hanehalkı";"Hanehalkı sayısı";"2016";"17757";"";"";"";"";""
"Türkiye";"Yıllık";"Adrese Dayalı Nüfus Kayıt Sistemi";"Isparta";"En Az Bir Çekirdek Aile Ve Diğer Kişilerden Oluşan Hanehalkı";"Hanehalkı sayısı";"2017";"17095";"";"";"";"";""
"Türkiye";"Yıllık";"Adrese Dayalı Nüfus Kayıt Sistemi";"Isparta";"En Az Bir Çekirdek Aile Ve Diğer Kişilerden Oluşan Hanehalkı";"Hanehalkı sayısı";"2018";"17313";"";"";"";"";""
"Türkiye";"Yıllık";"Adrese Dayalı Nüfus Kayıt Sistemi";"Isparta";"En Az Bir Çekirdek Aile Ve Diğer Kişilerden Oluşan Hanehalkı";"Hanehalkı sayısı";"2019";"16901";"";"";"";"";""
"Türkiye";"Yıllık";"Adrese Dayalı Nüfus Kayıt Sistemi";"Isparta";"En Az Bir Çekirdek Aile Ve Diğer Kişilerden Oluşan Hanehalkı";"Hanehalkı sayısı";"2020";"16495";"";"";"";"";""
"Türkiye";"Yıllık";"Adrese Dayalı Nüfus Kayıt Sistemi";"Isparta";"En Az Bir Çekirdek Aile Ve Diğer Kişilerden Oluşan Hanehalkı";"Hanehalkı sayısı";"2021";"16328";"";"";"";"";""
"Türkiye";"Yıllık";"Adrese Dayalı Nüfus Kayıt Sistemi";"Isparta";"En Az Bir Çekirdek Aile Ve Diğer Kişilerden Oluşan Hanehalkı";"Hanehalkı sayısı";"2022";"15603";"";"";"";"";""
"Türkiye";"Yıllık";"Adrese Dayalı Nüfus Kayıt Sistemi";"Isparta";"En Az Bir Çekirdek Aile Ve Diğer Kişilerden Oluşan Hanehalkı";"Hanehalkı sayısı";"2023";"16783";"";"";"";"";""
"Türkiye";"Yıllık";"Adrese Dayalı Nüfus Kayıt Sistemi";"Isparta";"En Az Bir Çekirdek Aile Ve Diğer Kişilerden Oluşan Hanehalkı";"Hanehalkı sayısı";"2024";"16913";"";"";"";"";""
"Türkiye";"Yıllık";"Adrese Dayalı Nüfus Kayıt Sistemi";"Isparta";"En Az Bir Çekirdek Aile Ve Diğer Kişilerden Oluşan Hanehalkı";"Hanehalkı sayısı";"2025";"17434";"";"";"";"";""
"Türkiye";"Yıllık";"Adrese Dayalı Nüfus Kayıt Sistemi";"Isparta";"Çekirdek Aile Bulunmayan Birden Fazla Kişiden Oluşan Hanehalkı";"Hanehalkı sayısı";"2014";"2644";"";"";"";"";""
"Türkiye";"Yıllık";"Adrese Dayalı Nüfus Kayıt Sistemi";"Isparta";"Çekirdek Aile Bulunmayan Birden Fazla Kişiden Oluşan Hanehalkı";"Hanehalkı sayısı";"2015";"2929";"";"";"";"";""
"Türkiye";"Yıllık";"Adrese Dayalı Nüfus Kayıt Sistemi";"Isparta";"Çekirdek Aile Bulunmayan Birden Fazla Kişiden Oluşan Hanehalkı";"Hanehalkı sayısı";"2016";"3333";"";"";"";"";""
"Türkiye";"Yıllık";"Adrese Dayalı Nüfus Kayıt Sistemi";"Isparta";"Çekirdek Aile Bulunmayan Birden Fazla Kişiden Oluşan Hanehalkı";"Hanehalkı sayısı";"2017";"3243";"";"";"";"";""
"Türkiye";"Yıllık";"Adrese Dayalı Nüfus Kayıt Sistemi";"Isparta";"Çekirdek Aile Bulunmayan Birden Fazla Kişiden Oluşan Hanehalkı";"Hanehalkı sayısı";"2018";"5049";"";"";"";"";""
"Türkiye";"Yıllık";"Adrese Dayalı Nüfus Kayıt Sistemi";"Isparta";"Çekirdek Aile Bulunmayan Birden Fazla Kişiden Oluşan Hanehalkı";"Hanehalkı sayısı";"2019";"5034";"";"";"";"";""
"Türkiye";"Yıllık";"Adrese Dayalı Nüfus Kayıt Sistemi";"Isparta";"Çekirdek Aile Bulunmayan Birden Fazla Kişiden Oluşan Hanehalkı";"Hanehalkı sayısı";"2020";"4428";"";"";"";"";""
"Türkiye";"Yıllık";"Adrese Dayalı Nüfus Kayıt Sistemi";"Isparta";"Çekirdek Aile Bulunmayan Birden Fazla Kişiden Oluşan Hanehalkı";"Hanehalkı sayısı";"2021";"4266";"";"";"";"";""
"Türkiye";"Yıllık";"Adrese Dayalı Nüfus Kayıt Sistemi";"Isparta";"Çekirdek Aile Bulunmayan Birden Fazla Kişiden Oluşan Hanehalkı";"Hanehalkı sayısı";"2022";"4118";"";"";"";"";""
"Türkiye";"Yıllık";"Adrese Dayalı Nüfus Kayıt Sistemi";"Isparta";"Çekirdek Aile Bulunmayan Birden Fazla Kişiden Oluşan Hanehalkı";"Hanehalkı sayısı";"2023";"4079";"";"";"";"";""
"Türkiye";"Yıllık";"Adrese Dayalı Nüfus Kayıt Sistemi";"Isparta";"Çekirdek Aile Bulunmayan Birden Fazla Kişiden Oluşan Hanehalkı";"Hanehalkı sayısı";"2024";"3954";"";"";"";"";""
"Türkiye";"Yıllık";"Adrese Dayalı Nüfus Kayıt Sistemi";"Isparta";"Çekirdek Aile Bulunmayan Birden Fazla Kişiden Oluşan Hanehalkı";"Hanehalkı sayısı";"2025";"4037";"";"";"";"";""
"Türkiye";"Yıllık";"Adrese Dayalı Nüfus Kayıt Sistemi";"Isparta";"Toplam";"Hanehalkı sayısı";"2014";"131450";"";"";"";"";""
"Türkiye";"Yıllık";"Adrese Dayalı Nüfus Kayıt Sistemi";"Isparta";"Toplam";"Hanehalkı sayısı";"2015";"133571";"";"";"";"";""
"Türkiye";"Yıllık";"Adrese Dayalı Nüfus Kayıt Sistemi";"Isparta";"Toplam";"Hanehalkı sayısı";"2016";"136296";"";"";"";"";""
"Türkiye";"Yıllık";"Adrese Dayalı Nüfus Kayıt Sistemi";"Isparta";"Toplam";"Hanehalkı sayısı";"2017";"137830";"";"";"";"";""
"Türkiye";"Yıllık";"Adrese Dayalı Nüfus Kayıt Sistemi";"Isparta";"Toplam";"Hanehalkı sayısı";"2018";"144774";"";"";"";"";""
"Türkiye";"Yıllık";"Adrese Dayalı Nüfus Kayıt Sistemi";"Isparta";"Toplam";"Hanehalkı sayısı";"2019";"147483";"";"";"";"";""
"Türkiye";"Yıllık";"Adrese Dayalı Nüfus Kayıt Sistemi";"Isparta";"Toplam";"Hanehalkı sayısı";"2020";"148868";"";"";"";"";""
"Türkiye";"Yıllık";"Adrese Dayalı Nüfus Kayıt Sistemi";"Isparta";"Toplam";"Hanehalkı sayısı";"2021";"151622";"";"";"";"";""
"Türkiye";"Yıllık";"Adrese Dayalı Nüfus Kayıt Sistemi";"Isparta";"Toplam";"Hanehalkı sayısı";"2022";"154061";"";"";"";"";""
"Türkiye";"Yıllık";"Adrese Dayalı Nüfus Kayıt Sistemi";"Isparta";"Toplam";"Hanehalkı sayısı";"2023";"154166";"";"";"";"";""
"Türkiye";"Yıllık";"Adrese Dayalı Nüfus Kayıt Sistemi";"Isparta";"Toplam";"Hanehalkı sayısı";"2024";"154053";"";"";"";"";""
"Türkiye";"Yıllık";"Adrese Dayalı Nüfus Kayıt Sistemi";"Isparta";"Toplam";"Hanehalkı sayısı";"2025";"155534";"";"";"";"";""
"Türkiye";"Yıllık";"Adrese Dayalı Nüfus Kayıt Sistemi";"Adana";"Tek Kişilik Hanehalkı";"Hanehalkı sayısı";"2014";"59701";"";"";"";"";""
"Türkiye";"Yıllık";"Adrese Dayalı Nüfus Kayıt Sistemi";"Adana";"Tek Kişilik Hanehalkı";"Hanehalkı sayısı";"2015";"64089";"";"";"";"";""
"Türkiye";"Yıllık";"Adrese Dayalı Nüfus Kayıt Sistemi";"Adana";"Tek Kişilik Hanehalkı";"Hanehalkı sayısı";"2016";"68244";"";"";"";"";""
"Türkiye";"Yıllık";"Adrese Dayalı Nüfus Kayıt Sistemi";"Adana";"Tek Kişilik Hanehalkı";"Hanehalkı sayısı";"2017";"72104";"";"";"";"";""
"Türkiye";"Yıllık";"Adrese Dayalı Nüfus Kayıt Sistemi";"Adana";"Tek Kişilik Hanehalkı";"Hanehalkı sayısı";"2018";"76916";"";"";"";"";""
"Türkiye";"Yıllık";"Adrese Dayalı Nüfus Kayıt Sistemi";"Adana";"Tek Kişilik Hanehalkı";"Hanehalkı sayısı";"2019";"82886";"";"";"";"";""
"Türkiye";"Yıllık";"Adrese Dayalı Nüfus Kayıt Sistemi";"Adana";"Tek Kişilik Hanehalkı";"Hanehalkı sayısı";"2020";"92406";"";"";"";"";""
"Türkiye";"Yıllık";"Adrese Dayalı Nüfus Kayıt Sistemi";"Adana";"Tek Kişilik Hanehalkı";"Hanehalkı sayısı";"2021";"100530";"";"";"";"";""
"Türkiye";"Yıllık";"Adrese Dayalı Nüfus Kayıt Sistemi";"Adana";"Tek Kişilik Hanehalkı";"Hanehalkı sayısı";"2022";"108768";"";"";"";"";""
"Türkiye";"Yıllık";"Adrese Dayalı Nüfus Kayıt Sistemi";"Adana";"Tek Kişilik Hanehalkı";"Hanehalkı sayısı";"2023";"117251";"";"";"";"";""
"Türkiye";"Yıllık";"Adrese Dayalı Nüfus Kayıt Sistemi";"Adana";"Tek Kişilik Hanehalkı";"Hanehalkı sayısı";"2024";"123940";"";"";"";"";""
"Türkiye";"Yıllık";"Adrese Dayalı Nüfus Kayıt Sistemi";"Adana";"Tek Kişilik Hanehalkı";"Hanehalkı sayısı";"2025";"126624";"";"";"";"";""
"Türkiye";"Yıllık";"Adrese Dayalı Nüfus Kayıt Sistemi";"Adana";"Tek Çekirdek Aileden Oluşan Hanehalkı";"Hanehalkı sayısı";"2014";"380442";"";"";"";"";""
"Türkiye";"Yıllık";"Adrese Dayalı Nüfus Kayıt Sistemi";"Adana";"Tek Çekirdek Aileden Oluşan Hanehalkı";"Hanehalkı sayısı";"2015";"382509";"";"";"";"";""
"Türkiye";"Yıllık";"Adrese Dayalı Nüfus Kayıt Sistemi";"Adana";"Tek Çekirdek Aileden Oluşan Hanehalkı";"Hanehalkı sayısı";"2016";"384468";"";"";"";"";""
"Türkiye";"Yıllık";"Adrese Dayalı Nüfus Kayıt Sistemi";"Adana";"Tek Çekirdek Aileden Oluşan Hanehalkı";"Hanehalkı sayısı";"2017";"386599";"";"";"";"";""
"Türkiye";"Yıllık";"Adrese Dayalı Nüfus Kayıt Sistemi";"Adana";"Tek Çekirdek Aileden Oluşan Hanehalkı";"Hanehalkı sayısı";"2018";"389550";"";"";"";"";""
"Türkiye";"Yıllık";"Adrese Dayalı Nüfus Kayıt Sistemi";"Adana";"Tek Çekirdek Aileden Oluşan Hanehalkı";"Hanehalkı sayısı";"2019";"396350";"";"";"";"";""
"Türkiye";"Yıllık";"Adrese Dayalı Nüfus Kayıt Sistemi";"Adana";"Tek Çekirdek Aileden Oluşan Hanehalkı";"Hanehalkı sayısı";"2020";"406409";"";"";"";"";""
"Türkiye";"Yıllık";"Adrese Dayalı Nüfus Kayıt Sistemi";"Adana";"Tek Çekirdek Aileden Oluşan Hanehalkı";"Hanehalkı sayısı";"2021";"412156";"";"";"";"";""
"Türkiye";"Yıllık";"Adrese Dayalı Nüfus Kayıt Sistemi";"Adana";"Tek Çekirdek Aileden Oluşan Hanehalkı";"Hanehalkı sayısı";"2022";"428875";"";"";"";"";""
"Türkiye";"Yıllık";"Adrese Dayalı Nüfus Kayıt Sistemi";"Adana";"Tek Çekirdek Aileden Oluşan Hanehalkı";"Hanehalkı sayısı";"2023";"432645";"";"";"";"";""
"Türkiye";"Yıllık";"Adrese Dayalı Nüfus Kayıt Sistemi";"Adana";"Tek Çekirdek Aileden Oluşan Hanehalkı";"Hanehalkı sayısı";"2024";"434038";"";"";"";"";""
"Türkiye";"Yıllık";"Adrese Dayalı Nüfus Kayıt Sistemi";"Adana";"Tek Çekirdek Aileden Oluşan Hanehalkı";"Hanehalkı sayısı";"2025";"431395";"";"";"";"";""
"Türkiye";"Yıllık";"Adrese Dayalı Nüfus Kayıt Sistemi";"Adana";"En Az Bir Çekirdek Aile Ve Diğer Kişilerden Oluşan Hanehalkı";"Hanehalkı sayısı";"2014";"99348";"";"";"";"";""
"Türkiye";"Yıllık";"Adrese Dayalı Nüfus Kayıt Sistemi";"Adana";"En Az Bir Çekirdek Aile Ve Diğer Kişilerden Oluşan Hanehalkı";"Hanehalkı sayısı";"2015";"104847";"";"";"";"";""
"Türkiye";"Yıllık";"Adrese Dayalı Nüfus Kayıt Sistemi";"Adana";"En Az Bir Çekirdek Aile Ve Diğer Kişilerden Oluşan Hanehalkı";"Hanehalkı sayısı";"2016";"107890";"";"";"";"";""
"Türkiye";"Yıllık";"Adrese Dayalı Nüfus Kayıt Sistemi";"Adana";"En Az Bir Çekirdek Aile Ve Diğer Kişilerden Oluşan Hanehalkı";"Hanehalkı sayısı";"2017";"109512";"";"";"";"";""
"Türkiye";"Yıllık";"Adrese Dayalı Nüfus Kayıt Sistemi";"Adana";"En Az Bir Çekirdek Aile Ve Diğer Kişilerden Oluşan Hanehalkı";"Hanehalkı sayısı";"2018";"109283";"";"";"";"";""
"Türkiye";"Yıllık";"Adrese Dayalı Nüfus Kayıt Sistemi";"Adana";"En Az Bir Çekirdek Aile Ve Diğer Kişilerden Oluşan Hanehalkı";"Hanehalkı sayısı";"2019";"110122";"";"";"";"";""
"Türkiye";"Yıllık";"Adrese Dayalı Nüfus Kayıt Sistemi";"Adana";"En Az Bir Çekirdek Aile Ve Diğer Kişilerden Oluşan Hanehalkı";"Hanehalkı sayısı";"2020";"106920";"";"";"";"";""
"Türkiye";"Yıllık";"Adrese Dayalı Nüfus Kayıt Sistemi";"Adana";"En Az Bir Çekirdek Aile Ve Diğer Kişilerden Oluşan Hanehalkı";"Hanehalkı sayısı";"2021";"106267";"";"";"";"";""
"Türkiye";"Yıllık";"Adrese Dayalı Nüfus Kayıt Sistemi";"Adana";"En Az Bir Çekirdek Aile Ve Diğer Kişilerden Oluşan Hanehalkı";"Hanehalkı sayısı";"2022";"102156";"";"";"";"";""
"Türkiye";"Yıllık";"Adrese Dayalı Nüfus Kayıt Sistemi";"Adana";"En Az Bir Çekirdek Aile Ve Diğer Kişilerden Oluşan Hanehalkı";"Hanehalkı sayısı";"2023";"102372";"";"";"";"";""
"Türkiye";"Yıllık";"Adrese Dayalı Nüfus Kayıt Sistemi";"Adana";"En Az Bir Çekirdek Aile Ve Diğer Kişilerden Oluşan Hanehalkı";"Hanehalkı sayısı";"2024";"105692";"";"";"";"";""
"Türkiye";"Yıllık";"Adrese Dayalı Nüfus Kayıt Sistemi";"Adana";"En Az Bir Çekirdek Aile Ve Diğer Kişilerden Oluşan Hanehalkı";"Hanehalkı sayısı";"2025";"108164";"";"";"";"";""
"Türkiye";"Yıllık";"Adrese Dayalı Nüfus Kayıt Sistemi";"Adana";"Çekirdek Aile Bulunmayan Birden Fazla Kişiden Oluşan Hanehalkı";"Hanehalkı sayısı";"2014";"8893";"";"";"";"";""
"Türkiye";"Yıllık";"Adrese Dayalı Nüfus Kayıt Sistemi";"Adana";"Çekirdek Aile Bulunmayan Birden Fazla Kişiden Oluşan Hanehalkı";"Hanehalkı sayısı";"2015";"9483";"";"";"";"";""
"Türkiye";"Yıllık";"Adrese Dayalı Nüfus Kayıt Sistemi";"Adana";"Çekirdek Aile Bulunmayan Birden Fazla Kişiden Oluşan Hanehalkı";"Hanehalkı sayısı";"2016";"9877";"";"";"";"";""
"Türkiye";"Yıllık";"Adrese Dayalı Nüfus Kayıt Sistemi";"Adana";"Çekirdek Aile Bulunmayan Birden Fazla Kişiden Oluşan Hanehalkı";"Hanehalkı sayısı";"2017";"10195";"";"";"";"";""
"Türkiye";"Yıllık";"Adrese Dayalı Nüfus Kayıt Sistemi";"Adana";"Çekirdek Aile Bulunmayan Birden Fazla Kişiden Oluşan Hanehalkı";"Hanehalkı sayısı";"2018";"11504";"";"";"";"";""
"Türkiye";"Yıllık";"Adrese Dayalı Nüfus Kayıt Sistemi";"Adana";"Çekirdek Aile Bulunmayan Birden Fazla Kişiden Oluşan Hanehalkı";"Hanehalkı sayısı";"2019";"12353";"";"";"";"";""
"Türkiye";"Yıllık";"Adrese Dayalı Nüfus Kayıt Sistemi";"Adana";"Çekirdek Aile Bulunmayan Birden Fazla Kişiden Oluşan Hanehalkı";"Hanehalkı sayısı";"2020";"12909";"";"";"";"";""
"Türkiye";"Yıllık";"Adrese Dayalı Nüfus Kayıt Sistemi";"Adana";"Çekirdek Aile Bulunmayan Birden Fazla Kişiden Oluşan Hanehalkı";"Hanehalkı sayısı";"2021";"13922";"";"";"";"";""
"Türkiye";"Yıllık";"Adrese Dayalı Nüfus Kayıt Sistemi";"Adana";"Çekirdek Aile Bulunmayan Birden Fazla Kişiden Oluşan Hanehalkı";"Hanehalkı sayısı";"2022";"15028";"";"";"";"";""
"Türkiye";"Yıllık";"Adrese Dayalı Nüfus Kayıt Sistemi";"Adana";"Çekirdek Aile Bulunmayan Birden Fazla Kişiden Oluşan Hanehalkı";"Hanehalkı sayısı";"2023";"16041";"";"";"";"";""
"Türkiye";"Yıllık";"Adrese Dayalı Nüfus Kayıt Sistemi";"Adana";"Çekirdek Aile Bulunmayan Birden Fazla Kişiden Oluşan Hanehalkı";"Hanehalkı sayısı";"2024";"16975";"";"";"";"";""
"Türkiye";"Yıllık";"Adrese Dayalı Nüfus Kayıt Sistemi";"Adana";"Çekirdek Aile Bulunmayan Birden Fazla Kişiden Oluşan Hanehalkı";"Hanehalkı sayısı";"2025";"17454";"";"";"";"";""
"Türkiye";"Yıllık";"Adrese Dayalı Nüfus Kayıt Sistemi";"Adana";"Toplam";"Hanehalkı sayısı";"2014";"548384";"";"";"";"";""
"Türkiye";"Yıllık";"Adrese Dayalı Nüfus Kayıt Sistemi";"Adana";"Toplam";"Hanehalkı sayısı";"2015";"560928";"";"";"";"";""
"Türkiye";"Yıllık";"Adrese Dayalı Nüfus Kayıt Sistemi";"Adana";"Toplam";"Hanehalkı sayısı";"2016";"570479";"";"";"";"";""
"Türkiye";"Yıllık";"Adrese Dayalı Nüfus Kayıt Sistemi";"Adana";"Toplam";"Hanehalkı sayısı";"2017";"578410";"";"";"";"";""
"Türkiye";"Yıllık";"Adrese Dayalı Nüfus Kayıt Sistemi";"Adana";"Toplam";"Hanehalkı sayısı";"2018";"587253";"";"";"";"";""
"Türkiye";"Yıllık";"Adrese Dayalı Nüfus Kayıt Sistemi";"Adana";"Toplam";"Hanehalkı sayısı";"2019";"601711";"";"";"";"";""
"Türkiye";"Yıllık";"Adrese Dayalı Nüfus Kayıt Sistemi";"Adana";"Toplam";"Hanehalkı sayısı";"2020";"618644";"";"";"";"";""
"Türkiye";"Yıllık";"Adrese Dayalı Nüfus Kayıt Sistemi";"Adana";"Toplam";"Hanehalkı sayısı";"2021";"632875";"";"";"";"";""
"Türkiye";"Yıllık";"Adrese Dayalı Nüfus Kayıt Sistemi";"Adana";"Toplam";"Hanehalkı sayısı";"2022";"654827";"";"";"";"";""
"Türkiye";"Yıllık";"Adrese Dayalı Nüfus Kayıt Sistemi";"Adana";"Toplam";"Hanehalkı sayısı";"2023";"668309";"";"";"";"";""
"Türkiye";"Yıllık";"Adrese Dayalı Nüfus Kayıt Sistemi";"Adana";"Toplam";"Hanehalkı sayısı";"2024";"680645";"";"";"";"";""
"Türkiye";"Yıllık";"Adrese Dayalı Nüfus Kayıt Sistemi";"Adana";"Toplam";"Hanehalkı sayısı";"2025";"683637";"";"";"";"";""
"Türkiye";"Yıllık";"Adrese Dayalı Nüfus Kayıt Sistemi";"Mersin";"Tek Kişilik Hanehalkı";"Hanehalkı sayısı";"2014";"64666";"";"";"";"";""
"Türkiye";"Yıllık";"Adrese Dayalı Nüfus Kayıt Sistemi";"Mersin";"Tek Kişilik Hanehalkı";"Hanehalkı sayısı";"2015";"68641";"";"";"";"";""
"Türkiye";"Yıllık";"Adrese Dayalı Nüfus Kayıt Sistemi";"Mersin";"Tek Kişilik Hanehalkı";"Hanehalkı sayısı";"2016";"73260";"";"";"";"";""
"Türkiye";"Yıllık";"Adrese Dayalı Nüfus Kayıt Sistemi";"Mersin";"Tek Kişilik Hanehalkı";"Hanehalkı sayısı";"2017";"76816";"";"";"";"";""
"Türkiye";"Yıllık";"Adrese Dayalı Nüfus Kayıt Sistemi";"Mersin";"Tek Kişilik Hanehalkı";"Hanehalkı sayısı";"2018";"81705";"";"";"";"";""
"Türkiye";"Yıllık";"Adrese Dayalı Nüfus Kayıt Sistemi";"Mersin";"Tek Kişilik Hanehalkı";"Hanehalkı sayısı";"2019";"88820";"";"";"";"";""
"Türkiye";"Yıllık";"Adrese Dayalı Nüfus Kayıt Sistemi";"Mersin";"Tek Kişilik Hanehalkı";"Hanehalkı sayısı";"2020";"96937";"";"";"";"";""
"Türkiye";"Yıllık";"Adrese Dayalı Nüfus Kayıt Sistemi";"Mersin";"Tek Kişilik Hanehalkı";"Hanehalkı sayısı";"2021";"105574";"";"";"";"";""
"Türkiye";"Yıllık";"Adrese Dayalı Nüfus Kayıt Sistemi";"Mersin";"Tek Kişilik Hanehalkı";"Hanehalkı sayısı";"2022";"112037";"";"";"";"";""
"Türkiye";"Yıllık";"Adrese Dayalı Nüfus Kayıt Sistemi";"Mersin";"Tek Kişilik Hanehalkı";"Hanehalkı sayısı";"2023";"116012";"";"";"";"";""
"Türkiye";"Yıllık";"Adrese Dayalı Nüfus Kayıt Sistemi";"Mersin";"Tek Kişilik Hanehalkı";"Hanehalkı sayısı";"2024";"119750";"";"";"";"";""
"Türkiye";"Yıllık";"Adrese Dayalı Nüfus Kayıt Sistemi";"Mersin";"Tek Kişilik Hanehalkı";"Hanehalkı sayısı";"2025";"124682";"";"";"";"";""
"Türkiye";"Yıllık";"Adrese Dayalı Nüfus Kayıt Sistemi";"Mersin";"Tek Çekirdek Aileden Oluşan Hanehalkı";"Hanehalkı sayısı";"2014";"340339";"";"";"";"";""
"Türkiye";"Yıllık";"Adrese Dayalı Nüfus Kayıt Sistemi";"Mersin";"Tek Çekirdek Aileden Oluşan Hanehalkı";"Hanehalkı sayısı";"2015";"344281";"";"";"";"";""
"Türkiye";"Yıllık";"Adrese Dayalı Nüfus Kayıt Sistemi";"Mersin";"Tek Çekirdek Aileden Oluşan Hanehalkı";"Hanehalkı sayısı";"2016";"349403";"";"";"";"";""
"Türkiye";"Yıllık";"Adrese Dayalı Nüfus Kayıt Sistemi";"Mersin";"Tek Çekirdek Aileden Oluşan Hanehalkı";"Hanehalkı sayısı";"2017";"353347";"";"";"";"";""
"Türkiye";"Yıllık";"Adrese Dayalı Nüfus Kayıt Sistemi";"Mersin";"Tek Çekirdek Aileden Oluşan Hanehalkı";"Hanehalkı sayısı";"2018";"355819";"";"";"";"";""
"Türkiye";"Yıllık";"Adrese Dayalı Nüfus Kayıt Sistemi";"Mersin";"Tek Çekirdek Aileden Oluşan Hanehalkı";"Hanehalkı sayısı";"2019";"362969";"";"";"";"";""
"Türkiye";"Yıllık";"Adrese Dayalı Nüfus Kayıt Sistemi";"Mersin";"Tek Çekirdek Aileden Oluşan Hanehalkı";"Hanehalkı sayısı";"2020";"373528";"";"";"";"";""
"Türkiye";"Yıllık";"Adrese Dayalı Nüfus Kayıt Sistemi";"Mersin";"Tek Çekirdek Aileden Oluşan Hanehalkı";"Hanehalkı sayısı";"2021";"378151";"";"";"";"";""
"Türkiye";"Yıllık";"Adrese Dayalı Nüfus Kayıt Sistemi";"Mersin";"Tek Çekirdek Aileden Oluşan Hanehalkı";"Hanehalkı sayısı";"2022";"389589";"";"";"";"";""
"Türkiye";"Yıllık";"Adrese Dayalı Nüfus Kayıt Sistemi";"Mersin";"Tek Çekirdek Aileden Oluşan Hanehalkı";"Hanehalkı sayısı";"2023";"389707";"";"";"";"";""
"Türkiye";"Yıllık";"Adrese Dayalı Nüfus Kayıt Sistemi";"Mersin";"Tek Çekirdek Aileden Oluşan Hanehalkı";"Hanehalkı sayısı";"2024";"391315";"";"";"";"";""
"Türkiye";"Yıllık";"Adrese Dayalı Nüfus Kayıt Sistemi";"Mersin";"Tek Çekirdek Aileden Oluşan Hanehalkı";"Hanehalkı sayısı";"2025";"390755";"";"";"";"";""
"Türkiye";"Yıllık";"Adrese Dayalı Nüfus Kayıt Sistemi";"Mersin";"En Az Bir Çekirdek Aile Ve Diğer Kişilerden Oluşan Hanehalkı";"Hanehalkı sayısı";"2014";"69936";"";"";"";"";""
"Türkiye";"Yıllık";"Adrese Dayalı Nüfus Kayıt Sistemi";"Mersin";"En Az Bir Çekirdek Aile Ve Diğer Kişilerden Oluşan Hanehalkı";"Hanehalkı sayısı";"2015";"72961";"";"";"";"";""
"Türkiye";"Yıllık";"Adrese Dayalı Nüfus Kayıt Sistemi";"Mersin";"En Az Bir Çekirdek Aile Ve Diğer Kişilerden Oluşan Hanehalkı";"Hanehalkı sayısı";"2016";"73983";"";"";"";"";""
"Türkiye";"Yıllık";"Adrese Dayalı Nüfus Kayıt Sistemi";"Mersin";"En Az Bir Çekirdek Aile Ve Diğer Kişilerden Oluşan Hanehalkı";"Hanehalkı sayısı";"2017";"75172";"";"";"";"";""
"Türkiye";"Yıllık";"Adrese Dayalı Nüfus Kayıt Sistemi";"Mersin";"En Az Bir Çekirdek Aile Ve Diğer Kişilerden Oluşan Hanehalkı";"Hanehalkı sayısı";"2018";"76657";"";"";"";"";""
"Türkiye";"Yıllık";"Adrese Dayalı Nüfus Kayıt Sistemi";"Mersin";"En Az Bir Çekirdek Aile Ve Diğer Kişilerden Oluşan Hanehalkı";"Hanehalkı sayısı";"2019";"76472";"";"";"";"";""
"Türkiye";"Yıllık";"Adrese Dayalı Nüfus Kayıt Sistemi";"Mersin";"En Az Bir Çekirdek Aile Ve Diğer Kişilerden Oluşan Hanehalkı";"Hanehalkı sayısı";"2020";"74219";"";"";"";"";""
"Türkiye";"Yıllık";"Adrese Dayalı Nüfus Kayıt Sistemi";"Mersin";"En Az Bir Çekirdek Aile Ve Diğer Kişilerden Oluşan Hanehalkı";"Hanehalkı sayısı";"2021";"74943";"";"";"";"";""
"Türkiye";"Yıllık";"Adrese Dayalı Nüfus Kayıt Sistemi";"Mersin";"En Az Bir Çekirdek Aile Ve Diğer Kişilerden Oluşan Hanehalkı";"Hanehalkı sayısı";"2022";"73035";"";"";"";"";""
"Türkiye";"Yıllık";"Adrese Dayalı Nüfus Kayıt Sistemi";"Mersin";"En Az Bir Çekirdek Aile Ve Diğer Kişilerden Oluşan Hanehalkı";"Hanehalkı sayısı";"2023";"77750";"";"";"";"";""
"Türkiye";"Yıllık";"Adrese Dayalı Nüfus Kayıt Sistemi";"Mersin";"En Az Bir Çekirdek Aile Ve Diğer Kişilerden Oluşan Hanehalkı";"Hanehalkı sayısı";"2024";"79447";"";"";"";"";""
"Türkiye";"Yıllık";"Adrese Dayalı Nüfus Kayıt Sistemi";"Mersin";"En Az Bir Çekirdek Aile Ve Diğer Kişilerden Oluşan Hanehalkı";"Hanehalkı sayısı";"2025";"83031";"";"";"";"";""
"Türkiye";"Yıllık";"Adrese Dayalı Nüfus Kayıt Sistemi";"Mersin";"Çekirdek Aile Bulunmayan Birden Fazla Kişiden Oluşan Hanehalkı";"Hanehalkı sayısı";"2014";"8284";"";"";"";"";""
"Türkiye";"Yıllık";"Adrese Dayalı Nüfus Kayıt Sistemi";"Mersin";"Çekirdek Aile Bulunmayan Birden Fazla Kişiden Oluşan Hanehalkı";"Hanehalkı sayısı";"2015";"9015";"";"";"";"";""
"Türkiye";"Yıllık";"Adrese Dayalı Nüfus Kayıt Sistemi";"Mersin";"Çekirdek Aile Bulunmayan Birden Fazla Kişiden Oluşan Hanehalkı";"Hanehalkı sayısı";"2016";"10625";"";"";"";"";""
"Türkiye";"Yıllık";"Adrese Dayalı Nüfus Kayıt Sistemi";"Mersin";"Çekirdek Aile Bulunmayan Birden Fazla Kişiden Oluşan Hanehalkı";"Hanehalkı sayısı";"2017";"10847";"";"";"";"";""
"Türkiye";"Yıllık";"Adrese Dayalı Nüfus Kayıt Sistemi";"Mersin";"Çekirdek Aile Bulunmayan Birden Fazla Kişiden Oluşan Hanehalkı";"Hanehalkı sayısı";"2018";"12331";"";"";"";"";""
"Türkiye";"Yıllık";"Adrese Dayalı Nüfus Kayıt Sistemi";"Mersin";"Çekirdek Aile Bulunmayan Birden Fazla Kişiden Oluşan Hanehalkı";"Hanehalkı sayısı";"2019";"14329";"";"";"";"";""
"Türkiye";"Yıllık";"Adrese Dayalı Nüfus Kayıt Sistemi";"Mersin";"Çekirdek Aile Bulunmayan Birden Fazla Kişiden Oluşan Hanehalkı";"Hanehalkı sayısı";"2020";"14544";"";"";"";"";""
"Türkiye";"Yıllık";"Adrese Dayalı Nüfus Kayıt Sistemi";"Mersin";"Çekirdek Aile Bulunmayan Birden Fazla Kişiden Oluşan Hanehalkı";"Hanehalkı sayısı";"2021";"16967";"";"";"";"";""
"Türkiye";"Yıllık";"Adrese Dayalı Nüfus Kayıt Sistemi";"Mersin";"Çekirdek Aile Bulunmayan Birden Fazla Kişiden Oluşan Hanehalkı";"Hanehalkı sayısı";"2022";"20306";"";"";"";"";""
"Türkiye";"Yıllık";"Adrese Dayalı Nüfus Kayıt Sistemi";"Mersin";"Çekirdek Aile Bulunmayan Birden Fazla Kişiden Oluşan Hanehalkı";"Hanehalkı sayısı";"2023";"21382";"";"";"";"";""
"Türkiye";"Yıllık";"Adrese Dayalı Nüfus Kayıt Sistemi";"Mersin";"Çekirdek Aile Bulunmayan Birden Fazla Kişiden Oluşan Hanehalkı";"Hanehalkı sayısı";"2024";"20887";"";"";"";"";""
"Türkiye";"Yıllık";"Adrese Dayalı Nüfus Kayıt Sistemi";"Mersin";"Çekirdek Aile Bulunmayan Birden Fazla Kişiden Oluşan Hanehalkı";"Hanehalkı sayısı";"2025";"21183";"";"";"";"";""
"Türkiye";"Yıllık";"Adrese Dayalı Nüfus Kayıt Sistemi";"Mersin";"Toplam";"Hanehalkı sayısı";"2014";"483225";"";"";"";"";""
"Türkiye";"Yıllık";"Adrese Dayalı Nüfus Kayıt Sistemi";"Mersin";"Toplam";"Hanehalkı sayısı";"2015";"494898";"";"";"";"";""
"Türkiye";"Yıllık";"Adrese Dayalı Nüfus Kayıt Sistemi";"Mersin";"Toplam";"Hanehalkı sayısı";"2016";"507271";"";"";"";"";""
"Türkiye";"Yıllık";"Adrese Dayalı Nüfus Kayıt Sistemi";"Mersin";"Toplam";"Hanehalkı sayısı";"2017";"516182";"";"";"";"";""
"Türkiye";"Yıllık";"Adrese Dayalı Nüfus Kayıt Sistemi";"Mersin";"Toplam";"Hanehalkı sayısı";"2018";"526512";"";"";"";"";""
"Türkiye";"Yıllık";"Adrese Dayalı Nüfus Kayıt Sistemi";"Mersin";"Toplam";"Hanehalkı sayısı";"2019";"542590";"";"";"";"";""
"Türkiye";"Yıllık";"Adrese Dayalı Nüfus Kayıt Sistemi";"Mersin";"Toplam";"Hanehalkı sayısı";"2020";"559228";"";"";"";"";""
"Türkiye";"Yıllık";"Adrese Dayalı Nüfus Kayıt Sistemi";"Mersin";"Toplam";"Hanehalkı sayısı";"2021";"575635";"";"";"";"";""
"Türkiye";"Yıllık";"Adrese Dayalı Nüfus Kayıt Sistemi";"Mersin";"Toplam";"Hanehalkı sayısı";"2022";"594967";"";"";"";"";""
"Türkiye";"Yıllık";"Adrese Dayalı Nüfus Kayıt Sistemi";"Mersin";"Toplam";"Hanehalkı sayısı";"2023";"604851";"";"";"";"";""
"Türkiye";"Yıllık";"Adrese Dayalı Nüfus Kayıt Sistemi";"Mersin";"Toplam";"Hanehalkı sayısı";"2024";"611399";"";"";"";"";""
"Türkiye";"Yıllık";"Adrese Dayalı Nüfus Kayıt Sistemi";"Mersin";"Toplam";"Hanehalkı sayısı";"2025";"619651";"";"";"";"";""
"Türkiye";"Yıllık";"Adrese Dayalı Nüfus Kayıt Sistemi";"Hatay";"Tek Kişilik Hanehalkı";"Hanehalkı sayısı";"2014";"36105";"";"";"";"";""
"Türkiye";"Yıllık";"Adrese Dayalı Nüfus Kayıt Sistemi";"Hatay";"Tek Kişilik Hanehalkı";"Hanehalkı sayısı";"2015";"39093";"";"";"";"";""
"Türkiye";"Yıllık";"Adrese Dayalı Nüfus Kayıt Sistemi";"Hatay";"Tek Kişilik Hanehalkı";"Hanehalkı sayısı";"2016";"41928";"";"";"";"";""
"Türkiye";"Yıllık";"Adrese Dayalı Nüfus Kayıt Sistemi";"Hatay";"Tek Kişilik Hanehalkı";"Hanehalkı sayısı";"2017";"45108";"";"";"";"";""
"Türkiye";"Yıllık";"Adrese Dayalı Nüfus Kayıt Sistemi";"Hatay";"Tek Kişilik Hanehalkı";"Hanehalkı sayısı";"2018";"48941";"";"";"";"";""
"Türkiye";"Yıllık";"Adrese Dayalı Nüfus Kayıt Sistemi";"Hatay";"Tek Kişilik Hanehalkı";"Hanehalkı sayısı";"2019";"52566";"";"";"";"";""
"Türkiye";"Yıllık";"Adrese Dayalı Nüfus Kayıt Sistemi";"Hatay";"Tek Kişilik Hanehalkı";"Hanehalkı sayısı";"2020";"59420";"";"";"";"";""
"Türkiye";"Yıllık";"Adrese Dayalı Nüfus Kayıt Sistemi";"Hatay";"Tek Kişilik Hanehalkı";"Hanehalkı sayısı";"2021";"65628";"";"";"";"";""
"Türkiye";"Yıllık";"Adrese Dayalı Nüfus Kayıt Sistemi";"Hatay";"Tek Kişilik Hanehalkı";"Hanehalkı sayısı";"2022";"71572";"";"";"";"";""
"Türkiye";"Yıllık";"Adrese Dayalı Nüfus Kayıt Sistemi";"Hatay";"Tek Kişilik Hanehalkı";"Hanehalkı sayısı";"2023";"88980";"";"";"";"";""
"Türkiye";"Yıllık";"Adrese Dayalı Nüfus Kayıt Sistemi";"Hatay";"Tek Kişilik Hanehalkı";"Hanehalkı sayısı";"2024";"92360";"";"";"";"";""
"Türkiye";"Yıllık";"Adrese Dayalı Nüfus Kayıt Sistemi";"Hatay";"Tek Kişilik Hanehalkı";"Hanehalkı sayısı";"2025";"91011";"";"";"";"";""
"Türkiye";"Yıllık";"Adrese Dayalı Nüfus Kayıt Sistemi";"Hatay";"Tek Çekirdek Aileden Oluşan Hanehalkı";"Hanehalkı sayısı";"2014";"264005";"";"";"";"";""
"Türkiye";"Yıllık";"Adrese Dayalı Nüfus Kayıt Sistemi";"Hatay";"Tek Çekirdek Aileden Oluşan Hanehalkı";"Hanehalkı sayısı";"2015";"269623";"";"";"";"";""
"Türkiye";"Yıllık";"Adrese Dayalı Nüfus Kayıt Sistemi";"Hatay";"Tek Çekirdek Aileden Oluşan Hanehalkı";"Hanehalkı sayısı";"2016";"274157";"";"";"";"";""
"Türkiye";"Yıllık";"Adrese Dayalı Nüfus Kayıt Sistemi";"Hatay";"Tek Çekirdek Aileden Oluşan Hanehalkı";"Hanehalkı sayısı";"2017";"278742";"";"";"";"";""
"Türkiye";"Yıllık";"Adrese Dayalı Nüfus Kayıt Sistemi";"Hatay";"Tek Çekirdek Aileden Oluşan Hanehalkı";"Hanehalkı sayısı";"2018";"284711";"";"";"";"";""
"Türkiye";"Yıllık";"Adrese Dayalı Nüfus Kayıt Sistemi";"Hatay";"Tek Çekirdek Aileden Oluşan Hanehalkı";"Hanehalkı sayısı";"2019";"291564";"";"";"";"";""
"Türkiye";"Yıllık";"Adrese Dayalı Nüfus Kayıt Sistemi";"Hatay";"Tek Çekirdek Aileden Oluşan Hanehalkı";"Hanehalkı sayısı";"2020";"303191";"";"";"";"";""
"Türkiye";"Yıllık";"Adrese Dayalı Nüfus Kayıt Sistemi";"Hatay";"Tek Çekirdek Aileden Oluşan Hanehalkı";"Hanehalkı sayısı";"2021";"309369";"";"";"";"";""
"Türkiye";"Yıllık";"Adrese Dayalı Nüfus Kayıt Sistemi";"Hatay";"Tek Çekirdek Aileden Oluşan Hanehalkı";"Hanehalkı sayısı";"2022";"325708";"";"";"";"";""
"Türkiye";"Yıllık";"Adrese Dayalı Nüfus Kayıt Sistemi";"Hatay";"Tek Çekirdek Aileden Oluşan Hanehalkı";"Hanehalkı sayısı";"2023";"306484";"";"";"";"";""
"Türkiye";"Yıllık";"Adrese Dayalı Nüfus Kayıt Sistemi";"Hatay";"Tek Çekirdek Aileden Oluşan Hanehalkı";"Hanehalkı sayısı";"2024";"304174";"";"";"";"";""
"Türkiye";"Yıllık";"Adrese Dayalı Nüfus Kayıt Sistemi";"Hatay";"Tek Çekirdek Aileden Oluşan Hanehalkı";"Hanehalkı sayısı";"2025";"296580";"";"";"";"";""
"Türkiye";"Yıllık";"Adrese Dayalı Nüfus Kayıt Sistemi";"Hatay";"En Az Bir Çekirdek Aile Ve Diğer Kişilerden Oluşan Hanehalkı";"Hanehalkı sayısı";"2014";"63584";"";"";"";"";""
"Türkiye";"Yıllık";"Adrese Dayalı Nüfus Kayıt Sistemi";"Hatay";"En Az Bir Çekirdek Aile Ve Diğer Kişilerden Oluşan Hanehalkı";"Hanehalkı sayısı";"2015";"65084";"";"";"";"";""
"Türkiye";"Yıllık";"Adrese Dayalı Nüfus Kayıt Sistemi";"Hatay";"En Az Bir Çekirdek Aile Ve Diğer Kişilerden Oluşan Hanehalkı";"Hanehalkı sayısı";"2016";"66875";"";"";"";"";""
"Türkiye";"Yıllık";"Adrese Dayalı Nüfus Kayıt Sistemi";"Hatay";"En Az Bir Çekirdek Aile Ve Diğer Kişilerden Oluşan Hanehalkı";"Hanehalkı sayısı";"2017";"67858";"";"";"";"";""
"Türkiye";"Yıllık";"Adrese Dayalı Nüfus Kayıt Sistemi";"Hatay";"En Az Bir Çekirdek Aile Ve Diğer Kişilerden Oluşan Hanehalkı";"Hanehalkı sayısı";"2018";"69503";"";"";"";"";""
"Türkiye";"Yıllık";"Adrese Dayalı Nüfus Kayıt Sistemi";"Hatay";"En Az Bir Çekirdek Aile Ve Diğer Kişilerden Oluşan Hanehalkı";"Hanehalkı sayısı";"2019";"69941";"";"";"";"";""
"Türkiye";"Yıllık";"Adrese Dayalı Nüfus Kayıt Sistemi";"Hatay";"En Az Bir Çekirdek Aile Ve Diğer Kişilerden Oluşan Hanehalkı";"Hanehalkı sayısı";"2020";"67282";"";"";"";"";""
"Türkiye";"Yıllık";"Adrese Dayalı Nüfus Kayıt Sistemi";"Hatay";"En Az Bir Çekirdek Aile Ve Diğer Kişilerden Oluşan Hanehalkı";"Hanehalkı sayısı";"2021";"66940";"";"";"";"";""
"Türkiye";"Yıllık";"Adrese Dayalı Nüfus Kayıt Sistemi";"Hatay";"En Az Bir Çekirdek Aile Ve Diğer Kişilerden Oluşan Hanehalkı";"Hanehalkı sayısı";"2022";"63355";"";"";"";"";""
"Türkiye";"Yıllık";"Adrese Dayalı Nüfus Kayıt Sistemi";"Hatay";"En Az Bir Çekirdek Aile Ve Diğer Kişilerden Oluşan Hanehalkı";"Hanehalkı sayısı";"2023";"53598";"";"";"";"";""
"Türkiye";"Yıllık";"Adrese Dayalı Nüfus Kayıt Sistemi";"Hatay";"En Az Bir Çekirdek Aile Ve Diğer Kişilerden Oluşan Hanehalkı";"Hanehalkı sayısı";"2024";"58900";"";"";"";"";""
"Türkiye";"Yıllık";"Adrese Dayalı Nüfus Kayıt Sistemi";"Hatay";"En Az Bir Çekirdek Aile Ve Diğer Kişilerden Oluşan Hanehalkı";"Hanehalkı sayısı";"2025";"66272";"";"";"";"";""
"Türkiye";"Yıllık";"Adrese Dayalı Nüfus Kayıt Sistemi";"Hatay";"Çekirdek Aile Bulunmayan Birden Fazla Kişiden Oluşan Hanehalkı";"Hanehalkı sayısı";"2014";"4782";"";"";"";"";""
"Türkiye";"Yıllık";"Adrese Dayalı Nüfus Kayıt Sistemi";"Hatay";"Çekirdek Aile Bulunmayan Birden Fazla Kişiden Oluşan Hanehalkı";"Hanehalkı sayısı";"2015";"5048";"";"";"";"";""
"Türkiye";"Yıllık";"Adrese Dayalı Nüfus Kayıt Sistemi";"Hatay";"Çekirdek Aile Bulunmayan Birden Fazla Kişiden Oluşan Hanehalkı";"Hanehalkı sayısı";"2016";"5184";"";"";"";"";""
"Türkiye";"Yıllık";"Adrese Dayalı Nüfus Kayıt Sistemi";"Hatay";"Çekirdek Aile Bulunmayan Birden Fazla Kişiden Oluşan Hanehalkı";"Hanehalkı sayısı";"2017";"5530";"";"";"";"";""
"Türkiye";"Yıllık";"Adrese Dayalı Nüfus Kayıt Sistemi";"Hatay";"Çekirdek Aile Bulunmayan Birden Fazla Kişiden Oluşan Hanehalkı";"Hanehalkı sayısı";"2018";"5882";"";"";"";"";""
"Türkiye";"Yıllık";"Adrese Dayalı Nüfus Kayıt Sistemi";"Hatay";"Çekirdek Aile Bulunmayan Birden Fazla Kişiden Oluşan Hanehalkı";"Hanehalkı sayısı";"2019";"6382";"";"";"";"";""
"Türkiye";"Yıllık";"Adrese Dayalı Nüfus Kayıt Sistemi";"Hatay";"Çekirdek Aile Bulunmayan Birden Fazla Kişiden Oluşan Hanehalkı";"Hanehalkı sayısı";"2020";"6709";"";"";"";"";""
"Türkiye";"Yıllık";"Adrese Dayalı Nüfus Kayıt Sistemi";"Hatay";"Çekirdek Aile Bulunmayan Birden Fazla Kişiden Oluşan Hanehalkı";"Hanehalkı sayısı";"2021";"7214";"";"";"";"";""
"Türkiye";"Yıllık";"Adrese Dayalı Nüfus Kayıt Sistemi";"Hatay";"Çekirdek Aile Bulunmayan Birden Fazla Kişiden Oluşan Hanehalkı";"Hanehalkı sayısı";"2022";"8047";"";"";"";"";""
"Türkiye";"Yıllık";"Adrese Dayalı Nüfus Kayıt Sistemi";"Hatay";"Çekirdek Aile Bulunmayan Birden Fazla Kişiden Oluşan Hanehalkı";"Hanehalkı sayısı";"2023";"9310";"";"";"";"";""
"Türkiye";"Yıllık";"Adrese Dayalı Nüfus Kayıt Sistemi";"Hatay";"Çekirdek Aile Bulunmayan Birden Fazla Kişiden Oluşan Hanehalkı";"Hanehalkı sayısı";"2024";"10213";"";"";"";"";""
"Türkiye";"Yıllık";"Adrese Dayalı Nüfus Kayıt Sistemi";"Hatay";"Çekirdek Aile Bulunmayan Birden Fazla Kişiden Oluşan Hanehalkı";"Hanehalkı sayısı";"2025";"10709";"";"";"";"";""
"Türkiye";"Yıllık";"Adrese Dayalı Nüfus Kayıt Sistemi";"Hatay";"Toplam";"Hanehalkı sayısı";"2014";"368476";"";"";"";"";""
"Türkiye";"Yıllık";"Adrese Dayalı Nüfus Kayıt Sistemi";"Hatay";"Toplam";"Hanehalkı sayısı";"2015";"378848";"";"";"";"";""
"Türkiye";"Yıllık";"Adrese Dayalı Nüfus Kayıt Sistemi";"Hatay";"Toplam";"Hanehalkı sayısı";"2016";"388144";"";"";"";"";""
"Türkiye";"Yıllık";"Adrese Dayalı Nüfus Kayıt Sistemi";"Hatay";"Toplam";"Hanehalkı sayısı";"2017";"397238";"";"";"";"";""
"Türkiye";"Yıllık";"Adrese Dayalı Nüfus Kayıt Sistemi";"Hatay";"Toplam";"Hanehalkı sayısı";"2018";"409037";"";"";"";"";""
"Türkiye";"Yıllık";"Adrese Dayalı Nüfus Kayıt Sistemi";"Hatay";"Toplam";"Hanehalkı sayısı";"2019";"420453";"";"";"";"";""
"Türkiye";"Yıllık";"Adrese Dayalı Nüfus Kayıt Sistemi";"Hatay";"Toplam";"Hanehalkı sayısı";"2020";"436602";"";"";"";"";""
"Türkiye";"Yıllık";"Adrese Dayalı Nüfus Kayıt Sistemi";"Hatay";"Toplam";"Hanehalkı sayısı";"2021";"449151";"";"";"";"";""
"Türkiye";"Yıllık";"Adrese Dayalı Nüfus Kayıt Sistemi";"Hatay";"Toplam";"Hanehalkı sayısı";"2022";"468682";"";"";"";"";""
"Türkiye";"Yıllık";"Adrese Dayalı Nüfus Kayıt Sistemi";"Hatay";"Toplam";"Hanehalkı sayısı";"2023";"458372";"";"";"";"";""
"Türkiye";"Yıllık";"Adrese Dayalı Nüfus Kayıt Sistemi";"Hatay";"Toplam";"Hanehalkı sayısı";"2024";"465647";"";"";"";"";""
"Türkiye";"Yıllık";"Adrese Dayalı Nüfus Kayıt Sistemi";"Hatay";"Toplam";"Hanehalkı sayısı";"2025";"464572";"";"";"";"";""
"Türkiye";"Yıllık";"Adrese Dayalı Nüfus Kayıt Sistemi";"Kahramanmaraş";"Tek Kişilik Hanehalkı";"Hanehalkı sayısı";"2014";"23741";"";"";"";"";""
"Türkiye";"Yıllık";"Adrese Dayalı Nüfus Kayıt Sistemi";"Kahramanmaraş";"Tek Kişilik Hanehalkı";"Hanehalkı sayısı";"2015";"25925";"";"";"";"";""
"Türkiye";"Yıllık";"Adrese Dayalı Nüfus Kayıt Sistemi";"Kahramanmaraş";"Tek Kişilik Hanehalkı";"Hanehalkı sayısı";"2016";"27692";"";"";"";"";""
"Türkiye";"Yıllık";"Adrese Dayalı Nüfus Kayıt Sistemi";"Kahramanmaraş";"Tek Kişilik Hanehalkı";"Hanehalkı sayısı";"2017";"29173";"";"";"";"";""
"Türkiye";"Yıllık";"Adrese Dayalı Nüfus Kayıt Sistemi";"Kahramanmaraş";"Tek Kişilik Hanehalkı";"Hanehalkı sayısı";"2018";"31301";"";"";"";"";""
"Türkiye";"Yıllık";"Adrese Dayalı Nüfus Kayıt Sistemi";"Kahramanmaraş";"Tek Kişilik Hanehalkı";"Hanehalkı sayısı";"2019";"33883";"";"";"";"";""
"Türkiye";"Yıllık";"Adrese Dayalı Nüfus Kayıt Sistemi";"Kahramanmaraş";"Tek Kişilik Hanehalkı";"Hanehalkı sayısı";"2020";"37074";"";"";"";"";""
"Türkiye";"Yıllık";"Adrese Dayalı Nüfus Kayıt Sistemi";"Kahramanmaraş";"Tek Kişilik Hanehalkı";"Hanehalkı sayısı";"2021";"41077";"";"";"";"";""
"Türkiye";"Yıllık";"Adrese Dayalı Nüfus Kayıt Sistemi";"Kahramanmaraş";"Tek Kişilik Hanehalkı";"Hanehalkı sayısı";"2022";"45051";"";"";"";"";""
"Türkiye";"Yıllık";"Adrese Dayalı Nüfus Kayıt Sistemi";"Kahramanmaraş";"Tek Kişilik Hanehalkı";"Hanehalkı sayısı";"2023";"55246";"";"";"";"";""
"Türkiye";"Yıllık";"Adrese Dayalı Nüfus Kayıt Sistemi";"Kahramanmaraş";"Tek Kişilik Hanehalkı";"Hanehalkı sayısı";"2024";"56780";"";"";"";"";""
"Türkiye";"Yıllık";"Adrese Dayalı Nüfus Kayıt Sistemi";"Kahramanmaraş";"Tek Kişilik Hanehalkı";"Hanehalkı sayısı";"2025";"57175";"";"";"";"";""
"Türkiye";"Yıllık";"Adrese Dayalı Nüfus Kayıt Sistemi";"Kahramanmaraş";"Tek Çekirdek Aileden Oluşan Hanehalkı";"Hanehalkı sayısı";"2014";"180500";"";"";"";"";""
"Türkiye";"Yıllık";"Adrese Dayalı Nüfus Kayıt Sistemi";"Kahramanmaraş";"Tek Çekirdek Aileden Oluşan Hanehalkı";"Hanehalkı sayısı";"2015";"187365";"";"";"";"";""
"Türkiye";"Yıllık";"Adrese Dayalı Nüfus Kayıt Sistemi";"Kahramanmaraş";"Tek Çekirdek Aileden Oluşan Hanehalkı";"Hanehalkı sayısı";"2016";"191391";"";"";"";"";""
"Türkiye";"Yıllık";"Adrese Dayalı Nüfus Kayıt Sistemi";"Kahramanmaraş";"Tek Çekirdek Aileden Oluşan Hanehalkı";"Hanehalkı sayısı";"2017";"196519";"";"";"";"";""
"Türkiye";"Yıllık";"Adrese Dayalı Nüfus Kayıt Sistemi";"Kahramanmaraş";"Tek Çekirdek Aileden Oluşan Hanehalkı";"Hanehalkı sayısı";"2018";"199735";"";"";"";"";""
"Türkiye";"Yıllık";"Adrese Dayalı Nüfus Kayıt Sistemi";"Kahramanmaraş";"Tek Çekirdek Aileden Oluşan Hanehalkı";"Hanehalkı sayısı";"2019";"206987";"";"";"";"";""
"Türkiye";"Yıllık";"Adrese Dayalı Nüfus Kayıt Sistemi";"Kahramanmaraş";"Tek Çekirdek Aileden Oluşan Hanehalkı";"Hanehalkı sayısı";"2020";"214474";"";"";"";"";""
"Türkiye";"Yıllık";"Adrese Dayalı Nüfus Kayıt Sistemi";"Kahramanmaraş";"Tek Çekirdek Aileden Oluşan Hanehalkı";"Hanehalkı sayısı";"2021";"218206";"";"";"";"";""
"Türkiye";"Yıllık";"Adrese Dayalı Nüfus Kayıt Sistemi";"Kahramanmaraş";"Tek Çekirdek Aileden Oluşan Hanehalkı";"Hanehalkı sayısı";"2022";"230197";"";"";"";"";""
"Türkiye";"Yıllık";"Adrese Dayalı Nüfus Kayıt Sistemi";"Kahramanmaraş";"Tek Çekirdek Aileden Oluşan Hanehalkı";"Hanehalkı sayısı";"2023";"222442";"";"";"";"";""
"Türkiye";"Yıllık";"Adrese Dayalı Nüfus Kayıt Sistemi";"Kahramanmaraş";"Tek Çekirdek Aileden Oluşan Hanehalkı";"Hanehalkı sayısı";"2024";"223431";"";"";"";"";""
"Türkiye";"Yıllık";"Adrese Dayalı Nüfus Kayıt Sistemi";"Kahramanmaraş";"Tek Çekirdek Aileden Oluşan Hanehalkı";"Hanehalkı sayısı";"2025";"222616";"";"";"";"";""
"Türkiye";"Yıllık";"Adrese Dayalı Nüfus Kayıt Sistemi";"Kahramanmaraş";"En Az Bir Çekirdek Aile Ve Diğer Kişilerden Oluşan Hanehalkı";"Hanehalkı sayısı";"2014";"50702";"";"";"";"";""
"Türkiye";"Yıllık";"Adrese Dayalı Nüfus Kayıt Sistemi";"Kahramanmaraş";"En Az Bir Çekirdek Aile Ve Diğer Kişilerden Oluşan Hanehalkı";"Hanehalkı sayısı";"2015";"50095";"";"";"";"";""
"Türkiye";"Yıllık";"Adrese Dayalı Nüfus Kayıt Sistemi";"Kahramanmaraş";"En Az Bir Çekirdek Aile Ve Diğer Kişilerden Oluşan Hanehalkı";"Hanehalkı sayısı";"2016";"50605";"";"";"";"";""
"Türkiye";"Yıllık";"Adrese Dayalı Nüfus Kayıt Sistemi";"Kahramanmaraş";"En Az Bir Çekirdek Aile Ve Diğer Kişilerden Oluşan Hanehalkı";"Hanehalkı sayısı";"2017";"50210";"";"";"";"";""
"Türkiye";"Yıllık";"Adrese Dayalı Nüfus Kayıt Sistemi";"Kahramanmaraş";"En Az Bir Çekirdek Aile Ve Diğer Kişilerden Oluşan Hanehalkı";"Hanehalkı sayısı";"2018";"51261";"";"";"";"";""
"Türkiye";"Yıllık";"Adrese Dayalı Nüfus Kayıt Sistemi";"Kahramanmaraş";"En Az Bir Çekirdek Aile Ve Diğer Kişilerden Oluşan Hanehalkı";"Hanehalkı sayısı";"2019";"50136";"";"";"";"";""
"Türkiye";"Yıllık";"Adrese Dayalı Nüfus Kayıt Sistemi";"Kahramanmaraş";"En Az Bir Çekirdek Aile Ve Diğer Kişilerden Oluşan Hanehalkı";"Hanehalkı sayısı";"2020";"47793";"";"";"";"";""
"Türkiye";"Yıllık";"Adrese Dayalı Nüfus Kayıt Sistemi";"Kahramanmaraş";"En Az Bir Çekirdek Aile Ve Diğer Kişilerden Oluşan Hanehalkı";"Hanehalkı sayısı";"2021";"47906";"";"";"";"";""
"Türkiye";"Yıllık";"Adrese Dayalı Nüfus Kayıt Sistemi";"Kahramanmaraş";"En Az Bir Çekirdek Aile Ve Diğer Kişilerden Oluşan Hanehalkı";"Hanehalkı sayısı";"2022";"44515";"";"";"";"";""
"Türkiye";"Yıllık";"Adrese Dayalı Nüfus Kayıt Sistemi";"Kahramanmaraş";"En Az Bir Çekirdek Aile Ve Diğer Kişilerden Oluşan Hanehalkı";"Hanehalkı sayısı";"2023";"41333";"";"";"";"";""
"Türkiye";"Yıllık";"Adrese Dayalı Nüfus Kayıt Sistemi";"Kahramanmaraş";"En Az Bir Çekirdek Aile Ve Diğer Kişilerden Oluşan Hanehalkı";"Hanehalkı sayısı";"2024";"44187";"";"";"";"";""
"Türkiye";"Yıllık";"Adrese Dayalı Nüfus Kayıt Sistemi";"Kahramanmaraş";"En Az Bir Çekirdek Aile Ve Diğer Kişilerden Oluşan Hanehalkı";"Hanehalkı sayısı";"2025";"47765";"";"";"";"";""
"Türkiye";"Yıllık";"Adrese Dayalı Nüfus Kayıt Sistemi";"Kahramanmaraş";"Çekirdek Aile Bulunmayan Birden Fazla Kişiden Oluşan Hanehalkı";"Hanehalkı sayısı";"2014";"3089";"";"";"";"";""
"Türkiye";"Yıllık";"Adrese Dayalı Nüfus Kayıt Sistemi";"Kahramanmaraş";"Çekirdek Aile Bulunmayan Birden Fazla Kişiden Oluşan Hanehalkı";"Hanehalkı sayısı";"2015";"3236";"";"";"";"";""
"Türkiye";"Yıllık";"Adrese Dayalı Nüfus Kayıt Sistemi";"Kahramanmaraş";"Çekirdek Aile Bulunmayan Birden Fazla Kişiden Oluşan Hanehalkı";"Hanehalkı sayısı";"2016";"3121";"";"";"";"";""
"Türkiye";"Yıllık";"Adrese Dayalı Nüfus Kayıt Sistemi";"Kahramanmaraş";"Çekirdek Aile Bulunmayan Birden Fazla Kişiden Oluşan Hanehalkı";"Hanehalkı sayısı";"2017";"3940";"";"";"";"";""
"Türkiye";"Yıllık";"Adrese Dayalı Nüfus Kayıt Sistemi";"Kahramanmaraş";"Çekirdek Aile Bulunmayan Birden Fazla Kişiden Oluşan Hanehalkı";"Hanehalkı sayısı";"2018";"3851";"";"";"";"";""
"Türkiye";"Yıllık";"Adrese Dayalı Nüfus Kayıt Sistemi";"Kahramanmaraş";"Çekirdek Aile Bulunmayan Birden Fazla Kişiden Oluşan Hanehalkı";"Hanehalkı sayısı";"2019";"3887";"";"";"";"";""
"Türkiye";"Yıllık";"Adrese Dayalı Nüfus Kayıt Sistemi";"Kahramanmaraş";"Çekirdek Aile Bulunmayan Birden Fazla Kişiden Oluşan Hanehalkı";"Hanehalkı sayısı";"2020";"4025";"";"";"";"";""
"Türkiye";"Yıllık";"Adrese Dayalı Nüfus Kayıt Sistemi";"Kahramanmaraş";"Çekirdek Aile Bulunmayan Birden Fazla Kişiden Oluşan Hanehalkı";"Hanehalkı sayısı";"2021";"4269";"";"";"";"";""
"Türkiye";"Yıllık";"Adrese Dayalı Nüfus Kayıt Sistemi";"Kahramanmaraş";"Çekirdek Aile Bulunmayan Birden Fazla Kişiden Oluşan Hanehalkı";"Hanehalkı sayısı";"2022";"4825";"";"";"";"";""
"Türkiye";"Yıllık";"Adrese Dayalı Nüfus Kayıt Sistemi";"Kahramanmaraş";"Çekirdek Aile Bulunmayan Birden Fazla Kişiden Oluşan Hanehalkı";"Hanehalkı sayısı";"2023";"5464";"";"";"";"";""
"Türkiye";"Yıllık";"Adrese Dayalı Nüfus Kayıt Sistemi";"Kahramanmaraş";"Çekirdek Aile Bulunmayan Birden Fazla Kişiden Oluşan Hanehalkı";"Hanehalkı sayısı";"2024";"5796";"";"";"";"";""
"Türkiye";"Yıllık";"Adrese Dayalı Nüfus Kayıt Sistemi";"Kahramanmaraş";"Çekirdek Aile Bulunmayan Birden Fazla Kişiden Oluşan Hanehalkı";"Hanehalkı sayısı";"2025";"6299";"";"";"";"";""
"Türkiye";"Yıllık";"Adrese Dayalı Nüfus Kayıt Sistemi";"Kahramanmaraş";"Toplam";"Hanehalkı sayısı";"2014";"258032";"";"";"";"";""
"Türkiye";"Yıllık";"Adrese Dayalı Nüfus Kayıt Sistemi";"Kahramanmaraş";"Toplam";"Hanehalkı sayısı";"2015";"266621";"";"";"";"";""
"Türkiye";"Yıllık";"Adrese Dayalı Nüfus Kayıt Sistemi";"Kahramanmaraş";"Toplam";"Hanehalkı sayısı";"2016";"272809";"";"";"";"";""
"Türkiye";"Yıllık";"Adrese Dayalı Nüfus Kayıt Sistemi";"Kahramanmaraş";"Toplam";"Hanehalkı sayısı";"2017";"279842";"";"";"";"";""
"Türkiye";"Yıllık";"Adrese Dayalı Nüfus Kayıt Sistemi";"Kahramanmaraş";"Toplam";"Hanehalkı sayısı";"2018";"286148";"";"";"";"";""
"Türkiye";"Yıllık";"Adrese Dayalı Nüfus Kayıt Sistemi";"Kahramanmaraş";"Toplam";"Hanehalkı sayısı";"2019";"294893";"";"";"";"";""
"Türkiye";"Yıllık";"Adrese Dayalı Nüfus Kayıt Sistemi";"Kahramanmaraş";"Toplam";"Hanehalkı sayısı";"2020";"303366";"";"";"";"";""
"Türkiye";"Yıllık";"Adrese Dayalı Nüfus Kayıt Sistemi";"Kahramanmaraş";"Toplam";"Hanehalkı sayısı";"2021";"311458";"";"";"";"";""
"Türkiye";"Yıllık";"Adrese Dayalı Nüfus Kayıt Sistemi";"Kahramanmaraş";"Toplam";"Hanehalkı sayısı";"2022";"324588";"";"";"";"";""
"Türkiye";"Yıllık";"Adrese Dayalı Nüfus Kayıt Sistemi";"Kahramanmaraş";"Toplam";"Hanehalkı sayısı";"2023";"324485";"";"";"";"";""
"Türkiye";"Yıllık";"Adrese Dayalı Nüfus Kayıt Sistemi";"Kahramanmaraş";"Toplam";"Hanehalkı sayısı";"2024";"330194";"";"";"";"";""
"Türkiye";"Yıllık";"Adrese Dayalı Nüfus Kayıt Sistemi";"Kahramanmaraş";"Toplam";"Hanehalkı sayısı";"2025";"333855";"";"";"";"";""
"Türkiye";"Yıllık";"Adrese Dayalı Nüfus Kayıt Sistemi";"Osmaniye";"Tek Kişilik Hanehalkı";"Hanehalkı sayısı";"2014";"11522";"";"";"";"";""
"Türkiye";"Yıllık";"Adrese Dayalı Nüfus Kayıt Sistemi";"Osmaniye";"Tek Kişilik Hanehalkı";"Hanehalkı sayısı";"2015";"12746";"";"";"";"";""
"Türkiye";"Yıllık";"Adrese Dayalı Nüfus Kayıt Sistemi";"Osmaniye";"Tek Kişilik Hanehalkı";"Hanehalkı sayısı";"2016";"13914";"";"";"";"";""
"Türkiye";"Yıllık";"Adrese Dayalı Nüfus Kayıt Sistemi";"Osmaniye";"Tek Kişilik Hanehalkı";"Hanehalkı sayısı";"2017";"15282";"";"";"";"";""
"Türkiye";"Yıllık";"Adrese Dayalı Nüfus Kayıt Sistemi";"Osmaniye";"Tek Kişilik Hanehalkı";"Hanehalkı sayısı";"2018";"16694";"";"";"";"";""
"Türkiye";"Yıllık";"Adrese Dayalı Nüfus Kayıt Sistemi";"Osmaniye";"Tek Kişilik Hanehalkı";"Hanehalkı sayısı";"2019";"18180";"";"";"";"";""
"Türkiye";"Yıllık";"Adrese Dayalı Nüfus Kayıt Sistemi";"Osmaniye";"Tek Kişilik Hanehalkı";"Hanehalkı sayısı";"2020";"20184";"";"";"";"";""
"Türkiye";"Yıllık";"Adrese Dayalı Nüfus Kayıt Sistemi";"Osmaniye";"Tek Kişilik Hanehalkı";"Hanehalkı sayısı";"2021";"22173";"";"";"";"";""
"Türkiye";"Yıllık";"Adrese Dayalı Nüfus Kayıt Sistemi";"Osmaniye";"Tek Kişilik Hanehalkı";"Hanehalkı sayısı";"2022";"24275";"";"";"";"";""
"Türkiye";"Yıllık";"Adrese Dayalı Nüfus Kayıt Sistemi";"Osmaniye";"Tek Kişilik Hanehalkı";"Hanehalkı sayısı";"2023";"27895";"";"";"";"";""
"Türkiye";"Yıllık";"Adrese Dayalı Nüfus Kayıt Sistemi";"Osmaniye";"Tek Kişilik Hanehalkı";"Hanehalkı sayısı";"2024";"29104";"";"";"";"";""
"Türkiye";"Yıllık";"Adrese Dayalı Nüfus Kayıt Sistemi";"Osmaniye";"Tek Kişilik Hanehalkı";"Hanehalkı sayısı";"2025";"29941";"";"";"";"";""
"Türkiye";"Yıllık";"Adrese Dayalı Nüfus Kayıt Sistemi";"Osmaniye";"Tek Çekirdek Aileden Oluşan Hanehalkı";"Hanehalkı sayısı";"2014";"90938";"";"";"";"";""
"Türkiye";"Yıllık";"Adrese Dayalı Nüfus Kayıt Sistemi";"Osmaniye";"Tek Çekirdek Aileden Oluşan Hanehalkı";"Hanehalkı sayısı";"2015";"94395";"";"";"";"";""
"Türkiye";"Yıllık";"Adrese Dayalı Nüfus Kayıt Sistemi";"Osmaniye";"Tek Çekirdek Aileden Oluşan Hanehalkı";"Hanehalkı sayısı";"2016";"96939";"";"";"";"";""
"Türkiye";"Yıllık";"Adrese Dayalı Nüfus Kayıt Sistemi";"Osmaniye";"Tek Çekirdek Aileden Oluşan Hanehalkı";"Hanehalkı sayısı";"2017";"100562";"";"";"";"";""
"Türkiye";"Yıllık";"Adrese Dayalı Nüfus Kayıt Sistemi";"Osmaniye";"Tek Çekirdek Aileden Oluşan Hanehalkı";"Hanehalkı sayısı";"2018";"103516";"";"";"";"";""
"Türkiye";"Yıllık";"Adrese Dayalı Nüfus Kayıt Sistemi";"Osmaniye";"Tek Çekirdek Aileden Oluşan Hanehalkı";"Hanehalkı sayısı";"2019";"107122";"";"";"";"";""
"Türkiye";"Yıllık";"Adrese Dayalı Nüfus Kayıt Sistemi";"Osmaniye";"Tek Çekirdek Aileden Oluşan Hanehalkı";"Hanehalkı sayısı";"2020";"110485";"";"";"";"";""
"Türkiye";"Yıllık";"Adrese Dayalı Nüfus Kayıt Sistemi";"Osmaniye";"Tek Çekirdek Aileden Oluşan Hanehalkı";"Hanehalkı sayısı";"2021";"112284";"";"";"";"";""
"Türkiye";"Yıllık";"Adrese Dayalı Nüfus Kayıt Sistemi";"Osmaniye";"Tek Çekirdek Aileden Oluşan Hanehalkı";"Hanehalkı sayısı";"2022";"117533";"";"";"";"";""
"Türkiye";"Yıllık";"Adrese Dayalı Nüfus Kayıt Sistemi";"Osmaniye";"Tek Çekirdek Aileden Oluşan Hanehalkı";"Hanehalkı sayısı";"2023";"116253";"";"";"";"";""
"Türkiye";"Yıllık";"Adrese Dayalı Nüfus Kayıt Sistemi";"Osmaniye";"Tek Çekirdek Aileden Oluşan Hanehalkı";"Hanehalkı sayısı";"2024";"116126";"";"";"";"";""
"Türkiye";"Yıllık";"Adrese Dayalı Nüfus Kayıt Sistemi";"Osmaniye";"Tek Çekirdek Aileden Oluşan Hanehalkı";"Hanehalkı sayısı";"2025";"115126";"";"";"";"";""
"Türkiye";"Yıllık";"Adrese Dayalı Nüfus Kayıt Sistemi";"Osmaniye";"En Az Bir Çekirdek Aile Ve Diğer Kişilerden Oluşan Hanehalkı";"Hanehalkı sayısı";"2014";"22262";"";"";"";"";""
"Türkiye";"Yıllık";"Adrese Dayalı Nüfus Kayıt Sistemi";"Osmaniye";"En Az Bir Çekirdek Aile Ve Diğer Kişilerden Oluşan Hanehalkı";"Hanehalkı sayısı";"2015";"22014";"";"";"";"";""
"Türkiye";"Yıllık";"Adrese Dayalı Nüfus Kayıt Sistemi";"Osmaniye";"En Az Bir Çekirdek Aile Ve Diğer Kişilerden Oluşan Hanehalkı";"Hanehalkı sayısı";"2016";"22359";"";"";"";"";""
"Türkiye";"Yıllık";"Adrese Dayalı Nüfus Kayıt Sistemi";"Osmaniye";"En Az Bir Çekirdek Aile Ve Diğer Kişilerden Oluşan Hanehalkı";"Hanehalkı sayısı";"2017";"21707";"";"";"";"";""
"Türkiye";"Yıllık";"Adrese Dayalı Nüfus Kayıt Sistemi";"Osmaniye";"En Az Bir Çekirdek Aile Ve Diğer Kişilerden Oluşan Hanehalkı";"Hanehalkı sayısı";"2018";"21367";"";"";"";"";""
"Türkiye";"Yıllık";"Adrese Dayalı Nüfus Kayıt Sistemi";"Osmaniye";"En Az Bir Çekirdek Aile Ve Diğer Kişilerden Oluşan Hanehalkı";"Hanehalkı sayısı";"2019";"20420";"";"";"";"";""
"Türkiye";"Yıllık";"Adrese Dayalı Nüfus Kayıt Sistemi";"Osmaniye";"En Az Bir Çekirdek Aile Ve Diğer Kişilerden Oluşan Hanehalkı";"Hanehalkı sayısı";"2020";"19521";"";"";"";"";""
"Türkiye";"Yıllık";"Adrese Dayalı Nüfus Kayıt Sistemi";"Osmaniye";"En Az Bir Çekirdek Aile Ve Diğer Kişilerden Oluşan Hanehalkı";"Hanehalkı sayısı";"2021";"19588";"";"";"";"";""
"Türkiye";"Yıllık";"Adrese Dayalı Nüfus Kayıt Sistemi";"Osmaniye";"En Az Bir Çekirdek Aile Ve Diğer Kişilerden Oluşan Hanehalkı";"Hanehalkı sayısı";"2022";"18464";"";"";"";"";""
"Türkiye";"Yıllık";"Adrese Dayalı Nüfus Kayıt Sistemi";"Osmaniye";"En Az Bir Çekirdek Aile Ve Diğer Kişilerden Oluşan Hanehalkı";"Hanehalkı sayısı";"2023";"19316";"";"";"";"";""
"Türkiye";"Yıllık";"Adrese Dayalı Nüfus Kayıt Sistemi";"Osmaniye";"En Az Bir Çekirdek Aile Ve Diğer Kişilerden Oluşan Hanehalkı";"Hanehalkı sayısı";"2024";"20631";"";"";"";"";""
"Türkiye";"Yıllık";"Adrese Dayalı Nüfus Kayıt Sistemi";"Osmaniye";"En Az Bir Çekirdek Aile Ve Diğer Kişilerden Oluşan Hanehalkı";"Hanehalkı sayısı";"2025";"21973";"";"";"";"";""
"Türkiye";"Yıllık";"Adrese Dayalı Nüfus Kayıt Sistemi";"Osmaniye";"Çekirdek Aile Bulunmayan Birden Fazla Kişiden Oluşan Hanehalkı";"Hanehalkı sayısı";"2014";"1434";"";"";"";"";""
"Türkiye";"Yıllık";"Adrese Dayalı Nüfus Kayıt Sistemi";"Osmaniye";"Çekirdek Aile Bulunmayan Birden Fazla Kişiden Oluşan Hanehalkı";"Hanehalkı sayısı";"2015";"1477";"";"";"";"";""
"Türkiye";"Yıllık";"Adrese Dayalı Nüfus Kayıt Sistemi";"Osmaniye";"Çekirdek Aile Bulunmayan Birden Fazla Kişiden Oluşan Hanehalkı";"Hanehalkı sayısı";"2016";"1545";"";"";"";"";""
"Türkiye";"Yıllık";"Adrese Dayalı Nüfus Kayıt Sistemi";"Osmaniye";"Çekirdek Aile Bulunmayan Birden Fazla Kişiden Oluşan Hanehalkı";"Hanehalkı sayısı";"2017";"1590";"";"";"";"";""
"Türkiye";"Yıllık";"Adrese Dayalı Nüfus Kayıt Sistemi";"Osmaniye";"Çekirdek Aile Bulunmayan Birden Fazla Kişiden Oluşan Hanehalkı";"Hanehalkı sayısı";"2018";"1724";"";"";"";"";""
"Türkiye";"Yıllık";"Adrese Dayalı Nüfus Kayıt Sistemi";"Osmaniye";"Çekirdek Aile Bulunmayan Birden Fazla Kişiden Oluşan Hanehalkı";"Hanehalkı sayısı";"2019";"1816";"";"";"";"";""
"Türkiye";"Yıllık";"Adrese Dayalı Nüfus Kayıt Sistemi";"Osmaniye";"Çekirdek Aile Bulunmayan Birden Fazla Kişiden Oluşan Hanehalkı";"Hanehalkı sayısı";"2020";"1961";"";"";"";"";""
"Türkiye";"Yıllık";"Adrese Dayalı Nüfus Kayıt Sistemi";"Osmaniye";"Çekirdek Aile Bulunmayan Birden Fazla Kişiden Oluşan Hanehalkı";"Hanehalkı sayısı";"2021";"2154";"";"";"";"";""
"Türkiye";"Yıllık";"Adrese Dayalı Nüfus Kayıt Sistemi";"Osmaniye";"Çekirdek Aile Bulunmayan Birden Fazla Kişiden Oluşan Hanehalkı";"Hanehalkı sayısı";"2022";"2451";"";"";"";"";""
"Türkiye";"Yıllık";"Adrese Dayalı Nüfus Kayıt Sistemi";"Osmaniye";"Çekirdek Aile Bulunmayan Birden Fazla Kişiden Oluşan Hanehalkı";"Hanehalkı sayısı";"2023";"2697";"";"";"";"";""
"Türkiye";"Yıllık";"Adrese Dayalı Nüfus Kayıt Sistemi";"Osmaniye";"Çekirdek Aile Bulunmayan Birden Fazla Kişiden Oluşan Hanehalkı";"Hanehalkı sayısı";"2024";"2846";"";"";"";"";""
"Türkiye";"Yıllık";"Adrese Dayalı Nüfus Kayıt Sistemi";"Osmaniye";"Çekirdek Aile Bulunmayan Birden Fazla Kişiden Oluşan Hanehalkı";"Hanehalkı sayısı";"2025";"3092";"";"";"";"";""
"Türkiye";"Yıllık";"Adrese Dayalı Nüfus Kayıt Sistemi";"Osmaniye";"Toplam";"Hanehalkı sayısı";"2014";"126156";"";"";"";"";""
"Türkiye";"Yıllık";"Adrese Dayalı Nüfus Kayıt Sistemi";"Osmaniye";"Toplam";"Hanehalkı sayısı";"2015";"130632";"";"";"";"";""
"Türkiye";"Yıllık";"Adrese Dayalı Nüfus Kayıt Sistemi";"Osmaniye";"Toplam";"Hanehalkı sayısı";"2016";"134757";"";"";"";"";""
"Türkiye";"Yıllık";"Adrese Dayalı Nüfus Kayıt Sistemi";"Osmaniye";"Toplam";"Hanehalkı sayısı";"2017";"139141";"";"";"";"";""
"Türkiye";"Yıllık";"Adrese Dayalı Nüfus Kayıt Sistemi";"Osmaniye";"Toplam";"Hanehalkı sayısı";"2018";"143301";"";"";"";"";""
"Türkiye";"Yıllık";"Adrese Dayalı Nüfus Kayıt Sistemi";"Osmaniye";"Toplam";"Hanehalkı sayısı";"2019";"147538";"";"";"";"";""
"Türkiye";"Yıllık";"Adrese Dayalı Nüfus Kayıt Sistemi";"Osmaniye";"Toplam";"Hanehalkı sayısı";"2020";"152151";"";"";"";"";""
"Türkiye";"Yıllık";"Adrese Dayalı Nüfus Kayıt Sistemi";"Osmaniye";"Toplam";"Hanehalkı sayısı";"2021";"156199";"";"";"";"";""
"Türkiye";"Yıllık";"Adrese Dayalı Nüfus Kayıt Sistemi";"Osmaniye";"Toplam";"Hanehalkı sayısı";"2022";"162723";"";"";"";"";""
"Türkiye";"Yıllık";"Adrese Dayalı Nüfus Kayıt Sistemi";"Osmaniye";"Toplam";"Hanehalkı sayısı";"2023";"166161";"";"";"";"";""
"Türkiye";"Yıllık";"Adrese Dayalı Nüfus Kayıt Sistemi";"Osmaniye";"Toplam";"Hanehalkı sayısı";"2024";"168707";"";"";"";"";""
"Türkiye";"Yıllık";"Adrese Dayalı Nüfus Kayıt Sistemi";"Osmaniye";"Toplam";"Hanehalkı sayısı";"2025";"170132";"";"";"";"";""
"Türkiye";"Yıllık";"Adrese Dayalı Nüfus Kayıt Sistemi";"Aksaray";"Tek Kişilik Hanehalkı";"Hanehalkı sayısı";"2014";"12085";"";"";"";"";""
"Türkiye";"Yıllık";"Adrese Dayalı Nüfus Kayıt Sistemi";"Aksaray";"Tek Kişilik Hanehalkı";"Hanehalkı sayısı";"2015";"13213";"";"";"";"";""
"Türkiye";"Yıllık";"Adrese Dayalı Nüfus Kayıt Sistemi";"Aksaray";"Tek Kişilik Hanehalkı";"Hanehalkı sayısı";"2016";"14393";"";"";"";"";""
"Türkiye";"Yıllık";"Adrese Dayalı Nüfus Kayıt Sistemi";"Aksaray";"Tek Kişilik Hanehalkı";"Hanehalkı sayısı";"2017";"15233";"";"";"";"";""
"Türkiye";"Yıllık";"Adrese Dayalı Nüfus Kayıt Sistemi";"Aksaray";"Tek Kişilik Hanehalkı";"Hanehalkı sayısı";"2018";"16331";"";"";"";"";""
"Türkiye";"Yıllık";"Adrese Dayalı Nüfus Kayıt Sistemi";"Aksaray";"Tek Kişilik Hanehalkı";"Hanehalkı sayısı";"2019";"17614";"";"";"";"";""
"Türkiye";"Yıllık";"Adrese Dayalı Nüfus Kayıt Sistemi";"Aksaray";"Tek Kişilik Hanehalkı";"Hanehalkı sayısı";"2020";"19401";"";"";"";"";""
"Türkiye";"Yıllık";"Adrese Dayalı Nüfus Kayıt Sistemi";"Aksaray";"Tek Kişilik Hanehalkı";"Hanehalkı sayısı";"2021";"20785";"";"";"";"";""
"Türkiye";"Yıllık";"Adrese Dayalı Nüfus Kayıt Sistemi";"Aksaray";"Tek Kişilik Hanehalkı";"Hanehalkı sayısı";"2022";"22108";"";"";"";"";""
"Türkiye";"Yıllık";"Adrese Dayalı Nüfus Kayıt Sistemi";"Aksaray";"Tek Kişilik Hanehalkı";"Hanehalkı sayısı";"2023";"22692";"";"";"";"";""
"Türkiye";"Yıllık";"Adrese Dayalı Nüfus Kayıt Sistemi";"Aksaray";"Tek Kişilik Hanehalkı";"Hanehalkı sayısı";"2024";"23671";"";"";"";"";""
"Türkiye";"Yıllık";"Adrese Dayalı Nüfus Kayıt Sistemi";"Aksaray";"Tek Kişilik Hanehalkı";"Hanehalkı sayısı";"2025";"25021";"";"";"";"";""
"Türkiye";"Yıllık";"Adrese Dayalı Nüfus Kayıt Sistemi";"Aksaray";"Tek Çekirdek Aileden Oluşan Hanehalkı";"Hanehalkı sayısı";"2014";"63651";"";"";"";"";""
"Türkiye";"Yıllık";"Adrese Dayalı Nüfus Kayıt Sistemi";"Aksaray";"Tek Çekirdek Aileden Oluşan Hanehalkı";"Hanehalkı sayısı";"2015";"66550";"";"";"";"";""
"Türkiye";"Yıllık";"Adrese Dayalı Nüfus Kayıt Sistemi";"Aksaray";"Tek Çekirdek Aileden Oluşan Hanehalkı";"Hanehalkı sayısı";"2016";"68408";"";"";"";"";""
"Türkiye";"Yıllık";"Adrese Dayalı Nüfus Kayıt Sistemi";"Aksaray";"Tek Çekirdek Aileden Oluşan Hanehalkı";"Hanehalkı sayısı";"2017";"70368";"";"";"";"";""
"Türkiye";"Yıllık";"Adrese Dayalı Nüfus Kayıt Sistemi";"Aksaray";"Tek Çekirdek Aileden Oluşan Hanehalkı";"Hanehalkı sayısı";"2018";"71583";"";"";"";"";""
"Türkiye";"Yıllık";"Adrese Dayalı Nüfus Kayıt Sistemi";"Aksaray";"Tek Çekirdek Aileden Oluşan Hanehalkı";"Hanehalkı sayısı";"2019";"73284";"";"";"";"";""
"Türkiye";"Yıllık";"Adrese Dayalı Nüfus Kayıt Sistemi";"Aksaray";"Tek Çekirdek Aileden Oluşan Hanehalkı";"Hanehalkı sayısı";"2020";"75648";"";"";"";"";""
"Türkiye";"Yıllık";"Adrese Dayalı Nüfus Kayıt Sistemi";"Aksaray";"Tek Çekirdek Aileden Oluşan Hanehalkı";"Hanehalkı sayısı";"2021";"77171";"";"";"";"";""
"Türkiye";"Yıllık";"Adrese Dayalı Nüfus Kayıt Sistemi";"Aksaray";"Tek Çekirdek Aileden Oluşan Hanehalkı";"Hanehalkı sayısı";"2022";"79974";"";"";"";"";""
"Türkiye";"Yıllık";"Adrese Dayalı Nüfus Kayıt Sistemi";"Aksaray";"Tek Çekirdek Aileden Oluşan Hanehalkı";"Hanehalkı sayısı";"2023";"80196";"";"";"";"";""
"Türkiye";"Yıllık";"Adrese Dayalı Nüfus Kayıt Sistemi";"Aksaray";"Tek Çekirdek Aileden Oluşan Hanehalkı";"Hanehalkı sayısı";"2024";"81403";"";"";"";"";""
"Türkiye";"Yıllık";"Adrese Dayalı Nüfus Kayıt Sistemi";"Aksaray";"Tek Çekirdek Aileden Oluşan Hanehalkı";"Hanehalkı sayısı";"2025";"82485";"";"";"";"";""
"Türkiye";"Yıllık";"Adrese Dayalı Nüfus Kayıt Sistemi";"Aksaray";"En Az Bir Çekirdek Aile Ve Diğer Kişilerden Oluşan Hanehalkı";"Hanehalkı sayısı";"2014";"21117";"";"";"";"";""
"Türkiye";"Yıllık";"Adrese Dayalı Nüfus Kayıt Sistemi";"Aksaray";"En Az Bir Çekirdek Aile Ve Diğer Kişilerden Oluşan Hanehalkı";"Hanehalkı sayısı";"2015";"20777";"";"";"";"";""
"Türkiye";"Yıllık";"Adrese Dayalı Nüfus Kayıt Sistemi";"Aksaray";"En Az Bir Çekirdek Aile Ve Diğer Kişilerden Oluşan Hanehalkı";"Hanehalkı sayısı";"2016";"20879";"";"";"";"";""
"Türkiye";"Yıllık";"Adrese Dayalı Nüfus Kayıt Sistemi";"Aksaray";"En Az Bir Çekirdek Aile Ve Diğer Kişilerden Oluşan Hanehalkı";"Hanehalkı sayısı";"2017";"20607";"";"";"";"";""
"Türkiye";"Yıllık";"Adrese Dayalı Nüfus Kayıt Sistemi";"Aksaray";"En Az Bir Çekirdek Aile Ve Diğer Kişilerden Oluşan Hanehalkı";"Hanehalkı sayısı";"2018";"21156";"";"";"";"";""
"Türkiye";"Yıllık";"Adrese Dayalı Nüfus Kayıt Sistemi";"Aksaray";"En Az Bir Çekirdek Aile Ve Diğer Kişilerden Oluşan Hanehalkı";"Hanehalkı sayısı";"2019";"20954";"";"";"";"";""
"Türkiye";"Yıllık";"Adrese Dayalı Nüfus Kayıt Sistemi";"Aksaray";"En Az Bir Çekirdek Aile Ve Diğer Kişilerden Oluşan Hanehalkı";"Hanehalkı sayısı";"2020";"20521";"";"";"";"";""
"Türkiye";"Yıllık";"Adrese Dayalı Nüfus Kayıt Sistemi";"Aksaray";"En Az Bir Çekirdek Aile Ve Diğer Kişilerden Oluşan Hanehalkı";"Hanehalkı sayısı";"2021";"20537";"";"";"";"";""
"Türkiye";"Yıllık";"Adrese Dayalı Nüfus Kayıt Sistemi";"Aksaray";"En Az Bir Çekirdek Aile Ve Diğer Kişilerden Oluşan Hanehalkı";"Hanehalkı sayısı";"2022";"20043";"";"";"";"";""
"Türkiye";"Yıllık";"Adrese Dayalı Nüfus Kayıt Sistemi";"Aksaray";"En Az Bir Çekirdek Aile Ve Diğer Kişilerden Oluşan Hanehalkı";"Hanehalkı sayısı";"2023";"21073";"";"";"";"";""
"Türkiye";"Yıllık";"Adrese Dayalı Nüfus Kayıt Sistemi";"Aksaray";"En Az Bir Çekirdek Aile Ve Diğer Kişilerden Oluşan Hanehalkı";"Hanehalkı sayısı";"2024";"21177";"";"";"";"";""
"Türkiye";"Yıllık";"Adrese Dayalı Nüfus Kayıt Sistemi";"Aksaray";"En Az Bir Çekirdek Aile Ve Diğer Kişilerden Oluşan Hanehalkı";"Hanehalkı sayısı";"2025";"21398";"";"";"";"";""
"Türkiye";"Yıllık";"Adrese Dayalı Nüfus Kayıt Sistemi";"Aksaray";"Çekirdek Aile Bulunmayan Birden Fazla Kişiden Oluşan Hanehalkı";"Hanehalkı sayısı";"2014";"2211";"";"";"";"";""
"Türkiye";"Yıllık";"Adrese Dayalı Nüfus Kayıt Sistemi";"Aksaray";"Çekirdek Aile Bulunmayan Birden Fazla Kişiden Oluşan Hanehalkı";"Hanehalkı sayısı";"2015";"2474";"";"";"";"";""
"Türkiye";"Yıllık";"Adrese Dayalı Nüfus Kayıt Sistemi";"Aksaray";"Çekirdek Aile Bulunmayan Birden Fazla Kişiden Oluşan Hanehalkı";"Hanehalkı sayısı";"2016";"2810";"";"";"";"";""
"Türkiye";"Yıllık";"Adrese Dayalı Nüfus Kayıt Sistemi";"Aksaray";"Çekirdek Aile Bulunmayan Birden Fazla Kişiden Oluşan Hanehalkı";"Hanehalkı sayısı";"2017";"3172";"";"";"";"";""
"Türkiye";"Yıllık";"Adrese Dayalı Nüfus Kayıt Sistemi";"Aksaray";"Çekirdek Aile Bulunmayan Birden Fazla Kişiden Oluşan Hanehalkı";"Hanehalkı sayısı";"2018";"3763";"";"";"";"";""
"Türkiye";"Yıllık";"Adrese Dayalı Nüfus Kayıt Sistemi";"Aksaray";"Çekirdek Aile Bulunmayan Birden Fazla Kişiden Oluşan Hanehalkı";"Hanehalkı sayısı";"2019";"4048";"";"";"";"";""
"Türkiye";"Yıllık";"Adrese Dayalı Nüfus Kayıt Sistemi";"Aksaray";"Çekirdek Aile Bulunmayan Birden Fazla Kişiden Oluşan Hanehalkı";"Hanehalkı sayısı";"2020";"4123";"";"";"";"";""
"Türkiye";"Yıllık";"Adrese Dayalı Nüfus Kayıt Sistemi";"Aksaray";"Çekirdek Aile Bulunmayan Birden Fazla Kişiden Oluşan Hanehalkı";"Hanehalkı sayısı";"2021";"4526";"";"";"";"";""
"Türkiye";"Yıllık";"Adrese Dayalı Nüfus Kayıt Sistemi";"Aksaray";"Çekirdek Aile Bulunmayan Birden Fazla Kişiden Oluşan Hanehalkı";"Hanehalkı sayısı";"2022";"4632";"";"";"";"";""
"Türkiye";"Yıllık";"Adrese Dayalı Nüfus Kayıt Sistemi";"Aksaray";"Çekirdek Aile Bulunmayan Birden Fazla Kişiden Oluşan Hanehalkı";"Hanehalkı sayısı";"2023";"4538";"";"";"";"";""
"Türkiye";"Yıllık";"Adrese Dayalı Nüfus Kayıt Sistemi";"Aksaray";"Çekirdek Aile Bulunmayan Birden Fazla Kişiden Oluşan Hanehalkı";"Hanehalkı sayısı";"2024";"4474";"";"";"";"";""
"Türkiye";"Yıllık";"Adrese Dayalı Nüfus Kayıt Sistemi";"Aksaray";"Çekirdek Aile Bulunmayan Birden Fazla Kişiden Oluşan Hanehalkı";"Hanehalkı sayısı";"2025";"4553";"";"";"";"";""
"Türkiye";"Yıllık";"Adrese Dayalı Nüfus Kayıt Sistemi";"Aksaray";"Toplam";"Hanehalkı sayısı";"2014";"99064";"";"";"";"";""
"Türkiye";"Yıllık";"Adrese Dayalı Nüfus Kayıt Sistemi";"Aksaray";"Toplam";"Hanehalkı sayısı";"2015";"103014";"";"";"";"";""
"Türkiye";"Yıllık";"Adrese Dayalı Nüfus Kayıt Sistemi";"Aksaray";"Toplam";"Hanehalkı sayısı";"2016";"106490";"";"";"";"";""
"Türkiye";"Yıllık";"Adrese Dayalı Nüfus Kayıt Sistemi";"Aksaray";"Toplam";"Hanehalkı sayısı";"2017";"109380";"";"";"";"";""
"Türkiye";"Yıllık";"Adrese Dayalı Nüfus Kayıt Sistemi";"Aksaray";"Toplam";"Hanehalkı sayısı";"2018";"112833";"";"";"";"";""
"Türkiye";"Yıllık";"Adrese Dayalı Nüfus Kayıt Sistemi";"Aksaray";"Toplam";"Hanehalkı sayısı";"2019";"115900";"";"";"";"";""
"Türkiye";"Yıllık";"Adrese Dayalı Nüfus Kayıt Sistemi";"Aksaray";"Toplam";"Hanehalkı sayısı";"2020";"119693";"";"";"";"";""
"Türkiye";"Yıllık";"Adrese Dayalı Nüfus Kayıt Sistemi";"Aksaray";"Toplam";"Hanehalkı sayısı";"2021";"123019";"";"";"";"";""
"Türkiye";"Yıllık";"Adrese Dayalı Nüfus Kayıt Sistemi";"Aksaray";"Toplam";"Hanehalkı sayısı";"2022";"126757";"";"";"";"";""
"Türkiye";"Yıllık";"Adrese Dayalı Nüfus Kayıt Sistemi";"Aksaray";"Toplam";"Hanehalkı sayısı";"2023";"128499";"";"";"";"";""
"Türkiye";"Yıllık";"Adrese Dayalı Nüfus Kayıt Sistemi";"Aksaray";"Toplam";"Hanehalkı sayısı";"2024";"130725";"";"";"";"";""
"Türkiye";"Yıllık";"Adrese Dayalı Nüfus Kayıt Sistemi";"Aksaray";"Toplam";"Hanehalkı sayısı";"2025";"133457";"";"";"";"";""
"Türkiye";"Yıllık";"Adrese Dayalı Nüfus Kayıt Sistemi";"Kırıkkale";"Tek Kişilik Hanehalkı";"Hanehalkı sayısı";"2014";"12726";"";"";"";"";""
"Türkiye";"Yıllık";"Adrese Dayalı Nüfus Kayıt Sistemi";"Kırıkkale";"Tek Kişilik Hanehalkı";"Hanehalkı sayısı";"2015";"13491";"";"";"";"";""
"Türkiye";"Yıllık";"Adrese Dayalı Nüfus Kayıt Sistemi";"Kırıkkale";"Tek Kişilik Hanehalkı";"Hanehalkı sayısı";"2016";"14212";"";"";"";"";""
"Türkiye";"Yıllık";"Adrese Dayalı Nüfus Kayıt Sistemi";"Kırıkkale";"Tek Kişilik Hanehalkı";"Hanehalkı sayısı";"2017";"14957";"";"";"";"";""
"Türkiye";"Yıllık";"Adrese Dayalı Nüfus Kayıt Sistemi";"Kırıkkale";"Tek Kişilik Hanehalkı";"Hanehalkı sayısı";"2018";"16505";"";"";"";"";""
"Türkiye";"Yıllık";"Adrese Dayalı Nüfus Kayıt Sistemi";"Kırıkkale";"Tek Kişilik Hanehalkı";"Hanehalkı sayısı";"2019";"17019";"";"";"";"";""
"Türkiye";"Yıllık";"Adrese Dayalı Nüfus Kayıt Sistemi";"Kırıkkale";"Tek Kişilik Hanehalkı";"Hanehalkı sayısı";"2020";"18487";"";"";"";"";""
"Türkiye";"Yıllık";"Adrese Dayalı Nüfus Kayıt Sistemi";"Kırıkkale";"Tek Kişilik Hanehalkı";"Hanehalkı sayısı";"2021";"19570";"";"";"";"";""
"Türkiye";"Yıllık";"Adrese Dayalı Nüfus Kayıt Sistemi";"Kırıkkale";"Tek Kişilik Hanehalkı";"Hanehalkı sayısı";"2022";"20495";"";"";"";"";""
"Türkiye";"Yıllık";"Adrese Dayalı Nüfus Kayıt Sistemi";"Kırıkkale";"Tek Kişilik Hanehalkı";"Hanehalkı sayısı";"2023";"20955";"";"";"";"";""
"Türkiye";"Yıllık";"Adrese Dayalı Nüfus Kayıt Sistemi";"Kırıkkale";"Tek Kişilik Hanehalkı";"Hanehalkı sayısı";"2024";"21316";"";"";"";"";""
"Türkiye";"Yıllık";"Adrese Dayalı Nüfus Kayıt Sistemi";"Kırıkkale";"Tek Kişilik Hanehalkı";"Hanehalkı sayısı";"2025";"21931";"";"";"";"";""
"Türkiye";"Yıllık";"Adrese Dayalı Nüfus Kayıt Sistemi";"Kırıkkale";"Tek Çekirdek Aileden Oluşan Hanehalkı";"Hanehalkı sayısı";"2014";"56698";"";"";"";"";""
"Türkiye";"Yıllık";"Adrese Dayalı Nüfus Kayıt Sistemi";"Kırıkkale";"Tek Çekirdek Aileden Oluşan Hanehalkı";"Hanehalkı sayısı";"2015";"57347";"";"";"";"";""
"Türkiye";"Yıllık";"Adrese Dayalı Nüfus Kayıt Sistemi";"Kırıkkale";"Tek Çekirdek Aileden Oluşan Hanehalkı";"Hanehalkı sayısı";"2016";"58077";"";"";"";"";""
"Türkiye";"Yıllık";"Adrese Dayalı Nüfus Kayıt Sistemi";"Kırıkkale";"Tek Çekirdek Aileden Oluşan Hanehalkı";"Hanehalkı sayısı";"2017";"59075";"";"";"";"";""
"Türkiye";"Yıllık";"Adrese Dayalı Nüfus Kayıt Sistemi";"Kırıkkale";"Tek Çekirdek Aileden Oluşan Hanehalkı";"Hanehalkı sayısı";"2018";"59840";"";"";"";"";""
"Türkiye";"Yıllık";"Adrese Dayalı Nüfus Kayıt Sistemi";"Kırıkkale";"Tek Çekirdek Aileden Oluşan Hanehalkı";"Hanehalkı sayısı";"2019";"59908";"";"";"";"";""
"Türkiye";"Yıllık";"Adrese Dayalı Nüfus Kayıt Sistemi";"Kırıkkale";"Tek Çekirdek Aileden Oluşan Hanehalkı";"Hanehalkı sayısı";"2020";"60328";"";"";"";"";""
"Türkiye";"Yıllık";"Adrese Dayalı Nüfus Kayıt Sistemi";"Kırıkkale";"Tek Çekirdek Aileden Oluşan Hanehalkı";"Hanehalkı sayısı";"2021";"59868";"";"";"";"";""
"Türkiye";"Yıllık";"Adrese Dayalı Nüfus Kayıt Sistemi";"Kırıkkale";"Tek Çekirdek Aileden Oluşan Hanehalkı";"Hanehalkı sayısı";"2022";"60654";"";"";"";"";""
"Türkiye";"Yıllık";"Adrese Dayalı Nüfus Kayıt Sistemi";"Kırıkkale";"Tek Çekirdek Aileden Oluşan Hanehalkı";"Hanehalkı sayısı";"2023";"59932";"";"";"";"";""
"Türkiye";"Yıllık";"Adrese Dayalı Nüfus Kayıt Sistemi";"Kırıkkale";"Tek Çekirdek Aileden Oluşan Hanehalkı";"Hanehalkı sayısı";"2024";"60378";"";"";"";"";""
"Türkiye";"Yıllık";"Adrese Dayalı Nüfus Kayıt Sistemi";"Kırıkkale";"Tek Çekirdek Aileden Oluşan Hanehalkı";"Hanehalkı sayısı";"2025";"60491";"";"";"";"";""
"Türkiye";"Yıllık";"Adrese Dayalı Nüfus Kayıt Sistemi";"Kırıkkale";"En Az Bir Çekirdek Aile Ve Diğer Kişilerden Oluşan Hanehalkı";"Hanehalkı sayısı";"2014";"11076";"";"";"";"";""
"Türkiye";"Yıllık";"Adrese Dayalı Nüfus Kayıt Sistemi";"Kırıkkale";"En Az Bir Çekirdek Aile Ve Diğer Kişilerden Oluşan Hanehalkı";"Hanehalkı sayısı";"2015";"10778";"";"";"";"";""
"Türkiye";"Yıllık";"Adrese Dayalı Nüfus Kayıt Sistemi";"Kırıkkale";"En Az Bir Çekirdek Aile Ve Diğer Kişilerden Oluşan Hanehalkı";"Hanehalkı sayısı";"2016";"10779";"";"";"";"";""
"Türkiye";"Yıllık";"Adrese Dayalı Nüfus Kayıt Sistemi";"Kırıkkale";"En Az Bir Çekirdek Aile Ve Diğer Kişilerden Oluşan Hanehalkı";"Hanehalkı sayısı";"2017";"10277";"";"";"";"";""
"Türkiye";"Yıllık";"Adrese Dayalı Nüfus Kayıt Sistemi";"Kırıkkale";"En Az Bir Çekirdek Aile Ve Diğer Kişilerden Oluşan Hanehalkı";"Hanehalkı sayısı";"2018";"10659";"";"";"";"";""
"Türkiye";"Yıllık";"Adrese Dayalı Nüfus Kayıt Sistemi";"Kırıkkale";"En Az Bir Çekirdek Aile Ve Diğer Kişilerden Oluşan Hanehalkı";"Hanehalkı sayısı";"2019";"10152";"";"";"";"";""
"Türkiye";"Yıllık";"Adrese Dayalı Nüfus Kayıt Sistemi";"Kırıkkale";"En Az Bir Çekirdek Aile Ve Diğer Kişilerden Oluşan Hanehalkı";"Hanehalkı sayısı";"2020";"9619";"";"";"";"";""
"Türkiye";"Yıllık";"Adrese Dayalı Nüfus Kayıt Sistemi";"Kırıkkale";"En Az Bir Çekirdek Aile Ve Diğer Kişilerden Oluşan Hanehalkı";"Hanehalkı sayısı";"2021";"9316";"";"";"";"";""
"Türkiye";"Yıllık";"Adrese Dayalı Nüfus Kayıt Sistemi";"Kırıkkale";"En Az Bir Çekirdek Aile Ve Diğer Kişilerden Oluşan Hanehalkı";"Hanehalkı sayısı";"2022";"8970";"";"";"";"";""
"Türkiye";"Yıllık";"Adrese Dayalı Nüfus Kayıt Sistemi";"Kırıkkale";"En Az Bir Çekirdek Aile Ve Diğer Kişilerden Oluşan Hanehalkı";"Hanehalkı sayısı";"2023";"10917";"";"";"";"";""
"Türkiye";"Yıllık";"Adrese Dayalı Nüfus Kayıt Sistemi";"Kırıkkale";"En Az Bir Çekirdek Aile Ve Diğer Kişilerden Oluşan Hanehalkı";"Hanehalkı sayısı";"2024";"10541";"";"";"";"";""
"Türkiye";"Yıllık";"Adrese Dayalı Nüfus Kayıt Sistemi";"Kırıkkale";"En Az Bir Çekirdek Aile Ve Diğer Kişilerden Oluşan Hanehalkı";"Hanehalkı sayısı";"2025";"10778";"";"";"";"";""
"Türkiye";"Yıllık";"Adrese Dayalı Nüfus Kayıt Sistemi";"Kırıkkale";"Çekirdek Aile Bulunmayan Birden Fazla Kişiden Oluşan Hanehalkı";"Hanehalkı sayısı";"2014";"1479";"";"";"";"";""
"Türkiye";"Yıllık";"Adrese Dayalı Nüfus Kayıt Sistemi";"Kırıkkale";"Çekirdek Aile Bulunmayan Birden Fazla Kişiden Oluşan Hanehalkı";"Hanehalkı sayısı";"2015";"1578";"";"";"";"";""
"Türkiye";"Yıllık";"Adrese Dayalı Nüfus Kayıt Sistemi";"Kırıkkale";"Çekirdek Aile Bulunmayan Birden Fazla Kişiden Oluşan Hanehalkı";"Hanehalkı sayısı";"2016";"2116";"";"";"";"";""
"Türkiye";"Yıllık";"Adrese Dayalı Nüfus Kayıt Sistemi";"Kırıkkale";"Çekirdek Aile Bulunmayan Birden Fazla Kişiden Oluşan Hanehalkı";"Hanehalkı sayısı";"2017";"2218";"";"";"";"";""
"Türkiye";"Yıllık";"Adrese Dayalı Nüfus Kayıt Sistemi";"Kırıkkale";"Çekirdek Aile Bulunmayan Birden Fazla Kişiden Oluşan Hanehalkı";"Hanehalkı sayısı";"2018";"2642";"";"";"";"";""
"Türkiye";"Yıllık";"Adrese Dayalı Nüfus Kayıt Sistemi";"Kırıkkale";"Çekirdek Aile Bulunmayan Birden Fazla Kişiden Oluşan Hanehalkı";"Hanehalkı sayısı";"2019";"2782";"";"";"";"";""
"Türkiye";"Yıllık";"Adrese Dayalı Nüfus Kayıt Sistemi";"Kırıkkale";"Çekirdek Aile Bulunmayan Birden Fazla Kişiden Oluşan Hanehalkı";"Hanehalkı sayısı";"2020";"2793";"";"";"";"";""
"Türkiye";"Yıllık";"Adrese Dayalı Nüfus Kayıt Sistemi";"Kırıkkale";"Çekirdek Aile Bulunmayan Birden Fazla Kişiden Oluşan Hanehalkı";"Hanehalkı sayısı";"2021";"2799";"";"";"";"";""
"Türkiye";"Yıllık";"Adrese Dayalı Nüfus Kayıt Sistemi";"Kırıkkale";"Çekirdek Aile Bulunmayan Birden Fazla Kişiden Oluşan Hanehalkı";"Hanehalkı sayısı";"2022";"2873";"";"";"";"";""
"Türkiye";"Yıllık";"Adrese Dayalı Nüfus Kayıt Sistemi";"Kırıkkale";"Çekirdek Aile Bulunmayan Birden Fazla Kişiden Oluşan Hanehalkı";"Hanehalkı sayısı";"2023";"2885";"";"";"";"";""
"Türkiye";"Yıllık";"Adrese Dayalı Nüfus Kayıt Sistemi";"Kırıkkale";"Çekirdek Aile Bulunmayan Birden Fazla Kişiden Oluşan Hanehalkı";"Hanehalkı sayısı";"2024";"2926";"";"";"";"";""
"Türkiye";"Yıllık";"Adrese Dayalı Nüfus Kayıt Sistemi";"Kırıkkale";"Çekirdek Aile Bulunmayan Birden Fazla Kişiden Oluşan Hanehalkı";"Hanehalkı sayısı";"2025";"2922";"";"";"";"";""
"Türkiye";"Yıllık";"Adrese Dayalı Nüfus Kayıt Sistemi";"Kırıkkale";"Toplam";"Hanehalkı sayısı";"2014";"81979";"";"";"";"";""
"Türkiye";"Yıllık";"Adrese Dayalı Nüfus Kayıt Sistemi";"Kırıkkale";"Toplam";"Hanehalkı sayısı";"2015";"83194";"";"";"";"";""
"Türkiye";"Yıllık";"Adrese Dayalı Nüfus Kayıt Sistemi";"Kırıkkale";"Toplam";"Hanehalkı sayısı";"2016";"85184";"";"";"";"";""
"Türkiye";"Yıllık";"Adrese Dayalı Nüfus Kayıt Sistemi";"Kırıkkale";"Toplam";"Hanehalkı sayısı";"2017";"86527";"";"";"";"";""
"Türkiye";"Yıllık";"Adrese Dayalı Nüfus Kayıt Sistemi";"Kırıkkale";"Toplam";"Hanehalkı sayısı";"2018";"89646";"";"";"";"";""
"Türkiye";"Yıllık";"Adrese Dayalı Nüfus Kayıt Sistemi";"Kırıkkale";"Toplam";"Hanehalkı sayısı";"2019";"89861";"";"";"";"";""
"Türkiye";"Yıllık";"Adrese Dayalı Nüfus Kayıt Sistemi";"Kırıkkale";"Toplam";"Hanehalkı sayısı";"2020";"91227";"";"";"";"";""
"Türkiye";"Yıllık";"Adrese Dayalı Nüfus Kayıt Sistemi";"Kırıkkale";"Toplam";"Hanehalkı sayısı";"2021";"91553";"";"";"";"";""
"Türkiye";"Yıllık";"Adrese Dayalı Nüfus Kayıt Sistemi";"Kırıkkale";"Toplam";"Hanehalkı sayısı";"2022";"92992";"";"";"";"";""
"Türkiye";"Yıllık";"Adrese Dayalı Nüfus Kayıt Sistemi";"Kırıkkale";"Toplam";"Hanehalkı sayısı";"2023";"94689";"";"";"";"";""
"Türkiye";"Yıllık";"Adrese Dayalı Nüfus Kayıt Sistemi";"Kırıkkale";"Toplam";"Hanehalkı sayısı";"2024";"95161";"";"";"";"";""
"Türkiye";"Yıllık";"Adrese Dayalı Nüfus Kayıt Sistemi";"Kırıkkale";"Toplam";"Hanehalkı sayısı";"2025";"96122";"";"";"";"";""
"Türkiye";"Yıllık";"Adrese Dayalı Nüfus Kayıt Sistemi";"Kırşehir";"Tek Kişilik Hanehalkı";"Hanehalkı sayısı";"2014";"10208";"";"";"";"";""
"Türkiye";"Yıllık";"Adrese Dayalı Nüfus Kayıt Sistemi";"Kırşehir";"Tek Kişilik Hanehalkı";"Hanehalkı sayısı";"2015";"10817";"";"";"";"";""
"Türkiye";"Yıllık";"Adrese Dayalı Nüfus Kayıt Sistemi";"Kırşehir";"Tek Kişilik Hanehalkı";"Hanehalkı sayısı";"2016";"11439";"";"";"";"";""
"Türkiye";"Yıllık";"Adrese Dayalı Nüfus Kayıt Sistemi";"Kırşehir";"Tek Kişilik Hanehalkı";"Hanehalkı sayısı";"2017";"12069";"";"";"";"";""
"Türkiye";"Yıllık";"Adrese Dayalı Nüfus Kayıt Sistemi";"Kırşehir";"Tek Kişilik Hanehalkı";"Hanehalkı sayısı";"2018";"12770";"";"";"";"";""
"Türkiye";"Yıllık";"Adrese Dayalı Nüfus Kayıt Sistemi";"Kırşehir";"Tek Kişilik Hanehalkı";"Hanehalkı sayısı";"2019";"13459";"";"";"";"";""
"Türkiye";"Yıllık";"Adrese Dayalı Nüfus Kayıt Sistemi";"Kırşehir";"Tek Kişilik Hanehalkı";"Hanehalkı sayısı";"2020";"14434";"";"";"";"";""
"Türkiye";"Yıllık";"Adrese Dayalı Nüfus Kayıt Sistemi";"Kırşehir";"Tek Kişilik Hanehalkı";"Hanehalkı sayısı";"2021";"15416";"";"";"";"";""
"Türkiye";"Yıllık";"Adrese Dayalı Nüfus Kayıt Sistemi";"Kırşehir";"Tek Kişilik Hanehalkı";"Hanehalkı sayısı";"2022";"16378";"";"";"";"";""
"Türkiye";"Yıllık";"Adrese Dayalı Nüfus Kayıt Sistemi";"Kırşehir";"Tek Kişilik Hanehalkı";"Hanehalkı sayısı";"2023";"16294";"";"";"";"";""
"Türkiye";"Yıllık";"Adrese Dayalı Nüfus Kayıt Sistemi";"Kırşehir";"Tek Kişilik Hanehalkı";"Hanehalkı sayısı";"2024";"16801";"";"";"";"";""
"Türkiye";"Yıllık";"Adrese Dayalı Nüfus Kayıt Sistemi";"Kırşehir";"Tek Kişilik Hanehalkı";"Hanehalkı sayısı";"2025";"17709";"";"";"";"";""
"Türkiye";"Yıllık";"Adrese Dayalı Nüfus Kayıt Sistemi";"Kırşehir";"Tek Çekirdek Aileden Oluşan Hanehalkı";"Hanehalkı sayısı";"2014";"44964";"";"";"";"";""
"Türkiye";"Yıllık";"Adrese Dayalı Nüfus Kayıt Sistemi";"Kırşehir";"Tek Çekirdek Aileden Oluşan Hanehalkı";"Hanehalkı sayısı";"2015";"45539";"";"";"";"";""
"Türkiye";"Yıllık";"Adrese Dayalı Nüfus Kayıt Sistemi";"Kırşehir";"Tek Çekirdek Aileden Oluşan Hanehalkı";"Hanehalkı sayısı";"2016";"45964";"";"";"";"";""
"Türkiye";"Yıllık";"Adrese Dayalı Nüfus Kayıt Sistemi";"Kırşehir";"Tek Çekirdek Aileden Oluşan Hanehalkı";"Hanehalkı sayısı";"2017";"46368";"";"";"";"";""
"Türkiye";"Yıllık";"Adrese Dayalı Nüfus Kayıt Sistemi";"Kırşehir";"Tek Çekirdek Aileden Oluşan Hanehalkı";"Hanehalkı sayısı";"2018";"46549";"";"";"";"";""
"Türkiye";"Yıllık";"Adrese Dayalı Nüfus Kayıt Sistemi";"Kırşehir";"Tek Çekirdek Aileden Oluşan Hanehalkı";"Hanehalkı sayısı";"2019";"46247";"";"";"";"";""
"Türkiye";"Yıllık";"Adrese Dayalı Nüfus Kayıt Sistemi";"Kırşehir";"Tek Çekirdek Aileden Oluşan Hanehalkı";"Hanehalkı sayısı";"2020";"47128";"";"";"";"";""
"Türkiye";"Yıllık";"Adrese Dayalı Nüfus Kayıt Sistemi";"Kırşehir";"Tek Çekirdek Aileden Oluşan Hanehalkı";"Hanehalkı sayısı";"2021";"47095";"";"";"";"";""
"Türkiye";"Yıllık";"Adrese Dayalı Nüfus Kayıt Sistemi";"Kırşehir";"Tek Çekirdek Aileden Oluşan Hanehalkı";"Hanehalkı sayısı";"2022";"48535";"";"";"";"";""
"Türkiye";"Yıllık";"Adrese Dayalı Nüfus Kayıt Sistemi";"Kırşehir";"Tek Çekirdek Aileden Oluşan Hanehalkı";"Hanehalkı sayısı";"2023";"48692";"";"";"";"";""
"Türkiye";"Yıllık";"Adrese Dayalı Nüfus Kayıt Sistemi";"Kırşehir";"Tek Çekirdek Aileden Oluşan Hanehalkı";"Hanehalkı sayısı";"2024";"49154";"";"";"";"";""
"Türkiye";"Yıllık";"Adrese Dayalı Nüfus Kayıt Sistemi";"Kırşehir";"Tek Çekirdek Aileden Oluşan Hanehalkı";"Hanehalkı sayısı";"2025";"49344";"";"";"";"";""
"Türkiye";"Yıllık";"Adrese Dayalı Nüfus Kayıt Sistemi";"Kırşehir";"En Az Bir Çekirdek Aile Ve Diğer Kişilerden Oluşan Hanehalkı";"Hanehalkı sayısı";"2014";"10264";"";"";"";"";""
"Türkiye";"Yıllık";"Adrese Dayalı Nüfus Kayıt Sistemi";"Kırşehir";"En Az Bir Çekirdek Aile Ve Diğer Kişilerden Oluşan Hanehalkı";"Hanehalkı sayısı";"2015";"10297";"";"";"";"";""
"Türkiye";"Yıllık";"Adrese Dayalı Nüfus Kayıt Sistemi";"Kırşehir";"En Az Bir Çekirdek Aile Ve Diğer Kişilerden Oluşan Hanehalkı";"Hanehalkı sayısı";"2016";"10463";"";"";"";"";""
"Türkiye";"Yıllık";"Adrese Dayalı Nüfus Kayıt Sistemi";"Kırşehir";"En Az Bir Çekirdek Aile Ve Diğer Kişilerden Oluşan Hanehalkı";"Hanehalkı sayısı";"2017";"10463";"";"";"";"";""
"Türkiye";"Yıllık";"Adrese Dayalı Nüfus Kayıt Sistemi";"Kırşehir";"En Az Bir Çekirdek Aile Ve Diğer Kişilerden Oluşan Hanehalkı";"Hanehalkı sayısı";"2018";"11128";"";"";"";"";""
"Türkiye";"Yıllık";"Adrese Dayalı Nüfus Kayıt Sistemi";"Kırşehir";"En Az Bir Çekirdek Aile Ve Diğer Kişilerden Oluşan Hanehalkı";"Hanehalkı sayısı";"2019";"11346";"";"";"";"";""
"Türkiye";"Yıllık";"Adrese Dayalı Nüfus Kayıt Sistemi";"Kırşehir";"En Az Bir Çekirdek Aile Ve Diğer Kişilerden Oluşan Hanehalkı";"Hanehalkı sayısı";"2020";"10899";"";"";"";"";""
"Türkiye";"Yıllık";"Adrese Dayalı Nüfus Kayıt Sistemi";"Kırşehir";"En Az Bir Çekirdek Aile Ve Diğer Kişilerden Oluşan Hanehalkı";"Hanehalkı sayısı";"2021";"10952";"";"";"";"";""
"Türkiye";"Yıllık";"Adrese Dayalı Nüfus Kayıt Sistemi";"Kırşehir";"En Az Bir Çekirdek Aile Ve Diğer Kişilerden Oluşan Hanehalkı";"Hanehalkı sayısı";"2022";"10526";"";"";"";"";""
"Türkiye";"Yıllık";"Adrese Dayalı Nüfus Kayıt Sistemi";"Kırşehir";"En Az Bir Çekirdek Aile Ve Diğer Kişilerden Oluşan Hanehalkı";"Hanehalkı sayısı";"2023";"11313";"";"";"";"";""
"Türkiye";"Yıllık";"Adrese Dayalı Nüfus Kayıt Sistemi";"Kırşehir";"En Az Bir Çekirdek Aile Ve Diğer Kişilerden Oluşan Hanehalkı";"Hanehalkı sayısı";"2024";"11011";"";"";"";"";""
"Türkiye";"Yıllık";"Adrese Dayalı Nüfus Kayıt Sistemi";"Kırşehir";"En Az Bir Çekirdek Aile Ve Diğer Kişilerden Oluşan Hanehalkı";"Hanehalkı sayısı";"2025";"10974";"";"";"";"";""
"Türkiye";"Yıllık";"Adrese Dayalı Nüfus Kayıt Sistemi";"Kırşehir";"Çekirdek Aile Bulunmayan Birden Fazla Kişiden Oluşan Hanehalkı";"Hanehalkı sayısı";"2014";"1297";"";"";"";"";""
"Türkiye";"Yıllık";"Adrese Dayalı Nüfus Kayıt Sistemi";"Kırşehir";"Çekirdek Aile Bulunmayan Birden Fazla Kişiden Oluşan Hanehalkı";"Hanehalkı sayısı";"2015";"1480";"";"";"";"";""
"Türkiye";"Yıllık";"Adrese Dayalı Nüfus Kayıt Sistemi";"Kırşehir";"Çekirdek Aile Bulunmayan Birden Fazla Kişiden Oluşan Hanehalkı";"Hanehalkı sayısı";"2016";"1710";"";"";"";"";""
"Türkiye";"Yıllık";"Adrese Dayalı Nüfus Kayıt Sistemi";"Kırşehir";"Çekirdek Aile Bulunmayan Birden Fazla Kişiden Oluşan Hanehalkı";"Hanehalkı sayısı";"2017";"2293";"";"";"";"";""
"Türkiye";"Yıllık";"Adrese Dayalı Nüfus Kayıt Sistemi";"Kırşehir";"Çekirdek Aile Bulunmayan Birden Fazla Kişiden Oluşan Hanehalkı";"Hanehalkı sayısı";"2018";"2640";"";"";"";"";""
"Türkiye";"Yıllık";"Adrese Dayalı Nüfus Kayıt Sistemi";"Kırşehir";"Çekirdek Aile Bulunmayan Birden Fazla Kişiden Oluşan Hanehalkı";"Hanehalkı sayısı";"2019";"2950";"";"";"";"";""
"Türkiye";"Yıllık";"Adrese Dayalı Nüfus Kayıt Sistemi";"Kırşehir";"Çekirdek Aile Bulunmayan Birden Fazla Kişiden Oluşan Hanehalkı";"Hanehalkı sayısı";"2020";"3059";"";"";"";"";""
"Türkiye";"Yıllık";"Adrese Dayalı Nüfus Kayıt Sistemi";"Kırşehir";"Çekirdek Aile Bulunmayan Birden Fazla Kişiden Oluşan Hanehalkı";"Hanehalkı sayısı";"2021";"3219";"";"";"";"";""
"Türkiye";"Yıllık";"Adrese Dayalı Nüfus Kayıt Sistemi";"Kırşehir";"Çekirdek Aile Bulunmayan Birden Fazla Kişiden Oluşan Hanehalkı";"Hanehalkı sayısı";"2022";"3322";"";"";"";"";""
"Türkiye";"Yıllık";"Adrese Dayalı Nüfus Kayıt Sistemi";"Kırşehir";"Çekirdek Aile Bulunmayan Birden Fazla Kişiden Oluşan Hanehalkı";"Hanehalkı sayısı";"2023";"3220";"";"";"";"";""
"Türkiye";"Yıllık";"Adrese Dayalı Nüfus Kayıt Sistemi";"Kırşehir";"Çekirdek Aile Bulunmayan Birden Fazla Kişiden Oluşan Hanehalkı";"Hanehalkı sayısı";"2024";"2860";"";"";"";"";""
"Türkiye";"Yıllık";"Adrese Dayalı Nüfus Kayıt Sistemi";"Kırşehir";"Çekirdek Aile Bulunmayan Birden Fazla Kişiden Oluşan Hanehalkı";"Hanehalkı sayısı";"2025";"2722";"";"";"";"";""
"Türkiye";"Yıllık";"Adrese Dayalı Nüfus Kayıt Sistemi";"Kırşehir";"Toplam";"Hanehalkı sayısı";"2014";"66733";"";"";"";"";""
"Türkiye";"Yıllık";"Adrese Dayalı Nüfus Kayıt Sistemi";"Kırşehir";"Toplam";"Hanehalkı sayısı";"2015";"68133";"";"";"";"";""
"Türkiye";"Yıllık";"Adrese Dayalı Nüfus Kayıt Sistemi";"Kırşehir";"Toplam";"Hanehalkı sayısı";"2016";"69576";"";"";"";"";""
"Türkiye";"Yıllık";"Adrese Dayalı Nüfus Kayıt Sistemi";"Kırşehir";"Toplam";"Hanehalkı sayısı";"2017";"71193";"";"";"";"";""
"Türkiye";"Yıllık";"Adrese Dayalı Nüfus Kayıt Sistemi";"Kırşehir";"Toplam";"Hanehalkı sayısı";"2018";"73087";"";"";"";"";""
"Türkiye";"Yıllık";"Adrese Dayalı Nüfus Kayıt Sistemi";"Kırşehir";"Toplam";"Hanehalkı sayısı";"2019";"74002";"";"";"";"";""
"Türkiye";"Yıllık";"Adrese Dayalı Nüfus Kayıt Sistemi";"Kırşehir";"Toplam";"Hanehalkı sayısı";"2020";"75520";"";"";"";"";""
"Türkiye";"Yıllık";"Adrese Dayalı Nüfus Kayıt Sistemi";"Kırşehir";"Toplam";"Hanehalkı sayısı";"2021";"76682";"";"";"";"";""
"Türkiye";"Yıllık";"Adrese Dayalı Nüfus Kayıt Sistemi";"Kırşehir";"Toplam";"Hanehalkı sayısı";"2022";"78761";"";"";"";"";""
"Türkiye";"Yıllık";"Adrese Dayalı Nüfus Kayıt Sistemi";"Kırşehir";"Toplam";"Hanehalkı sayısı";"2023";"79519";"";"";"";"";""
"Türkiye";"Yıllık";"Adrese Dayalı Nüfus Kayıt Sistemi";"Kırşehir";"Toplam";"Hanehalkı sayısı";"2024";"79826";"";"";"";"";""
"Türkiye";"Yıllık";"Adrese Dayalı Nüfus Kayıt Sistemi";"Kırşehir";"Toplam";"Hanehalkı sayısı";"2025";"80749";"";"";"";"";""
"Türkiye";"Yıllık";"Adrese Dayalı Nüfus Kayıt Sistemi";"Nevşehir";"Tek Kişilik Hanehalkı";"Hanehalkı sayısı";"2014";"12587";"";"";"";"";""
"Türkiye";"Yıllık";"Adrese Dayalı Nüfus Kayıt Sistemi";"Nevşehir";"Tek Kişilik Hanehalkı";"Hanehalkı sayısı";"2015";"13151";"";"";"";"";""
"Türkiye";"Yıllık";"Adrese Dayalı Nüfus Kayıt Sistemi";"Nevşehir";"Tek Kişilik Hanehalkı";"Hanehalkı sayısı";"2016";"14016";"";"";"";"";""
"Türkiye";"Yıllık";"Adrese Dayalı Nüfus Kayıt Sistemi";"Nevşehir";"Tek Kişilik Hanehalkı";"Hanehalkı sayısı";"2017";"14827";"";"";"";"";""
"Türkiye";"Yıllık";"Adrese Dayalı Nüfus Kayıt Sistemi";"Nevşehir";"Tek Kişilik Hanehalkı";"Hanehalkı sayısı";"2018";"15364";"";"";"";"";""
"Türkiye";"Yıllık";"Adrese Dayalı Nüfus Kayıt Sistemi";"Nevşehir";"Tek Kişilik Hanehalkı";"Hanehalkı sayısı";"2019";"16503";"";"";"";"";""
"Türkiye";"Yıllık";"Adrese Dayalı Nüfus Kayıt Sistemi";"Nevşehir";"Tek Kişilik Hanehalkı";"Hanehalkı sayısı";"2020";"17817";"";"";"";"";""
"Türkiye";"Yıllık";"Adrese Dayalı Nüfus Kayıt Sistemi";"Nevşehir";"Tek Kişilik Hanehalkı";"Hanehalkı sayısı";"2021";"19094";"";"";"";"";""
"Türkiye";"Yıllık";"Adrese Dayalı Nüfus Kayıt Sistemi";"Nevşehir";"Tek Kişilik Hanehalkı";"Hanehalkı sayısı";"2022";"20350";"";"";"";"";""
"Türkiye";"Yıllık";"Adrese Dayalı Nüfus Kayıt Sistemi";"Nevşehir";"Tek Kişilik Hanehalkı";"Hanehalkı sayısı";"2023";"20833";"";"";"";"";""
"Türkiye";"Yıllık";"Adrese Dayalı Nüfus Kayıt Sistemi";"Nevşehir";"Tek Kişilik Hanehalkı";"Hanehalkı sayısı";"2024";"21306";"";"";"";"";""
"Türkiye";"Yıllık";"Adrese Dayalı Nüfus Kayıt Sistemi";"Nevşehir";"Tek Kişilik Hanehalkı";"Hanehalkı sayısı";"2025";"22493";"";"";"";"";""
"Türkiye";"Yıllık";"Adrese Dayalı Nüfus Kayıt Sistemi";"Nevşehir";"Tek Çekirdek Aileden Oluşan Hanehalkı";"Hanehalkı sayısı";"2014";"54150";"";"";"";"";""
"Türkiye";"Yıllık";"Adrese Dayalı Nüfus Kayıt Sistemi";"Nevşehir";"Tek Çekirdek Aileden Oluşan Hanehalkı";"Hanehalkı sayısı";"2015";"54831";"";"";"";"";""
"Türkiye";"Yıllık";"Adrese Dayalı Nüfus Kayıt Sistemi";"Nevşehir";"Tek Çekirdek Aileden Oluşan Hanehalkı";"Hanehalkı sayısı";"2016";"55545";"";"";"";"";""
"Türkiye";"Yıllık";"Adrese Dayalı Nüfus Kayıt Sistemi";"Nevşehir";"Tek Çekirdek Aileden Oluşan Hanehalkı";"Hanehalkı sayısı";"2017";"56115";"";"";"";"";""
"Türkiye";"Yıllık";"Adrese Dayalı Nüfus Kayıt Sistemi";"Nevşehir";"Tek Çekirdek Aileden Oluşan Hanehalkı";"Hanehalkı sayısı";"2018";"57114";"";"";"";"";""
"Türkiye";"Yıllık";"Adrese Dayalı Nüfus Kayıt Sistemi";"Nevşehir";"Tek Çekirdek Aileden Oluşan Hanehalkı";"Hanehalkı sayısı";"2019";"58104";"";"";"";"";""
"Türkiye";"Yıllık";"Adrese Dayalı Nüfus Kayıt Sistemi";"Nevşehir";"Tek Çekirdek Aileden Oluşan Hanehalkı";"Hanehalkı sayısı";"2020";"59548";"";"";"";"";""
"Türkiye";"Yıllık";"Adrese Dayalı Nüfus Kayıt Sistemi";"Nevşehir";"Tek Çekirdek Aileden Oluşan Hanehalkı";"Hanehalkı sayısı";"2021";"60475";"";"";"";"";""
"Türkiye";"Yıllık";"Adrese Dayalı Nüfus Kayıt Sistemi";"Nevşehir";"Tek Çekirdek Aileden Oluşan Hanehalkı";"Hanehalkı sayısı";"2022";"61873";"";"";"";"";""
"Türkiye";"Yıllık";"Adrese Dayalı Nüfus Kayıt Sistemi";"Nevşehir";"Tek Çekirdek Aileden Oluşan Hanehalkı";"Hanehalkı sayısı";"2023";"62800";"";"";"";"";""
"Türkiye";"Yıllık";"Adrese Dayalı Nüfus Kayıt Sistemi";"Nevşehir";"Tek Çekirdek Aileden Oluşan Hanehalkı";"Hanehalkı sayısı";"2024";"63329";"";"";"";"";""
"Türkiye";"Yıllık";"Adrese Dayalı Nüfus Kayıt Sistemi";"Nevşehir";"Tek Çekirdek Aileden Oluşan Hanehalkı";"Hanehalkı sayısı";"2025";"63620";"";"";"";"";""
"Türkiye";"Yıllık";"Adrese Dayalı Nüfus Kayıt Sistemi";"Nevşehir";"En Az Bir Çekirdek Aile Ve Diğer Kişilerden Oluşan Hanehalkı";"Hanehalkı sayısı";"2014";"15009";"";"";"";"";""
"Türkiye";"Yıllık";"Adrese Dayalı Nüfus Kayıt Sistemi";"Nevşehir";"En Az Bir Çekirdek Aile Ve Diğer Kişilerden Oluşan Hanehalkı";"Hanehalkı sayısı";"2015";"14990";"";"";"";"";""
"Türkiye";"Yıllık";"Adrese Dayalı Nüfus Kayıt Sistemi";"Nevşehir";"En Az Bir Çekirdek Aile Ve Diğer Kişilerden Oluşan Hanehalkı";"Hanehalkı sayısı";"2016";"14719";"";"";"";"";""
"Türkiye";"Yıllık";"Adrese Dayalı Nüfus Kayıt Sistemi";"Nevşehir";"En Az Bir Çekirdek Aile Ve Diğer Kişilerden Oluşan Hanehalkı";"Hanehalkı sayısı";"2017";"14386";"";"";"";"";""
"Türkiye";"Yıllık";"Adrese Dayalı Nüfus Kayıt Sistemi";"Nevşehir";"En Az Bir Çekirdek Aile Ve Diğer Kişilerden Oluşan Hanehalkı";"Hanehalkı sayısı";"2018";"14494";"";"";"";"";""
"Türkiye";"Yıllık";"Adrese Dayalı Nüfus Kayıt Sistemi";"Nevşehir";"En Az Bir Çekirdek Aile Ve Diğer Kişilerden Oluşan Hanehalkı";"Hanehalkı sayısı";"2019";"14260";"";"";"";"";""
"Türkiye";"Yıllık";"Adrese Dayalı Nüfus Kayıt Sistemi";"Nevşehir";"En Az Bir Çekirdek Aile Ve Diğer Kişilerden Oluşan Hanehalkı";"Hanehalkı sayısı";"2020";"13726";"";"";"";"";""
"Türkiye";"Yıllık";"Adrese Dayalı Nüfus Kayıt Sistemi";"Nevşehir";"En Az Bir Çekirdek Aile Ve Diğer Kişilerden Oluşan Hanehalkı";"Hanehalkı sayısı";"2021";"13521";"";"";"";"";""
"Türkiye";"Yıllık";"Adrese Dayalı Nüfus Kayıt Sistemi";"Nevşehir";"En Az Bir Çekirdek Aile Ve Diğer Kişilerden Oluşan Hanehalkı";"Hanehalkı sayısı";"2022";"13296";"";"";"";"";""
"Türkiye";"Yıllık";"Adrese Dayalı Nüfus Kayıt Sistemi";"Nevşehir";"En Az Bir Çekirdek Aile Ve Diğer Kişilerden Oluşan Hanehalkı";"Hanehalkı sayısı";"2023";"14167";"";"";"";"";""
"Türkiye";"Yıllık";"Adrese Dayalı Nüfus Kayıt Sistemi";"Nevşehir";"En Az Bir Çekirdek Aile Ve Diğer Kişilerden Oluşan Hanehalkı";"Hanehalkı sayısı";"2024";"14150";"";"";"";"";""
"Türkiye";"Yıllık";"Adrese Dayalı Nüfus Kayıt Sistemi";"Nevşehir";"En Az Bir Çekirdek Aile Ve Diğer Kişilerden Oluşan Hanehalkı";"Hanehalkı sayısı";"2025";"14669";"";"";"";"";""
"Türkiye";"Yıllık";"Adrese Dayalı Nüfus Kayıt Sistemi";"Nevşehir";"Çekirdek Aile Bulunmayan Birden Fazla Kişiden Oluşan Hanehalkı";"Hanehalkı sayısı";"2014";"1238";"";"";"";"";""
"Türkiye";"Yıllık";"Adrese Dayalı Nüfus Kayıt Sistemi";"Nevşehir";"Çekirdek Aile Bulunmayan Birden Fazla Kişiden Oluşan Hanehalkı";"Hanehalkı sayısı";"2015";"1259";"";"";"";"";""
"Türkiye";"Yıllık";"Adrese Dayalı Nüfus Kayıt Sistemi";"Nevşehir";"Çekirdek Aile Bulunmayan Birden Fazla Kişiden Oluşan Hanehalkı";"Hanehalkı sayısı";"2016";"1476";"";"";"";"";""
"Türkiye";"Yıllık";"Adrese Dayalı Nüfus Kayıt Sistemi";"Nevşehir";"Çekirdek Aile Bulunmayan Birden Fazla Kişiden Oluşan Hanehalkı";"Hanehalkı sayısı";"2017";"1792";"";"";"";"";""
"Türkiye";"Yıllık";"Adrese Dayalı Nüfus Kayıt Sistemi";"Nevşehir";"Çekirdek Aile Bulunmayan Birden Fazla Kişiden Oluşan Hanehalkı";"Hanehalkı sayısı";"2018";"2339";"";"";"";"";""
"Türkiye";"Yıllık";"Adrese Dayalı Nüfus Kayıt Sistemi";"Nevşehir";"Çekirdek Aile Bulunmayan Birden Fazla Kişiden Oluşan Hanehalkı";"Hanehalkı sayısı";"2019";"2624";"";"";"";"";""
"Türkiye";"Yıllık";"Adrese Dayalı Nüfus Kayıt Sistemi";"Nevşehir";"Çekirdek Aile Bulunmayan Birden Fazla Kişiden Oluşan Hanehalkı";"Hanehalkı sayısı";"2020";"2683";"";"";"";"";""
"Türkiye";"Yıllık";"Adrese Dayalı Nüfus Kayıt Sistemi";"Nevşehir";"Çekirdek Aile Bulunmayan Birden Fazla Kişiden Oluşan Hanehalkı";"Hanehalkı sayısı";"2021";"2851";"";"";"";"";""
"Türkiye";"Yıllık";"Adrese Dayalı Nüfus Kayıt Sistemi";"Nevşehir";"Çekirdek Aile Bulunmayan Birden Fazla Kişiden Oluşan Hanehalkı";"Hanehalkı sayısı";"2022";"2931";"";"";"";"";""
"Türkiye";"Yıllık";"Adrese Dayalı Nüfus Kayıt Sistemi";"Nevşehir";"Çekirdek Aile Bulunmayan Birden Fazla Kişiden Oluşan Hanehalkı";"Hanehalkı sayısı";"2023";"2947";"";"";"";"";""
"Türkiye";"Yıllık";"Adrese Dayalı Nüfus Kayıt Sistemi";"Nevşehir";"Çekirdek Aile Bulunmayan Birden Fazla Kişiden Oluşan Hanehalkı";"Hanehalkı sayısı";"2024";"2994";"";"";"";"";""
"Türkiye";"Yıllık";"Adrese Dayalı Nüfus Kayıt Sistemi";"Nevşehir";"Çekirdek Aile Bulunmayan Birden Fazla Kişiden Oluşan Hanehalkı";"Hanehalkı sayısı";"2025";"2987";"";"";"";"";""
"Türkiye";"Yıllık";"Adrese Dayalı Nüfus Kayıt Sistemi";"Nevşehir";"Toplam";"Hanehalkı sayısı";"2014";"82984";"";"";"";"";""
"Türkiye";"Yıllık";"Adrese Dayalı Nüfus Kayıt Sistemi";"Nevşehir";"Toplam";"Hanehalkı sayısı";"2015";"84231";"";"";"";"";""
"Türkiye";"Yıllık";"Adrese Dayalı Nüfus Kayıt Sistemi";"Nevşehir";"Toplam";"Hanehalkı sayısı";"2016";"85756";"";"";"";"";""
"Türkiye";"Yıllık";"Adrese Dayalı Nüfus Kayıt Sistemi";"Nevşehir";"Toplam";"Hanehalkı sayısı";"2017";"87120";"";"";"";"";""
"Türkiye";"Yıllık";"Adrese Dayalı Nüfus Kayıt Sistemi";"Nevşehir";"Toplam";"Hanehalkı sayısı";"2018";"89311";"";"";"";"";""
"Türkiye";"Yıllık";"Adrese Dayalı Nüfus Kayıt Sistemi";"Nevşehir";"Toplam";"Hanehalkı sayısı";"2019";"91491";"";"";"";"";""
"Türkiye";"Yıllık";"Adrese Dayalı Nüfus Kayıt Sistemi";"Nevşehir";"Toplam";"Hanehalkı sayısı";"2020";"93774";"";"";"";"";""
"Türkiye";"Yıllık";"Adrese Dayalı Nüfus Kayıt Sistemi";"Nevşehir";"Toplam";"Hanehalkı sayısı";"2021";"95941";"";"";"";"";""
"Türkiye";"Yıllık";"Adrese Dayalı Nüfus Kayıt Sistemi";"Nevşehir";"Toplam";"Hanehalkı sayısı";"2022";"98450";"";"";"";"";""
"Türkiye";"Yıllık";"Adrese Dayalı Nüfus Kayıt Sistemi";"Nevşehir";"Toplam";"Hanehalkı sayısı";"2023";"100747";"";"";"";"";""
"Türkiye";"Yıllık";"Adrese Dayalı Nüfus Kayıt Sistemi";"Nevşehir";"Toplam";"Hanehalkı sayısı";"2024";"101779";"";"";"";"";""
"Türkiye";"Yıllık";"Adrese Dayalı Nüfus Kayıt Sistemi";"Nevşehir";"Toplam";"Hanehalkı sayısı";"2025";"103769";"";"";"";"";""
"Türkiye";"Yıllık";"Adrese Dayalı Nüfus Kayıt Sistemi";"Niğde";"Tek Kişilik Hanehalkı";"Hanehalkı sayısı";"2014";"14381";"";"";"";"";""
"Türkiye";"Yıllık";"Adrese Dayalı Nüfus Kayıt Sistemi";"Niğde";"Tek Kişilik Hanehalkı";"Hanehalkı sayısı";"2015";"15311";"";"";"";"";""
"Türkiye";"Yıllık";"Adrese Dayalı Nüfus Kayıt Sistemi";"Niğde";"Tek Kişilik Hanehalkı";"Hanehalkı sayısı";"2016";"16445";"";"";"";"";""
"Türkiye";"Yıllık";"Adrese Dayalı Nüfus Kayıt Sistemi";"Niğde";"Tek Kişilik Hanehalkı";"Hanehalkı sayısı";"2017";"17406";"";"";"";"";""
"Türkiye";"Yıllık";"Adrese Dayalı Nüfus Kayıt Sistemi";"Niğde";"Tek Kişilik Hanehalkı";"Hanehalkı sayısı";"2018";"18697";"";"";"";"";""
"Türkiye";"Yıllık";"Adrese Dayalı Nüfus Kayıt Sistemi";"Niğde";"Tek Kişilik Hanehalkı";"Hanehalkı sayısı";"2019";"19717";"";"";"";"";""
"Türkiye";"Yıllık";"Adrese Dayalı Nüfus Kayıt Sistemi";"Niğde";"Tek Kişilik Hanehalkı";"Hanehalkı sayısı";"2020";"21607";"";"";"";"";""
"Türkiye";"Yıllık";"Adrese Dayalı Nüfus Kayıt Sistemi";"Niğde";"Tek Kişilik Hanehalkı";"Hanehalkı sayısı";"2021";"23412";"";"";"";"";""
"Türkiye";"Yıllık";"Adrese Dayalı Nüfus Kayıt Sistemi";"Niğde";"Tek Kişilik Hanehalkı";"Hanehalkı sayısı";"2022";"24838";"";"";"";"";""
"Türkiye";"Yıllık";"Adrese Dayalı Nüfus Kayıt Sistemi";"Niğde";"Tek Kişilik Hanehalkı";"Hanehalkı sayısı";"2023";"24932";"";"";"";"";""
"Türkiye";"Yıllık";"Adrese Dayalı Nüfus Kayıt Sistemi";"Niğde";"Tek Kişilik Hanehalkı";"Hanehalkı sayısı";"2024";"25405";"";"";"";"";""
"Türkiye";"Yıllık";"Adrese Dayalı Nüfus Kayıt Sistemi";"Niğde";"Tek Kişilik Hanehalkı";"Hanehalkı sayısı";"2025";"26343";"";"";"";"";""
"Türkiye";"Yıllık";"Adrese Dayalı Nüfus Kayıt Sistemi";"Niğde";"Tek Çekirdek Aileden Oluşan Hanehalkı";"Hanehalkı sayısı";"2014";"66808";"";"";"";"";""
"Türkiye";"Yıllık";"Adrese Dayalı Nüfus Kayıt Sistemi";"Niğde";"Tek Çekirdek Aileden Oluşan Hanehalkı";"Hanehalkı sayısı";"2015";"68321";"";"";"";"";""
"Türkiye";"Yıllık";"Adrese Dayalı Nüfus Kayıt Sistemi";"Niğde";"Tek Çekirdek Aileden Oluşan Hanehalkı";"Hanehalkı sayısı";"2016";"69541";"";"";"";"";""
"Türkiye";"Yıllık";"Adrese Dayalı Nüfus Kayıt Sistemi";"Niğde";"Tek Çekirdek Aileden Oluşan Hanehalkı";"Hanehalkı sayısı";"2017";"70281";"";"";"";"";""
"Türkiye";"Yıllık";"Adrese Dayalı Nüfus Kayıt Sistemi";"Niğde";"Tek Çekirdek Aileden Oluşan Hanehalkı";"Hanehalkı sayısı";"2018";"72404";"";"";"";"";""
"Türkiye";"Yıllık";"Adrese Dayalı Nüfus Kayıt Sistemi";"Niğde";"Tek Çekirdek Aileden Oluşan Hanehalkı";"Hanehalkı sayısı";"2019";"73399";"";"";"";"";""
"Türkiye";"Yıllık";"Adrese Dayalı Nüfus Kayıt Sistemi";"Niğde";"Tek Çekirdek Aileden Oluşan Hanehalkı";"Hanehalkı sayısı";"2020";"75053";"";"";"";"";""
"Türkiye";"Yıllık";"Adrese Dayalı Nüfus Kayıt Sistemi";"Niğde";"Tek Çekirdek Aileden Oluşan Hanehalkı";"Hanehalkı sayısı";"2021";"75963";"";"";"";"";""
"Türkiye";"Yıllık";"Adrese Dayalı Nüfus Kayıt Sistemi";"Niğde";"Tek Çekirdek Aileden Oluşan Hanehalkı";"Hanehalkı sayısı";"2022";"77500";"";"";"";"";""
"Türkiye";"Yıllık";"Adrese Dayalı Nüfus Kayıt Sistemi";"Niğde";"Tek Çekirdek Aileden Oluşan Hanehalkı";"Hanehalkı sayısı";"2023";"76596";"";"";"";"";""
"Türkiye";"Yıllık";"Adrese Dayalı Nüfus Kayıt Sistemi";"Niğde";"Tek Çekirdek Aileden Oluşan Hanehalkı";"Hanehalkı sayısı";"2024";"76932";"";"";"";"";""
"Türkiye";"Yıllık";"Adrese Dayalı Nüfus Kayıt Sistemi";"Niğde";"Tek Çekirdek Aileden Oluşan Hanehalkı";"Hanehalkı sayısı";"2025";"76667";"";"";"";"";""
"Türkiye";"Yıllık";"Adrese Dayalı Nüfus Kayıt Sistemi";"Niğde";"En Az Bir Çekirdek Aile Ve Diğer Kişilerden Oluşan Hanehalkı";"Hanehalkı sayısı";"2014";"12911";"";"";"";"";""
"Türkiye";"Yıllık";"Adrese Dayalı Nüfus Kayıt Sistemi";"Niğde";"En Az Bir Çekirdek Aile Ve Diğer Kişilerden Oluşan Hanehalkı";"Hanehalkı sayısı";"2015";"12511";"";"";"";"";""
"Türkiye";"Yıllık";"Adrese Dayalı Nüfus Kayıt Sistemi";"Niğde";"En Az Bir Çekirdek Aile Ve Diğer Kişilerden Oluşan Hanehalkı";"Hanehalkı sayısı";"2016";"12416";"";"";"";"";""
"Türkiye";"Yıllık";"Adrese Dayalı Nüfus Kayıt Sistemi";"Niğde";"En Az Bir Çekirdek Aile Ve Diğer Kişilerden Oluşan Hanehalkı";"Hanehalkı sayısı";"2017";"12104";"";"";"";"";""
"Türkiye";"Yıllık";"Adrese Dayalı Nüfus Kayıt Sistemi";"Niğde";"En Az Bir Çekirdek Aile Ve Diğer Kişilerden Oluşan Hanehalkı";"Hanehalkı sayısı";"2018";"12550";"";"";"";"";""
"Türkiye";"Yıllık";"Adrese Dayalı Nüfus Kayıt Sistemi";"Niğde";"En Az Bir Çekirdek Aile Ve Diğer Kişilerden Oluşan Hanehalkı";"Hanehalkı sayısı";"2019";"11775";"";"";"";"";""
"Türkiye";"Yıllık";"Adrese Dayalı Nüfus Kayıt Sistemi";"Niğde";"En Az Bir Çekirdek Aile Ve Diğer Kişilerden Oluşan Hanehalkı";"Hanehalkı sayısı";"2020";"11042";"";"";"";"";""
"Türkiye";"Yıllık";"Adrese Dayalı Nüfus Kayıt Sistemi";"Niğde";"En Az Bir Çekirdek Aile Ve Diğer Kişilerden Oluşan Hanehalkı";"Hanehalkı sayısı";"2021";"10822";"";"";"";"";""
"Türkiye";"Yıllık";"Adrese Dayalı Nüfus Kayıt Sistemi";"Niğde";"En Az Bir Çekirdek Aile Ve Diğer Kişilerden Oluşan Hanehalkı";"Hanehalkı sayısı";"2022";"10668";"";"";"";"";""
"Türkiye";"Yıllık";"Adrese Dayalı Nüfus Kayıt Sistemi";"Niğde";"En Az Bir Çekirdek Aile Ve Diğer Kişilerden Oluşan Hanehalkı";"Hanehalkı sayısı";"2023";"13141";"";"";"";"";""
"Türkiye";"Yıllık";"Adrese Dayalı Nüfus Kayıt Sistemi";"Niğde";"En Az Bir Çekirdek Aile Ve Diğer Kişilerden Oluşan Hanehalkı";"Hanehalkı sayısı";"2024";"13144";"";"";"";"";""
"Türkiye";"Yıllık";"Adrese Dayalı Nüfus Kayıt Sistemi";"Niğde";"En Az Bir Çekirdek Aile Ve Diğer Kişilerden Oluşan Hanehalkı";"Hanehalkı sayısı";"2025";"13906";"";"";"";"";""
"Türkiye";"Yıllık";"Adrese Dayalı Nüfus Kayıt Sistemi";"Niğde";"Çekirdek Aile Bulunmayan Birden Fazla Kişiden Oluşan Hanehalkı";"Hanehalkı sayısı";"2014";"1107";"";"";"";"";""
"Türkiye";"Yıllık";"Adrese Dayalı Nüfus Kayıt Sistemi";"Niğde";"Çekirdek Aile Bulunmayan Birden Fazla Kişiden Oluşan Hanehalkı";"Hanehalkı sayısı";"2015";"1452";"";"";"";"";""
"Türkiye";"Yıllık";"Adrese Dayalı Nüfus Kayıt Sistemi";"Niğde";"Çekirdek Aile Bulunmayan Birden Fazla Kişiden Oluşan Hanehalkı";"Hanehalkı sayısı";"2016";"1551";"";"";"";"";""
"Türkiye";"Yıllık";"Adrese Dayalı Nüfus Kayıt Sistemi";"Niğde";"Çekirdek Aile Bulunmayan Birden Fazla Kişiden Oluşan Hanehalkı";"Hanehalkı sayısı";"2017";"1598";"";"";"";"";""
"Türkiye";"Yıllık";"Adrese Dayalı Nüfus Kayıt Sistemi";"Niğde";"Çekirdek Aile Bulunmayan Birden Fazla Kişiden Oluşan Hanehalkı";"Hanehalkı sayısı";"2018";"1859";"";"";"";"";""
"Türkiye";"Yıllık";"Adrese Dayalı Nüfus Kayıt Sistemi";"Niğde";"Çekirdek Aile Bulunmayan Birden Fazla Kişiden Oluşan Hanehalkı";"Hanehalkı sayısı";"2019";"2030";"";"";"";"";""
"Türkiye";"Yıllık";"Adrese Dayalı Nüfus Kayıt Sistemi";"Niğde";"Çekirdek Aile Bulunmayan Birden Fazla Kişiden Oluşan Hanehalkı";"Hanehalkı sayısı";"2020";"1977";"";"";"";"";""
"Türkiye";"Yıllık";"Adrese Dayalı Nüfus Kayıt Sistemi";"Niğde";"Çekirdek Aile Bulunmayan Birden Fazla Kişiden Oluşan Hanehalkı";"Hanehalkı sayısı";"2021";"2126";"";"";"";"";""
"Türkiye";"Yıllık";"Adrese Dayalı Nüfus Kayıt Sistemi";"Niğde";"Çekirdek Aile Bulunmayan Birden Fazla Kişiden Oluşan Hanehalkı";"Hanehalkı sayısı";"2022";"2186";"";"";"";"";""
"Türkiye";"Yıllık";"Adrese Dayalı Nüfus Kayıt Sistemi";"Niğde";"Çekirdek Aile Bulunmayan Birden Fazla Kişiden Oluşan Hanehalkı";"Hanehalkı sayısı";"2023";"2309";"";"";"";"";""
"Türkiye";"Yıllık";"Adrese Dayalı Nüfus Kayıt Sistemi";"Niğde";"Çekirdek Aile Bulunmayan Birden Fazla Kişiden Oluşan Hanehalkı";"Hanehalkı sayısı";"2024";"2261";"";"";"";"";""
"Türkiye";"Yıllık";"Adrese Dayalı Nüfus Kayıt Sistemi";"Niğde";"Çekirdek Aile Bulunmayan Birden Fazla Kişiden Oluşan Hanehalkı";"Hanehalkı sayısı";"2025";"2507";"";"";"";"";""
"Türkiye";"Yıllık";"Adrese Dayalı Nüfus Kayıt Sistemi";"Niğde";"Toplam";"Hanehalkı sayısı";"2014";"95207";"";"";"";"";""
"Türkiye";"Yıllık";"Adrese Dayalı Nüfus Kayıt Sistemi";"Niğde";"Toplam";"Hanehalkı sayısı";"2015";"97595";"";"";"";"";""
"Türkiye";"Yıllık";"Adrese Dayalı Nüfus Kayıt Sistemi";"Niğde";"Toplam";"Hanehalkı sayısı";"2016";"99953";"";"";"";"";""
"Türkiye";"Yıllık";"Adrese Dayalı Nüfus Kayıt Sistemi";"Niğde";"Toplam";"Hanehalkı sayısı";"2017";"101389";"";"";"";"";""
"Türkiye";"Yıllık";"Adrese Dayalı Nüfus Kayıt Sistemi";"Niğde";"Toplam";"Hanehalkı sayısı";"2018";"105510";"";"";"";"";""
"Türkiye";"Yıllık";"Adrese Dayalı Nüfus Kayıt Sistemi";"Niğde";"Toplam";"Hanehalkı sayısı";"2019";"106921";"";"";"";"";""
"Türkiye";"Yıllık";"Adrese Dayalı Nüfus Kayıt Sistemi";"Niğde";"Toplam";"Hanehalkı sayısı";"2020";"109679";"";"";"";"";""
"Türkiye";"Yıllık";"Adrese Dayalı Nüfus Kayıt Sistemi";"Niğde";"Toplam";"Hanehalkı sayısı";"2021";"112323";"";"";"";"";""
"Türkiye";"Yıllık";"Adrese Dayalı Nüfus Kayıt Sistemi";"Niğde";"Toplam";"Hanehalkı sayısı";"2022";"115192";"";"";"";"";""
"Türkiye";"Yıllık";"Adrese Dayalı Nüfus Kayıt Sistemi";"Niğde";"Toplam";"Hanehalkı sayısı";"2023";"116978";"";"";"";"";""
"Türkiye";"Yıllık";"Adrese Dayalı Nüfus Kayıt Sistemi";"Niğde";"Toplam";"Hanehalkı sayısı";"2024";"117742";"";"";"";"";""
"Türkiye";"Yıllık";"Adrese Dayalı Nüfus Kayıt Sistemi";"Niğde";"Toplam";"Hanehalkı sayısı";"2025";"119423";"";"";"";"";""
"Türkiye";"Yıllık";"Adrese Dayalı Nüfus Kayıt Sistemi";"Kayseri";"Tek Kişilik Hanehalkı";"Hanehalkı sayısı";"2014";"35769";"";"";"";"";""
"Türkiye";"Yıllık";"Adrese Dayalı Nüfus Kayıt Sistemi";"Kayseri";"Tek Kişilik Hanehalkı";"Hanehalkı sayısı";"2015";"38762";"";"";"";"";""
"Türkiye";"Yıllık";"Adrese Dayalı Nüfus Kayıt Sistemi";"Kayseri";"Tek Kişilik Hanehalkı";"Hanehalkı sayısı";"2016";"41691";"";"";"";"";""
"Türkiye";"Yıllık";"Adrese Dayalı Nüfus Kayıt Sistemi";"Kayseri";"Tek Kişilik Hanehalkı";"Hanehalkı sayısı";"2017";"44810";"";"";"";"";""
"Türkiye";"Yıllık";"Adrese Dayalı Nüfus Kayıt Sistemi";"Kayseri";"Tek Kişilik Hanehalkı";"Hanehalkı sayısı";"2018";"48570";"";"";"";"";""
"Türkiye";"Yıllık";"Adrese Dayalı Nüfus Kayıt Sistemi";"Kayseri";"Tek Kişilik Hanehalkı";"Hanehalkı sayısı";"2019";"52562";"";"";"";"";""
"Türkiye";"Yıllık";"Adrese Dayalı Nüfus Kayıt Sistemi";"Kayseri";"Tek Kişilik Hanehalkı";"Hanehalkı sayısı";"2020";"58510";"";"";"";"";""
"Türkiye";"Yıllık";"Adrese Dayalı Nüfus Kayıt Sistemi";"Kayseri";"Tek Kişilik Hanehalkı";"Hanehalkı sayısı";"2021";"64450";"";"";"";"";""
"Türkiye";"Yıllık";"Adrese Dayalı Nüfus Kayıt Sistemi";"Kayseri";"Tek Kişilik Hanehalkı";"Hanehalkı sayısı";"2022";"69146";"";"";"";"";""
"Türkiye";"Yıllık";"Adrese Dayalı Nüfus Kayıt Sistemi";"Kayseri";"Tek Kişilik Hanehalkı";"Hanehalkı sayısı";"2023";"72578";"";"";"";"";""
"Türkiye";"Yıllık";"Adrese Dayalı Nüfus Kayıt Sistemi";"Kayseri";"Tek Kişilik Hanehalkı";"Hanehalkı sayısı";"2024";"74958";"";"";"";"";""
"Türkiye";"Yıllık";"Adrese Dayalı Nüfus Kayıt Sistemi";"Kayseri";"Tek Kişilik Hanehalkı";"Hanehalkı sayısı";"2025";"79382";"";"";"";"";""
"Türkiye";"Yıllık";"Adrese Dayalı Nüfus Kayıt Sistemi";"Kayseri";"Tek Çekirdek Aileden Oluşan Hanehalkı";"Hanehalkı sayısı";"2014";"258279";"";"";"";"";""
"Türkiye";"Yıllık";"Adrese Dayalı Nüfus Kayıt Sistemi";"Kayseri";"Tek Çekirdek Aileden Oluşan Hanehalkı";"Hanehalkı sayısı";"2015";"265741";"";"";"";"";""
"Türkiye";"Yıllık";"Adrese Dayalı Nüfus Kayıt Sistemi";"Kayseri";"Tek Çekirdek Aileden Oluşan Hanehalkı";"Hanehalkı sayısı";"2016";"271991";"";"";"";"";""
"Türkiye";"Yıllık";"Adrese Dayalı Nüfus Kayıt Sistemi";"Kayseri";"Tek Çekirdek Aileden Oluşan Hanehalkı";"Hanehalkı sayısı";"2017";"278593";"";"";"";"";""
"Türkiye";"Yıllık";"Adrese Dayalı Nüfus Kayıt Sistemi";"Kayseri";"Tek Çekirdek Aileden Oluşan Hanehalkı";"Hanehalkı sayısı";"2018";"280957";"";"";"";"";""
"Türkiye";"Yıllık";"Adrese Dayalı Nüfus Kayıt Sistemi";"Kayseri";"Tek Çekirdek Aileden Oluşan Hanehalkı";"Hanehalkı sayısı";"2019";"290119";"";"";"";"";""
"Türkiye";"Yıllık";"Adrese Dayalı Nüfus Kayıt Sistemi";"Kayseri";"Tek Çekirdek Aileden Oluşan Hanehalkı";"Hanehalkı sayısı";"2020";"296811";"";"";"";"";""
"Türkiye";"Yıllık";"Adrese Dayalı Nüfus Kayıt Sistemi";"Kayseri";"Tek Çekirdek Aileden Oluşan Hanehalkı";"Hanehalkı sayısı";"2021";"302219";"";"";"";"";""
"Türkiye";"Yıllık";"Adrese Dayalı Nüfus Kayıt Sistemi";"Kayseri";"Tek Çekirdek Aileden Oluşan Hanehalkı";"Hanehalkı sayısı";"2022";"309818";"";"";"";"";""
"Türkiye";"Yıllık";"Adrese Dayalı Nüfus Kayıt Sistemi";"Kayseri";"Tek Çekirdek Aileden Oluşan Hanehalkı";"Hanehalkı sayısı";"2023";"309978";"";"";"";"";""
"Türkiye";"Yıllık";"Adrese Dayalı Nüfus Kayıt Sistemi";"Kayseri";"Tek Çekirdek Aileden Oluşan Hanehalkı";"Hanehalkı sayısı";"2024";"314022";"";"";"";"";""
"Türkiye";"Yıllık";"Adrese Dayalı Nüfus Kayıt Sistemi";"Kayseri";"Tek Çekirdek Aileden Oluşan Hanehalkı";"Hanehalkı sayısı";"2025";"316365";"";"";"";"";""
"Türkiye";"Yıllık";"Adrese Dayalı Nüfus Kayıt Sistemi";"Kayseri";"En Az Bir Çekirdek Aile Ve Diğer Kişilerden Oluşan Hanehalkı";"Hanehalkı sayısı";"2014";"56122";"";"";"";"";""
"Türkiye";"Yıllık";"Adrese Dayalı Nüfus Kayıt Sistemi";"Kayseri";"En Az Bir Çekirdek Aile Ve Diğer Kişilerden Oluşan Hanehalkı";"Hanehalkı sayısı";"2015";"55779";"";"";"";"";""
"Türkiye";"Yıllık";"Adrese Dayalı Nüfus Kayıt Sistemi";"Kayseri";"En Az Bir Çekirdek Aile Ve Diğer Kişilerden Oluşan Hanehalkı";"Hanehalkı sayısı";"2016";"55416";"";"";"";"";""
"Türkiye";"Yıllık";"Adrese Dayalı Nüfus Kayıt Sistemi";"Kayseri";"En Az Bir Çekirdek Aile Ve Diğer Kişilerden Oluşan Hanehalkı";"Hanehalkı sayısı";"2017";"53967";"";"";"";"";""
"Türkiye";"Yıllık";"Adrese Dayalı Nüfus Kayıt Sistemi";"Kayseri";"En Az Bir Çekirdek Aile Ve Diğer Kişilerden Oluşan Hanehalkı";"Hanehalkı sayısı";"2018";"53941";"";"";"";"";""
"Türkiye";"Yıllık";"Adrese Dayalı Nüfus Kayıt Sistemi";"Kayseri";"En Az Bir Çekirdek Aile Ve Diğer Kişilerden Oluşan Hanehalkı";"Hanehalkı sayısı";"2019";"51958";"";"";"";"";""
"Türkiye";"Yıllık";"Adrese Dayalı Nüfus Kayıt Sistemi";"Kayseri";"En Az Bir Çekirdek Aile Ve Diğer Kişilerden Oluşan Hanehalkı";"Hanehalkı sayısı";"2020";"49711";"";"";"";"";""
"Türkiye";"Yıllık";"Adrese Dayalı Nüfus Kayıt Sistemi";"Kayseri";"En Az Bir Çekirdek Aile Ve Diğer Kişilerden Oluşan Hanehalkı";"Hanehalkı sayısı";"2021";"49049";"";"";"";"";""
"Türkiye";"Yıllık";"Adrese Dayalı Nüfus Kayıt Sistemi";"Kayseri";"En Az Bir Çekirdek Aile Ve Diğer Kişilerden Oluşan Hanehalkı";"Hanehalkı sayısı";"2022";"47891";"";"";"";"";""
"Türkiye";"Yıllık";"Adrese Dayalı Nüfus Kayıt Sistemi";"Kayseri";"En Az Bir Çekirdek Aile Ve Diğer Kişilerden Oluşan Hanehalkı";"Hanehalkı sayısı";"2023";"50020";"";"";"";"";""
"Türkiye";"Yıllık";"Adrese Dayalı Nüfus Kayıt Sistemi";"Kayseri";"En Az Bir Çekirdek Aile Ve Diğer Kişilerden Oluşan Hanehalkı";"Hanehalkı sayısı";"2024";"50027";"";"";"";"";""
"Türkiye";"Yıllık";"Adrese Dayalı Nüfus Kayıt Sistemi";"Kayseri";"En Az Bir Çekirdek Aile Ve Diğer Kişilerden Oluşan Hanehalkı";"Hanehalkı sayısı";"2025";"51405";"";"";"";"";""
"Türkiye";"Yıllık";"Adrese Dayalı Nüfus Kayıt Sistemi";"Kayseri";"Çekirdek Aile Bulunmayan Birden Fazla Kişiden Oluşan Hanehalkı";"Hanehalkı sayısı";"2014";"4350";"";"";"";"";""
"Türkiye";"Yıllık";"Adrese Dayalı Nüfus Kayıt Sistemi";"Kayseri";"Çekirdek Aile Bulunmayan Birden Fazla Kişiden Oluşan Hanehalkı";"Hanehalkı sayısı";"2015";"5096";"";"";"";"";""
"Türkiye";"Yıllık";"Adrese Dayalı Nüfus Kayıt Sistemi";"Kayseri";"Çekirdek Aile Bulunmayan Birden Fazla Kişiden Oluşan Hanehalkı";"Hanehalkı sayısı";"2016";"5436";"";"";"";"";""
"Türkiye";"Yıllık";"Adrese Dayalı Nüfus Kayıt Sistemi";"Kayseri";"Çekirdek Aile Bulunmayan Birden Fazla Kişiden Oluşan Hanehalkı";"Hanehalkı sayısı";"2017";"5481";"";"";"";"";""
"Türkiye";"Yıllık";"Adrese Dayalı Nüfus Kayıt Sistemi";"Kayseri";"Çekirdek Aile Bulunmayan Birden Fazla Kişiden Oluşan Hanehalkı";"Hanehalkı sayısı";"2018";"6800";"";"";"";"";""
"Türkiye";"Yıllık";"Adrese Dayalı Nüfus Kayıt Sistemi";"Kayseri";"Çekirdek Aile Bulunmayan Birden Fazla Kişiden Oluşan Hanehalkı";"Hanehalkı sayısı";"2019";"7533";"";"";"";"";""
"Türkiye";"Yıllık";"Adrese Dayalı Nüfus Kayıt Sistemi";"Kayseri";"Çekirdek Aile Bulunmayan Birden Fazla Kişiden Oluşan Hanehalkı";"Hanehalkı sayısı";"2020";"7693";"";"";"";"";""
"Türkiye";"Yıllık";"Adrese Dayalı Nüfus Kayıt Sistemi";"Kayseri";"Çekirdek Aile Bulunmayan Birden Fazla Kişiden Oluşan Hanehalkı";"Hanehalkı sayısı";"2021";"8290";"";"";"";"";""
"Türkiye";"Yıllık";"Adrese Dayalı Nüfus Kayıt Sistemi";"Kayseri";"Çekirdek Aile Bulunmayan Birden Fazla Kişiden Oluşan Hanehalkı";"Hanehalkı sayısı";"2022";"8446";"";"";"";"";""
"Türkiye";"Yıllık";"Adrese Dayalı Nüfus Kayıt Sistemi";"Kayseri";"Çekirdek Aile Bulunmayan Birden Fazla Kişiden Oluşan Hanehalkı";"Hanehalkı sayısı";"2023";"8809";"";"";"";"";""
"Türkiye";"Yıllık";"Adrese Dayalı Nüfus Kayıt Sistemi";"Kayseri";"Çekirdek Aile Bulunmayan Birden Fazla Kişiden Oluşan Hanehalkı";"Hanehalkı sayısı";"2024";"8947";"";"";"";"";""
"Türkiye";"Yıllık";"Adrese Dayalı Nüfus Kayıt Sistemi";"Kayseri";"Çekirdek Aile Bulunmayan Birden Fazla Kişiden Oluşan Hanehalkı";"Hanehalkı sayısı";"2025";"9263";"";"";"";"";""
"Türkiye";"Yıllık";"Adrese Dayalı Nüfus Kayıt Sistemi";"Kayseri";"Toplam";"Hanehalkı sayısı";"2014";"354520";"";"";"";"";""
"Türkiye";"Yıllık";"Adrese Dayalı Nüfus Kayıt Sistemi";"Kayseri";"Toplam";"Hanehalkı sayısı";"2015";"365378";"";"";"";"";""
"Türkiye";"Yıllık";"Adrese Dayalı Nüfus Kayıt Sistemi";"Kayseri";"Toplam";"Hanehalkı sayısı";"2016";"374534";"";"";"";"";""
"Türkiye";"Yıllık";"Adrese Dayalı Nüfus Kayıt Sistemi";"Kayseri";"Toplam";"Hanehalkı sayısı";"2017";"382851";"";"";"";"";""
"Türkiye";"Yıllık";"Adrese Dayalı Nüfus Kayıt Sistemi";"Kayseri";"Toplam";"Hanehalkı sayısı";"2018";"390268";"";"";"";"";""
"Türkiye";"Yıllık";"Adrese Dayalı Nüfus Kayıt Sistemi";"Kayseri";"Toplam";"Hanehalkı sayısı";"2019";"402172";"";"";"";"";""
"Türkiye";"Yıllık";"Adrese Dayalı Nüfus Kayıt Sistemi";"Kayseri";"Toplam";"Hanehalkı sayısı";"2020";"412725";"";"";"";"";""
"Türkiye";"Yıllık";"Adrese Dayalı Nüfus Kayıt Sistemi";"Kayseri";"Toplam";"Hanehalkı sayısı";"2021";"424008";"";"";"";"";""
"Türkiye";"Yıllık";"Adrese Dayalı Nüfus Kayıt Sistemi";"Kayseri";"Toplam";"Hanehalkı sayısı";"2022";"435301";"";"";"";"";""
"Türkiye";"Yıllık";"Adrese Dayalı Nüfus Kayıt Sistemi";"Kayseri";"Toplam";"Hanehalkı sayısı";"2023";"441385";"";"";"";"";""
"Türkiye";"Yıllık";"Adrese Dayalı Nüfus Kayıt Sistemi";"Kayseri";"Toplam";"Hanehalkı sayısı";"2024";"447954";"";"";"";"";""
"Türkiye";"Yıllık";"Adrese Dayalı Nüfus Kayıt Sistemi";"Kayseri";"Toplam";"Hanehalkı sayısı";"2025";"456415";"";"";"";"";""
"Türkiye";"Yıllık";"Adrese Dayalı Nüfus Kayıt Sistemi";"Sivas";"Tek Kişilik Hanehalkı";"Hanehalkı sayısı";"2014";"26142";"";"";"";"";""
"Türkiye";"Yıllık";"Adrese Dayalı Nüfus Kayıt Sistemi";"Sivas";"Tek Kişilik Hanehalkı";"Hanehalkı sayısı";"2015";"27010";"";"";"";"";""
"Türkiye";"Yıllık";"Adrese Dayalı Nüfus Kayıt Sistemi";"Sivas";"Tek Kişilik Hanehalkı";"Hanehalkı sayısı";"2016";"28740";"";"";"";"";""
"Türkiye";"Yıllık";"Adrese Dayalı Nüfus Kayıt Sistemi";"Sivas";"Tek Kişilik Hanehalkı";"Hanehalkı sayısı";"2017";"29824";"";"";"";"";""
"Türkiye";"Yıllık";"Adrese Dayalı Nüfus Kayıt Sistemi";"Sivas";"Tek Kişilik Hanehalkı";"Hanehalkı sayısı";"2018";"31835";"";"";"";"";""
"Türkiye";"Yıllık";"Adrese Dayalı Nüfus Kayıt Sistemi";"Sivas";"Tek Kişilik Hanehalkı";"Hanehalkı sayısı";"2019";"33396";"";"";"";"";""
"Türkiye";"Yıllık";"Adrese Dayalı Nüfus Kayıt Sistemi";"Sivas";"Tek Kişilik Hanehalkı";"Hanehalkı sayısı";"2020";"36222";"";"";"";"";""
"Türkiye";"Yıllık";"Adrese Dayalı Nüfus Kayıt Sistemi";"Sivas";"Tek Kişilik Hanehalkı";"Hanehalkı sayısı";"2021";"38899";"";"";"";"";""
"Türkiye";"Yıllık";"Adrese Dayalı Nüfus Kayıt Sistemi";"Sivas";"Tek Kişilik Hanehalkı";"Hanehalkı sayısı";"2022";"40798";"";"";"";"";""
"Türkiye";"Yıllık";"Adrese Dayalı Nüfus Kayıt Sistemi";"Sivas";"Tek Kişilik Hanehalkı";"Hanehalkı sayısı";"2023";"39862";"";"";"";"";""
"Türkiye";"Yıllık";"Adrese Dayalı Nüfus Kayıt Sistemi";"Sivas";"Tek Kişilik Hanehalkı";"Hanehalkı sayısı";"2024";"40887";"";"";"";"";""
"Türkiye";"Yıllık";"Adrese Dayalı Nüfus Kayıt Sistemi";"Sivas";"Tek Kişilik Hanehalkı";"Hanehalkı sayısı";"2025";"42252";"";"";"";"";""
"Türkiye";"Yıllık";"Adrese Dayalı Nüfus Kayıt Sistemi";"Sivas";"Tek Çekirdek Aileden Oluşan Hanehalkı";"Hanehalkı sayısı";"2014";"111782";"";"";"";"";""
"Türkiye";"Yıllık";"Adrese Dayalı Nüfus Kayıt Sistemi";"Sivas";"Tek Çekirdek Aileden Oluşan Hanehalkı";"Hanehalkı sayısı";"2015";"111554";"";"";"";"";""
"Türkiye";"Yıllık";"Adrese Dayalı Nüfus Kayıt Sistemi";"Sivas";"Tek Çekirdek Aileden Oluşan Hanehalkı";"Hanehalkı sayısı";"2016";"113184";"";"";"";"";""
"Türkiye";"Yıllık";"Adrese Dayalı Nüfus Kayıt Sistemi";"Sivas";"Tek Çekirdek Aileden Oluşan Hanehalkı";"Hanehalkı sayısı";"2017";"114025";"";"";"";"";""
"Türkiye";"Yıllık";"Adrese Dayalı Nüfus Kayıt Sistemi";"Sivas";"Tek Çekirdek Aileden Oluşan Hanehalkı";"Hanehalkı sayısı";"2018";"119006";"";"";"";"";""
"Türkiye";"Yıllık";"Adrese Dayalı Nüfus Kayıt Sistemi";"Sivas";"Tek Çekirdek Aileden Oluşan Hanehalkı";"Hanehalkı sayısı";"2019";"119269";"";"";"";"";""
"Türkiye";"Yıllık";"Adrese Dayalı Nüfus Kayıt Sistemi";"Sivas";"Tek Çekirdek Aileden Oluşan Hanehalkı";"Hanehalkı sayısı";"2020";"122732";"";"";"";"";""
"Türkiye";"Yıllık";"Adrese Dayalı Nüfus Kayıt Sistemi";"Sivas";"Tek Çekirdek Aileden Oluşan Hanehalkı";"Hanehalkı sayısı";"2021";"124686";"";"";"";"";""
"Türkiye";"Yıllık";"Adrese Dayalı Nüfus Kayıt Sistemi";"Sivas";"Tek Çekirdek Aileden Oluşan Hanehalkı";"Hanehalkı sayısı";"2022";"127412";"";"";"";"";""
"Türkiye";"Yıllık";"Adrese Dayalı Nüfus Kayıt Sistemi";"Sivas";"Tek Çekirdek Aileden Oluşan Hanehalkı";"Hanehalkı sayısı";"2023";"126123";"";"";"";"";""
"Türkiye";"Yıllık";"Adrese Dayalı Nüfus Kayıt Sistemi";"Sivas";"Tek Çekirdek Aileden Oluşan Hanehalkı";"Hanehalkı sayısı";"2024";"126997";"";"";"";"";""
"Türkiye";"Yıllık";"Adrese Dayalı Nüfus Kayıt Sistemi";"Sivas";"Tek Çekirdek Aileden Oluşan Hanehalkı";"Hanehalkı sayısı";"2025";"127212";"";"";"";"";""
"Türkiye";"Yıllık";"Adrese Dayalı Nüfus Kayıt Sistemi";"Sivas";"En Az Bir Çekirdek Aile Ve Diğer Kişilerden Oluşan Hanehalkı";"Hanehalkı sayısı";"2014";"30769";"";"";"";"";""
"Türkiye";"Yıllık";"Adrese Dayalı Nüfus Kayıt Sistemi";"Sivas";"En Az Bir Çekirdek Aile Ve Diğer Kişilerden Oluşan Hanehalkı";"Hanehalkı sayısı";"2015";"30208";"";"";"";"";""
"Türkiye";"Yıllık";"Adrese Dayalı Nüfus Kayıt Sistemi";"Sivas";"En Az Bir Çekirdek Aile Ve Diğer Kişilerden Oluşan Hanehalkı";"Hanehalkı sayısı";"2016";"29410";"";"";"";"";""
"Türkiye";"Yıllık";"Adrese Dayalı Nüfus Kayıt Sistemi";"Sivas";"En Az Bir Çekirdek Aile Ve Diğer Kişilerden Oluşan Hanehalkı";"Hanehalkı sayısı";"2017";"28433";"";"";"";"";""
"Türkiye";"Yıllık";"Adrese Dayalı Nüfus Kayıt Sistemi";"Sivas";"En Az Bir Çekirdek Aile Ve Diğer Kişilerden Oluşan Hanehalkı";"Hanehalkı sayısı";"2018";"29852";"";"";"";"";""
"Türkiye";"Yıllık";"Adrese Dayalı Nüfus Kayıt Sistemi";"Sivas";"En Az Bir Çekirdek Aile Ve Diğer Kişilerden Oluşan Hanehalkı";"Hanehalkı sayısı";"2019";"28394";"";"";"";"";""
"Türkiye";"Yıllık";"Adrese Dayalı Nüfus Kayıt Sistemi";"Sivas";"En Az Bir Çekirdek Aile Ve Diğer Kişilerden Oluşan Hanehalkı";"Hanehalkı sayısı";"2020";"26507";"";"";"";"";""
"Türkiye";"Yıllık";"Adrese Dayalı Nüfus Kayıt Sistemi";"Sivas";"En Az Bir Çekirdek Aile Ve Diğer Kişilerden Oluşan Hanehalkı";"Hanehalkı sayısı";"2021";"25653";"";"";"";"";""
"Türkiye";"Yıllık";"Adrese Dayalı Nüfus Kayıt Sistemi";"Sivas";"En Az Bir Çekirdek Aile Ve Diğer Kişilerden Oluşan Hanehalkı";"Hanehalkı sayısı";"2022";"24601";"";"";"";"";""
"Türkiye";"Yıllık";"Adrese Dayalı Nüfus Kayıt Sistemi";"Sivas";"En Az Bir Çekirdek Aile Ve Diğer Kişilerden Oluşan Hanehalkı";"Hanehalkı sayısı";"2023";"27893";"";"";"";"";""
"Türkiye";"Yıllık";"Adrese Dayalı Nüfus Kayıt Sistemi";"Sivas";"En Az Bir Çekirdek Aile Ve Diğer Kişilerden Oluşan Hanehalkı";"Hanehalkı sayısı";"2024";"26327";"";"";"";"";""
"Türkiye";"Yıllık";"Adrese Dayalı Nüfus Kayıt Sistemi";"Sivas";"En Az Bir Çekirdek Aile Ve Diğer Kişilerden Oluşan Hanehalkı";"Hanehalkı sayısı";"2025";"26214";"";"";"";"";""
"Türkiye";"Yıllık";"Adrese Dayalı Nüfus Kayıt Sistemi";"Sivas";"Çekirdek Aile Bulunmayan Birden Fazla Kişiden Oluşan Hanehalkı";"Hanehalkı sayısı";"2014";"3340";"";"";"";"";""
"Türkiye";"Yıllık";"Adrese Dayalı Nüfus Kayıt Sistemi";"Sivas";"Çekirdek Aile Bulunmayan Birden Fazla Kişiden Oluşan Hanehalkı";"Hanehalkı sayısı";"2015";"3266";"";"";"";"";""
"Türkiye";"Yıllık";"Adrese Dayalı Nüfus Kayıt Sistemi";"Sivas";"Çekirdek Aile Bulunmayan Birden Fazla Kişiden Oluşan Hanehalkı";"Hanehalkı sayısı";"2016";"3306";"";"";"";"";""
"Türkiye";"Yıllık";"Adrese Dayalı Nüfus Kayıt Sistemi";"Sivas";"Çekirdek Aile Bulunmayan Birden Fazla Kişiden Oluşan Hanehalkı";"Hanehalkı sayısı";"2017";"3480";"";"";"";"";""
"Türkiye";"Yıllık";"Adrese Dayalı Nüfus Kayıt Sistemi";"Sivas";"Çekirdek Aile Bulunmayan Birden Fazla Kişiden Oluşan Hanehalkı";"Hanehalkı sayısı";"2018";"3846";"";"";"";"";""
"Türkiye";"Yıllık";"Adrese Dayalı Nüfus Kayıt Sistemi";"Sivas";"Çekirdek Aile Bulunmayan Birden Fazla Kişiden Oluşan Hanehalkı";"Hanehalkı sayısı";"2019";"3991";"";"";"";"";""
"Türkiye";"Yıllık";"Adrese Dayalı Nüfus Kayıt Sistemi";"Sivas";"Çekirdek Aile Bulunmayan Birden Fazla Kişiden Oluşan Hanehalkı";"Hanehalkı sayısı";"2020";"4027";"";"";"";"";""
"Türkiye";"Yıllık";"Adrese Dayalı Nüfus Kayıt Sistemi";"Sivas";"Çekirdek Aile Bulunmayan Birden Fazla Kişiden Oluşan Hanehalkı";"Hanehalkı sayısı";"2021";"4248";"";"";"";"";""
"Türkiye";"Yıllık";"Adrese Dayalı Nüfus Kayıt Sistemi";"Sivas";"Çekirdek Aile Bulunmayan Birden Fazla Kişiden Oluşan Hanehalkı";"Hanehalkı sayısı";"2022";"4323";"";"";"";"";""
"Türkiye";"Yıllık";"Adrese Dayalı Nüfus Kayıt Sistemi";"Sivas";"Çekirdek Aile Bulunmayan Birden Fazla Kişiden Oluşan Hanehalkı";"Hanehalkı sayısı";"2023";"4590";"";"";"";"";""
"Türkiye";"Yıllık";"Adrese Dayalı Nüfus Kayıt Sistemi";"Sivas";"Çekirdek Aile Bulunmayan Birden Fazla Kişiden Oluşan Hanehalkı";"Hanehalkı sayısı";"2024";"4614";"";"";"";"";""
"Türkiye";"Yıllık";"Adrese Dayalı Nüfus Kayıt Sistemi";"Sivas";"Çekirdek Aile Bulunmayan Birden Fazla Kişiden Oluşan Hanehalkı";"Hanehalkı sayısı";"2025";"4872";"";"";"";"";""
"Türkiye";"Yıllık";"Adrese Dayalı Nüfus Kayıt Sistemi";"Sivas";"Toplam";"Hanehalkı sayısı";"2014";"172033";"";"";"";"";""
"Türkiye";"Yıllık";"Adrese Dayalı Nüfus Kayıt Sistemi";"Sivas";"Toplam";"Hanehalkı sayısı";"2015";"172038";"";"";"";"";""
"Türkiye";"Yıllık";"Adrese Dayalı Nüfus Kayıt Sistemi";"Sivas";"Toplam";"Hanehalkı sayısı";"2016";"174640";"";"";"";"";""
"Türkiye";"Yıllık";"Adrese Dayalı Nüfus Kayıt Sistemi";"Sivas";"Toplam";"Hanehalkı sayısı";"2017";"175762";"";"";"";"";""
"Türkiye";"Yıllık";"Adrese Dayalı Nüfus Kayıt Sistemi";"Sivas";"Toplam";"Hanehalkı sayısı";"2018";"184539";"";"";"";"";""
"Türkiye";"Yıllık";"Adrese Dayalı Nüfus Kayıt Sistemi";"Sivas";"Toplam";"Hanehalkı sayısı";"2019";"185050";"";"";"";"";""
"Türkiye";"Yıllık";"Adrese Dayalı Nüfus Kayıt Sistemi";"Sivas";"Toplam";"Hanehalkı sayısı";"2020";"189488";"";"";"";"";""
"Türkiye";"Yıllık";"Adrese Dayalı Nüfus Kayıt Sistemi";"Sivas";"Toplam";"Hanehalkı sayısı";"2021";"193486";"";"";"";"";""
"Türkiye";"Yıllık";"Adrese Dayalı Nüfus Kayıt Sistemi";"Sivas";"Toplam";"Hanehalkı sayısı";"2022";"197134";"";"";"";"";""
"Türkiye";"Yıllık";"Adrese Dayalı Nüfus Kayıt Sistemi";"Sivas";"Toplam";"Hanehalkı sayısı";"2023";"198468";"";"";"";"";""
"Türkiye";"Yıllık";"Adrese Dayalı Nüfus Kayıt Sistemi";"Sivas";"Toplam";"Hanehalkı sayısı";"2024";"198825";"";"";"";"";""
"Türkiye";"Yıllık";"Adrese Dayalı Nüfus Kayıt Sistemi";"Sivas";"Toplam";"Hanehalkı sayısı";"2025";"200550";"";"";"";"";""
"Türkiye";"Yıllık";"Adrese Dayalı Nüfus Kayıt Sistemi";"Yozgat";"Tek Kişilik Hanehalkı";"Hanehalkı sayısı";"2014";"19335";"";"";"";"";""
"Türkiye";"Yıllık";"Adrese Dayalı Nüfus Kayıt Sistemi";"Yozgat";"Tek Kişilik Hanehalkı";"Hanehalkı sayısı";"2015";"20672";"";"";"";"";""
"Türkiye";"Yıllık";"Adrese Dayalı Nüfus Kayıt Sistemi";"Yozgat";"Tek Kişilik Hanehalkı";"Hanehalkı sayısı";"2016";"21845";"";"";"";"";""
"Türkiye";"Yıllık";"Adrese Dayalı Nüfus Kayıt Sistemi";"Yozgat";"Tek Kişilik Hanehalkı";"Hanehalkı sayısı";"2017";"22793";"";"";"";"";""
"Türkiye";"Yıllık";"Adrese Dayalı Nüfus Kayıt Sistemi";"Yozgat";"Tek Kişilik Hanehalkı";"Hanehalkı sayısı";"2018";"23880";"";"";"";"";""
"Türkiye";"Yıllık";"Adrese Dayalı Nüfus Kayıt Sistemi";"Yozgat";"Tek Kişilik Hanehalkı";"Hanehalkı sayısı";"2019";"25635";"";"";"";"";""
"Türkiye";"Yıllık";"Adrese Dayalı Nüfus Kayıt Sistemi";"Yozgat";"Tek Kişilik Hanehalkı";"Hanehalkı sayısı";"2020";"27735";"";"";"";"";""
"Türkiye";"Yıllık";"Adrese Dayalı Nüfus Kayıt Sistemi";"Yozgat";"Tek Kişilik Hanehalkı";"Hanehalkı sayısı";"2021";"29570";"";"";"";"";""
"Türkiye";"Yıllık";"Adrese Dayalı Nüfus Kayıt Sistemi";"Yozgat";"Tek Kişilik Hanehalkı";"Hanehalkı sayısı";"2022";"30885";"";"";"";"";""
"Türkiye";"Yıllık";"Adrese Dayalı Nüfus Kayıt Sistemi";"Yozgat";"Tek Kişilik Hanehalkı";"Hanehalkı sayısı";"2023";"30744";"";"";"";"";""
"Türkiye";"Yıllık";"Adrese Dayalı Nüfus Kayıt Sistemi";"Yozgat";"Tek Kişilik Hanehalkı";"Hanehalkı sayısı";"2024";"31631";"";"";"";"";""
"Türkiye";"Yıllık";"Adrese Dayalı Nüfus Kayıt Sistemi";"Yozgat";"Tek Kişilik Hanehalkı";"Hanehalkı sayısı";"2025";"33416";"";"";"";"";""
"Türkiye";"Yıllık";"Adrese Dayalı Nüfus Kayıt Sistemi";"Yozgat";"Tek Çekirdek Aileden Oluşan Hanehalkı";"Hanehalkı sayısı";"2014";"79107";"";"";"";"";""
"Türkiye";"Yıllık";"Adrese Dayalı Nüfus Kayıt Sistemi";"Yozgat";"Tek Çekirdek Aileden Oluşan Hanehalkı";"Hanehalkı sayısı";"2015";"79360";"";"";"";"";""
"Türkiye";"Yıllık";"Adrese Dayalı Nüfus Kayıt Sistemi";"Yozgat";"Tek Çekirdek Aileden Oluşan Hanehalkı";"Hanehalkı sayısı";"2016";"80211";"";"";"";"";""
"Türkiye";"Yıllık";"Adrese Dayalı Nüfus Kayıt Sistemi";"Yozgat";"Tek Çekirdek Aileden Oluşan Hanehalkı";"Hanehalkı sayısı";"2017";"80406";"";"";"";"";""
"Türkiye";"Yıllık";"Adrese Dayalı Nüfus Kayıt Sistemi";"Yozgat";"Tek Çekirdek Aileden Oluşan Hanehalkı";"Hanehalkı sayısı";"2018";"80952";"";"";"";"";""
"Türkiye";"Yıllık";"Adrese Dayalı Nüfus Kayıt Sistemi";"Yozgat";"Tek Çekirdek Aileden Oluşan Hanehalkı";"Hanehalkı sayısı";"2019";"82075";"";"";"";"";""
"Türkiye";"Yıllık";"Adrese Dayalı Nüfus Kayıt Sistemi";"Yozgat";"Tek Çekirdek Aileden Oluşan Hanehalkı";"Hanehalkı sayısı";"2020";"83116";"";"";"";"";""
"Türkiye";"Yıllık";"Adrese Dayalı Nüfus Kayıt Sistemi";"Yozgat";"Tek Çekirdek Aileden Oluşan Hanehalkı";"Hanehalkı sayısı";"2021";"83734";"";"";"";"";""
"Türkiye";"Yıllık";"Adrese Dayalı Nüfus Kayıt Sistemi";"Yozgat";"Tek Çekirdek Aileden Oluşan Hanehalkı";"Hanehalkı sayısı";"2022";"85298";"";"";"";"";""
"Türkiye";"Yıllık";"Adrese Dayalı Nüfus Kayıt Sistemi";"Yozgat";"Tek Çekirdek Aileden Oluşan Hanehalkı";"Hanehalkı sayısı";"2023";"84721";"";"";"";"";""
"Türkiye";"Yıllık";"Adrese Dayalı Nüfus Kayıt Sistemi";"Yozgat";"Tek Çekirdek Aileden Oluşan Hanehalkı";"Hanehalkı sayısı";"2024";"84786";"";"";"";"";""
"Türkiye";"Yıllık";"Adrese Dayalı Nüfus Kayıt Sistemi";"Yozgat";"Tek Çekirdek Aileden Oluşan Hanehalkı";"Hanehalkı sayısı";"2025";"84070";"";"";"";"";""
"Türkiye";"Yıllık";"Adrese Dayalı Nüfus Kayıt Sistemi";"Yozgat";"En Az Bir Çekirdek Aile Ve Diğer Kişilerden Oluşan Hanehalkı";"Hanehalkı sayısı";"2014";"21770";"";"";"";"";""
"Türkiye";"Yıllık";"Adrese Dayalı Nüfus Kayıt Sistemi";"Yozgat";"En Az Bir Çekirdek Aile Ve Diğer Kişilerden Oluşan Hanehalkı";"Hanehalkı sayısı";"2015";"20127";"";"";"";"";""
"Türkiye";"Yıllık";"Adrese Dayalı Nüfus Kayıt Sistemi";"Yozgat";"En Az Bir Çekirdek Aile Ve Diğer Kişilerden Oluşan Hanehalkı";"Hanehalkı sayısı";"2016";"19730";"";"";"";"";""
"Türkiye";"Yıllık";"Adrese Dayalı Nüfus Kayıt Sistemi";"Yozgat";"En Az Bir Çekirdek Aile Ve Diğer Kişilerden Oluşan Hanehalkı";"Hanehalkı sayısı";"2017";"19214";"";"";"";"";""
"Türkiye";"Yıllık";"Adrese Dayalı Nüfus Kayıt Sistemi";"Yozgat";"En Az Bir Çekirdek Aile Ve Diğer Kişilerden Oluşan Hanehalkı";"Hanehalkı sayısı";"2018";"20020";"";"";"";"";""
"Türkiye";"Yıllık";"Adrese Dayalı Nüfus Kayıt Sistemi";"Yozgat";"En Az Bir Çekirdek Aile Ve Diğer Kişilerden Oluşan Hanehalkı";"Hanehalkı sayısı";"2019";"18771";"";"";"";"";""
"Türkiye";"Yıllık";"Adrese Dayalı Nüfus Kayıt Sistemi";"Yozgat";"En Az Bir Çekirdek Aile Ve Diğer Kişilerden Oluşan Hanehalkı";"Hanehalkı sayısı";"2020";"17714";"";"";"";"";""
"Türkiye";"Yıllık";"Adrese Dayalı Nüfus Kayıt Sistemi";"Yozgat";"En Az Bir Çekirdek Aile Ve Diğer Kişilerden Oluşan Hanehalkı";"Hanehalkı sayısı";"2021";"17224";"";"";"";"";""
"Türkiye";"Yıllık";"Adrese Dayalı Nüfus Kayıt Sistemi";"Yozgat";"En Az Bir Çekirdek Aile Ve Diğer Kişilerden Oluşan Hanehalkı";"Hanehalkı sayısı";"2022";"16575";"";"";"";"";""
"Türkiye";"Yıllık";"Adrese Dayalı Nüfus Kayıt Sistemi";"Yozgat";"En Az Bir Çekirdek Aile Ve Diğer Kişilerden Oluşan Hanehalkı";"Hanehalkı sayısı";"2023";"17850";"";"";"";"";""
"Türkiye";"Yıllık";"Adrese Dayalı Nüfus Kayıt Sistemi";"Yozgat";"En Az Bir Çekirdek Aile Ve Diğer Kişilerden Oluşan Hanehalkı";"Hanehalkı sayısı";"2024";"17043";"";"";"";"";""
"Türkiye";"Yıllık";"Adrese Dayalı Nüfus Kayıt Sistemi";"Yozgat";"En Az Bir Çekirdek Aile Ve Diğer Kişilerden Oluşan Hanehalkı";"Hanehalkı sayısı";"2025";"17524";"";"";"";"";""
"Türkiye";"Yıllık";"Adrese Dayalı Nüfus Kayıt Sistemi";"Yozgat";"Çekirdek Aile Bulunmayan Birden Fazla Kişiden Oluşan Hanehalkı";"Hanehalkı sayısı";"2014";"2906";"";"";"";"";""
"Türkiye";"Yıllık";"Adrese Dayalı Nüfus Kayıt Sistemi";"Yozgat";"Çekirdek Aile Bulunmayan Birden Fazla Kişiden Oluşan Hanehalkı";"Hanehalkı sayısı";"2015";"3043";"";"";"";"";""
"Türkiye";"Yıllık";"Adrese Dayalı Nüfus Kayıt Sistemi";"Yozgat";"Çekirdek Aile Bulunmayan Birden Fazla Kişiden Oluşan Hanehalkı";"Hanehalkı sayısı";"2016";"2979";"";"";"";"";""
"Türkiye";"Yıllık";"Adrese Dayalı Nüfus Kayıt Sistemi";"Yozgat";"Çekirdek Aile Bulunmayan Birden Fazla Kişiden Oluşan Hanehalkı";"Hanehalkı sayısı";"2017";"3098";"";"";"";"";""
"Türkiye";"Yıllık";"Adrese Dayalı Nüfus Kayıt Sistemi";"Yozgat";"Çekirdek Aile Bulunmayan Birden Fazla Kişiden Oluşan Hanehalkı";"Hanehalkı sayısı";"2018";"3353";"";"";"";"";""
"Türkiye";"Yıllık";"Adrese Dayalı Nüfus Kayıt Sistemi";"Yozgat";"Çekirdek Aile Bulunmayan Birden Fazla Kişiden Oluşan Hanehalkı";"Hanehalkı sayısı";"2019";"3447";"";"";"";"";""
"Türkiye";"Yıllık";"Adrese Dayalı Nüfus Kayıt Sistemi";"Yozgat";"Çekirdek Aile Bulunmayan Birden Fazla Kişiden Oluşan Hanehalkı";"Hanehalkı sayısı";"2020";"3510";"";"";"";"";""
"Türkiye";"Yıllık";"Adrese Dayalı Nüfus Kayıt Sistemi";"Yozgat";"Çekirdek Aile Bulunmayan Birden Fazla Kişiden Oluşan Hanehalkı";"Hanehalkı sayısı";"2021";"3559";"";"";"";"";""
"Türkiye";"Yıllık";"Adrese Dayalı Nüfus Kayıt Sistemi";"Yozgat";"Çekirdek Aile Bulunmayan Birden Fazla Kişiden Oluşan Hanehalkı";"Hanehalkı sayısı";"2022";"3534";"";"";"";"";""
"Türkiye";"Yıllık";"Adrese Dayalı Nüfus Kayıt Sistemi";"Yozgat";"Çekirdek Aile Bulunmayan Birden Fazla Kişiden Oluşan Hanehalkı";"Hanehalkı sayısı";"2023";"3695";"";"";"";"";""
"Türkiye";"Yıllık";"Adrese Dayalı Nüfus Kayıt Sistemi";"Yozgat";"Çekirdek Aile Bulunmayan Birden Fazla Kişiden Oluşan Hanehalkı";"Hanehalkı sayısı";"2024";"3707";"";"";"";"";""
"Türkiye";"Yıllık";"Adrese Dayalı Nüfus Kayıt Sistemi";"Yozgat";"Çekirdek Aile Bulunmayan Birden Fazla Kişiden Oluşan Hanehalkı";"Hanehalkı sayısı";"2025";"3732";"";"";"";"";""
"Türkiye";"Yıllık";"Adrese Dayalı Nüfus Kayıt Sistemi";"Yozgat";"Toplam";"Hanehalkı sayısı";"2014";"123118";"";"";"";"";""
"Türkiye";"Yıllık";"Adrese Dayalı Nüfus Kayıt Sistemi";"Yozgat";"Toplam";"Hanehalkı sayısı";"2015";"123202";"";"";"";"";""
"Türkiye";"Yıllık";"Adrese Dayalı Nüfus Kayıt Sistemi";"Yozgat";"Toplam";"Hanehalkı sayısı";"2016";"124765";"";"";"";"";""
"Türkiye";"Yıllık";"Adrese Dayalı Nüfus Kayıt Sistemi";"Yozgat";"Toplam";"Hanehalkı sayısı";"2017";"125511";"";"";"";"";""
"Türkiye";"Yıllık";"Adrese Dayalı Nüfus Kayıt Sistemi";"Yozgat";"Toplam";"Hanehalkı sayısı";"2018";"128205";"";"";"";"";""
"Türkiye";"Yıllık";"Adrese Dayalı Nüfus Kayıt Sistemi";"Yozgat";"Toplam";"Hanehalkı sayısı";"2019";"129928";"";"";"";"";""
"Türkiye";"Yıllık";"Adrese Dayalı Nüfus Kayıt Sistemi";"Yozgat";"Toplam";"Hanehalkı sayısı";"2020";"132075";"";"";"";"";""
"Türkiye";"Yıllık";"Adrese Dayalı Nüfus Kayıt Sistemi";"Yozgat";"Toplam";"Hanehalkı sayısı";"2021";"134087";"";"";"";"";""
"Türkiye";"Yıllık";"Adrese Dayalı Nüfus Kayıt Sistemi";"Yozgat";"Toplam";"Hanehalkı sayısı";"2022";"136292";"";"";"";"";""
"Türkiye";"Yıllık";"Adrese Dayalı Nüfus Kayıt Sistemi";"Yozgat";"Toplam";"Hanehalkı sayısı";"2023";"137010";"";"";"";"";""
"Türkiye";"Yıllık";"Adrese Dayalı Nüfus Kayıt Sistemi";"Yozgat";"Toplam";"Hanehalkı sayısı";"2024";"137167";"";"";"";"";""
"Türkiye";"Yıllık";"Adrese Dayalı Nüfus Kayıt Sistemi";"Yozgat";"Toplam";"Hanehalkı sayısı";"2025";"138742";"";"";"";"";""
"Türkiye";"Yıllık";"Adrese Dayalı Nüfus Kayıt Sistemi";"Bartın";"Tek Kişilik Hanehalkı";"Hanehalkı sayısı";"2014";"8992";"";"";"";"";""
"Türkiye";"Yıllık";"Adrese Dayalı Nüfus Kayıt Sistemi";"Bartın";"Tek Kişilik Hanehalkı";"Hanehalkı sayısı";"2015";"9752";"";"";"";"";""
"Türkiye";"Yıllık";"Adrese Dayalı Nüfus Kayıt Sistemi";"Bartın";"Tek Kişilik Hanehalkı";"Hanehalkı sayısı";"2016";"10659";"";"";"";"";""
"Türkiye";"Yıllık";"Adrese Dayalı Nüfus Kayıt Sistemi";"Bartın";"Tek Kişilik Hanehalkı";"Hanehalkı sayısı";"2017";"11339";"";"";"";"";""
"Türkiye";"Yıllık";"Adrese Dayalı Nüfus Kayıt Sistemi";"Bartın";"Tek Kişilik Hanehalkı";"Hanehalkı sayısı";"2018";"12243";"";"";"";"";""
"Türkiye";"Yıllık";"Adrese Dayalı Nüfus Kayıt Sistemi";"Bartın";"Tek Kişilik Hanehalkı";"Hanehalkı sayısı";"2019";"13097";"";"";"";"";""
"Türkiye";"Yıllık";"Adrese Dayalı Nüfus Kayıt Sistemi";"Bartın";"Tek Kişilik Hanehalkı";"Hanehalkı sayısı";"2020";"14401";"";"";"";"";""
"Türkiye";"Yıllık";"Adrese Dayalı Nüfus Kayıt Sistemi";"Bartın";"Tek Kişilik Hanehalkı";"Hanehalkı sayısı";"2021";"15563";"";"";"";"";""
"Türkiye";"Yıllık";"Adrese Dayalı Nüfus Kayıt Sistemi";"Bartın";"Tek Kişilik Hanehalkı";"Hanehalkı sayısı";"2022";"16725";"";"";"";"";""
"Türkiye";"Yıllık";"Adrese Dayalı Nüfus Kayıt Sistemi";"Bartın";"Tek Kişilik Hanehalkı";"Hanehalkı sayısı";"2023";"16716";"";"";"";"";""
"Türkiye";"Yıllık";"Adrese Dayalı Nüfus Kayıt Sistemi";"Bartın";"Tek Kişilik Hanehalkı";"Hanehalkı sayısı";"2024";"16947";"";"";"";"";""
"Türkiye";"Yıllık";"Adrese Dayalı Nüfus Kayıt Sistemi";"Bartın";"Tek Kişilik Hanehalkı";"Hanehalkı sayısı";"2025";"17629";"";"";"";"";""
"Türkiye";"Yıllık";"Adrese Dayalı Nüfus Kayıt Sistemi";"Bartın";"Tek Çekirdek Aileden Oluşan Hanehalkı";"Hanehalkı sayısı";"2014";"33322";"";"";"";"";""
"Türkiye";"Yıllık";"Adrese Dayalı Nüfus Kayıt Sistemi";"Bartın";"Tek Çekirdek Aileden Oluşan Hanehalkı";"Hanehalkı sayısı";"2015";"34031";"";"";"";"";""
"Türkiye";"Yıllık";"Adrese Dayalı Nüfus Kayıt Sistemi";"Bartın";"Tek Çekirdek Aileden Oluşan Hanehalkı";"Hanehalkı sayısı";"2016";"34459";"";"";"";"";""
"Türkiye";"Yıllık";"Adrese Dayalı Nüfus Kayıt Sistemi";"Bartın";"Tek Çekirdek Aileden Oluşan Hanehalkı";"Hanehalkı sayısı";"2017";"35126";"";"";"";"";""
"Türkiye";"Yıllık";"Adrese Dayalı Nüfus Kayıt Sistemi";"Bartın";"Tek Çekirdek Aileden Oluşan Hanehalkı";"Hanehalkı sayısı";"2018";"35658";"";"";"";"";""
"Türkiye";"Yıllık";"Adrese Dayalı Nüfus Kayıt Sistemi";"Bartın";"Tek Çekirdek Aileden Oluşan Hanehalkı";"Hanehalkı sayısı";"2019";"36339";"";"";"";"";""
"Türkiye";"Yıllık";"Adrese Dayalı Nüfus Kayıt Sistemi";"Bartın";"Tek Çekirdek Aileden Oluşan Hanehalkı";"Hanehalkı sayısı";"2020";"37342";"";"";"";"";""
"Türkiye";"Yıllık";"Adrese Dayalı Nüfus Kayıt Sistemi";"Bartın";"Tek Çekirdek Aileden Oluşan Hanehalkı";"Hanehalkı sayısı";"2021";"38157";"";"";"";"";""
"Türkiye";"Yıllık";"Adrese Dayalı Nüfus Kayıt Sistemi";"Bartın";"Tek Çekirdek Aileden Oluşan Hanehalkı";"Hanehalkı sayısı";"2022";"39145";"";"";"";"";""
"Türkiye";"Yıllık";"Adrese Dayalı Nüfus Kayıt Sistemi";"Bartın";"Tek Çekirdek Aileden Oluşan Hanehalkı";"Hanehalkı sayısı";"2023";"39727";"";"";"";"";""
"Türkiye";"Yıllık";"Adrese Dayalı Nüfus Kayıt Sistemi";"Bartın";"Tek Çekirdek Aileden Oluşan Hanehalkı";"Hanehalkı sayısı";"2024";"39320";"";"";"";"";""
"Türkiye";"Yıllık";"Adrese Dayalı Nüfus Kayıt Sistemi";"Bartın";"Tek Çekirdek Aileden Oluşan Hanehalkı";"Hanehalkı sayısı";"2025";"39619";"";"";"";"";""
"Türkiye";"Yıllık";"Adrese Dayalı Nüfus Kayıt Sistemi";"Bartın";"En Az Bir Çekirdek Aile Ve Diğer Kişilerden Oluşan Hanehalkı";"Hanehalkı sayısı";"2014";"13103";"";"";"";"";""
"Türkiye";"Yıllık";"Adrese Dayalı Nüfus Kayıt Sistemi";"Bartın";"En Az Bir Çekirdek Aile Ve Diğer Kişilerden Oluşan Hanehalkı";"Hanehalkı sayısı";"2015";"12881";"";"";"";"";""
"Türkiye";"Yıllık";"Adrese Dayalı Nüfus Kayıt Sistemi";"Bartın";"En Az Bir Çekirdek Aile Ve Diğer Kişilerden Oluşan Hanehalkı";"Hanehalkı sayısı";"2016";"12853";"";"";"";"";""
"Türkiye";"Yıllık";"Adrese Dayalı Nüfus Kayıt Sistemi";"Bartın";"En Az Bir Çekirdek Aile Ve Diğer Kişilerden Oluşan Hanehalkı";"Hanehalkı sayısı";"2017";"12719";"";"";"";"";""
"Türkiye";"Yıllık";"Adrese Dayalı Nüfus Kayıt Sistemi";"Bartın";"En Az Bir Çekirdek Aile Ve Diğer Kişilerden Oluşan Hanehalkı";"Hanehalkı sayısı";"2018";"13383";"";"";"";"";""
"Türkiye";"Yıllık";"Adrese Dayalı Nüfus Kayıt Sistemi";"Bartın";"En Az Bir Çekirdek Aile Ve Diğer Kişilerden Oluşan Hanehalkı";"Hanehalkı sayısı";"2019";"12994";"";"";"";"";""
"Türkiye";"Yıllık";"Adrese Dayalı Nüfus Kayıt Sistemi";"Bartın";"En Az Bir Çekirdek Aile Ve Diğer Kişilerden Oluşan Hanehalkı";"Hanehalkı sayısı";"2020";"12686";"";"";"";"";""
"Türkiye";"Yıllık";"Adrese Dayalı Nüfus Kayıt Sistemi";"Bartın";"En Az Bir Çekirdek Aile Ve Diğer Kişilerden Oluşan Hanehalkı";"Hanehalkı sayısı";"2021";"12385";"";"";"";"";""
"Türkiye";"Yıllık";"Adrese Dayalı Nüfus Kayıt Sistemi";"Bartın";"En Az Bir Çekirdek Aile Ve Diğer Kişilerden Oluşan Hanehalkı";"Hanehalkı sayısı";"2022";"12053";"";"";"";"";""
"Türkiye";"Yıllık";"Adrese Dayalı Nüfus Kayıt Sistemi";"Bartın";"En Az Bir Çekirdek Aile Ve Diğer Kişilerden Oluşan Hanehalkı";"Hanehalkı sayısı";"2023";"12384";"";"";"";"";""
"Türkiye";"Yıllık";"Adrese Dayalı Nüfus Kayıt Sistemi";"Bartın";"En Az Bir Çekirdek Aile Ve Diğer Kişilerden Oluşan Hanehalkı";"Hanehalkı sayısı";"2024";"12701";"";"";"";"";""
"Türkiye";"Yıllık";"Adrese Dayalı Nüfus Kayıt Sistemi";"Bartın";"En Az Bir Çekirdek Aile Ve Diğer Kişilerden Oluşan Hanehalkı";"Hanehalkı sayısı";"2025";"12669";"";"";"";"";""
"Türkiye";"Yıllık";"Adrese Dayalı Nüfus Kayıt Sistemi";"Bartın";"Çekirdek Aile Bulunmayan Birden Fazla Kişiden Oluşan Hanehalkı";"Hanehalkı sayısı";"2014";"969";"";"";"";"";""
"Türkiye";"Yıllık";"Adrese Dayalı Nüfus Kayıt Sistemi";"Bartın";"Çekirdek Aile Bulunmayan Birden Fazla Kişiden Oluşan Hanehalkı";"Hanehalkı sayısı";"2015";"1053";"";"";"";"";""
"Türkiye";"Yıllık";"Adrese Dayalı Nüfus Kayıt Sistemi";"Bartın";"Çekirdek Aile Bulunmayan Birden Fazla Kişiden Oluşan Hanehalkı";"Hanehalkı sayısı";"2016";"1042";"";"";"";"";""
"Türkiye";"Yıllık";"Adrese Dayalı Nüfus Kayıt Sistemi";"Bartın";"Çekirdek Aile Bulunmayan Birden Fazla Kişiden Oluşan Hanehalkı";"Hanehalkı sayısı";"2017";"1070";"";"";"";"";""
"Türkiye";"Yıllık";"Adrese Dayalı Nüfus Kayıt Sistemi";"Bartın";"Çekirdek Aile Bulunmayan Birden Fazla Kişiden Oluşan Hanehalkı";"Hanehalkı sayısı";"2018";"1269";"";"";"";"";""
"Türkiye";"Yıllık";"Adrese Dayalı Nüfus Kayıt Sistemi";"Bartın";"Çekirdek Aile Bulunmayan Birden Fazla Kişiden Oluşan Hanehalkı";"Hanehalkı sayısı";"2019";"1379";"";"";"";"";""
"Türkiye";"Yıllık";"Adrese Dayalı Nüfus Kayıt Sistemi";"Bartın";"Çekirdek Aile Bulunmayan Birden Fazla Kişiden Oluşan Hanehalkı";"Hanehalkı sayısı";"2020";"1451";"";"";"";"";""
"Türkiye";"Yıllık";"Adrese Dayalı Nüfus Kayıt Sistemi";"Bartın";"Çekirdek Aile Bulunmayan Birden Fazla Kişiden Oluşan Hanehalkı";"Hanehalkı sayısı";"2021";"1604";"";"";"";"";""
"Türkiye";"Yıllık";"Adrese Dayalı Nüfus Kayıt Sistemi";"Bartın";"Çekirdek Aile Bulunmayan Birden Fazla Kişiden Oluşan Hanehalkı";"Hanehalkı sayısı";"2022";"1749";"";"";"";"";""
"Türkiye";"Yıllık";"Adrese Dayalı Nüfus Kayıt Sistemi";"Bartın";"Çekirdek Aile Bulunmayan Birden Fazla Kişiden Oluşan Hanehalkı";"Hanehalkı sayısı";"2023";"1819";"";"";"";"";""
"Türkiye";"Yıllık";"Adrese Dayalı Nüfus Kayıt Sistemi";"Bartın";"Çekirdek Aile Bulunmayan Birden Fazla Kişiden Oluşan Hanehalkı";"Hanehalkı sayısı";"2024";"2028";"";"";"";"";""
"Türkiye";"Yıllık";"Adrese Dayalı Nüfus Kayıt Sistemi";"Bartın";"Çekirdek Aile Bulunmayan Birden Fazla Kişiden Oluşan Hanehalkı";"Hanehalkı sayısı";"2025";"2176";"";"";"";"";""
"Türkiye";"Yıllık";"Adrese Dayalı Nüfus Kayıt Sistemi";"Bartın";"Toplam";"Hanehalkı sayısı";"2014";"56386";"";"";"";"";""
"Türkiye";"Yıllık";"Adrese Dayalı Nüfus Kayıt Sistemi";"Bartın";"Toplam";"Hanehalkı sayısı";"2015";"57717";"";"";"";"";""
"Türkiye";"Yıllık";"Adrese Dayalı Nüfus Kayıt Sistemi";"Bartın";"Toplam";"Hanehalkı sayısı";"2016";"59013";"";"";"";"";""
"Türkiye";"Yıllık";"Adrese Dayalı Nüfus Kayıt Sistemi";"Bartın";"Toplam";"Hanehalkı sayısı";"2017";"60254";"";"";"";"";""
"Türkiye";"Yıllık";"Adrese Dayalı Nüfus Kayıt Sistemi";"Bartın";"Toplam";"Hanehalkı sayısı";"2018";"62553";"";"";"";"";""
"Türkiye";"Yıllık";"Adrese Dayalı Nüfus Kayıt Sistemi";"Bartın";"Toplam";"Hanehalkı sayısı";"2019";"63809";"";"";"";"";""
"Türkiye";"Yıllık";"Adrese Dayalı Nüfus Kayıt Sistemi";"Bartın";"Toplam";"Hanehalkı sayısı";"2020";"65880";"";"";"";"";""
"Türkiye";"Yıllık";"Adrese Dayalı Nüfus Kayıt Sistemi";"Bartın";"Toplam";"Hanehalkı sayısı";"2021";"67709";"";"";"";"";""
"Türkiye";"Yıllık";"Adrese Dayalı Nüfus Kayıt Sistemi";"Bartın";"Toplam";"Hanehalkı sayısı";"2022";"69672";"";"";"";"";""
"Türkiye";"Yıllık";"Adrese Dayalı Nüfus Kayıt Sistemi";"Bartın";"Toplam";"Hanehalkı sayısı";"2023";"70646";"";"";"";"";""
"Türkiye";"Yıllık";"Adrese Dayalı Nüfus Kayıt Sistemi";"Bartın";"Toplam";"Hanehalkı sayısı";"2024";"70996";"";"";"";"";""
"Türkiye";"Yıllık";"Adrese Dayalı Nüfus Kayıt Sistemi";"Bartın";"Toplam";"Hanehalkı sayısı";"2025";"72093";"";"";"";"";""
"Türkiye";"Yıllık";"Adrese Dayalı Nüfus Kayıt Sistemi";"Karabük";"Tek Kişilik Hanehalkı";"Hanehalkı sayısı";"2014";"11903";"";"";"";"";""
"Türkiye";"Yıllık";"Adrese Dayalı Nüfus Kayıt Sistemi";"Karabük";"Tek Kişilik Hanehalkı";"Hanehalkı sayısı";"2015";"13104";"";"";"";"";""
"Türkiye";"Yıllık";"Adrese Dayalı Nüfus Kayıt Sistemi";"Karabük";"Tek Kişilik Hanehalkı";"Hanehalkı sayısı";"2016";"14379";"";"";"";"";""
"Türkiye";"Yıllık";"Adrese Dayalı Nüfus Kayıt Sistemi";"Karabük";"Tek Kişilik Hanehalkı";"Hanehalkı sayısı";"2017";"15564";"";"";"";"";""
"Türkiye";"Yıllık";"Adrese Dayalı Nüfus Kayıt Sistemi";"Karabük";"Tek Kişilik Hanehalkı";"Hanehalkı sayısı";"2018";"16414";"";"";"";"";""
"Türkiye";"Yıllık";"Adrese Dayalı Nüfus Kayıt Sistemi";"Karabük";"Tek Kişilik Hanehalkı";"Hanehalkı sayısı";"2019";"17968";"";"";"";"";""
"Türkiye";"Yıllık";"Adrese Dayalı Nüfus Kayıt Sistemi";"Karabük";"Tek Kişilik Hanehalkı";"Hanehalkı sayısı";"2020";"19283";"";"";"";"";""
"Türkiye";"Yıllık";"Adrese Dayalı Nüfus Kayıt Sistemi";"Karabük";"Tek Kişilik Hanehalkı";"Hanehalkı sayısı";"2021";"20911";"";"";"";"";""
"Türkiye";"Yıllık";"Adrese Dayalı Nüfus Kayıt Sistemi";"Karabük";"Tek Kişilik Hanehalkı";"Hanehalkı sayısı";"2022";"22586";"";"";"";"";""
"Türkiye";"Yıllık";"Adrese Dayalı Nüfus Kayıt Sistemi";"Karabük";"Tek Kişilik Hanehalkı";"Hanehalkı sayısı";"2023";"22659";"";"";"";"";""
"Türkiye";"Yıllık";"Adrese Dayalı Nüfus Kayıt Sistemi";"Karabük";"Tek Kişilik Hanehalkı";"Hanehalkı sayısı";"2024";"23253";"";"";"";"";""
"Türkiye";"Yıllık";"Adrese Dayalı Nüfus Kayıt Sistemi";"Karabük";"Tek Kişilik Hanehalkı";"Hanehalkı sayısı";"2025";"24051";"";"";"";"";""
"Türkiye";"Yıllık";"Adrese Dayalı Nüfus Kayıt Sistemi";"Karabük";"Tek Çekirdek Aileden Oluşan Hanehalkı";"Hanehalkı sayısı";"2014";"45533";"";"";"";"";""
"Türkiye";"Yıllık";"Adrese Dayalı Nüfus Kayıt Sistemi";"Karabük";"Tek Çekirdek Aileden Oluşan Hanehalkı";"Hanehalkı sayısı";"2015";"46196";"";"";"";"";""
"Türkiye";"Yıllık";"Adrese Dayalı Nüfus Kayıt Sistemi";"Karabük";"Tek Çekirdek Aileden Oluşan Hanehalkı";"Hanehalkı sayısı";"2016";"47288";"";"";"";"";""
"Türkiye";"Yıllık";"Adrese Dayalı Nüfus Kayıt Sistemi";"Karabük";"Tek Çekirdek Aileden Oluşan Hanehalkı";"Hanehalkı sayısı";"2017";"48302";"";"";"";"";""
"Türkiye";"Yıllık";"Adrese Dayalı Nüfus Kayıt Sistemi";"Karabük";"Tek Çekirdek Aileden Oluşan Hanehalkı";"Hanehalkı sayısı";"2018";"48576";"";"";"";"";""
"Türkiye";"Yıllık";"Adrese Dayalı Nüfus Kayıt Sistemi";"Karabük";"Tek Çekirdek Aileden Oluşan Hanehalkı";"Hanehalkı sayısı";"2019";"49522";"";"";"";"";""
"Türkiye";"Yıllık";"Adrese Dayalı Nüfus Kayıt Sistemi";"Karabük";"Tek Çekirdek Aileden Oluşan Hanehalkı";"Hanehalkı sayısı";"2020";"50634";"";"";"";"";""
"Türkiye";"Yıllık";"Adrese Dayalı Nüfus Kayıt Sistemi";"Karabük";"Tek Çekirdek Aileden Oluşan Hanehalkı";"Hanehalkı sayısı";"2021";"51364";"";"";"";"";""
"Türkiye";"Yıllık";"Adrese Dayalı Nüfus Kayıt Sistemi";"Karabük";"Tek Çekirdek Aileden Oluşan Hanehalkı";"Hanehalkı sayısı";"2022";"52221";"";"";"";"";""
"Türkiye";"Yıllık";"Adrese Dayalı Nüfus Kayıt Sistemi";"Karabük";"Tek Çekirdek Aileden Oluşan Hanehalkı";"Hanehalkı sayısı";"2023";"51268";"";"";"";"";""
"Türkiye";"Yıllık";"Adrese Dayalı Nüfus Kayıt Sistemi";"Karabük";"Tek Çekirdek Aileden Oluşan Hanehalkı";"Hanehalkı sayısı";"2024";"51501";"";"";"";"";""
"Türkiye";"Yıllık";"Adrese Dayalı Nüfus Kayıt Sistemi";"Karabük";"Tek Çekirdek Aileden Oluşan Hanehalkı";"Hanehalkı sayısı";"2025";"51544";"";"";"";"";""
"Türkiye";"Yıllık";"Adrese Dayalı Nüfus Kayıt Sistemi";"Karabük";"En Az Bir Çekirdek Aile Ve Diğer Kişilerden Oluşan Hanehalkı";"Hanehalkı sayısı";"2014";"11065";"";"";"";"";""
"Türkiye";"Yıllık";"Adrese Dayalı Nüfus Kayıt Sistemi";"Karabük";"En Az Bir Çekirdek Aile Ve Diğer Kişilerden Oluşan Hanehalkı";"Hanehalkı sayısı";"2015";"11033";"";"";"";"";""
"Türkiye";"Yıllık";"Adrese Dayalı Nüfus Kayıt Sistemi";"Karabük";"En Az Bir Çekirdek Aile Ve Diğer Kişilerden Oluşan Hanehalkı";"Hanehalkı sayısı";"2016";"10667";"";"";"";"";""
"Türkiye";"Yıllık";"Adrese Dayalı Nüfus Kayıt Sistemi";"Karabük";"En Az Bir Çekirdek Aile Ve Diğer Kişilerden Oluşan Hanehalkı";"Hanehalkı sayısı";"2017";"10274";"";"";"";"";""
"Türkiye";"Yıllık";"Adrese Dayalı Nüfus Kayıt Sistemi";"Karabük";"En Az Bir Çekirdek Aile Ve Diğer Kişilerden Oluşan Hanehalkı";"Hanehalkı sayısı";"2018";"10609";"";"";"";"";""
"Türkiye";"Yıllık";"Adrese Dayalı Nüfus Kayıt Sistemi";"Karabük";"En Az Bir Çekirdek Aile Ve Diğer Kişilerden Oluşan Hanehalkı";"Hanehalkı sayısı";"2019";"10101";"";"";"";"";""
"Türkiye";"Yıllık";"Adrese Dayalı Nüfus Kayıt Sistemi";"Karabük";"En Az Bir Çekirdek Aile Ve Diğer Kişilerden Oluşan Hanehalkı";"Hanehalkı sayısı";"2020";"9506";"";"";"";"";""
"Türkiye";"Yıllık";"Adrese Dayalı Nüfus Kayıt Sistemi";"Karabük";"En Az Bir Çekirdek Aile Ve Diğer Kişilerden Oluşan Hanehalkı";"Hanehalkı sayısı";"2021";"9169";"";"";"";"";""
"Türkiye";"Yıllık";"Adrese Dayalı Nüfus Kayıt Sistemi";"Karabük";"En Az Bir Çekirdek Aile Ve Diğer Kişilerden Oluşan Hanehalkı";"Hanehalkı sayısı";"2022";"8860";"";"";"";"";""
"Türkiye";"Yıllık";"Adrese Dayalı Nüfus Kayıt Sistemi";"Karabük";"En Az Bir Çekirdek Aile Ve Diğer Kişilerden Oluşan Hanehalkı";"Hanehalkı sayısı";"2023";"10213";"";"";"";"";""
"Türkiye";"Yıllık";"Adrese Dayalı Nüfus Kayıt Sistemi";"Karabük";"En Az Bir Çekirdek Aile Ve Diğer Kişilerden Oluşan Hanehalkı";"Hanehalkı sayısı";"2024";"10077";"";"";"";"";""
"Türkiye";"Yıllık";"Adrese Dayalı Nüfus Kayıt Sistemi";"Karabük";"En Az Bir Çekirdek Aile Ve Diğer Kişilerden Oluşan Hanehalkı";"Hanehalkı sayısı";"2025";"10227";"";"";"";"";""
"Türkiye";"Yıllık";"Adrese Dayalı Nüfus Kayıt Sistemi";"Karabük";"Çekirdek Aile Bulunmayan Birden Fazla Kişiden Oluşan Hanehalkı";"Hanehalkı sayısı";"2014";"1454";"";"";"";"";""
"Türkiye";"Yıllık";"Adrese Dayalı Nüfus Kayıt Sistemi";"Karabük";"Çekirdek Aile Bulunmayan Birden Fazla Kişiden Oluşan Hanehalkı";"Hanehalkı sayısı";"2015";"1829";"";"";"";"";""
"Türkiye";"Yıllık";"Adrese Dayalı Nüfus Kayıt Sistemi";"Karabük";"Çekirdek Aile Bulunmayan Birden Fazla Kişiden Oluşan Hanehalkı";"Hanehalkı sayısı";"2016";"2136";"";"";"";"";""
"Türkiye";"Yıllık";"Adrese Dayalı Nüfus Kayıt Sistemi";"Karabük";"Çekirdek Aile Bulunmayan Birden Fazla Kişiden Oluşan Hanehalkı";"Hanehalkı sayısı";"2017";"2655";"";"";"";"";""
"Türkiye";"Yıllık";"Adrese Dayalı Nüfus Kayıt Sistemi";"Karabük";"Çekirdek Aile Bulunmayan Birden Fazla Kişiden Oluşan Hanehalkı";"Hanehalkı sayısı";"2018";"2874";"";"";"";"";""
"Türkiye";"Yıllık";"Adrese Dayalı Nüfus Kayıt Sistemi";"Karabük";"Çekirdek Aile Bulunmayan Birden Fazla Kişiden Oluşan Hanehalkı";"Hanehalkı sayısı";"2019";"3178";"";"";"";"";""
"Türkiye";"Yıllık";"Adrese Dayalı Nüfus Kayıt Sistemi";"Karabük";"Çekirdek Aile Bulunmayan Birden Fazla Kişiden Oluşan Hanehalkı";"Hanehalkı sayısı";"2020";"3158";"";"";"";"";""
"Türkiye";"Yıllık";"Adrese Dayalı Nüfus Kayıt Sistemi";"Karabük";"Çekirdek Aile Bulunmayan Birden Fazla Kişiden Oluşan Hanehalkı";"Hanehalkı sayısı";"2021";"3592";"";"";"";"";""
"Türkiye";"Yıllık";"Adrese Dayalı Nüfus Kayıt Sistemi";"Karabük";"Çekirdek Aile Bulunmayan Birden Fazla Kişiden Oluşan Hanehalkı";"Hanehalkı sayısı";"2022";"3887";"";"";"";"";""
"Türkiye";"Yıllık";"Adrese Dayalı Nüfus Kayıt Sistemi";"Karabük";"Çekirdek Aile Bulunmayan Birden Fazla Kişiden Oluşan Hanehalkı";"Hanehalkı sayısı";"2023";"4094";"";"";"";"";""
"Türkiye";"Yıllık";"Adrese Dayalı Nüfus Kayıt Sistemi";"Karabük";"Çekirdek Aile Bulunmayan Birden Fazla Kişiden Oluşan Hanehalkı";"Hanehalkı sayısı";"2024";"3915";"";"";"";"";""
"Türkiye";"Yıllık";"Adrese Dayalı Nüfus Kayıt Sistemi";"Karabük";"Çekirdek Aile Bulunmayan Birden Fazla Kişiden Oluşan Hanehalkı";"Hanehalkı sayısı";"2025";"3958";"";"";"";"";""
"Türkiye";"Yıllık";"Adrese Dayalı Nüfus Kayıt Sistemi";"Karabük";"Toplam";"Hanehalkı sayısı";"2014";"69955";"";"";"";"";""
"Türkiye";"Yıllık";"Adrese Dayalı Nüfus Kayıt Sistemi";"Karabük";"Toplam";"Hanehalkı sayısı";"2015";"72162";"";"";"";"";""
"Türkiye";"Yıllık";"Adrese Dayalı Nüfus Kayıt Sistemi";"Karabük";"Toplam";"Hanehalkı sayısı";"2016";"74470";"";"";"";"";""
"Türkiye";"Yıllık";"Adrese Dayalı Nüfus Kayıt Sistemi";"Karabük";"Toplam";"Hanehalkı sayısı";"2017";"76795";"";"";"";"";""
"Türkiye";"Yıllık";"Adrese Dayalı Nüfus Kayıt Sistemi";"Karabük";"Toplam";"Hanehalkı sayısı";"2018";"78473";"";"";"";"";""
"Türkiye";"Yıllık";"Adrese Dayalı Nüfus Kayıt Sistemi";"Karabük";"Toplam";"Hanehalkı sayısı";"2019";"80769";"";"";"";"";""
"Türkiye";"Yıllık";"Adrese Dayalı Nüfus Kayıt Sistemi";"Karabük";"Toplam";"Hanehalkı sayısı";"2020";"82581";"";"";"";"";""
"Türkiye";"Yıllık";"Adrese Dayalı Nüfus Kayıt Sistemi";"Karabük";"Toplam";"Hanehalkı sayısı";"2021";"85036";"";"";"";"";""
"Türkiye";"Yıllık";"Adrese Dayalı Nüfus Kayıt Sistemi";"Karabük";"Toplam";"Hanehalkı sayısı";"2022";"87554";"";"";"";"";""
"Türkiye";"Yıllık";"Adrese Dayalı Nüfus Kayıt Sistemi";"Karabük";"Toplam";"Hanehalkı sayısı";"2023";"88234";"";"";"";"";""
"Türkiye";"Yıllık";"Adrese Dayalı Nüfus Kayıt Sistemi";"Karabük";"Toplam";"Hanehalkı sayısı";"2024";"88746";"";"";"";"";""
"Türkiye";"Yıllık";"Adrese Dayalı Nüfus Kayıt Sistemi";"Karabük";"Toplam";"Hanehalkı sayısı";"2025";"89780";"";"";"";"";""
"Türkiye";"Yıllık";"Adrese Dayalı Nüfus Kayıt Sistemi";"Zonguldak";"Tek Kişilik Hanehalkı";"Hanehalkı sayısı";"2014";"25318";"";"";"";"";""
"Türkiye";"Yıllık";"Adrese Dayalı Nüfus Kayıt Sistemi";"Zonguldak";"Tek Kişilik Hanehalkı";"Hanehalkı sayısı";"2015";"27064";"";"";"";"";""
"Türkiye";"Yıllık";"Adrese Dayalı Nüfus Kayıt Sistemi";"Zonguldak";"Tek Kişilik Hanehalkı";"Hanehalkı sayısı";"2016";"29270";"";"";"";"";""
"Türkiye";"Yıllık";"Adrese Dayalı Nüfus Kayıt Sistemi";"Zonguldak";"Tek Kişilik Hanehalkı";"Hanehalkı sayısı";"2017";"31035";"";"";"";"";""
"Türkiye";"Yıllık";"Adrese Dayalı Nüfus Kayıt Sistemi";"Zonguldak";"Tek Kişilik Hanehalkı";"Hanehalkı sayısı";"2018";"33882";"";"";"";"";""
"Türkiye";"Yıllık";"Adrese Dayalı Nüfus Kayıt Sistemi";"Zonguldak";"Tek Kişilik Hanehalkı";"Hanehalkı sayısı";"2019";"35612";"";"";"";"";""
"Türkiye";"Yıllık";"Adrese Dayalı Nüfus Kayıt Sistemi";"Zonguldak";"Tek Kişilik Hanehalkı";"Hanehalkı sayısı";"2020";"38392";"";"";"";"";""
"Türkiye";"Yıllık";"Adrese Dayalı Nüfus Kayıt Sistemi";"Zonguldak";"Tek Kişilik Hanehalkı";"Hanehalkı sayısı";"2021";"41627";"";"";"";"";""
"Türkiye";"Yıllık";"Adrese Dayalı Nüfus Kayıt Sistemi";"Zonguldak";"Tek Kişilik Hanehalkı";"Hanehalkı sayısı";"2022";"44892";"";"";"";"";""
"Türkiye";"Yıllık";"Adrese Dayalı Nüfus Kayıt Sistemi";"Zonguldak";"Tek Kişilik Hanehalkı";"Hanehalkı sayısı";"2023";"46130";"";"";"";"";""
"Türkiye";"Yıllık";"Adrese Dayalı Nüfus Kayıt Sistemi";"Zonguldak";"Tek Kişilik Hanehalkı";"Hanehalkı sayısı";"2024";"46948";"";"";"";"";""
"Türkiye";"Yıllık";"Adrese Dayalı Nüfus Kayıt Sistemi";"Zonguldak";"Tek Kişilik Hanehalkı";"Hanehalkı sayısı";"2025";"48375";"";"";"";"";""
"Türkiye";"Yıllık";"Adrese Dayalı Nüfus Kayıt Sistemi";"Zonguldak";"Tek Çekirdek Aileden Oluşan Hanehalkı";"Hanehalkı sayısı";"2014";"117183";"";"";"";"";""
"Türkiye";"Yıllık";"Adrese Dayalı Nüfus Kayıt Sistemi";"Zonguldak";"Tek Çekirdek Aileden Oluşan Hanehalkı";"Hanehalkı sayısı";"2015";"118573";"";"";"";"";""
"Türkiye";"Yıllık";"Adrese Dayalı Nüfus Kayıt Sistemi";"Zonguldak";"Tek Çekirdek Aileden Oluşan Hanehalkı";"Hanehalkı sayısı";"2016";"119687";"";"";"";"";""
"Türkiye";"Yıllık";"Adrese Dayalı Nüfus Kayıt Sistemi";"Zonguldak";"Tek Çekirdek Aileden Oluşan Hanehalkı";"Hanehalkı sayısı";"2017";"120763";"";"";"";"";""
"Türkiye";"Yıllık";"Adrese Dayalı Nüfus Kayıt Sistemi";"Zonguldak";"Tek Çekirdek Aileden Oluşan Hanehalkı";"Hanehalkı sayısı";"2018";"121393";"";"";"";"";""
"Türkiye";"Yıllık";"Adrese Dayalı Nüfus Kayıt Sistemi";"Zonguldak";"Tek Çekirdek Aileden Oluşan Hanehalkı";"Hanehalkı sayısı";"2019";"123333";"";"";"";"";""
"Türkiye";"Yıllık";"Adrese Dayalı Nüfus Kayıt Sistemi";"Zonguldak";"Tek Çekirdek Aileden Oluşan Hanehalkı";"Hanehalkı sayısı";"2020";"125687";"";"";"";"";""
"Türkiye";"Yıllık";"Adrese Dayalı Nüfus Kayıt Sistemi";"Zonguldak";"Tek Çekirdek Aileden Oluşan Hanehalkı";"Hanehalkı sayısı";"2021";"126517";"";"";"";"";""
"Türkiye";"Yıllık";"Adrese Dayalı Nüfus Kayıt Sistemi";"Zonguldak";"Tek Çekirdek Aileden Oluşan Hanehalkı";"Hanehalkı sayısı";"2022";"128626";"";"";"";"";""
"Türkiye";"Yıllık";"Adrese Dayalı Nüfus Kayıt Sistemi";"Zonguldak";"Tek Çekirdek Aileden Oluşan Hanehalkı";"Hanehalkı sayısı";"2023";"128108";"";"";"";"";""
"Türkiye";"Yıllık";"Adrese Dayalı Nüfus Kayıt Sistemi";"Zonguldak";"Tek Çekirdek Aileden Oluşan Hanehalkı";"Hanehalkı sayısı";"2024";"127486";"";"";"";"";""
"Türkiye";"Yıllık";"Adrese Dayalı Nüfus Kayıt Sistemi";"Zonguldak";"Tek Çekirdek Aileden Oluşan Hanehalkı";"Hanehalkı sayısı";"2025";"127028";"";"";"";"";""
"Türkiye";"Yıllık";"Adrese Dayalı Nüfus Kayıt Sistemi";"Zonguldak";"En Az Bir Çekirdek Aile Ve Diğer Kişilerden Oluşan Hanehalkı";"Hanehalkı sayısı";"2014";"33343";"";"";"";"";""
"Türkiye";"Yıllık";"Adrese Dayalı Nüfus Kayıt Sistemi";"Zonguldak";"En Az Bir Çekirdek Aile Ve Diğer Kişilerden Oluşan Hanehalkı";"Hanehalkı sayısı";"2015";"32803";"";"";"";"";""
"Türkiye";"Yıllık";"Adrese Dayalı Nüfus Kayıt Sistemi";"Zonguldak";"En Az Bir Çekirdek Aile Ve Diğer Kişilerden Oluşan Hanehalkı";"Hanehalkı sayısı";"2016";"32391";"";"";"";"";""
"Türkiye";"Yıllık";"Adrese Dayalı Nüfus Kayıt Sistemi";"Zonguldak";"En Az Bir Çekirdek Aile Ve Diğer Kişilerden Oluşan Hanehalkı";"Hanehalkı sayısı";"2017";"31474";"";"";"";"";""
"Türkiye";"Yıllık";"Adrese Dayalı Nüfus Kayıt Sistemi";"Zonguldak";"En Az Bir Çekirdek Aile Ve Diğer Kişilerden Oluşan Hanehalkı";"Hanehalkı sayısı";"2018";"31428";"";"";"";"";""
"Türkiye";"Yıllık";"Adrese Dayalı Nüfus Kayıt Sistemi";"Zonguldak";"En Az Bir Çekirdek Aile Ve Diğer Kişilerden Oluşan Hanehalkı";"Hanehalkı sayısı";"2019";"30140";"";"";"";"";""
"Türkiye";"Yıllık";"Adrese Dayalı Nüfus Kayıt Sistemi";"Zonguldak";"En Az Bir Çekirdek Aile Ve Diğer Kişilerden Oluşan Hanehalkı";"Hanehalkı sayısı";"2020";"28539";"";"";"";"";""
"Türkiye";"Yıllık";"Adrese Dayalı Nüfus Kayıt Sistemi";"Zonguldak";"En Az Bir Çekirdek Aile Ve Diğer Kişilerden Oluşan Hanehalkı";"Hanehalkı sayısı";"2021";"27608";"";"";"";"";""
"Türkiye";"Yıllık";"Adrese Dayalı Nüfus Kayıt Sistemi";"Zonguldak";"En Az Bir Çekirdek Aile Ve Diğer Kişilerden Oluşan Hanehalkı";"Hanehalkı sayısı";"2022";"26540";"";"";"";"";""
"Türkiye";"Yıllık";"Adrese Dayalı Nüfus Kayıt Sistemi";"Zonguldak";"En Az Bir Çekirdek Aile Ve Diğer Kişilerden Oluşan Hanehalkı";"Hanehalkı sayısı";"2023";"27912";"";"";"";"";""
"Türkiye";"Yıllık";"Adrese Dayalı Nüfus Kayıt Sistemi";"Zonguldak";"En Az Bir Çekirdek Aile Ve Diğer Kişilerden Oluşan Hanehalkı";"Hanehalkı sayısı";"2024";"28063";"";"";"";"";""
"Türkiye";"Yıllık";"Adrese Dayalı Nüfus Kayıt Sistemi";"Zonguldak";"En Az Bir Çekirdek Aile Ve Diğer Kişilerden Oluşan Hanehalkı";"Hanehalkı sayısı";"2025";"28500";"";"";"";"";""
"Türkiye";"Yıllık";"Adrese Dayalı Nüfus Kayıt Sistemi";"Zonguldak";"Çekirdek Aile Bulunmayan Birden Fazla Kişiden Oluşan Hanehalkı";"Hanehalkı sayısı";"2014";"2936";"";"";"";"";""
"Türkiye";"Yıllık";"Adrese Dayalı Nüfus Kayıt Sistemi";"Zonguldak";"Çekirdek Aile Bulunmayan Birden Fazla Kişiden Oluşan Hanehalkı";"Hanehalkı sayısı";"2015";"3052";"";"";"";"";""
"Türkiye";"Yıllık";"Adrese Dayalı Nüfus Kayıt Sistemi";"Zonguldak";"Çekirdek Aile Bulunmayan Birden Fazla Kişiden Oluşan Hanehalkı";"Hanehalkı sayısı";"2016";"3322";"";"";"";"";""
"Türkiye";"Yıllık";"Adrese Dayalı Nüfus Kayıt Sistemi";"Zonguldak";"Çekirdek Aile Bulunmayan Birden Fazla Kişiden Oluşan Hanehalkı";"Hanehalkı sayısı";"2017";"3708";"";"";"";"";""
"Türkiye";"Yıllık";"Adrese Dayalı Nüfus Kayıt Sistemi";"Zonguldak";"Çekirdek Aile Bulunmayan Birden Fazla Kişiden Oluşan Hanehalkı";"Hanehalkı sayısı";"2018";"3954";"";"";"";"";""
"Türkiye";"Yıllık";"Adrese Dayalı Nüfus Kayıt Sistemi";"Zonguldak";"Çekirdek Aile Bulunmayan Birden Fazla Kişiden Oluşan Hanehalkı";"Hanehalkı sayısı";"2019";"4145";"";"";"";"";""
"Türkiye";"Yıllık";"Adrese Dayalı Nüfus Kayıt Sistemi";"Zonguldak";"Çekirdek Aile Bulunmayan Birden Fazla Kişiden Oluşan Hanehalkı";"Hanehalkı sayısı";"2020";"4052";"";"";"";"";""
"Türkiye";"Yıllık";"Adrese Dayalı Nüfus Kayıt Sistemi";"Zonguldak";"Çekirdek Aile Bulunmayan Birden Fazla Kişiden Oluşan Hanehalkı";"Hanehalkı sayısı";"2021";"4089";"";"";"";"";""
"Türkiye";"Yıllık";"Adrese Dayalı Nüfus Kayıt Sistemi";"Zonguldak";"Çekirdek Aile Bulunmayan Birden Fazla Kişiden Oluşan Hanehalkı";"Hanehalkı sayısı";"2022";"4260";"";"";"";"";""
"Türkiye";"Yıllık";"Adrese Dayalı Nüfus Kayıt Sistemi";"Zonguldak";"Çekirdek Aile Bulunmayan Birden Fazla Kişiden Oluşan Hanehalkı";"Hanehalkı sayısı";"2023";"4753";"";"";"";"";""
"Türkiye";"Yıllık";"Adrese Dayalı Nüfus Kayıt Sistemi";"Zonguldak";"Çekirdek Aile Bulunmayan Birden Fazla Kişiden Oluşan Hanehalkı";"Hanehalkı sayısı";"2024";"4745";"";"";"";"";""
"Türkiye";"Yıllık";"Adrese Dayalı Nüfus Kayıt Sistemi";"Zonguldak";"Çekirdek Aile Bulunmayan Birden Fazla Kişiden Oluşan Hanehalkı";"Hanehalkı sayısı";"2025";"4985";"";"";"";"";""
"Türkiye";"Yıllık";"Adrese Dayalı Nüfus Kayıt Sistemi";"Zonguldak";"Toplam";"Hanehalkı sayısı";"2014";"178780";"";"";"";"";""
"Türkiye";"Yıllık";"Adrese Dayalı Nüfus Kayıt Sistemi";"Zonguldak";"Toplam";"Hanehalkı sayısı";"2015";"181492";"";"";"";"";""
"Türkiye";"Yıllık";"Adrese Dayalı Nüfus Kayıt Sistemi";"Zonguldak";"Toplam";"Hanehalkı sayısı";"2016";"184670";"";"";"";"";""
"Türkiye";"Yıllık";"Adrese Dayalı Nüfus Kayıt Sistemi";"Zonguldak";"Toplam";"Hanehalkı sayısı";"2017";"186980";"";"";"";"";""
"Türkiye";"Yıllık";"Adrese Dayalı Nüfus Kayıt Sistemi";"Zonguldak";"Toplam";"Hanehalkı sayısı";"2018";"190657";"";"";"";"";""
"Türkiye";"Yıllık";"Adrese Dayalı Nüfus Kayıt Sistemi";"Zonguldak";"Toplam";"Hanehalkı sayısı";"2019";"193230";"";"";"";"";""
"Türkiye";"Yıllık";"Adrese Dayalı Nüfus Kayıt Sistemi";"Zonguldak";"Toplam";"Hanehalkı sayısı";"2020";"196670";"";"";"";"";""
"Türkiye";"Yıllık";"Adrese Dayalı Nüfus Kayıt Sistemi";"Zonguldak";"Toplam";"Hanehalkı sayısı";"2021";"199841";"";"";"";"";""
"Türkiye";"Yıllık";"Adrese Dayalı Nüfus Kayıt Sistemi";"Zonguldak";"Toplam";"Hanehalkı sayısı";"2022";"204318";"";"";"";"";""
"Türkiye";"Yıllık";"Adrese Dayalı Nüfus Kayıt Sistemi";"Zonguldak";"Toplam";"Hanehalkı sayısı";"2023";"206903";"";"";"";"";""
"Türkiye";"Yıllık";"Adrese Dayalı Nüfus Kayıt Sistemi";"Zonguldak";"Toplam";"Hanehalkı sayısı";"2024";"207242";"";"";"";"";""
"Türkiye";"Yıllık";"Adrese Dayalı Nüfus Kayıt Sistemi";"Zonguldak";"Toplam";"Hanehalkı sayısı";"2025";"208888";"";"";"";"";""
"Türkiye";"Yıllık";"Adrese Dayalı Nüfus Kayıt Sistemi";"Çankırı";"Tek Kişilik Hanehalkı";"Hanehalkı sayısı";"2014";"11753";"";"";"";"";""
"Türkiye";"Yıllık";"Adrese Dayalı Nüfus Kayıt Sistemi";"Çankırı";"Tek Kişilik Hanehalkı";"Hanehalkı sayısı";"2015";"12490";"";"";"";"";""
"Türkiye";"Yıllık";"Adrese Dayalı Nüfus Kayıt Sistemi";"Çankırı";"Tek Kişilik Hanehalkı";"Hanehalkı sayısı";"2016";"13512";"";"";"";"";""
"Türkiye";"Yıllık";"Adrese Dayalı Nüfus Kayıt Sistemi";"Çankırı";"Tek Kişilik Hanehalkı";"Hanehalkı sayısı";"2017";"14289";"";"";"";"";""
"Türkiye";"Yıllık";"Adrese Dayalı Nüfus Kayıt Sistemi";"Çankırı";"Tek Kişilik Hanehalkı";"Hanehalkı sayısı";"2018";"15017";"";"";"";"";""
"Türkiye";"Yıllık";"Adrese Dayalı Nüfus Kayıt Sistemi";"Çankırı";"Tek Kişilik Hanehalkı";"Hanehalkı sayısı";"2019";"16240";"";"";"";"";""
"Türkiye";"Yıllık";"Adrese Dayalı Nüfus Kayıt Sistemi";"Çankırı";"Tek Kişilik Hanehalkı";"Hanehalkı sayısı";"2020";"17412";"";"";"";"";""
"Türkiye";"Yıllık";"Adrese Dayalı Nüfus Kayıt Sistemi";"Çankırı";"Tek Kişilik Hanehalkı";"Hanehalkı sayısı";"2021";"17987";"";"";"";"";""
"Türkiye";"Yıllık";"Adrese Dayalı Nüfus Kayıt Sistemi";"Çankırı";"Tek Kişilik Hanehalkı";"Hanehalkı sayısı";"2022";"18521";"";"";"";"";""
"Türkiye";"Yıllık";"Adrese Dayalı Nüfus Kayıt Sistemi";"Çankırı";"Tek Kişilik Hanehalkı";"Hanehalkı sayısı";"2023";"17591";"";"";"";"";""
"Türkiye";"Yıllık";"Adrese Dayalı Nüfus Kayıt Sistemi";"Çankırı";"Tek Kişilik Hanehalkı";"Hanehalkı sayısı";"2024";"18332";"";"";"";"";""
"Türkiye";"Yıllık";"Adrese Dayalı Nüfus Kayıt Sistemi";"Çankırı";"Tek Kişilik Hanehalkı";"Hanehalkı sayısı";"2025";"19067";"";"";"";"";""
"Türkiye";"Yıllık";"Adrese Dayalı Nüfus Kayıt Sistemi";"Çankırı";"Tek Çekirdek Aileden Oluşan Hanehalkı";"Hanehalkı sayısı";"2014";"37074";"";"";"";"";""
"Türkiye";"Yıllık";"Adrese Dayalı Nüfus Kayıt Sistemi";"Çankırı";"Tek Çekirdek Aileden Oluşan Hanehalkı";"Hanehalkı sayısı";"2015";"37212";"";"";"";"";""
"Türkiye";"Yıllık";"Adrese Dayalı Nüfus Kayıt Sistemi";"Çankırı";"Tek Çekirdek Aileden Oluşan Hanehalkı";"Hanehalkı sayısı";"2016";"37197";"";"";"";"";""
"Türkiye";"Yıllık";"Adrese Dayalı Nüfus Kayıt Sistemi";"Çankırı";"Tek Çekirdek Aileden Oluşan Hanehalkı";"Hanehalkı sayısı";"2017";"37217";"";"";"";"";""
"Türkiye";"Yıllık";"Adrese Dayalı Nüfus Kayıt Sistemi";"Çankırı";"Tek Çekirdek Aileden Oluşan Hanehalkı";"Hanehalkı sayısı";"2018";"39141";"";"";"";"";""
"Türkiye";"Yıllık";"Adrese Dayalı Nüfus Kayıt Sistemi";"Çankırı";"Tek Çekirdek Aileden Oluşan Hanehalkı";"Hanehalkı sayısı";"2019";"38935";"";"";"";"";""
"Türkiye";"Yıllık";"Adrese Dayalı Nüfus Kayıt Sistemi";"Çankırı";"Tek Çekirdek Aileden Oluşan Hanehalkı";"Hanehalkı sayısı";"2020";"39403";"";"";"";"";""
"Türkiye";"Yıllık";"Adrese Dayalı Nüfus Kayıt Sistemi";"Çankırı";"Tek Çekirdek Aileden Oluşan Hanehalkı";"Hanehalkı sayısı";"2021";"39538";"";"";"";"";""
"Türkiye";"Yıllık";"Adrese Dayalı Nüfus Kayıt Sistemi";"Çankırı";"Tek Çekirdek Aileden Oluşan Hanehalkı";"Hanehalkı sayısı";"2022";"39839";"";"";"";"";""
"Türkiye";"Yıllık";"Adrese Dayalı Nüfus Kayıt Sistemi";"Çankırı";"Tek Çekirdek Aileden Oluşan Hanehalkı";"Hanehalkı sayısı";"2023";"39475";"";"";"";"";""
"Türkiye";"Yıllık";"Adrese Dayalı Nüfus Kayıt Sistemi";"Çankırı";"Tek Çekirdek Aileden Oluşan Hanehalkı";"Hanehalkı sayısı";"2024";"39295";"";"";"";"";""
"Türkiye";"Yıllık";"Adrese Dayalı Nüfus Kayıt Sistemi";"Çankırı";"Tek Çekirdek Aileden Oluşan Hanehalkı";"Hanehalkı sayısı";"2025";"39191";"";"";"";"";""
"Türkiye";"Yıllık";"Adrese Dayalı Nüfus Kayıt Sistemi";"Çankırı";"En Az Bir Çekirdek Aile Ve Diğer Kişilerden Oluşan Hanehalkı";"Hanehalkı sayısı";"2014";"8938";"";"";"";"";""
"Türkiye";"Yıllık";"Adrese Dayalı Nüfus Kayıt Sistemi";"Çankırı";"En Az Bir Çekirdek Aile Ve Diğer Kişilerden Oluşan Hanehalkı";"Hanehalkı sayısı";"2015";"8207";"";"";"";"";""
"Türkiye";"Yıllık";"Adrese Dayalı Nüfus Kayıt Sistemi";"Çankırı";"En Az Bir Çekirdek Aile Ve Diğer Kişilerden Oluşan Hanehalkı";"Hanehalkı sayısı";"2016";"8316";"";"";"";"";""
"Türkiye";"Yıllık";"Adrese Dayalı Nüfus Kayıt Sistemi";"Çankırı";"En Az Bir Çekirdek Aile Ve Diğer Kişilerden Oluşan Hanehalkı";"Hanehalkı sayısı";"2017";"8281";"";"";"";"";""
"Türkiye";"Yıllık";"Adrese Dayalı Nüfus Kayıt Sistemi";"Çankırı";"En Az Bir Çekirdek Aile Ve Diğer Kişilerden Oluşan Hanehalkı";"Hanehalkı sayısı";"2018";"11451";"";"";"";"";""
"Türkiye";"Yıllık";"Adrese Dayalı Nüfus Kayıt Sistemi";"Çankırı";"En Az Bir Çekirdek Aile Ve Diğer Kişilerden Oluşan Hanehalkı";"Hanehalkı sayısı";"2019";"8972";"";"";"";"";""
"Türkiye";"Yıllık";"Adrese Dayalı Nüfus Kayıt Sistemi";"Çankırı";"En Az Bir Çekirdek Aile Ve Diğer Kişilerden Oluşan Hanehalkı";"Hanehalkı sayısı";"2020";"8351";"";"";"";"";""
"Türkiye";"Yıllık";"Adrese Dayalı Nüfus Kayıt Sistemi";"Çankırı";"En Az Bir Çekirdek Aile Ve Diğer Kişilerden Oluşan Hanehalkı";"Hanehalkı sayısı";"2021";"8535";"";"";"";"";""
"Türkiye";"Yıllık";"Adrese Dayalı Nüfus Kayıt Sistemi";"Çankırı";"En Az Bir Çekirdek Aile Ve Diğer Kişilerden Oluşan Hanehalkı";"Hanehalkı sayısı";"2022";"8444";"";"";"";"";""
"Türkiye";"Yıllık";"Adrese Dayalı Nüfus Kayıt Sistemi";"Çankırı";"En Az Bir Çekirdek Aile Ve Diğer Kişilerden Oluşan Hanehalkı";"Hanehalkı sayısı";"2023";"10206";"";"";"";"";""
"Türkiye";"Yıllık";"Adrese Dayalı Nüfus Kayıt Sistemi";"Çankırı";"En Az Bir Çekirdek Aile Ve Diğer Kişilerden Oluşan Hanehalkı";"Hanehalkı sayısı";"2024";"9802";"";"";"";"";""
"Türkiye";"Yıllık";"Adrese Dayalı Nüfus Kayıt Sistemi";"Çankırı";"En Az Bir Çekirdek Aile Ve Diğer Kişilerden Oluşan Hanehalkı";"Hanehalkı sayısı";"2025";"9833";"";"";"";"";""
"Türkiye";"Yıllık";"Adrese Dayalı Nüfus Kayıt Sistemi";"Çankırı";"Çekirdek Aile Bulunmayan Birden Fazla Kişiden Oluşan Hanehalkı";"Hanehalkı sayısı";"2014";"1390";"";"";"";"";""
"Türkiye";"Yıllık";"Adrese Dayalı Nüfus Kayıt Sistemi";"Çankırı";"Çekirdek Aile Bulunmayan Birden Fazla Kişiden Oluşan Hanehalkı";"Hanehalkı sayısı";"2015";"1482";"";"";"";"";""
"Türkiye";"Yıllık";"Adrese Dayalı Nüfus Kayıt Sistemi";"Çankırı";"Çekirdek Aile Bulunmayan Birden Fazla Kişiden Oluşan Hanehalkı";"Hanehalkı sayısı";"2016";"1713";"";"";"";"";""
"Türkiye";"Yıllık";"Adrese Dayalı Nüfus Kayıt Sistemi";"Çankırı";"Çekirdek Aile Bulunmayan Birden Fazla Kişiden Oluşan Hanehalkı";"Hanehalkı sayısı";"2017";"1776";"";"";"";"";""
"Türkiye";"Yıllık";"Adrese Dayalı Nüfus Kayıt Sistemi";"Çankırı";"Çekirdek Aile Bulunmayan Birden Fazla Kişiden Oluşan Hanehalkı";"Hanehalkı sayısı";"2018";"2247";"";"";"";"";""
"Türkiye";"Yıllık";"Adrese Dayalı Nüfus Kayıt Sistemi";"Çankırı";"Çekirdek Aile Bulunmayan Birden Fazla Kişiden Oluşan Hanehalkı";"Hanehalkı sayısı";"2019";"2385";"";"";"";"";""
"Türkiye";"Yıllık";"Adrese Dayalı Nüfus Kayıt Sistemi";"Çankırı";"Çekirdek Aile Bulunmayan Birden Fazla Kişiden Oluşan Hanehalkı";"Hanehalkı sayısı";"2020";"2354";"";"";"";"";""
"Türkiye";"Yıllık";"Adrese Dayalı Nüfus Kayıt Sistemi";"Çankırı";"Çekirdek Aile Bulunmayan Birden Fazla Kişiden Oluşan Hanehalkı";"Hanehalkı sayısı";"2021";"2564";"";"";"";"";""
"Türkiye";"Yıllık";"Adrese Dayalı Nüfus Kayıt Sistemi";"Çankırı";"Çekirdek Aile Bulunmayan Birden Fazla Kişiden Oluşan Hanehalkı";"Hanehalkı sayısı";"2022";"2787";"";"";"";"";""
"Türkiye";"Yıllık";"Adrese Dayalı Nüfus Kayıt Sistemi";"Çankırı";"Çekirdek Aile Bulunmayan Birden Fazla Kişiden Oluşan Hanehalkı";"Hanehalkı sayısı";"2023";"2426";"";"";"";"";""
"Türkiye";"Yıllık";"Adrese Dayalı Nüfus Kayıt Sistemi";"Çankırı";"Çekirdek Aile Bulunmayan Birden Fazla Kişiden Oluşan Hanehalkı";"Hanehalkı sayısı";"2024";"2469";"";"";"";"";""
"Türkiye";"Yıllık";"Adrese Dayalı Nüfus Kayıt Sistemi";"Çankırı";"Çekirdek Aile Bulunmayan Birden Fazla Kişiden Oluşan Hanehalkı";"Hanehalkı sayısı";"2025";"2569";"";"";"";"";""
"Türkiye";"Yıllık";"Adrese Dayalı Nüfus Kayıt Sistemi";"Çankırı";"Toplam";"Hanehalkı sayısı";"2014";"59155";"";"";"";"";""
"Türkiye";"Yıllık";"Adrese Dayalı Nüfus Kayıt Sistemi";"Çankırı";"Toplam";"Hanehalkı sayısı";"2015";"59391";"";"";"";"";""
"Türkiye";"Yıllık";"Adrese Dayalı Nüfus Kayıt Sistemi";"Çankırı";"Toplam";"Hanehalkı sayısı";"2016";"60738";"";"";"";"";""
"Türkiye";"Yıllık";"Adrese Dayalı Nüfus Kayıt Sistemi";"Çankırı";"Toplam";"Hanehalkı sayısı";"2017";"61563";"";"";"";"";""
"Türkiye";"Yıllık";"Adrese Dayalı Nüfus Kayıt Sistemi";"Çankırı";"Toplam";"Hanehalkı sayısı";"2018";"67856";"";"";"";"";""
"Türkiye";"Yıllık";"Adrese Dayalı Nüfus Kayıt Sistemi";"Çankırı";"Toplam";"Hanehalkı sayısı";"2019";"66532";"";"";"";"";""
"Türkiye";"Yıllık";"Adrese Dayalı Nüfus Kayıt Sistemi";"Çankırı";"Toplam";"Hanehalkı sayısı";"2020";"67520";"";"";"";"";""
"Türkiye";"Yıllık";"Adrese Dayalı Nüfus Kayıt Sistemi";"Çankırı";"Toplam";"Hanehalkı sayısı";"2021";"68624";"";"";"";"";""
"Türkiye";"Yıllık";"Adrese Dayalı Nüfus Kayıt Sistemi";"Çankırı";"Toplam";"Hanehalkı sayısı";"2022";"69591";"";"";"";"";""
"Türkiye";"Yıllık";"Adrese Dayalı Nüfus Kayıt Sistemi";"Çankırı";"Toplam";"Hanehalkı sayısı";"2023";"69698";"";"";"";"";""
"Türkiye";"Yıllık";"Adrese Dayalı Nüfus Kayıt Sistemi";"Çankırı";"Toplam";"Hanehalkı sayısı";"2024";"69898";"";"";"";"";""
"Türkiye";"Yıllık";"Adrese Dayalı Nüfus Kayıt Sistemi";"Çankırı";"Toplam";"Hanehalkı sayısı";"2025";"70660";"";"";"";"";""
"Türkiye";"Yıllık";"Adrese Dayalı Nüfus Kayıt Sistemi";"Kastamonu";"Tek Kişilik Hanehalkı";"Hanehalkı sayısı";"2014";"21774";"";"";"";"";""
"Türkiye";"Yıllık";"Adrese Dayalı Nüfus Kayıt Sistemi";"Kastamonu";"Tek Kişilik Hanehalkı";"Hanehalkı sayısı";"2015";"23055";"";"";"";"";""
"Türkiye";"Yıllık";"Adrese Dayalı Nüfus Kayıt Sistemi";"Kastamonu";"Tek Kişilik Hanehalkı";"Hanehalkı sayısı";"2016";"24857";"";"";"";"";""
"Türkiye";"Yıllık";"Adrese Dayalı Nüfus Kayıt Sistemi";"Kastamonu";"Tek Kişilik Hanehalkı";"Hanehalkı sayısı";"2017";"26083";"";"";"";"";""
"Türkiye";"Yıllık";"Adrese Dayalı Nüfus Kayıt Sistemi";"Kastamonu";"Tek Kişilik Hanehalkı";"Hanehalkı sayısı";"2018";"27162";"";"";"";"";""
"Türkiye";"Yıllık";"Adrese Dayalı Nüfus Kayıt Sistemi";"Kastamonu";"Tek Kişilik Hanehalkı";"Hanehalkı sayısı";"2019";"29210";"";"";"";"";""
"Türkiye";"Yıllık";"Adrese Dayalı Nüfus Kayıt Sistemi";"Kastamonu";"Tek Kişilik Hanehalkı";"Hanehalkı sayısı";"2020";"31024";"";"";"";"";""
"Türkiye";"Yıllık";"Adrese Dayalı Nüfus Kayıt Sistemi";"Kastamonu";"Tek Kişilik Hanehalkı";"Hanehalkı sayısı";"2021";"33223";"";"";"";"";""
"Türkiye";"Yıllık";"Adrese Dayalı Nüfus Kayıt Sistemi";"Kastamonu";"Tek Kişilik Hanehalkı";"Hanehalkı sayısı";"2022";"35098";"";"";"";"";""
"Türkiye";"Yıllık";"Adrese Dayalı Nüfus Kayıt Sistemi";"Kastamonu";"Tek Kişilik Hanehalkı";"Hanehalkı sayısı";"2023";"34906";"";"";"";"";""
"Türkiye";"Yıllık";"Adrese Dayalı Nüfus Kayıt Sistemi";"Kastamonu";"Tek Kişilik Hanehalkı";"Hanehalkı sayısı";"2024";"35980";"";"";"";"";""
"Türkiye";"Yıllık";"Adrese Dayalı Nüfus Kayıt Sistemi";"Kastamonu";"Tek Kişilik Hanehalkı";"Hanehalkı sayısı";"2025";"37624";"";"";"";"";""
"Türkiye";"Yıllık";"Adrese Dayalı Nüfus Kayıt Sistemi";"Kastamonu";"Tek Çekirdek Aileden Oluşan Hanehalkı";"Hanehalkı sayısı";"2014";"64102";"";"";"";"";""
"Türkiye";"Yıllık";"Adrese Dayalı Nüfus Kayıt Sistemi";"Kastamonu";"Tek Çekirdek Aileden Oluşan Hanehalkı";"Hanehalkı sayısı";"2015";"65591";"";"";"";"";""
"Türkiye";"Yıllık";"Adrese Dayalı Nüfus Kayıt Sistemi";"Kastamonu";"Tek Çekirdek Aileden Oluşan Hanehalkı";"Hanehalkı sayısı";"2016";"66533";"";"";"";"";""
"Türkiye";"Yıllık";"Adrese Dayalı Nüfus Kayıt Sistemi";"Kastamonu";"Tek Çekirdek Aileden Oluşan Hanehalkı";"Hanehalkı sayısı";"2017";"67197";"";"";"";"";""
"Türkiye";"Yıllık";"Adrese Dayalı Nüfus Kayıt Sistemi";"Kastamonu";"Tek Çekirdek Aileden Oluşan Hanehalkı";"Hanehalkı sayısı";"2018";"68255";"";"";"";"";""
"Türkiye";"Yıllık";"Adrese Dayalı Nüfus Kayıt Sistemi";"Kastamonu";"Tek Çekirdek Aileden Oluşan Hanehalkı";"Hanehalkı sayısı";"2019";"69433";"";"";"";"";""
"Türkiye";"Yıllık";"Adrese Dayalı Nüfus Kayıt Sistemi";"Kastamonu";"Tek Çekirdek Aileden Oluşan Hanehalkı";"Hanehalkı sayısı";"2020";"71669";"";"";"";"";""
"Türkiye";"Yıllık";"Adrese Dayalı Nüfus Kayıt Sistemi";"Kastamonu";"Tek Çekirdek Aileden Oluşan Hanehalkı";"Hanehalkı sayısı";"2021";"73031";"";"";"";"";""
"Türkiye";"Yıllık";"Adrese Dayalı Nüfus Kayıt Sistemi";"Kastamonu";"Tek Çekirdek Aileden Oluşan Hanehalkı";"Hanehalkı sayısı";"2022";"75263";"";"";"";"";""
"Türkiye";"Yıllık";"Adrese Dayalı Nüfus Kayıt Sistemi";"Kastamonu";"Tek Çekirdek Aileden Oluşan Hanehalkı";"Hanehalkı sayısı";"2023";"75563";"";"";"";"";""
"Türkiye";"Yıllık";"Adrese Dayalı Nüfus Kayıt Sistemi";"Kastamonu";"Tek Çekirdek Aileden Oluşan Hanehalkı";"Hanehalkı sayısı";"2024";"76352";"";"";"";"";""
"Türkiye";"Yıllık";"Adrese Dayalı Nüfus Kayıt Sistemi";"Kastamonu";"Tek Çekirdek Aileden Oluşan Hanehalkı";"Hanehalkı sayısı";"2025";"76372";"";"";"";"";""
"Türkiye";"Yıllık";"Adrese Dayalı Nüfus Kayıt Sistemi";"Kastamonu";"En Az Bir Çekirdek Aile Ve Diğer Kişilerden Oluşan Hanehalkı";"Hanehalkı sayısı";"2014";"24113";"";"";"";"";""
"Türkiye";"Yıllık";"Adrese Dayalı Nüfus Kayıt Sistemi";"Kastamonu";"En Az Bir Çekirdek Aile Ve Diğer Kişilerden Oluşan Hanehalkı";"Hanehalkı sayısı";"2015";"23720";"";"";"";"";""
"Türkiye";"Yıllık";"Adrese Dayalı Nüfus Kayıt Sistemi";"Kastamonu";"En Az Bir Çekirdek Aile Ve Diğer Kişilerden Oluşan Hanehalkı";"Hanehalkı sayısı";"2016";"23246";"";"";"";"";""
"Türkiye";"Yıllık";"Adrese Dayalı Nüfus Kayıt Sistemi";"Kastamonu";"En Az Bir Çekirdek Aile Ve Diğer Kişilerden Oluşan Hanehalkı";"Hanehalkı sayısı";"2017";"22644";"";"";"";"";""
"Türkiye";"Yıllık";"Adrese Dayalı Nüfus Kayıt Sistemi";"Kastamonu";"En Az Bir Çekirdek Aile Ve Diğer Kişilerden Oluşan Hanehalkı";"Hanehalkı sayısı";"2018";"23697";"";"";"";"";""
"Türkiye";"Yıllık";"Adrese Dayalı Nüfus Kayıt Sistemi";"Kastamonu";"En Az Bir Çekirdek Aile Ve Diğer Kişilerden Oluşan Hanehalkı";"Hanehalkı sayısı";"2019";"22657";"";"";"";"";""
"Türkiye";"Yıllık";"Adrese Dayalı Nüfus Kayıt Sistemi";"Kastamonu";"En Az Bir Çekirdek Aile Ve Diğer Kişilerden Oluşan Hanehalkı";"Hanehalkı sayısı";"2020";"21587";"";"";"";"";""
"Türkiye";"Yıllık";"Adrese Dayalı Nüfus Kayıt Sistemi";"Kastamonu";"En Az Bir Çekirdek Aile Ve Diğer Kişilerden Oluşan Hanehalkı";"Hanehalkı sayısı";"2021";"20842";"";"";"";"";""
"Türkiye";"Yıllık";"Adrese Dayalı Nüfus Kayıt Sistemi";"Kastamonu";"En Az Bir Çekirdek Aile Ve Diğer Kişilerden Oluşan Hanehalkı";"Hanehalkı sayısı";"2022";"20219";"";"";"";"";""
"Türkiye";"Yıllık";"Adrese Dayalı Nüfus Kayıt Sistemi";"Kastamonu";"En Az Bir Çekirdek Aile Ve Diğer Kişilerden Oluşan Hanehalkı";"Hanehalkı sayısı";"2023";"22270";"";"";"";"";""
"Türkiye";"Yıllık";"Adrese Dayalı Nüfus Kayıt Sistemi";"Kastamonu";"En Az Bir Çekirdek Aile Ve Diğer Kişilerden Oluşan Hanehalkı";"Hanehalkı sayısı";"2024";"21060";"";"";"";"";""
"Türkiye";"Yıllık";"Adrese Dayalı Nüfus Kayıt Sistemi";"Kastamonu";"En Az Bir Çekirdek Aile Ve Diğer Kişilerden Oluşan Hanehalkı";"Hanehalkı sayısı";"2025";"20828";"";"";"";"";""
"Türkiye";"Yıllık";"Adrese Dayalı Nüfus Kayıt Sistemi";"Kastamonu";"Çekirdek Aile Bulunmayan Birden Fazla Kişiden Oluşan Hanehalkı";"Hanehalkı sayısı";"2014";"2297";"";"";"";"";""
"Türkiye";"Yıllık";"Adrese Dayalı Nüfus Kayıt Sistemi";"Kastamonu";"Çekirdek Aile Bulunmayan Birden Fazla Kişiden Oluşan Hanehalkı";"Hanehalkı sayısı";"2015";"2466";"";"";"";"";""
"Türkiye";"Yıllık";"Adrese Dayalı Nüfus Kayıt Sistemi";"Kastamonu";"Çekirdek Aile Bulunmayan Birden Fazla Kişiden Oluşan Hanehalkı";"Hanehalkı sayısı";"2016";"2906";"";"";"";"";""
"Türkiye";"Yıllık";"Adrese Dayalı Nüfus Kayıt Sistemi";"Kastamonu";"Çekirdek Aile Bulunmayan Birden Fazla Kişiden Oluşan Hanehalkı";"Hanehalkı sayısı";"2017";"2839";"";"";"";"";""
"Türkiye";"Yıllık";"Adrese Dayalı Nüfus Kayıt Sistemi";"Kastamonu";"Çekirdek Aile Bulunmayan Birden Fazla Kişiden Oluşan Hanehalkı";"Hanehalkı sayısı";"2018";"3123";"";"";"";"";""
"Türkiye";"Yıllık";"Adrese Dayalı Nüfus Kayıt Sistemi";"Kastamonu";"Çekirdek Aile Bulunmayan Birden Fazla Kişiden Oluşan Hanehalkı";"Hanehalkı sayısı";"2019";"3447";"";"";"";"";""
"Türkiye";"Yıllık";"Adrese Dayalı Nüfus Kayıt Sistemi";"Kastamonu";"Çekirdek Aile Bulunmayan Birden Fazla Kişiden Oluşan Hanehalkı";"Hanehalkı sayısı";"2020";"3394";"";"";"";"";""
"Türkiye";"Yıllık";"Adrese Dayalı Nüfus Kayıt Sistemi";"Kastamonu";"Çekirdek Aile Bulunmayan Birden Fazla Kişiden Oluşan Hanehalkı";"Hanehalkı sayısı";"2021";"3255";"";"";"";"";""
"Türkiye";"Yıllık";"Adrese Dayalı Nüfus Kayıt Sistemi";"Kastamonu";"Çekirdek Aile Bulunmayan Birden Fazla Kişiden Oluşan Hanehalkı";"Hanehalkı sayısı";"2022";"3376";"";"";"";"";""
"Türkiye";"Yıllık";"Adrese Dayalı Nüfus Kayıt Sistemi";"Kastamonu";"Çekirdek Aile Bulunmayan Birden Fazla Kişiden Oluşan Hanehalkı";"Hanehalkı sayısı";"2023";"3498";"";"";"";"";""
"Türkiye";"Yıllık";"Adrese Dayalı Nüfus Kayıt Sistemi";"Kastamonu";"Çekirdek Aile Bulunmayan Birden Fazla Kişiden Oluşan Hanehalkı";"Hanehalkı sayısı";"2024";"3488";"";"";"";"";""
"Türkiye";"Yıllık";"Adrese Dayalı Nüfus Kayıt Sistemi";"Kastamonu";"Çekirdek Aile Bulunmayan Birden Fazla Kişiden Oluşan Hanehalkı";"Hanehalkı sayısı";"2025";"3478";"";"";"";"";""
"Türkiye";"Yıllık";"Adrese Dayalı Nüfus Kayıt Sistemi";"Kastamonu";"Toplam";"Hanehalkı sayısı";"2014";"112286";"";"";"";"";""
"Türkiye";"Yıllık";"Adrese Dayalı Nüfus Kayıt Sistemi";"Kastamonu";"Toplam";"Hanehalkı sayısı";"2015";"114832";"";"";"";"";""
"Türkiye";"Yıllık";"Adrese Dayalı Nüfus Kayıt Sistemi";"Kastamonu";"Toplam";"Hanehalkı sayısı";"2016";"117542";"";"";"";"";""
"Türkiye";"Yıllık";"Adrese Dayalı Nüfus Kayıt Sistemi";"Kastamonu";"Toplam";"Hanehalkı sayısı";"2017";"118763";"";"";"";"";""
"Türkiye";"Yıllık";"Adrese Dayalı Nüfus Kayıt Sistemi";"Kastamonu";"Toplam";"Hanehalkı sayısı";"2018";"122237";"";"";"";"";""
"Türkiye";"Yıllık";"Adrese Dayalı Nüfus Kayıt Sistemi";"Kastamonu";"Toplam";"Hanehalkı sayısı";"2019";"124747";"";"";"";"";""
"Türkiye";"Yıllık";"Adrese Dayalı Nüfus Kayıt Sistemi";"Kastamonu";"Toplam";"Hanehalkı sayısı";"2020";"127674";"";"";"";"";""
"Türkiye";"Yıllık";"Adrese Dayalı Nüfus Kayıt Sistemi";"Kastamonu";"Toplam";"Hanehalkı sayısı";"2021";"130351";"";"";"";"";""
"Türkiye";"Yıllık";"Adrese Dayalı Nüfus Kayıt Sistemi";"Kastamonu";"Toplam";"Hanehalkı sayısı";"2022";"133956";"";"";"";"";""
"Türkiye";"Yıllık";"Adrese Dayalı Nüfus Kayıt Sistemi";"Kastamonu";"Toplam";"Hanehalkı sayısı";"2023";"136237";"";"";"";"";""
"Türkiye";"Yıllık";"Adrese Dayalı Nüfus Kayıt Sistemi";"Kastamonu";"Toplam";"Hanehalkı sayısı";"2024";"136880";"";"";"";"";""
"Türkiye";"Yıllık";"Adrese Dayalı Nüfus Kayıt Sistemi";"Kastamonu";"Toplam";"Hanehalkı sayısı";"2025";"138302";"";"";"";"";""
"Türkiye";"Yıllık";"Adrese Dayalı Nüfus Kayıt Sistemi";"Sinop";"Tek Kişilik Hanehalkı";"Hanehalkı sayısı";"2014";"13390";"";"";"";"";""
"Türkiye";"Yıllık";"Adrese Dayalı Nüfus Kayıt Sistemi";"Sinop";"Tek Kişilik Hanehalkı";"Hanehalkı sayısı";"2015";"14115";"";"";"";"";""
"Türkiye";"Yıllık";"Adrese Dayalı Nüfus Kayıt Sistemi";"Sinop";"Tek Kişilik Hanehalkı";"Hanehalkı sayısı";"2016";"14910";"";"";"";"";""
"Türkiye";"Yıllık";"Adrese Dayalı Nüfus Kayıt Sistemi";"Sinop";"Tek Kişilik Hanehalkı";"Hanehalkı sayısı";"2017";"15582";"";"";"";"";""
"Türkiye";"Yıllık";"Adrese Dayalı Nüfus Kayıt Sistemi";"Sinop";"Tek Kişilik Hanehalkı";"Hanehalkı sayısı";"2018";"16016";"";"";"";"";""
"Türkiye";"Yıllık";"Adrese Dayalı Nüfus Kayıt Sistemi";"Sinop";"Tek Kişilik Hanehalkı";"Hanehalkı sayısı";"2019";"17142";"";"";"";"";""
"Türkiye";"Yıllık";"Adrese Dayalı Nüfus Kayıt Sistemi";"Sinop";"Tek Kişilik Hanehalkı";"Hanehalkı sayısı";"2020";"18474";"";"";"";"";""
"Türkiye";"Yıllık";"Adrese Dayalı Nüfus Kayıt Sistemi";"Sinop";"Tek Kişilik Hanehalkı";"Hanehalkı sayısı";"2021";"19981";"";"";"";"";""
"Türkiye";"Yıllık";"Adrese Dayalı Nüfus Kayıt Sistemi";"Sinop";"Tek Kişilik Hanehalkı";"Hanehalkı sayısı";"2022";"21175";"";"";"";"";""
"Türkiye";"Yıllık";"Adrese Dayalı Nüfus Kayıt Sistemi";"Sinop";"Tek Kişilik Hanehalkı";"Hanehalkı sayısı";"2023";"21276";"";"";"";"";""
"Türkiye";"Yıllık";"Adrese Dayalı Nüfus Kayıt Sistemi";"Sinop";"Tek Kişilik Hanehalkı";"Hanehalkı sayısı";"2024";"22209";"";"";"";"";""
"Türkiye";"Yıllık";"Adrese Dayalı Nüfus Kayıt Sistemi";"Sinop";"Tek Kişilik Hanehalkı";"Hanehalkı sayısı";"2025";"23062";"";"";"";"";""
"Türkiye";"Yıllık";"Adrese Dayalı Nüfus Kayıt Sistemi";"Sinop";"Tek Çekirdek Aileden Oluşan Hanehalkı";"Hanehalkı sayısı";"2014";"41533";"";"";"";"";""
"Türkiye";"Yıllık";"Adrese Dayalı Nüfus Kayıt Sistemi";"Sinop";"Tek Çekirdek Aileden Oluşan Hanehalkı";"Hanehalkı sayısı";"2015";"41769";"";"";"";"";""
"Türkiye";"Yıllık";"Adrese Dayalı Nüfus Kayıt Sistemi";"Sinop";"Tek Çekirdek Aileden Oluşan Hanehalkı";"Hanehalkı sayısı";"2016";"41793";"";"";"";"";""
"Türkiye";"Yıllık";"Adrese Dayalı Nüfus Kayıt Sistemi";"Sinop";"Tek Çekirdek Aileden Oluşan Hanehalkı";"Hanehalkı sayısı";"2017";"42129";"";"";"";"";""
"Türkiye";"Yıllık";"Adrese Dayalı Nüfus Kayıt Sistemi";"Sinop";"Tek Çekirdek Aileden Oluşan Hanehalkı";"Hanehalkı sayısı";"2018";"42950";"";"";"";"";""
"Türkiye";"Yıllık";"Adrese Dayalı Nüfus Kayıt Sistemi";"Sinop";"Tek Çekirdek Aileden Oluşan Hanehalkı";"Hanehalkı sayısı";"2019";"44386";"";"";"";"";""
"Türkiye";"Yıllık";"Adrese Dayalı Nüfus Kayıt Sistemi";"Sinop";"Tek Çekirdek Aileden Oluşan Hanehalkı";"Hanehalkı sayısı";"2020";"45364";"";"";"";"";""
"Türkiye";"Yıllık";"Adrese Dayalı Nüfus Kayıt Sistemi";"Sinop";"Tek Çekirdek Aileden Oluşan Hanehalkı";"Hanehalkı sayısı";"2021";"46116";"";"";"";"";""
"Türkiye";"Yıllık";"Adrese Dayalı Nüfus Kayıt Sistemi";"Sinop";"Tek Çekirdek Aileden Oluşan Hanehalkı";"Hanehalkı sayısı";"2022";"47280";"";"";"";"";""
"Türkiye";"Yıllık";"Adrese Dayalı Nüfus Kayıt Sistemi";"Sinop";"Tek Çekirdek Aileden Oluşan Hanehalkı";"Hanehalkı sayısı";"2023";"47748";"";"";"";"";""
"Türkiye";"Yıllık";"Adrese Dayalı Nüfus Kayıt Sistemi";"Sinop";"Tek Çekirdek Aileden Oluşan Hanehalkı";"Hanehalkı sayısı";"2024";"48005";"";"";"";"";""
"Türkiye";"Yıllık";"Adrese Dayalı Nüfus Kayıt Sistemi";"Sinop";"Tek Çekirdek Aileden Oluşan Hanehalkı";"Hanehalkı sayısı";"2025";"48158";"";"";"";"";""
"Türkiye";"Yıllık";"Adrese Dayalı Nüfus Kayıt Sistemi";"Sinop";"En Az Bir Çekirdek Aile Ve Diğer Kişilerden Oluşan Hanehalkı";"Hanehalkı sayısı";"2014";"10657";"";"";"";"";""
"Türkiye";"Yıllık";"Adrese Dayalı Nüfus Kayıt Sistemi";"Sinop";"En Az Bir Çekirdek Aile Ve Diğer Kişilerden Oluşan Hanehalkı";"Hanehalkı sayısı";"2015";"10442";"";"";"";"";""
"Türkiye";"Yıllık";"Adrese Dayalı Nüfus Kayıt Sistemi";"Sinop";"En Az Bir Çekirdek Aile Ve Diğer Kişilerden Oluşan Hanehalkı";"Hanehalkı sayısı";"2016";"10400";"";"";"";"";""
"Türkiye";"Yıllık";"Adrese Dayalı Nüfus Kayıt Sistemi";"Sinop";"En Az Bir Çekirdek Aile Ve Diğer Kişilerden Oluşan Hanehalkı";"Hanehalkı sayısı";"2017";"10388";"";"";"";"";""
"Türkiye";"Yıllık";"Adrese Dayalı Nüfus Kayıt Sistemi";"Sinop";"En Az Bir Çekirdek Aile Ve Diğer Kişilerden Oluşan Hanehalkı";"Hanehalkı sayısı";"2018";"11654";"";"";"";"";""
"Türkiye";"Yıllık";"Adrese Dayalı Nüfus Kayıt Sistemi";"Sinop";"En Az Bir Çekirdek Aile Ve Diğer Kişilerden Oluşan Hanehalkı";"Hanehalkı sayısı";"2019";"10988";"";"";"";"";""
"Türkiye";"Yıllık";"Adrese Dayalı Nüfus Kayıt Sistemi";"Sinop";"En Az Bir Çekirdek Aile Ve Diğer Kişilerden Oluşan Hanehalkı";"Hanehalkı sayısı";"2020";"10418";"";"";"";"";""
"Türkiye";"Yıllık";"Adrese Dayalı Nüfus Kayıt Sistemi";"Sinop";"En Az Bir Çekirdek Aile Ve Diğer Kişilerden Oluşan Hanehalkı";"Hanehalkı sayısı";"2021";"10155";"";"";"";"";""
"Türkiye";"Yıllık";"Adrese Dayalı Nüfus Kayıt Sistemi";"Sinop";"En Az Bir Çekirdek Aile Ve Diğer Kişilerden Oluşan Hanehalkı";"Hanehalkı sayısı";"2022";"10021";"";"";"";"";""
"Türkiye";"Yıllık";"Adrese Dayalı Nüfus Kayıt Sistemi";"Sinop";"En Az Bir Çekirdek Aile Ve Diğer Kişilerden Oluşan Hanehalkı";"Hanehalkı sayısı";"2023";"11179";"";"";"";"";""
"Türkiye";"Yıllık";"Adrese Dayalı Nüfus Kayıt Sistemi";"Sinop";"En Az Bir Çekirdek Aile Ve Diğer Kişilerden Oluşan Hanehalkı";"Hanehalkı sayısı";"2024";"10771";"";"";"";"";""
"Türkiye";"Yıllık";"Adrese Dayalı Nüfus Kayıt Sistemi";"Sinop";"En Az Bir Çekirdek Aile Ve Diğer Kişilerden Oluşan Hanehalkı";"Hanehalkı sayısı";"2025";"10575";"";"";"";"";""
"Türkiye";"Yıllık";"Adrese Dayalı Nüfus Kayıt Sistemi";"Sinop";"Çekirdek Aile Bulunmayan Birden Fazla Kişiden Oluşan Hanehalkı";"Hanehalkı sayısı";"2014";"1163";"";"";"";"";""
"Türkiye";"Yıllık";"Adrese Dayalı Nüfus Kayıt Sistemi";"Sinop";"Çekirdek Aile Bulunmayan Birden Fazla Kişiden Oluşan Hanehalkı";"Hanehalkı sayısı";"2015";"1372";"";"";"";"";""
"Türkiye";"Yıllık";"Adrese Dayalı Nüfus Kayıt Sistemi";"Sinop";"Çekirdek Aile Bulunmayan Birden Fazla Kişiden Oluşan Hanehalkı";"Hanehalkı sayısı";"2016";"1479";"";"";"";"";""
"Türkiye";"Yıllık";"Adrese Dayalı Nüfus Kayıt Sistemi";"Sinop";"Çekirdek Aile Bulunmayan Birden Fazla Kişiden Oluşan Hanehalkı";"Hanehalkı sayısı";"2017";"1555";"";"";"";"";""
"Türkiye";"Yıllık";"Adrese Dayalı Nüfus Kayıt Sistemi";"Sinop";"Çekirdek Aile Bulunmayan Birden Fazla Kişiden Oluşan Hanehalkı";"Hanehalkı sayısı";"2018";"1634";"";"";"";"";""
"Türkiye";"Yıllık";"Adrese Dayalı Nüfus Kayıt Sistemi";"Sinop";"Çekirdek Aile Bulunmayan Birden Fazla Kişiden Oluşan Hanehalkı";"Hanehalkı sayısı";"2019";"1760";"";"";"";"";""
"Türkiye";"Yıllık";"Adrese Dayalı Nüfus Kayıt Sistemi";"Sinop";"Çekirdek Aile Bulunmayan Birden Fazla Kişiden Oluşan Hanehalkı";"Hanehalkı sayısı";"2020";"1774";"";"";"";"";""
"Türkiye";"Yıllık";"Adrese Dayalı Nüfus Kayıt Sistemi";"Sinop";"Çekirdek Aile Bulunmayan Birden Fazla Kişiden Oluşan Hanehalkı";"Hanehalkı sayısı";"2021";"1846";"";"";"";"";""
"Türkiye";"Yıllık";"Adrese Dayalı Nüfus Kayıt Sistemi";"Sinop";"Çekirdek Aile Bulunmayan Birden Fazla Kişiden Oluşan Hanehalkı";"Hanehalkı sayısı";"2022";"1941";"";"";"";"";""
"Türkiye";"Yıllık";"Adrese Dayalı Nüfus Kayıt Sistemi";"Sinop";"Çekirdek Aile Bulunmayan Birden Fazla Kişiden Oluşan Hanehalkı";"Hanehalkı sayısı";"2023";"2097";"";"";"";"";""
"Türkiye";"Yıllık";"Adrese Dayalı Nüfus Kayıt Sistemi";"Sinop";"Çekirdek Aile Bulunmayan Birden Fazla Kişiden Oluşan Hanehalkı";"Hanehalkı sayısı";"2024";"2087";"";"";"";"";""
"Türkiye";"Yıllık";"Adrese Dayalı Nüfus Kayıt Sistemi";"Sinop";"Çekirdek Aile Bulunmayan Birden Fazla Kişiden Oluşan Hanehalkı";"Hanehalkı sayısı";"2025";"2259";"";"";"";"";""
"Türkiye";"Yıllık";"Adrese Dayalı Nüfus Kayıt Sistemi";"Sinop";"Toplam";"Hanehalkı sayısı";"2014";"66743";"";"";"";"";""
"Türkiye";"Yıllık";"Adrese Dayalı Nüfus Kayıt Sistemi";"Sinop";"Toplam";"Hanehalkı sayısı";"2015";"67698";"";"";"";"";""
"Türkiye";"Yıllık";"Adrese Dayalı Nüfus Kayıt Sistemi";"Sinop";"Toplam";"Hanehalkı sayısı";"2016";"68582";"";"";"";"";""
"Türkiye";"Yıllık";"Adrese Dayalı Nüfus Kayıt Sistemi";"Sinop";"Toplam";"Hanehalkı sayısı";"2017";"69654";"";"";"";"";""
"Türkiye";"Yıllık";"Adrese Dayalı Nüfus Kayıt Sistemi";"Sinop";"Toplam";"Hanehalkı sayısı";"2018";"72254";"";"";"";"";""
"Türkiye";"Yıllık";"Adrese Dayalı Nüfus Kayıt Sistemi";"Sinop";"Toplam";"Hanehalkı sayısı";"2019";"74276";"";"";"";"";""
"Türkiye";"Yıllık";"Adrese Dayalı Nüfus Kayıt Sistemi";"Sinop";"Toplam";"Hanehalkı sayısı";"2020";"76030";"";"";"";"";""
"Türkiye";"Yıllık";"Adrese Dayalı Nüfus Kayıt Sistemi";"Sinop";"Toplam";"Hanehalkı sayısı";"2021";"78098";"";"";"";"";""
"Türkiye";"Yıllık";"Adrese Dayalı Nüfus Kayıt Sistemi";"Sinop";"Toplam";"Hanehalkı sayısı";"2022";"80417";"";"";"";"";""
"Türkiye";"Yıllık";"Adrese Dayalı Nüfus Kayıt Sistemi";"Sinop";"Toplam";"Hanehalkı sayısı";"2023";"82300";"";"";"";"";""
"Türkiye";"Yıllık";"Adrese Dayalı Nüfus Kayıt Sistemi";"Sinop";"Toplam";"Hanehalkı sayısı";"2024";"83072";"";"";"";"";""
"Türkiye";"Yıllık";"Adrese Dayalı Nüfus Kayıt Sistemi";"Sinop";"Toplam";"Hanehalkı sayısı";"2025";"84054";"";"";"";"";""
"Türkiye";"Yıllık";"Adrese Dayalı Nüfus Kayıt Sistemi";"Amasya";"Tek Kişilik Hanehalkı";"Hanehalkı sayısı";"2014";"14056";"";"";"";"";""
"Türkiye";"Yıllık";"Adrese Dayalı Nüfus Kayıt Sistemi";"Amasya";"Tek Kişilik Hanehalkı";"Hanehalkı sayısı";"2015";"15146";"";"";"";"";""
"Türkiye";"Yıllık";"Adrese Dayalı Nüfus Kayıt Sistemi";"Amasya";"Tek Kişilik Hanehalkı";"Hanehalkı sayısı";"2016";"16102";"";"";"";"";""
"Türkiye";"Yıllık";"Adrese Dayalı Nüfus Kayıt Sistemi";"Amasya";"Tek Kişilik Hanehalkı";"Hanehalkı sayısı";"2017";"16776";"";"";"";"";""
"Türkiye";"Yıllık";"Adrese Dayalı Nüfus Kayıt Sistemi";"Amasya";"Tek Kişilik Hanehalkı";"Hanehalkı sayısı";"2018";"17569";"";"";"";"";""
"Türkiye";"Yıllık";"Adrese Dayalı Nüfus Kayıt Sistemi";"Amasya";"Tek Kişilik Hanehalkı";"Hanehalkı sayısı";"2019";"18887";"";"";"";"";""
"Türkiye";"Yıllık";"Adrese Dayalı Nüfus Kayıt Sistemi";"Amasya";"Tek Kişilik Hanehalkı";"Hanehalkı sayısı";"2020";"20528";"";"";"";"";""
"Türkiye";"Yıllık";"Adrese Dayalı Nüfus Kayıt Sistemi";"Amasya";"Tek Kişilik Hanehalkı";"Hanehalkı sayısı";"2021";"21830";"";"";"";"";""
"Türkiye";"Yıllık";"Adrese Dayalı Nüfus Kayıt Sistemi";"Amasya";"Tek Kişilik Hanehalkı";"Hanehalkı sayısı";"2022";"23453";"";"";"";"";""
"Türkiye";"Yıllık";"Adrese Dayalı Nüfus Kayıt Sistemi";"Amasya";"Tek Kişilik Hanehalkı";"Hanehalkı sayısı";"2023";"23349";"";"";"";"";""
"Türkiye";"Yıllık";"Adrese Dayalı Nüfus Kayıt Sistemi";"Amasya";"Tek Kişilik Hanehalkı";"Hanehalkı sayısı";"2024";"24320";"";"";"";"";""
"Türkiye";"Yıllık";"Adrese Dayalı Nüfus Kayıt Sistemi";"Amasya";"Tek Kişilik Hanehalkı";"Hanehalkı sayısı";"2025";"25484";"";"";"";"";""
"Türkiye";"Yıllık";"Adrese Dayalı Nüfus Kayıt Sistemi";"Amasya";"Tek Çekirdek Aileden Oluşan Hanehalkı";"Hanehalkı sayısı";"2014";"63167";"";"";"";"";""
"Türkiye";"Yıllık";"Adrese Dayalı Nüfus Kayıt Sistemi";"Amasya";"Tek Çekirdek Aileden Oluşan Hanehalkı";"Hanehalkı sayısı";"2015";"63979";"";"";"";"";""
"Türkiye";"Yıllık";"Adrese Dayalı Nüfus Kayıt Sistemi";"Amasya";"Tek Çekirdek Aileden Oluşan Hanehalkı";"Hanehalkı sayısı";"2016";"64942";"";"";"";"";""
"Türkiye";"Yıllık";"Adrese Dayalı Nüfus Kayıt Sistemi";"Amasya";"Tek Çekirdek Aileden Oluşan Hanehalkı";"Hanehalkı sayısı";"2017";"65732";"";"";"";"";""
"Türkiye";"Yıllık";"Adrese Dayalı Nüfus Kayıt Sistemi";"Amasya";"Tek Çekirdek Aileden Oluşan Hanehalkı";"Hanehalkı sayısı";"2018";"66041";"";"";"";"";""
"Türkiye";"Yıllık";"Adrese Dayalı Nüfus Kayıt Sistemi";"Amasya";"Tek Çekirdek Aileden Oluşan Hanehalkı";"Hanehalkı sayısı";"2019";"67317";"";"";"";"";""
"Türkiye";"Yıllık";"Adrese Dayalı Nüfus Kayıt Sistemi";"Amasya";"Tek Çekirdek Aileden Oluşan Hanehalkı";"Hanehalkı sayısı";"2020";"68905";"";"";"";"";""
"Türkiye";"Yıllık";"Adrese Dayalı Nüfus Kayıt Sistemi";"Amasya";"Tek Çekirdek Aileden Oluşan Hanehalkı";"Hanehalkı sayısı";"2021";"69766";"";"";"";"";""
"Türkiye";"Yıllık";"Adrese Dayalı Nüfus Kayıt Sistemi";"Amasya";"Tek Çekirdek Aileden Oluşan Hanehalkı";"Hanehalkı sayısı";"2022";"71741";"";"";"";"";""
"Türkiye";"Yıllık";"Adrese Dayalı Nüfus Kayıt Sistemi";"Amasya";"Tek Çekirdek Aileden Oluşan Hanehalkı";"Hanehalkı sayısı";"2023";"71593";"";"";"";"";""
"Türkiye";"Yıllık";"Adrese Dayalı Nüfus Kayıt Sistemi";"Amasya";"Tek Çekirdek Aileden Oluşan Hanehalkı";"Hanehalkı sayısı";"2024";"72172";"";"";"";"";""
"Türkiye";"Yıllık";"Adrese Dayalı Nüfus Kayıt Sistemi";"Amasya";"Tek Çekirdek Aileden Oluşan Hanehalkı";"Hanehalkı sayısı";"2025";"72703";"";"";"";"";""
"Türkiye";"Yıllık";"Adrese Dayalı Nüfus Kayıt Sistemi";"Amasya";"En Az Bir Çekirdek Aile Ve Diğer Kişilerden Oluşan Hanehalkı";"Hanehalkı sayısı";"2014";"17365";"";"";"";"";""
"Türkiye";"Yıllık";"Adrese Dayalı Nüfus Kayıt Sistemi";"Amasya";"En Az Bir Çekirdek Aile Ve Diğer Kişilerden Oluşan Hanehalkı";"Hanehalkı sayısı";"2015";"16914";"";"";"";"";""
"Türkiye";"Yıllık";"Adrese Dayalı Nüfus Kayıt Sistemi";"Amasya";"En Az Bir Çekirdek Aile Ve Diğer Kişilerden Oluşan Hanehalkı";"Hanehalkı sayısı";"2016";"16782";"";"";"";"";""
"Türkiye";"Yıllık";"Adrese Dayalı Nüfus Kayıt Sistemi";"Amasya";"En Az Bir Çekirdek Aile Ve Diğer Kişilerden Oluşan Hanehalkı";"Hanehalkı sayısı";"2017";"16703";"";"";"";"";""
"Türkiye";"Yıllık";"Adrese Dayalı Nüfus Kayıt Sistemi";"Amasya";"En Az Bir Çekirdek Aile Ve Diğer Kişilerden Oluşan Hanehalkı";"Hanehalkı sayısı";"2018";"17113";"";"";"";"";""
"Türkiye";"Yıllık";"Adrese Dayalı Nüfus Kayıt Sistemi";"Amasya";"En Az Bir Çekirdek Aile Ve Diğer Kişilerden Oluşan Hanehalkı";"Hanehalkı sayısı";"2019";"16652";"";"";"";"";""
"Türkiye";"Yıllık";"Adrese Dayalı Nüfus Kayıt Sistemi";"Amasya";"En Az Bir Çekirdek Aile Ve Diğer Kişilerden Oluşan Hanehalkı";"Hanehalkı sayısı";"2020";"16040";"";"";"";"";""
"Türkiye";"Yıllık";"Adrese Dayalı Nüfus Kayıt Sistemi";"Amasya";"En Az Bir Çekirdek Aile Ve Diğer Kişilerden Oluşan Hanehalkı";"Hanehalkı sayısı";"2021";"15692";"";"";"";"";""
"Türkiye";"Yıllık";"Adrese Dayalı Nüfus Kayıt Sistemi";"Amasya";"En Az Bir Çekirdek Aile Ve Diğer Kişilerden Oluşan Hanehalkı";"Hanehalkı sayısı";"2022";"15034";"";"";"";"";""
"Türkiye";"Yıllık";"Adrese Dayalı Nüfus Kayıt Sistemi";"Amasya";"En Az Bir Çekirdek Aile Ve Diğer Kişilerden Oluşan Hanehalkı";"Hanehalkı sayısı";"2023";"15986";"";"";"";"";""
"Türkiye";"Yıllık";"Adrese Dayalı Nüfus Kayıt Sistemi";"Amasya";"En Az Bir Çekirdek Aile Ve Diğer Kişilerden Oluşan Hanehalkı";"Hanehalkı sayısı";"2024";"15754";"";"";"";"";""
"Türkiye";"Yıllık";"Adrese Dayalı Nüfus Kayıt Sistemi";"Amasya";"En Az Bir Çekirdek Aile Ve Diğer Kişilerden Oluşan Hanehalkı";"Hanehalkı sayısı";"2025";"15615";"";"";"";"";""
"Türkiye";"Yıllık";"Adrese Dayalı Nüfus Kayıt Sistemi";"Amasya";"Çekirdek Aile Bulunmayan Birden Fazla Kişiden Oluşan Hanehalkı";"Hanehalkı sayısı";"2014";"1275";"";"";"";"";""
"Türkiye";"Yıllık";"Adrese Dayalı Nüfus Kayıt Sistemi";"Amasya";"Çekirdek Aile Bulunmayan Birden Fazla Kişiden Oluşan Hanehalkı";"Hanehalkı sayısı";"2015";"1480";"";"";"";"";""
"Türkiye";"Yıllık";"Adrese Dayalı Nüfus Kayıt Sistemi";"Amasya";"Çekirdek Aile Bulunmayan Birden Fazla Kişiden Oluşan Hanehalkı";"Hanehalkı sayısı";"2016";"1645";"";"";"";"";""
"Türkiye";"Yıllık";"Adrese Dayalı Nüfus Kayıt Sistemi";"Amasya";"Çekirdek Aile Bulunmayan Birden Fazla Kişiden Oluşan Hanehalkı";"Hanehalkı sayısı";"2017";"1668";"";"";"";"";""
"Türkiye";"Yıllık";"Adrese Dayalı Nüfus Kayıt Sistemi";"Amasya";"Çekirdek Aile Bulunmayan Birden Fazla Kişiden Oluşan Hanehalkı";"Hanehalkı sayısı";"2018";"2040";"";"";"";"";""
"Türkiye";"Yıllık";"Adrese Dayalı Nüfus Kayıt Sistemi";"Amasya";"Çekirdek Aile Bulunmayan Birden Fazla Kişiden Oluşan Hanehalkı";"Hanehalkı sayısı";"2019";"2076";"";"";"";"";""
"Türkiye";"Yıllık";"Adrese Dayalı Nüfus Kayıt Sistemi";"Amasya";"Çekirdek Aile Bulunmayan Birden Fazla Kişiden Oluşan Hanehalkı";"Hanehalkı sayısı";"2020";"2107";"";"";"";"";""
"Türkiye";"Yıllık";"Adrese Dayalı Nüfus Kayıt Sistemi";"Amasya";"Çekirdek Aile Bulunmayan Birden Fazla Kişiden Oluşan Hanehalkı";"Hanehalkı sayısı";"2021";"2181";"";"";"";"";""
"Türkiye";"Yıllık";"Adrese Dayalı Nüfus Kayıt Sistemi";"Amasya";"Çekirdek Aile Bulunmayan Birden Fazla Kişiden Oluşan Hanehalkı";"Hanehalkı sayısı";"2022";"2207";"";"";"";"";""
"Türkiye";"Yıllık";"Adrese Dayalı Nüfus Kayıt Sistemi";"Amasya";"Çekirdek Aile Bulunmayan Birden Fazla Kişiden Oluşan Hanehalkı";"Hanehalkı sayısı";"2023";"2263";"";"";"";"";""
"Türkiye";"Yıllık";"Adrese Dayalı Nüfus Kayıt Sistemi";"Amasya";"Çekirdek Aile Bulunmayan Birden Fazla Kişiden Oluşan Hanehalkı";"Hanehalkı sayısı";"2024";"2264";"";"";"";"";""
"Türkiye";"Yıllık";"Adrese Dayalı Nüfus Kayıt Sistemi";"Amasya";"Çekirdek Aile Bulunmayan Birden Fazla Kişiden Oluşan Hanehalkı";"Hanehalkı sayısı";"2025";"2379";"";"";"";"";""
"Türkiye";"Yıllık";"Adrese Dayalı Nüfus Kayıt Sistemi";"Amasya";"Toplam";"Hanehalkı sayısı";"2014";"95863";"";"";"";"";""
"Türkiye";"Yıllık";"Adrese Dayalı Nüfus Kayıt Sistemi";"Amasya";"Toplam";"Hanehalkı sayısı";"2015";"97519";"";"";"";"";""
"Türkiye";"Yıllık";"Adrese Dayalı Nüfus Kayıt Sistemi";"Amasya";"Toplam";"Hanehalkı sayısı";"2016";"99471";"";"";"";"";""
"Türkiye";"Yıllık";"Adrese Dayalı Nüfus Kayıt Sistemi";"Amasya";"Toplam";"Hanehalkı sayısı";"2017";"100879";"";"";"";"";""
"Türkiye";"Yıllık";"Adrese Dayalı Nüfus Kayıt Sistemi";"Amasya";"Toplam";"Hanehalkı sayısı";"2018";"102763";"";"";"";"";""
"Türkiye";"Yıllık";"Adrese Dayalı Nüfus Kayıt Sistemi";"Amasya";"Toplam";"Hanehalkı sayısı";"2019";"104932";"";"";"";"";""
"Türkiye";"Yıllık";"Adrese Dayalı Nüfus Kayıt Sistemi";"Amasya";"Toplam";"Hanehalkı sayısı";"2020";"107580";"";"";"";"";""
"Türkiye";"Yıllık";"Adrese Dayalı Nüfus Kayıt Sistemi";"Amasya";"Toplam";"Hanehalkı sayısı";"2021";"109469";"";"";"";"";""
"Türkiye";"Yıllık";"Adrese Dayalı Nüfus Kayıt Sistemi";"Amasya";"Toplam";"Hanehalkı sayısı";"2022";"112435";"";"";"";"";""
"Türkiye";"Yıllık";"Adrese Dayalı Nüfus Kayıt Sistemi";"Amasya";"Toplam";"Hanehalkı sayısı";"2023";"113191";"";"";"";"";""
"Türkiye";"Yıllık";"Adrese Dayalı Nüfus Kayıt Sistemi";"Amasya";"Toplam";"Hanehalkı sayısı";"2024";"114510";"";"";"";"";""
"Türkiye";"Yıllık";"Adrese Dayalı Nüfus Kayıt Sistemi";"Amasya";"Toplam";"Hanehalkı sayısı";"2025";"116181";"";"";"";"";""
"Türkiye";"Yıllık";"Adrese Dayalı Nüfus Kayıt Sistemi";"Çorum";"Tek Kişilik Hanehalkı";"Hanehalkı sayısı";"2014";"26429";"";"";"";"";""
"Türkiye";"Yıllık";"Adrese Dayalı Nüfus Kayıt Sistemi";"Çorum";"Tek Kişilik Hanehalkı";"Hanehalkı sayısı";"2015";"27960";"";"";"";"";""
"Türkiye";"Yıllık";"Adrese Dayalı Nüfus Kayıt Sistemi";"Çorum";"Tek Kişilik Hanehalkı";"Hanehalkı sayısı";"2016";"29553";"";"";"";"";""
"Türkiye";"Yıllık";"Adrese Dayalı Nüfus Kayıt Sistemi";"Çorum";"Tek Kişilik Hanehalkı";"Hanehalkı sayısı";"2017";"31117";"";"";"";"";""
"Türkiye";"Yıllık";"Adrese Dayalı Nüfus Kayıt Sistemi";"Çorum";"Tek Kişilik Hanehalkı";"Hanehalkı sayısı";"2018";"32201";"";"";"";"";""
"Türkiye";"Yıllık";"Adrese Dayalı Nüfus Kayıt Sistemi";"Çorum";"Tek Kişilik Hanehalkı";"Hanehalkı sayısı";"2019";"34066";"";"";"";"";""
"Türkiye";"Yıllık";"Adrese Dayalı Nüfus Kayıt Sistemi";"Çorum";"Tek Kişilik Hanehalkı";"Hanehalkı sayısı";"2020";"36704";"";"";"";"";""
"Türkiye";"Yıllık";"Adrese Dayalı Nüfus Kayıt Sistemi";"Çorum";"Tek Kişilik Hanehalkı";"Hanehalkı sayısı";"2021";"39367";"";"";"";"";""
"Türkiye";"Yıllık";"Adrese Dayalı Nüfus Kayıt Sistemi";"Çorum";"Tek Kişilik Hanehalkı";"Hanehalkı sayısı";"2022";"41209";"";"";"";"";""
"Türkiye";"Yıllık";"Adrese Dayalı Nüfus Kayıt Sistemi";"Çorum";"Tek Kişilik Hanehalkı";"Hanehalkı sayısı";"2023";"41166";"";"";"";"";""
"Türkiye";"Yıllık";"Adrese Dayalı Nüfus Kayıt Sistemi";"Çorum";"Tek Kişilik Hanehalkı";"Hanehalkı sayısı";"2024";"42342";"";"";"";"";""
"Türkiye";"Yıllık";"Adrese Dayalı Nüfus Kayıt Sistemi";"Çorum";"Tek Kişilik Hanehalkı";"Hanehalkı sayısı";"2025";"44070";"";"";"";"";""
"Türkiye";"Yıllık";"Adrese Dayalı Nüfus Kayıt Sistemi";"Çorum";"Tek Çekirdek Aileden Oluşan Hanehalkı";"Hanehalkı sayısı";"2014";"107430";"";"";"";"";""
"Türkiye";"Yıllık";"Adrese Dayalı Nüfus Kayıt Sistemi";"Çorum";"Tek Çekirdek Aileden Oluşan Hanehalkı";"Hanehalkı sayısı";"2015";"108156";"";"";"";"";""
"Türkiye";"Yıllık";"Adrese Dayalı Nüfus Kayıt Sistemi";"Çorum";"Tek Çekirdek Aileden Oluşan Hanehalkı";"Hanehalkı sayısı";"2016";"108629";"";"";"";"";""
"Türkiye";"Yıllık";"Adrese Dayalı Nüfus Kayıt Sistemi";"Çorum";"Tek Çekirdek Aileden Oluşan Hanehalkı";"Hanehalkı sayısı";"2017";"108978";"";"";"";"";""
"Türkiye";"Yıllık";"Adrese Dayalı Nüfus Kayıt Sistemi";"Çorum";"Tek Çekirdek Aileden Oluşan Hanehalkı";"Hanehalkı sayısı";"2018";"109476";"";"";"";"";""
"Türkiye";"Yıllık";"Adrese Dayalı Nüfus Kayıt Sistemi";"Çorum";"Tek Çekirdek Aileden Oluşan Hanehalkı";"Hanehalkı sayısı";"2019";"110662";"";"";"";"";""
"Türkiye";"Yıllık";"Adrese Dayalı Nüfus Kayıt Sistemi";"Çorum";"Tek Çekirdek Aileden Oluşan Hanehalkı";"Hanehalkı sayısı";"2020";"112947";"";"";"";"";""
"Türkiye";"Yıllık";"Adrese Dayalı Nüfus Kayıt Sistemi";"Çorum";"Tek Çekirdek Aileden Oluşan Hanehalkı";"Hanehalkı sayısı";"2021";"113074";"";"";"";"";""
"Türkiye";"Yıllık";"Adrese Dayalı Nüfus Kayıt Sistemi";"Çorum";"Tek Çekirdek Aileden Oluşan Hanehalkı";"Hanehalkı sayısı";"2022";"115068";"";"";"";"";""
"Türkiye";"Yıllık";"Adrese Dayalı Nüfus Kayıt Sistemi";"Çorum";"Tek Çekirdek Aileden Oluşan Hanehalkı";"Hanehalkı sayısı";"2023";"113361";"";"";"";"";""
"Türkiye";"Yıllık";"Adrese Dayalı Nüfus Kayıt Sistemi";"Çorum";"Tek Çekirdek Aileden Oluşan Hanehalkı";"Hanehalkı sayısı";"2024";"114291";"";"";"";"";""
"Türkiye";"Yıllık";"Adrese Dayalı Nüfus Kayıt Sistemi";"Çorum";"Tek Çekirdek Aileden Oluşan Hanehalkı";"Hanehalkı sayısı";"2025";"113989";"";"";"";"";""
"Türkiye";"Yıllık";"Adrese Dayalı Nüfus Kayıt Sistemi";"Çorum";"En Az Bir Çekirdek Aile Ve Diğer Kişilerden Oluşan Hanehalkı";"Hanehalkı sayısı";"2014";"26057";"";"";"";"";""
"Türkiye";"Yıllık";"Adrese Dayalı Nüfus Kayıt Sistemi";"Çorum";"En Az Bir Çekirdek Aile Ve Diğer Kişilerden Oluşan Hanehalkı";"Hanehalkı sayısı";"2015";"25590";"";"";"";"";""
"Türkiye";"Yıllık";"Adrese Dayalı Nüfus Kayıt Sistemi";"Çorum";"En Az Bir Çekirdek Aile Ve Diğer Kişilerden Oluşan Hanehalkı";"Hanehalkı sayısı";"2016";"25175";"";"";"";"";""
"Türkiye";"Yıllık";"Adrese Dayalı Nüfus Kayıt Sistemi";"Çorum";"En Az Bir Çekirdek Aile Ve Diğer Kişilerden Oluşan Hanehalkı";"Hanehalkı sayısı";"2017";"24801";"";"";"";"";""
"Türkiye";"Yıllık";"Adrese Dayalı Nüfus Kayıt Sistemi";"Çorum";"En Az Bir Çekirdek Aile Ve Diğer Kişilerden Oluşan Hanehalkı";"Hanehalkı sayısı";"2018";"25792";"";"";"";"";""
"Türkiye";"Yıllık";"Adrese Dayalı Nüfus Kayıt Sistemi";"Çorum";"En Az Bir Çekirdek Aile Ve Diğer Kişilerden Oluşan Hanehalkı";"Hanehalkı sayısı";"2019";"24604";"";"";"";"";""
"Türkiye";"Yıllık";"Adrese Dayalı Nüfus Kayıt Sistemi";"Çorum";"En Az Bir Çekirdek Aile Ve Diğer Kişilerden Oluşan Hanehalkı";"Hanehalkı sayısı";"2020";"23111";"";"";"";"";""
"Türkiye";"Yıllık";"Adrese Dayalı Nüfus Kayıt Sistemi";"Çorum";"En Az Bir Çekirdek Aile Ve Diğer Kişilerden Oluşan Hanehalkı";"Hanehalkı sayısı";"2021";"22731";"";"";"";"";""
"Türkiye";"Yıllık";"Adrese Dayalı Nüfus Kayıt Sistemi";"Çorum";"En Az Bir Çekirdek Aile Ve Diğer Kişilerden Oluşan Hanehalkı";"Hanehalkı sayısı";"2022";"21851";"";"";"";"";""
"Türkiye";"Yıllık";"Adrese Dayalı Nüfus Kayıt Sistemi";"Çorum";"En Az Bir Çekirdek Aile Ve Diğer Kişilerden Oluşan Hanehalkı";"Hanehalkı sayısı";"2023";"24116";"";"";"";"";""
"Türkiye";"Yıllık";"Adrese Dayalı Nüfus Kayıt Sistemi";"Çorum";"En Az Bir Çekirdek Aile Ve Diğer Kişilerden Oluşan Hanehalkı";"Hanehalkı sayısı";"2024";"22995";"";"";"";"";""
"Türkiye";"Yıllık";"Adrese Dayalı Nüfus Kayıt Sistemi";"Çorum";"En Az Bir Çekirdek Aile Ve Diğer Kişilerden Oluşan Hanehalkı";"Hanehalkı sayısı";"2025";"23045";"";"";"";"";""
"Türkiye";"Yıllık";"Adrese Dayalı Nüfus Kayıt Sistemi";"Çorum";"Çekirdek Aile Bulunmayan Birden Fazla Kişiden Oluşan Hanehalkı";"Hanehalkı sayısı";"2014";"2439";"";"";"";"";""
"Türkiye";"Yıllık";"Adrese Dayalı Nüfus Kayıt Sistemi";"Çorum";"Çekirdek Aile Bulunmayan Birden Fazla Kişiden Oluşan Hanehalkı";"Hanehalkı sayısı";"2015";"2763";"";"";"";"";""
"Türkiye";"Yıllık";"Adrese Dayalı Nüfus Kayıt Sistemi";"Çorum";"Çekirdek Aile Bulunmayan Birden Fazla Kişiden Oluşan Hanehalkı";"Hanehalkı sayısı";"2016";"3335";"";"";"";"";""
"Türkiye";"Yıllık";"Adrese Dayalı Nüfus Kayıt Sistemi";"Çorum";"Çekirdek Aile Bulunmayan Birden Fazla Kişiden Oluşan Hanehalkı";"Hanehalkı sayısı";"2017";"3806";"";"";"";"";""
"Türkiye";"Yıllık";"Adrese Dayalı Nüfus Kayıt Sistemi";"Çorum";"Çekirdek Aile Bulunmayan Birden Fazla Kişiden Oluşan Hanehalkı";"Hanehalkı sayısı";"2018";"4236";"";"";"";"";""
"Türkiye";"Yıllık";"Adrese Dayalı Nüfus Kayıt Sistemi";"Çorum";"Çekirdek Aile Bulunmayan Birden Fazla Kişiden Oluşan Hanehalkı";"Hanehalkı sayısı";"2019";"4200";"";"";"";"";""
"Türkiye";"Yıllık";"Adrese Dayalı Nüfus Kayıt Sistemi";"Çorum";"Çekirdek Aile Bulunmayan Birden Fazla Kişiden Oluşan Hanehalkı";"Hanehalkı sayısı";"2020";"4083";"";"";"";"";""
"Türkiye";"Yıllık";"Adrese Dayalı Nüfus Kayıt Sistemi";"Çorum";"Çekirdek Aile Bulunmayan Birden Fazla Kişiden Oluşan Hanehalkı";"Hanehalkı sayısı";"2021";"4195";"";"";"";"";""
"Türkiye";"Yıllık";"Adrese Dayalı Nüfus Kayıt Sistemi";"Çorum";"Çekirdek Aile Bulunmayan Birden Fazla Kişiden Oluşan Hanehalkı";"Hanehalkı sayısı";"2022";"4002";"";"";"";"";""
"Türkiye";"Yıllık";"Adrese Dayalı Nüfus Kayıt Sistemi";"Çorum";"Çekirdek Aile Bulunmayan Birden Fazla Kişiden Oluşan Hanehalkı";"Hanehalkı sayısı";"2023";"3897";"";"";"";"";""
"Türkiye";"Yıllık";"Adrese Dayalı Nüfus Kayıt Sistemi";"Çorum";"Çekirdek Aile Bulunmayan Birden Fazla Kişiden Oluşan Hanehalkı";"Hanehalkı sayısı";"2024";"3687";"";"";"";"";""
"Türkiye";"Yıllık";"Adrese Dayalı Nüfus Kayıt Sistemi";"Çorum";"Çekirdek Aile Bulunmayan Birden Fazla Kişiden Oluşan Hanehalkı";"Hanehalkı sayısı";"2025";"3993";"";"";"";"";""
"Türkiye";"Yıllık";"Adrese Dayalı Nüfus Kayıt Sistemi";"Çorum";"Toplam";"Hanehalkı sayısı";"2014";"162355";"";"";"";"";""
"Türkiye";"Yıllık";"Adrese Dayalı Nüfus Kayıt Sistemi";"Çorum";"Toplam";"Hanehalkı sayısı";"2015";"164469";"";"";"";"";""
"Türkiye";"Yıllık";"Adrese Dayalı Nüfus Kayıt Sistemi";"Çorum";"Toplam";"Hanehalkı sayısı";"2016";"166692";"";"";"";"";""
"Türkiye";"Yıllık";"Adrese Dayalı Nüfus Kayıt Sistemi";"Çorum";"Toplam";"Hanehalkı sayısı";"2017";"168702";"";"";"";"";""
"Türkiye";"Yıllık";"Adrese Dayalı Nüfus Kayıt Sistemi";"Çorum";"Toplam";"Hanehalkı sayısı";"2018";"171705";"";"";"";"";""
"Türkiye";"Yıllık";"Adrese Dayalı Nüfus Kayıt Sistemi";"Çorum";"Toplam";"Hanehalkı sayısı";"2019";"173532";"";"";"";"";""
"Türkiye";"Yıllık";"Adrese Dayalı Nüfus Kayıt Sistemi";"Çorum";"Toplam";"Hanehalkı sayısı";"2020";"176845";"";"";"";"";""
"Türkiye";"Yıllık";"Adrese Dayalı Nüfus Kayıt Sistemi";"Çorum";"Toplam";"Hanehalkı sayısı";"2021";"179367";"";"";"";"";""
"Türkiye";"Yıllık";"Adrese Dayalı Nüfus Kayıt Sistemi";"Çorum";"Toplam";"Hanehalkı sayısı";"2022";"182130";"";"";"";"";""
"Türkiye";"Yıllık";"Adrese Dayalı Nüfus Kayıt Sistemi";"Çorum";"Toplam";"Hanehalkı sayısı";"2023";"182540";"";"";"";"";""
"Türkiye";"Yıllık";"Adrese Dayalı Nüfus Kayıt Sistemi";"Çorum";"Toplam";"Hanehalkı sayısı";"2024";"183315";"";"";"";"";""
"Türkiye";"Yıllık";"Adrese Dayalı Nüfus Kayıt Sistemi";"Çorum";"Toplam";"Hanehalkı sayısı";"2025";"185097";"";"";"";"";""
"Türkiye";"Yıllık";"Adrese Dayalı Nüfus Kayıt Sistemi";"Samsun";"Tek Kişilik Hanehalkı";"Hanehalkı sayısı";"2014";"45149";"";"";"";"";""
"Türkiye";"Yıllık";"Adrese Dayalı Nüfus Kayıt Sistemi";"Samsun";"Tek Kişilik Hanehalkı";"Hanehalkı sayısı";"2015";"48906";"";"";"";"";""
"Türkiye";"Yıllık";"Adrese Dayalı Nüfus Kayıt Sistemi";"Samsun";"Tek Kişilik Hanehalkı";"Hanehalkı sayısı";"2016";"52396";"";"";"";"";""
"Türkiye";"Yıllık";"Adrese Dayalı Nüfus Kayıt Sistemi";"Samsun";"Tek Kişilik Hanehalkı";"Hanehalkı sayısı";"2017";"55601";"";"";"";"";""
"Türkiye";"Yıllık";"Adrese Dayalı Nüfus Kayıt Sistemi";"Samsun";"Tek Kişilik Hanehalkı";"Hanehalkı sayısı";"2018";"59824";"";"";"";"";""
"Türkiye";"Yıllık";"Adrese Dayalı Nüfus Kayıt Sistemi";"Samsun";"Tek Kişilik Hanehalkı";"Hanehalkı sayısı";"2019";"66223";"";"";"";"";""
"Türkiye";"Yıllık";"Adrese Dayalı Nüfus Kayıt Sistemi";"Samsun";"Tek Kişilik Hanehalkı";"Hanehalkı sayısı";"2020";"72548";"";"";"";"";""
"Türkiye";"Yıllık";"Adrese Dayalı Nüfus Kayıt Sistemi";"Samsun";"Tek Kişilik Hanehalkı";"Hanehalkı sayısı";"2021";"80427";"";"";"";"";""
"Türkiye";"Yıllık";"Adrese Dayalı Nüfus Kayıt Sistemi";"Samsun";"Tek Kişilik Hanehalkı";"Hanehalkı sayısı";"2022";"85883";"";"";"";"";""
"Türkiye";"Yıllık";"Adrese Dayalı Nüfus Kayıt Sistemi";"Samsun";"Tek Kişilik Hanehalkı";"Hanehalkı sayısı";"2023";"88274";"";"";"";"";""
"Türkiye";"Yıllık";"Adrese Dayalı Nüfus Kayıt Sistemi";"Samsun";"Tek Kişilik Hanehalkı";"Hanehalkı sayısı";"2024";"91635";"";"";"";"";""
"Türkiye";"Yıllık";"Adrese Dayalı Nüfus Kayıt Sistemi";"Samsun";"Tek Kişilik Hanehalkı";"Hanehalkı sayısı";"2025";"96058";"";"";"";"";""
"Türkiye";"Yıllık";"Adrese Dayalı Nüfus Kayıt Sistemi";"Samsun";"Tek Çekirdek Aileden Oluşan Hanehalkı";"Hanehalkı sayısı";"2014";"221777";"";"";"";"";""
"Türkiye";"Yıllık";"Adrese Dayalı Nüfus Kayıt Sistemi";"Samsun";"Tek Çekirdek Aileden Oluşan Hanehalkı";"Hanehalkı sayısı";"2015";"227243";"";"";"";"";""
"Türkiye";"Yıllık";"Adrese Dayalı Nüfus Kayıt Sistemi";"Samsun";"Tek Çekirdek Aileden Oluşan Hanehalkı";"Hanehalkı sayısı";"2016";"230916";"";"";"";"";""
"Türkiye";"Yıllık";"Adrese Dayalı Nüfus Kayıt Sistemi";"Samsun";"Tek Çekirdek Aileden Oluşan Hanehalkı";"Hanehalkı sayısı";"2017";"235764";"";"";"";"";""
"Türkiye";"Yıllık";"Adrese Dayalı Nüfus Kayıt Sistemi";"Samsun";"Tek Çekirdek Aileden Oluşan Hanehalkı";"Hanehalkı sayısı";"2018";"236481";"";"";"";"";""
"Türkiye";"Yıllık";"Adrese Dayalı Nüfus Kayıt Sistemi";"Samsun";"Tek Çekirdek Aileden Oluşan Hanehalkı";"Hanehalkı sayısı";"2019";"246268";"";"";"";"";""
"Türkiye";"Yıllık";"Adrese Dayalı Nüfus Kayıt Sistemi";"Samsun";"Tek Çekirdek Aileden Oluşan Hanehalkı";"Hanehalkı sayısı";"2020";"255402";"";"";"";"";""
"Türkiye";"Yıllık";"Adrese Dayalı Nüfus Kayıt Sistemi";"Samsun";"Tek Çekirdek Aileden Oluşan Hanehalkı";"Hanehalkı sayısı";"2021";"261217";"";"";"";"";""
"Türkiye";"Yıllık";"Adrese Dayalı Nüfus Kayıt Sistemi";"Samsun";"Tek Çekirdek Aileden Oluşan Hanehalkı";"Hanehalkı sayısı";"2022";"271092";"";"";"";"";""
"Türkiye";"Yıllık";"Adrese Dayalı Nüfus Kayıt Sistemi";"Samsun";"Tek Çekirdek Aileden Oluşan Hanehalkı";"Hanehalkı sayısı";"2023";"269985";"";"";"";"";""
"Türkiye";"Yıllık";"Adrese Dayalı Nüfus Kayıt Sistemi";"Samsun";"Tek Çekirdek Aileden Oluşan Hanehalkı";"Hanehalkı sayısı";"2024";"275890";"";"";"";"";""
"Türkiye";"Yıllık";"Adrese Dayalı Nüfus Kayıt Sistemi";"Samsun";"Tek Çekirdek Aileden Oluşan Hanehalkı";"Hanehalkı sayısı";"2025";"279957";"";"";"";"";""
"Türkiye";"Yıllık";"Adrese Dayalı Nüfus Kayıt Sistemi";"Samsun";"En Az Bir Çekirdek Aile Ve Diğer Kişilerden Oluşan Hanehalkı";"Hanehalkı sayısı";"2014";"74132";"";"";"";"";""
"Türkiye";"Yıllık";"Adrese Dayalı Nüfus Kayıt Sistemi";"Samsun";"En Az Bir Çekirdek Aile Ve Diğer Kişilerden Oluşan Hanehalkı";"Hanehalkı sayısı";"2015";"74151";"";"";"";"";""
"Türkiye";"Yıllık";"Adrese Dayalı Nüfus Kayıt Sistemi";"Samsun";"En Az Bir Çekirdek Aile Ve Diğer Kişilerden Oluşan Hanehalkı";"Hanehalkı sayısı";"2016";"74622";"";"";"";"";""
"Türkiye";"Yıllık";"Adrese Dayalı Nüfus Kayıt Sistemi";"Samsun";"En Az Bir Çekirdek Aile Ve Diğer Kişilerden Oluşan Hanehalkı";"Hanehalkı sayısı";"2017";"74666";"";"";"";"";""
"Türkiye";"Yıllık";"Adrese Dayalı Nüfus Kayıt Sistemi";"Samsun";"En Az Bir Çekirdek Aile Ve Diğer Kişilerden Oluşan Hanehalkı";"Hanehalkı sayısı";"2018";"75990";"";"";"";"";""
"Türkiye";"Yıllık";"Adrese Dayalı Nüfus Kayıt Sistemi";"Samsun";"En Az Bir Çekirdek Aile Ve Diğer Kişilerden Oluşan Hanehalkı";"Hanehalkı sayısı";"2019";"73218";"";"";"";"";""
"Türkiye";"Yıllık";"Adrese Dayalı Nüfus Kayıt Sistemi";"Samsun";"En Az Bir Çekirdek Aile Ve Diğer Kişilerden Oluşan Hanehalkı";"Hanehalkı sayısı";"2020";"70459";"";"";"";"";""
"Türkiye";"Yıllık";"Adrese Dayalı Nüfus Kayıt Sistemi";"Samsun";"En Az Bir Çekirdek Aile Ve Diğer Kişilerden Oluşan Hanehalkı";"Hanehalkı sayısı";"2021";"68570";"";"";"";"";""
"Türkiye";"Yıllık";"Adrese Dayalı Nüfus Kayıt Sistemi";"Samsun";"En Az Bir Çekirdek Aile Ve Diğer Kişilerden Oluşan Hanehalkı";"Hanehalkı sayısı";"2022";"65678";"";"";"";"";""
"Türkiye";"Yıllık";"Adrese Dayalı Nüfus Kayıt Sistemi";"Samsun";"En Az Bir Çekirdek Aile Ve Diğer Kişilerden Oluşan Hanehalkı";"Hanehalkı sayısı";"2023";"69779";"";"";"";"";""
"Türkiye";"Yıllık";"Adrese Dayalı Nüfus Kayıt Sistemi";"Samsun";"En Az Bir Çekirdek Aile Ve Diğer Kişilerden Oluşan Hanehalkı";"Hanehalkı sayısı";"2024";"69024";"";"";"";"";""
"Türkiye";"Yıllık";"Adrese Dayalı Nüfus Kayıt Sistemi";"Samsun";"En Az Bir Çekirdek Aile Ve Diğer Kişilerden Oluşan Hanehalkı";"Hanehalkı sayısı";"2025";"69653";"";"";"";"";""
"Türkiye";"Yıllık";"Adrese Dayalı Nüfus Kayıt Sistemi";"Samsun";"Çekirdek Aile Bulunmayan Birden Fazla Kişiden Oluşan Hanehalkı";"Hanehalkı sayısı";"2014";"5772";"";"";"";"";""
"Türkiye";"Yıllık";"Adrese Dayalı Nüfus Kayıt Sistemi";"Samsun";"Çekirdek Aile Bulunmayan Birden Fazla Kişiden Oluşan Hanehalkı";"Hanehalkı sayısı";"2015";"6601";"";"";"";"";""
"Türkiye";"Yıllık";"Adrese Dayalı Nüfus Kayıt Sistemi";"Samsun";"Çekirdek Aile Bulunmayan Birden Fazla Kişiden Oluşan Hanehalkı";"Hanehalkı sayısı";"2016";"7703";"";"";"";"";""
"Türkiye";"Yıllık";"Adrese Dayalı Nüfus Kayıt Sistemi";"Samsun";"Çekirdek Aile Bulunmayan Birden Fazla Kişiden Oluşan Hanehalkı";"Hanehalkı sayısı";"2017";"8935";"";"";"";"";""
"Türkiye";"Yıllık";"Adrese Dayalı Nüfus Kayıt Sistemi";"Samsun";"Çekirdek Aile Bulunmayan Birden Fazla Kişiden Oluşan Hanehalkı";"Hanehalkı sayısı";"2018";"10652";"";"";"";"";""
"Türkiye";"Yıllık";"Adrese Dayalı Nüfus Kayıt Sistemi";"Samsun";"Çekirdek Aile Bulunmayan Birden Fazla Kişiden Oluşan Hanehalkı";"Hanehalkı sayısı";"2019";"11977";"";"";"";"";""
"Türkiye";"Yıllık";"Adrese Dayalı Nüfus Kayıt Sistemi";"Samsun";"Çekirdek Aile Bulunmayan Birden Fazla Kişiden Oluşan Hanehalkı";"Hanehalkı sayısı";"2020";"11368";"";"";"";"";""
"Türkiye";"Yıllık";"Adrese Dayalı Nüfus Kayıt Sistemi";"Samsun";"Çekirdek Aile Bulunmayan Birden Fazla Kişiden Oluşan Hanehalkı";"Hanehalkı sayısı";"2021";"13854";"";"";"";"";""
"Türkiye";"Yıllık";"Adrese Dayalı Nüfus Kayıt Sistemi";"Samsun";"Çekirdek Aile Bulunmayan Birden Fazla Kişiden Oluşan Hanehalkı";"Hanehalkı sayısı";"2022";"12539";"";"";"";"";""
"Türkiye";"Yıllık";"Adrese Dayalı Nüfus Kayıt Sistemi";"Samsun";"Çekirdek Aile Bulunmayan Birden Fazla Kişiden Oluşan Hanehalkı";"Hanehalkı sayısı";"2023";"11807";"";"";"";"";""
"Türkiye";"Yıllık";"Adrese Dayalı Nüfus Kayıt Sistemi";"Samsun";"Çekirdek Aile Bulunmayan Birden Fazla Kişiden Oluşan Hanehalkı";"Hanehalkı sayısı";"2024";"11754";"";"";"";"";""
"Türkiye";"Yıllık";"Adrese Dayalı Nüfus Kayıt Sistemi";"Samsun";"Çekirdek Aile Bulunmayan Birden Fazla Kişiden Oluşan Hanehalkı";"Hanehalkı sayısı";"2025";"12440";"";"";"";"";""
"Türkiye";"Yıllık";"Adrese Dayalı Nüfus Kayıt Sistemi";"Samsun";"Toplam";"Hanehalkı sayısı";"2014";"346830";"";"";"";"";""
"Türkiye";"Yıllık";"Adrese Dayalı Nüfus Kayıt Sistemi";"Samsun";"Toplam";"Hanehalkı sayısı";"2015";"356901";"";"";"";"";""
"Türkiye";"Yıllık";"Adrese Dayalı Nüfus Kayıt Sistemi";"Samsun";"Toplam";"Hanehalkı sayısı";"2016";"365637";"";"";"";"";""
"Türkiye";"Yıllık";"Adrese Dayalı Nüfus Kayıt Sistemi";"Samsun";"Toplam";"Hanehalkı sayısı";"2017";"374966";"";"";"";"";""
"Türkiye";"Yıllık";"Adrese Dayalı Nüfus Kayıt Sistemi";"Samsun";"Toplam";"Hanehalkı sayısı";"2018";"382947";"";"";"";"";""
"Türkiye";"Yıllık";"Adrese Dayalı Nüfus Kayıt Sistemi";"Samsun";"Toplam";"Hanehalkı sayısı";"2019";"397686";"";"";"";"";""
"Türkiye";"Yıllık";"Adrese Dayalı Nüfus Kayıt Sistemi";"Samsun";"Toplam";"Hanehalkı sayısı";"2020";"409777";"";"";"";"";""
"Türkiye";"Yıllık";"Adrese Dayalı Nüfus Kayıt Sistemi";"Samsun";"Toplam";"Hanehalkı sayısı";"2021";"424068";"";"";"";"";""
"Türkiye";"Yıllık";"Adrese Dayalı Nüfus Kayıt Sistemi";"Samsun";"Toplam";"Hanehalkı sayısı";"2022";"435192";"";"";"";"";""
"Türkiye";"Yıllık";"Adrese Dayalı Nüfus Kayıt Sistemi";"Samsun";"Toplam";"Hanehalkı sayısı";"2023";"439845";"";"";"";"";""
"Türkiye";"Yıllık";"Adrese Dayalı Nüfus Kayıt Sistemi";"Samsun";"Toplam";"Hanehalkı sayısı";"2024";"448303";"";"";"";"";""
"Türkiye";"Yıllık";"Adrese Dayalı Nüfus Kayıt Sistemi";"Samsun";"Toplam";"Hanehalkı sayısı";"2025";"458108";"";"";"";"";""
"Türkiye";"Yıllık";"Adrese Dayalı Nüfus Kayıt Sistemi";"Tokat";"Tek Kişilik Hanehalkı";"Hanehalkı sayısı";"2014";"26848";"";"";"";"";""
"Türkiye";"Yıllık";"Adrese Dayalı Nüfus Kayıt Sistemi";"Tokat";"Tek Kişilik Hanehalkı";"Hanehalkı sayısı";"2015";"28248";"";"";"";"";""
"Türkiye";"Yıllık";"Adrese Dayalı Nüfus Kayıt Sistemi";"Tokat";"Tek Kişilik Hanehalkı";"Hanehalkı sayısı";"2016";"30100";"";"";"";"";""
"Türkiye";"Yıllık";"Adrese Dayalı Nüfus Kayıt Sistemi";"Tokat";"Tek Kişilik Hanehalkı";"Hanehalkı sayısı";"2017";"30517";"";"";"";"";""
"Türkiye";"Yıllık";"Adrese Dayalı Nüfus Kayıt Sistemi";"Tokat";"Tek Kişilik Hanehalkı";"Hanehalkı sayısı";"2018";"32935";"";"";"";"";""
"Türkiye";"Yıllık";"Adrese Dayalı Nüfus Kayıt Sistemi";"Tokat";"Tek Kişilik Hanehalkı";"Hanehalkı sayısı";"2019";"34937";"";"";"";"";""
"Türkiye";"Yıllık";"Adrese Dayalı Nüfus Kayıt Sistemi";"Tokat";"Tek Kişilik Hanehalkı";"Hanehalkı sayısı";"2020";"37665";"";"";"";"";""
"Türkiye";"Yıllık";"Adrese Dayalı Nüfus Kayıt Sistemi";"Tokat";"Tek Kişilik Hanehalkı";"Hanehalkı sayısı";"2021";"40577";"";"";"";"";""
"Türkiye";"Yıllık";"Adrese Dayalı Nüfus Kayıt Sistemi";"Tokat";"Tek Kişilik Hanehalkı";"Hanehalkı sayısı";"2022";"42575";"";"";"";"";""
"Türkiye";"Yıllık";"Adrese Dayalı Nüfus Kayıt Sistemi";"Tokat";"Tek Kişilik Hanehalkı";"Hanehalkı sayısı";"2023";"41492";"";"";"";"";""
"Türkiye";"Yıllık";"Adrese Dayalı Nüfus Kayıt Sistemi";"Tokat";"Tek Kişilik Hanehalkı";"Hanehalkı sayısı";"2024";"44609";"";"";"";"";""
"Türkiye";"Yıllık";"Adrese Dayalı Nüfus Kayıt Sistemi";"Tokat";"Tek Kişilik Hanehalkı";"Hanehalkı sayısı";"2025";"47740";"";"";"";"";""
"Türkiye";"Yıllık";"Adrese Dayalı Nüfus Kayıt Sistemi";"Tokat";"Tek Çekirdek Aileden Oluşan Hanehalkı";"Hanehalkı sayısı";"2014";"106502";"";"";"";"";""
"Türkiye";"Yıllık";"Adrese Dayalı Nüfus Kayıt Sistemi";"Tokat";"Tek Çekirdek Aileden Oluşan Hanehalkı";"Hanehalkı sayısı";"2015";"108615";"";"";"";"";""
"Türkiye";"Yıllık";"Adrese Dayalı Nüfus Kayıt Sistemi";"Tokat";"Tek Çekirdek Aileden Oluşan Hanehalkı";"Hanehalkı sayısı";"2016";"111440";"";"";"";"";""
"Türkiye";"Yıllık";"Adrese Dayalı Nüfus Kayıt Sistemi";"Tokat";"Tek Çekirdek Aileden Oluşan Hanehalkı";"Hanehalkı sayısı";"2017";"112705";"";"";"";"";""
"Türkiye";"Yıllık";"Adrese Dayalı Nüfus Kayıt Sistemi";"Tokat";"Tek Çekirdek Aileden Oluşan Hanehalkı";"Hanehalkı sayısı";"2018";"112843";"";"";"";"";""
"Türkiye";"Yıllık";"Adrese Dayalı Nüfus Kayıt Sistemi";"Tokat";"Tek Çekirdek Aileden Oluşan Hanehalkı";"Hanehalkı sayısı";"2019";"117667";"";"";"";"";""
"Türkiye";"Yıllık";"Adrese Dayalı Nüfus Kayıt Sistemi";"Tokat";"Tek Çekirdek Aileden Oluşan Hanehalkı";"Hanehalkı sayısı";"2020";"117101";"";"";"";"";""
"Türkiye";"Yıllık";"Adrese Dayalı Nüfus Kayıt Sistemi";"Tokat";"Tek Çekirdek Aileden Oluşan Hanehalkı";"Hanehalkı sayısı";"2021";"120394";"";"";"";"";""
"Türkiye";"Yıllık";"Adrese Dayalı Nüfus Kayıt Sistemi";"Tokat";"Tek Çekirdek Aileden Oluşan Hanehalkı";"Hanehalkı sayısı";"2022";"121835";"";"";"";"";""
"Türkiye";"Yıllık";"Adrese Dayalı Nüfus Kayıt Sistemi";"Tokat";"Tek Çekirdek Aileden Oluşan Hanehalkı";"Hanehalkı sayısı";"2023";"116427";"";"";"";"";""
"Türkiye";"Yıllık";"Adrese Dayalı Nüfus Kayıt Sistemi";"Tokat";"Tek Çekirdek Aileden Oluşan Hanehalkı";"Hanehalkı sayısı";"2024";"119219";"";"";"";"";""
"Türkiye";"Yıllık";"Adrese Dayalı Nüfus Kayıt Sistemi";"Tokat";"Tek Çekirdek Aileden Oluşan Hanehalkı";"Hanehalkı sayısı";"2025";"120322";"";"";"";"";""
"Türkiye";"Yıllık";"Adrese Dayalı Nüfus Kayıt Sistemi";"Tokat";"En Az Bir Çekirdek Aile Ve Diğer Kişilerden Oluşan Hanehalkı";"Hanehalkı sayısı";"2014";"32779";"";"";"";"";""
"Türkiye";"Yıllık";"Adrese Dayalı Nüfus Kayıt Sistemi";"Tokat";"En Az Bir Çekirdek Aile Ve Diğer Kişilerden Oluşan Hanehalkı";"Hanehalkı sayısı";"2015";"31211";"";"";"";"";""
"Türkiye";"Yıllık";"Adrese Dayalı Nüfus Kayıt Sistemi";"Tokat";"En Az Bir Çekirdek Aile Ve Diğer Kişilerden Oluşan Hanehalkı";"Hanehalkı sayısı";"2016";"30437";"";"";"";"";""
"Türkiye";"Yıllık";"Adrese Dayalı Nüfus Kayıt Sistemi";"Tokat";"En Az Bir Çekirdek Aile Ve Diğer Kişilerden Oluşan Hanehalkı";"Hanehalkı sayısı";"2017";"30218";"";"";"";"";""
"Türkiye";"Yıllık";"Adrese Dayalı Nüfus Kayıt Sistemi";"Tokat";"En Az Bir Çekirdek Aile Ve Diğer Kişilerden Oluşan Hanehalkı";"Hanehalkı sayısı";"2018";"31682";"";"";"";"";""
"Türkiye";"Yıllık";"Adrese Dayalı Nüfus Kayıt Sistemi";"Tokat";"En Az Bir Çekirdek Aile Ve Diğer Kişilerden Oluşan Hanehalkı";"Hanehalkı sayısı";"2019";"29932";"";"";"";"";""
"Türkiye";"Yıllık";"Adrese Dayalı Nüfus Kayıt Sistemi";"Tokat";"En Az Bir Çekirdek Aile Ve Diğer Kişilerden Oluşan Hanehalkı";"Hanehalkı sayısı";"2020";"27725";"";"";"";"";""
"Türkiye";"Yıllık";"Adrese Dayalı Nüfus Kayıt Sistemi";"Tokat";"En Az Bir Çekirdek Aile Ve Diğer Kişilerden Oluşan Hanehalkı";"Hanehalkı sayısı";"2021";"26938";"";"";"";"";""
"Türkiye";"Yıllık";"Adrese Dayalı Nüfus Kayıt Sistemi";"Tokat";"En Az Bir Çekirdek Aile Ve Diğer Kişilerden Oluşan Hanehalkı";"Hanehalkı sayısı";"2022";"25958";"";"";"";"";""
"Türkiye";"Yıllık";"Adrese Dayalı Nüfus Kayıt Sistemi";"Tokat";"En Az Bir Çekirdek Aile Ve Diğer Kişilerden Oluşan Hanehalkı";"Hanehalkı sayısı";"2023";"30515";"";"";"";"";""
"Türkiye";"Yıllık";"Adrese Dayalı Nüfus Kayıt Sistemi";"Tokat";"En Az Bir Çekirdek Aile Ve Diğer Kişilerden Oluşan Hanehalkı";"Hanehalkı sayısı";"2024";"29438";"";"";"";"";""
"Türkiye";"Yıllık";"Adrese Dayalı Nüfus Kayıt Sistemi";"Tokat";"En Az Bir Çekirdek Aile Ve Diğer Kişilerden Oluşan Hanehalkı";"Hanehalkı sayısı";"2025";"29587";"";"";"";"";""
"Türkiye";"Yıllık";"Adrese Dayalı Nüfus Kayıt Sistemi";"Tokat";"Çekirdek Aile Bulunmayan Birden Fazla Kişiden Oluşan Hanehalkı";"Hanehalkı sayısı";"2014";"2428";"";"";"";"";""
"Türkiye";"Yıllık";"Adrese Dayalı Nüfus Kayıt Sistemi";"Tokat";"Çekirdek Aile Bulunmayan Birden Fazla Kişiden Oluşan Hanehalkı";"Hanehalkı sayısı";"2015";"2626";"";"";"";"";""
"Türkiye";"Yıllık";"Adrese Dayalı Nüfus Kayıt Sistemi";"Tokat";"Çekirdek Aile Bulunmayan Birden Fazla Kişiden Oluşan Hanehalkı";"Hanehalkı sayısı";"2016";"2929";"";"";"";"";""
"Türkiye";"Yıllık";"Adrese Dayalı Nüfus Kayıt Sistemi";"Tokat";"Çekirdek Aile Bulunmayan Birden Fazla Kişiden Oluşan Hanehalkı";"Hanehalkı sayısı";"2017";"3054";"";"";"";"";""
"Türkiye";"Yıllık";"Adrese Dayalı Nüfus Kayıt Sistemi";"Tokat";"Çekirdek Aile Bulunmayan Birden Fazla Kişiden Oluşan Hanehalkı";"Hanehalkı sayısı";"2018";"3181";"";"";"";"";""
"Türkiye";"Yıllık";"Adrese Dayalı Nüfus Kayıt Sistemi";"Tokat";"Çekirdek Aile Bulunmayan Birden Fazla Kişiden Oluşan Hanehalkı";"Hanehalkı sayısı";"2019";"3424";"";"";"";"";""
"Türkiye";"Yıllık";"Adrese Dayalı Nüfus Kayıt Sistemi";"Tokat";"Çekirdek Aile Bulunmayan Birden Fazla Kişiden Oluşan Hanehalkı";"Hanehalkı sayısı";"2020";"3519";"";"";"";"";""
"Türkiye";"Yıllık";"Adrese Dayalı Nüfus Kayıt Sistemi";"Tokat";"Çekirdek Aile Bulunmayan Birden Fazla Kişiden Oluşan Hanehalkı";"Hanehalkı sayısı";"2021";"3802";"";"";"";"";""
"Türkiye";"Yıllık";"Adrese Dayalı Nüfus Kayıt Sistemi";"Tokat";"Çekirdek Aile Bulunmayan Birden Fazla Kişiden Oluşan Hanehalkı";"Hanehalkı sayısı";"2022";"4068";"";"";"";"";""
"Türkiye";"Yıllık";"Adrese Dayalı Nüfus Kayıt Sistemi";"Tokat";"Çekirdek Aile Bulunmayan Birden Fazla Kişiden Oluşan Hanehalkı";"Hanehalkı sayısı";"2023";"4159";"";"";"";"";""
"Türkiye";"Yıllık";"Adrese Dayalı Nüfus Kayıt Sistemi";"Tokat";"Çekirdek Aile Bulunmayan Birden Fazla Kişiden Oluşan Hanehalkı";"Hanehalkı sayısı";"2024";"4396";"";"";"";"";""
"Türkiye";"Yıllık";"Adrese Dayalı Nüfus Kayıt Sistemi";"Tokat";"Çekirdek Aile Bulunmayan Birden Fazla Kişiden Oluşan Hanehalkı";"Hanehalkı sayısı";"2025";"4617";"";"";"";"";""
"Türkiye";"Yıllık";"Adrese Dayalı Nüfus Kayıt Sistemi";"Tokat";"Toplam";"Hanehalkı sayısı";"2014";"168557";"";"";"";"";""
"Türkiye";"Yıllık";"Adrese Dayalı Nüfus Kayıt Sistemi";"Tokat";"Toplam";"Hanehalkı sayısı";"2015";"170700";"";"";"";"";""
"Türkiye";"Yıllık";"Adrese Dayalı Nüfus Kayıt Sistemi";"Tokat";"Toplam";"Hanehalkı sayısı";"2016";"174906";"";"";"";"";""
"Türkiye";"Yıllık";"Adrese Dayalı Nüfus Kayıt Sistemi";"Tokat";"Toplam";"Hanehalkı sayısı";"2017";"176494";"";"";"";"";""
"Türkiye";"Yıllık";"Adrese Dayalı Nüfus Kayıt Sistemi";"Tokat";"Toplam";"Hanehalkı sayısı";"2018";"180641";"";"";"";"";""
"Türkiye";"Yıllık";"Adrese Dayalı Nüfus Kayıt Sistemi";"Tokat";"Toplam";"Hanehalkı sayısı";"2019";"185960";"";"";"";"";""
"Türkiye";"Yıllık";"Adrese Dayalı Nüfus Kayıt Sistemi";"Tokat";"Toplam";"Hanehalkı sayısı";"2020";"186010";"";"";"";"";""
"Türkiye";"Yıllık";"Adrese Dayalı Nüfus Kayıt Sistemi";"Tokat";"Toplam";"Hanehalkı sayısı";"2021";"191711";"";"";"";"";""
"Türkiye";"Yıllık";"Adrese Dayalı Nüfus Kayıt Sistemi";"Tokat";"Toplam";"Hanehalkı sayısı";"2022";"194436";"";"";"";"";""
"Türkiye";"Yıllık";"Adrese Dayalı Nüfus Kayıt Sistemi";"Tokat";"Toplam";"Hanehalkı sayısı";"2023";"192593";"";"";"";"";""
"Türkiye";"Yıllık";"Adrese Dayalı Nüfus Kayıt Sistemi";"Tokat";"Toplam";"Hanehalkı sayısı";"2024";"197662";"";"";"";"";""
"Türkiye";"Yıllık";"Adrese Dayalı Nüfus Kayıt Sistemi";"Tokat";"Toplam";"Hanehalkı sayısı";"2025";"202266";"";"";"";"";""
"Türkiye";"Yıllık";"Adrese Dayalı Nüfus Kayıt Sistemi";"Artvin";"Tek Kişilik Hanehalkı";"Hanehalkı sayısı";"2014";"10063";"";"";"";"";""
"Türkiye";"Yıllık";"Adrese Dayalı Nüfus Kayıt Sistemi";"Artvin";"Tek Kişilik Hanehalkı";"Hanehalkı sayısı";"2015";"10901";"";"";"";"";""
"Türkiye";"Yıllık";"Adrese Dayalı Nüfus Kayıt Sistemi";"Artvin";"Tek Kişilik Hanehalkı";"Hanehalkı sayısı";"2016";"11771";"";"";"";"";""
"Türkiye";"Yıllık";"Adrese Dayalı Nüfus Kayıt Sistemi";"Artvin";"Tek Kişilik Hanehalkı";"Hanehalkı sayısı";"2017";"12209";"";"";"";"";""
"Türkiye";"Yıllık";"Adrese Dayalı Nüfus Kayıt Sistemi";"Artvin";"Tek Kişilik Hanehalkı";"Hanehalkı sayısı";"2018";"13086";"";"";"";"";""
"Türkiye";"Yıllık";"Adrese Dayalı Nüfus Kayıt Sistemi";"Artvin";"Tek Kişilik Hanehalkı";"Hanehalkı sayısı";"2019";"13685";"";"";"";"";""
"Türkiye";"Yıllık";"Adrese Dayalı Nüfus Kayıt Sistemi";"Artvin";"Tek Kişilik Hanehalkı";"Hanehalkı sayısı";"2020";"14487";"";"";"";"";""
"Türkiye";"Yıllık";"Adrese Dayalı Nüfus Kayıt Sistemi";"Artvin";"Tek Kişilik Hanehalkı";"Hanehalkı sayısı";"2021";"15461";"";"";"";"";""
"Türkiye";"Yıllık";"Adrese Dayalı Nüfus Kayıt Sistemi";"Artvin";"Tek Kişilik Hanehalkı";"Hanehalkı sayısı";"2022";"16062";"";"";"";"";""
"Türkiye";"Yıllık";"Adrese Dayalı Nüfus Kayıt Sistemi";"Artvin";"Tek Kişilik Hanehalkı";"Hanehalkı sayısı";"2023";"15693";"";"";"";"";""
"Türkiye";"Yıllık";"Adrese Dayalı Nüfus Kayıt Sistemi";"Artvin";"Tek Kişilik Hanehalkı";"Hanehalkı sayısı";"2024";"16679";"";"";"";"";""
"Türkiye";"Yıllık";"Adrese Dayalı Nüfus Kayıt Sistemi";"Artvin";"Tek Kişilik Hanehalkı";"Hanehalkı sayısı";"2025";"17274";"";"";"";"";""
"Türkiye";"Yıllık";"Adrese Dayalı Nüfus Kayıt Sistemi";"Artvin";"Tek Çekirdek Aileden Oluşan Hanehalkı";"Hanehalkı sayısı";"2014";"31162";"";"";"";"";""
"Türkiye";"Yıllık";"Adrese Dayalı Nüfus Kayıt Sistemi";"Artvin";"Tek Çekirdek Aileden Oluşan Hanehalkı";"Hanehalkı sayısı";"2015";"31393";"";"";"";"";""
"Türkiye";"Yıllık";"Adrese Dayalı Nüfus Kayıt Sistemi";"Artvin";"Tek Çekirdek Aileden Oluşan Hanehalkı";"Hanehalkı sayısı";"2016";"31713";"";"";"";"";""
"Türkiye";"Yıllık";"Adrese Dayalı Nüfus Kayıt Sistemi";"Artvin";"Tek Çekirdek Aileden Oluşan Hanehalkı";"Hanehalkı sayısı";"2017";"31658";"";"";"";"";""
"Türkiye";"Yıllık";"Adrese Dayalı Nüfus Kayıt Sistemi";"Artvin";"Tek Çekirdek Aileden Oluşan Hanehalkı";"Hanehalkı sayısı";"2018";"30347";"";"";"";"";""
"Türkiye";"Yıllık";"Adrese Dayalı Nüfus Kayıt Sistemi";"Artvin";"Tek Çekirdek Aileden Oluşan Hanehalkı";"Hanehalkı sayısı";"2019";"30794";"";"";"";"";""
"Türkiye";"Yıllık";"Adrese Dayalı Nüfus Kayıt Sistemi";"Artvin";"Tek Çekirdek Aileden Oluşan Hanehalkı";"Hanehalkı sayısı";"2020";"31943";"";"";"";"";""
"Türkiye";"Yıllık";"Adrese Dayalı Nüfus Kayıt Sistemi";"Artvin";"Tek Çekirdek Aileden Oluşan Hanehalkı";"Hanehalkı sayısı";"2021";"32669";"";"";"";"";""
"Türkiye";"Yıllık";"Adrese Dayalı Nüfus Kayıt Sistemi";"Artvin";"Tek Çekirdek Aileden Oluşan Hanehalkı";"Hanehalkı sayısı";"2022";"33440";"";"";"";"";""
"Türkiye";"Yıllık";"Adrese Dayalı Nüfus Kayıt Sistemi";"Artvin";"Tek Çekirdek Aileden Oluşan Hanehalkı";"Hanehalkı sayısı";"2023";"31882";"";"";"";"";""
"Türkiye";"Yıllık";"Adrese Dayalı Nüfus Kayıt Sistemi";"Artvin";"Tek Çekirdek Aileden Oluşan Hanehalkı";"Hanehalkı sayısı";"2024";"32474";"";"";"";"";""
"Türkiye";"Yıllık";"Adrese Dayalı Nüfus Kayıt Sistemi";"Artvin";"Tek Çekirdek Aileden Oluşan Hanehalkı";"Hanehalkı sayısı";"2025";"32342";"";"";"";"";""
"Türkiye";"Yıllık";"Adrese Dayalı Nüfus Kayıt Sistemi";"Artvin";"En Az Bir Çekirdek Aile Ve Diğer Kişilerden Oluşan Hanehalkı";"Hanehalkı sayısı";"2014";"9930";"";"";"";"";""
"Türkiye";"Yıllık";"Adrese Dayalı Nüfus Kayıt Sistemi";"Artvin";"En Az Bir Çekirdek Aile Ve Diğer Kişilerden Oluşan Hanehalkı";"Hanehalkı sayısı";"2015";"9676";"";"";"";"";""
"Türkiye";"Yıllık";"Adrese Dayalı Nüfus Kayıt Sistemi";"Artvin";"En Az Bir Çekirdek Aile Ve Diğer Kişilerden Oluşan Hanehalkı";"Hanehalkı sayısı";"2016";"9333";"";"";"";"";""
"Türkiye";"Yıllık";"Adrese Dayalı Nüfus Kayıt Sistemi";"Artvin";"En Az Bir Çekirdek Aile Ve Diğer Kişilerden Oluşan Hanehalkı";"Hanehalkı sayısı";"2017";"9044";"";"";"";"";""
"Türkiye";"Yıllık";"Adrese Dayalı Nüfus Kayıt Sistemi";"Artvin";"En Az Bir Çekirdek Aile Ve Diğer Kişilerden Oluşan Hanehalkı";"Hanehalkı sayısı";"2018";"10357";"";"";"";"";""
"Türkiye";"Yıllık";"Adrese Dayalı Nüfus Kayıt Sistemi";"Artvin";"En Az Bir Çekirdek Aile Ve Diğer Kişilerden Oluşan Hanehalkı";"Hanehalkı sayısı";"2019";"10013";"";"";"";"";""
"Türkiye";"Yıllık";"Adrese Dayalı Nüfus Kayıt Sistemi";"Artvin";"En Az Bir Çekirdek Aile Ve Diğer Kişilerden Oluşan Hanehalkı";"Hanehalkı sayısı";"2020";"9452";"";"";"";"";""
"Türkiye";"Yıllık";"Adrese Dayalı Nüfus Kayıt Sistemi";"Artvin";"En Az Bir Çekirdek Aile Ve Diğer Kişilerden Oluşan Hanehalkı";"Hanehalkı sayısı";"2021";"9080";"";"";"";"";""
"Türkiye";"Yıllık";"Adrese Dayalı Nüfus Kayıt Sistemi";"Artvin";"En Az Bir Çekirdek Aile Ve Diğer Kişilerden Oluşan Hanehalkı";"Hanehalkı sayısı";"2022";"8526";"";"";"";"";""
"Türkiye";"Yıllık";"Adrese Dayalı Nüfus Kayıt Sistemi";"Artvin";"En Az Bir Çekirdek Aile Ve Diğer Kişilerden Oluşan Hanehalkı";"Hanehalkı sayısı";"2023";"9520";"";"";"";"";""
"Türkiye";"Yıllık";"Adrese Dayalı Nüfus Kayıt Sistemi";"Artvin";"En Az Bir Çekirdek Aile Ve Diğer Kişilerden Oluşan Hanehalkı";"Hanehalkı sayısı";"2024";"9051";"";"";"";"";""
"Türkiye";"Yıllık";"Adrese Dayalı Nüfus Kayıt Sistemi";"Artvin";"En Az Bir Çekirdek Aile Ve Diğer Kişilerden Oluşan Hanehalkı";"Hanehalkı sayısı";"2025";"8948";"";"";"";"";""
"Türkiye";"Yıllık";"Adrese Dayalı Nüfus Kayıt Sistemi";"Artvin";"Çekirdek Aile Bulunmayan Birden Fazla Kişiden Oluşan Hanehalkı";"Hanehalkı sayısı";"2014";"1283";"";"";"";"";""
"Türkiye";"Yıllık";"Adrese Dayalı Nüfus Kayıt Sistemi";"Artvin";"Çekirdek Aile Bulunmayan Birden Fazla Kişiden Oluşan Hanehalkı";"Hanehalkı sayısı";"2015";"1268";"";"";"";"";""
"Türkiye";"Yıllık";"Adrese Dayalı Nüfus Kayıt Sistemi";"Artvin";"Çekirdek Aile Bulunmayan Birden Fazla Kişiden Oluşan Hanehalkı";"Hanehalkı sayısı";"2016";"1275";"";"";"";"";""
"Türkiye";"Yıllık";"Adrese Dayalı Nüfus Kayıt Sistemi";"Artvin";"Çekirdek Aile Bulunmayan Birden Fazla Kişiden Oluşan Hanehalkı";"Hanehalkı sayısı";"2017";"1301";"";"";"";"";""
"Türkiye";"Yıllık";"Adrese Dayalı Nüfus Kayıt Sistemi";"Artvin";"Çekirdek Aile Bulunmayan Birden Fazla Kişiden Oluşan Hanehalkı";"Hanehalkı sayısı";"2018";"1484";"";"";"";"";""
"Türkiye";"Yıllık";"Adrese Dayalı Nüfus Kayıt Sistemi";"Artvin";"Çekirdek Aile Bulunmayan Birden Fazla Kişiden Oluşan Hanehalkı";"Hanehalkı sayısı";"2019";"1637";"";"";"";"";""
"Türkiye";"Yıllık";"Adrese Dayalı Nüfus Kayıt Sistemi";"Artvin";"Çekirdek Aile Bulunmayan Birden Fazla Kişiden Oluşan Hanehalkı";"Hanehalkı sayısı";"2020";"1607";"";"";"";"";""
"Türkiye";"Yıllık";"Adrese Dayalı Nüfus Kayıt Sistemi";"Artvin";"Çekirdek Aile Bulunmayan Birden Fazla Kişiden Oluşan Hanehalkı";"Hanehalkı sayısı";"2021";"1637";"";"";"";"";""
"Türkiye";"Yıllık";"Adrese Dayalı Nüfus Kayıt Sistemi";"Artvin";"Çekirdek Aile Bulunmayan Birden Fazla Kişiden Oluşan Hanehalkı";"Hanehalkı sayısı";"2022";"1640";"";"";"";"";""
"Türkiye";"Yıllık";"Adrese Dayalı Nüfus Kayıt Sistemi";"Artvin";"Çekirdek Aile Bulunmayan Birden Fazla Kişiden Oluşan Hanehalkı";"Hanehalkı sayısı";"2023";"1790";"";"";"";"";""
"Türkiye";"Yıllık";"Adrese Dayalı Nüfus Kayıt Sistemi";"Artvin";"Çekirdek Aile Bulunmayan Birden Fazla Kişiden Oluşan Hanehalkı";"Hanehalkı sayısı";"2024";"1858";"";"";"";"";""
"Türkiye";"Yıllık";"Adrese Dayalı Nüfus Kayıt Sistemi";"Artvin";"Çekirdek Aile Bulunmayan Birden Fazla Kişiden Oluşan Hanehalkı";"Hanehalkı sayısı";"2025";"1987";"";"";"";"";""
"Türkiye";"Yıllık";"Adrese Dayalı Nüfus Kayıt Sistemi";"Artvin";"Toplam";"Hanehalkı sayısı";"2014";"52438";"";"";"";"";""
"Türkiye";"Yıllık";"Adrese Dayalı Nüfus Kayıt Sistemi";"Artvin";"Toplam";"Hanehalkı sayısı";"2015";"53238";"";"";"";"";""
"Türkiye";"Yıllık";"Adrese Dayalı Nüfus Kayıt Sistemi";"Artvin";"Toplam";"Hanehalkı sayısı";"2016";"54092";"";"";"";"";""
"Türkiye";"Yıllık";"Adrese Dayalı Nüfus Kayıt Sistemi";"Artvin";"Toplam";"Hanehalkı sayısı";"2017";"54212";"";"";"";"";""
"Türkiye";"Yıllık";"Adrese Dayalı Nüfus Kayıt Sistemi";"Artvin";"Toplam";"Hanehalkı sayısı";"2018";"55274";"";"";"";"";""
"Türkiye";"Yıllık";"Adrese Dayalı Nüfus Kayıt Sistemi";"Artvin";"Toplam";"Hanehalkı sayısı";"2019";"56129";"";"";"";"";""
"Türkiye";"Yıllık";"Adrese Dayalı Nüfus Kayıt Sistemi";"Artvin";"Toplam";"Hanehalkı sayısı";"2020";"57489";"";"";"";"";""
"Türkiye";"Yıllık";"Adrese Dayalı Nüfus Kayıt Sistemi";"Artvin";"Toplam";"Hanehalkı sayısı";"2021";"58847";"";"";"";"";""
"Türkiye";"Yıllık";"Adrese Dayalı Nüfus Kayıt Sistemi";"Artvin";"Toplam";"Hanehalkı sayısı";"2022";"59668";"";"";"";"";""
"Türkiye";"Yıllık";"Adrese Dayalı Nüfus Kayıt Sistemi";"Artvin";"Toplam";"Hanehalkı sayısı";"2023";"58885";"";"";"";"";""
"Türkiye";"Yıllık";"Adrese Dayalı Nüfus Kayıt Sistemi";"Artvin";"Toplam";"Hanehalkı sayısı";"2024";"60062";"";"";"";"";""
"Türkiye";"Yıllık";"Adrese Dayalı Nüfus Kayıt Sistemi";"Artvin";"Toplam";"Hanehalkı sayısı";"2025";"60551";"";"";"";"";""
"Türkiye";"Yıllık";"Adrese Dayalı Nüfus Kayıt Sistemi";"Giresun";"Tek Kişilik Hanehalkı";"Hanehalkı sayısı";"2014";"28002";"";"";"";"";""
"Türkiye";"Yıllık";"Adrese Dayalı Nüfus Kayıt Sistemi";"Giresun";"Tek Kişilik Hanehalkı";"Hanehalkı sayısı";"2015";"30049";"";"";"";"";""
"Türkiye";"Yıllık";"Adrese Dayalı Nüfus Kayıt Sistemi";"Giresun";"Tek Kişilik Hanehalkı";"Hanehalkı sayısı";"2016";"33469";"";"";"";"";""
"Türkiye";"Yıllık";"Adrese Dayalı Nüfus Kayıt Sistemi";"Giresun";"Tek Kişilik Hanehalkı";"Hanehalkı sayısı";"2017";"35012";"";"";"";"";""
"Türkiye";"Yıllık";"Adrese Dayalı Nüfus Kayıt Sistemi";"Giresun";"Tek Kişilik Hanehalkı";"Hanehalkı sayısı";"2018";"37922";"";"";"";"";""
"Türkiye";"Yıllık";"Adrese Dayalı Nüfus Kayıt Sistemi";"Giresun";"Tek Kişilik Hanehalkı";"Hanehalkı sayısı";"2019";"40158";"";"";"";"";""
"Türkiye";"Yıllık";"Adrese Dayalı Nüfus Kayıt Sistemi";"Giresun";"Tek Kişilik Hanehalkı";"Hanehalkı sayısı";"2020";"42761";"";"";"";"";""
"Türkiye";"Yıllık";"Adrese Dayalı Nüfus Kayıt Sistemi";"Giresun";"Tek Kişilik Hanehalkı";"Hanehalkı sayısı";"2021";"46367";"";"";"";"";""
"Türkiye";"Yıllık";"Adrese Dayalı Nüfus Kayıt Sistemi";"Giresun";"Tek Kişilik Hanehalkı";"Hanehalkı sayısı";"2022";"48894";"";"";"";"";""
"Türkiye";"Yıllık";"Adrese Dayalı Nüfus Kayıt Sistemi";"Giresun";"Tek Kişilik Hanehalkı";"Hanehalkı sayısı";"2023";"49759";"";"";"";"";""
"Türkiye";"Yıllık";"Adrese Dayalı Nüfus Kayıt Sistemi";"Giresun";"Tek Kişilik Hanehalkı";"Hanehalkı sayısı";"2024";"51569";"";"";"";"";""
"Türkiye";"Yıllık";"Adrese Dayalı Nüfus Kayıt Sistemi";"Giresun";"Tek Kişilik Hanehalkı";"Hanehalkı sayısı";"2025";"53546";"";"";"";"";""
"Türkiye";"Yıllık";"Adrese Dayalı Nüfus Kayıt Sistemi";"Giresun";"Tek Çekirdek Aileden Oluşan Hanehalkı";"Hanehalkı sayısı";"2014";"83286";"";"";"";"";""
"Türkiye";"Yıllık";"Adrese Dayalı Nüfus Kayıt Sistemi";"Giresun";"Tek Çekirdek Aileden Oluşan Hanehalkı";"Hanehalkı sayısı";"2015";"84694";"";"";"";"";""
"Türkiye";"Yıllık";"Adrese Dayalı Nüfus Kayıt Sistemi";"Giresun";"Tek Çekirdek Aileden Oluşan Hanehalkı";"Hanehalkı sayısı";"2016";"87917";"";"";"";"";""
"Türkiye";"Yıllık";"Adrese Dayalı Nüfus Kayıt Sistemi";"Giresun";"Tek Çekirdek Aileden Oluşan Hanehalkı";"Hanehalkı sayısı";"2017";"87884";"";"";"";"";""
"Türkiye";"Yıllık";"Adrese Dayalı Nüfus Kayıt Sistemi";"Giresun";"Tek Çekirdek Aileden Oluşan Hanehalkı";"Hanehalkı sayısı";"2018";"90034";"";"";"";"";""
"Türkiye";"Yıllık";"Adrese Dayalı Nüfus Kayıt Sistemi";"Giresun";"Tek Çekirdek Aileden Oluşan Hanehalkı";"Hanehalkı sayısı";"2019";"90399";"";"";"";"";""
"Türkiye";"Yıllık";"Adrese Dayalı Nüfus Kayıt Sistemi";"Giresun";"Tek Çekirdek Aileden Oluşan Hanehalkı";"Hanehalkı sayısı";"2020";"93016";"";"";"";"";""
"Türkiye";"Yıllık";"Adrese Dayalı Nüfus Kayıt Sistemi";"Giresun";"Tek Çekirdek Aileden Oluşan Hanehalkı";"Hanehalkı sayısı";"2021";"94668";"";"";"";"";""
"Türkiye";"Yıllık";"Adrese Dayalı Nüfus Kayıt Sistemi";"Giresun";"Tek Çekirdek Aileden Oluşan Hanehalkı";"Hanehalkı sayısı";"2022";"97163";"";"";"";"";""
"Türkiye";"Yıllık";"Adrese Dayalı Nüfus Kayıt Sistemi";"Giresun";"Tek Çekirdek Aileden Oluşan Hanehalkı";"Hanehalkı sayısı";"2023";"96088";"";"";"";"";""
"Türkiye";"Yıllık";"Adrese Dayalı Nüfus Kayıt Sistemi";"Giresun";"Tek Çekirdek Aileden Oluşan Hanehalkı";"Hanehalkı sayısı";"2024";"97416";"";"";"";"";""
"Türkiye";"Yıllık";"Adrese Dayalı Nüfus Kayıt Sistemi";"Giresun";"Tek Çekirdek Aileden Oluşan Hanehalkı";"Hanehalkı sayısı";"2025";"97599";"";"";"";"";""
"Türkiye";"Yıllık";"Adrese Dayalı Nüfus Kayıt Sistemi";"Giresun";"En Az Bir Çekirdek Aile Ve Diğer Kişilerden Oluşan Hanehalkı";"Hanehalkı sayısı";"2014";"22405";"";"";"";"";""
"Türkiye";"Yıllık";"Adrese Dayalı Nüfus Kayıt Sistemi";"Giresun";"En Az Bir Çekirdek Aile Ve Diğer Kişilerden Oluşan Hanehalkı";"Hanehalkı sayısı";"2015";"21264";"";"";"";"";""
"Türkiye";"Yıllık";"Adrese Dayalı Nüfus Kayıt Sistemi";"Giresun";"En Az Bir Çekirdek Aile Ve Diğer Kişilerden Oluşan Hanehalkı";"Hanehalkı sayısı";"2016";"21775";"";"";"";"";""
"Türkiye";"Yıllık";"Adrese Dayalı Nüfus Kayıt Sistemi";"Giresun";"En Az Bir Çekirdek Aile Ve Diğer Kişilerden Oluşan Hanehalkı";"Hanehalkı sayısı";"2017";"20629";"";"";"";"";""
"Türkiye";"Yıllık";"Adrese Dayalı Nüfus Kayıt Sistemi";"Giresun";"En Az Bir Çekirdek Aile Ve Diğer Kişilerden Oluşan Hanehalkı";"Hanehalkı sayısı";"2018";"22737";"";"";"";"";""
"Türkiye";"Yıllık";"Adrese Dayalı Nüfus Kayıt Sistemi";"Giresun";"En Az Bir Çekirdek Aile Ve Diğer Kişilerden Oluşan Hanehalkı";"Hanehalkı sayısı";"2019";"21282";"";"";"";"";""
"Türkiye";"Yıllık";"Adrese Dayalı Nüfus Kayıt Sistemi";"Giresun";"En Az Bir Çekirdek Aile Ve Diğer Kişilerden Oluşan Hanehalkı";"Hanehalkı sayısı";"2020";"20016";"";"";"";"";""
"Türkiye";"Yıllık";"Adrese Dayalı Nüfus Kayıt Sistemi";"Giresun";"En Az Bir Çekirdek Aile Ve Diğer Kişilerden Oluşan Hanehalkı";"Hanehalkı sayısı";"2021";"19085";"";"";"";"";""
"Türkiye";"Yıllık";"Adrese Dayalı Nüfus Kayıt Sistemi";"Giresun";"En Az Bir Çekirdek Aile Ve Diğer Kişilerden Oluşan Hanehalkı";"Hanehalkı sayısı";"2022";"17973";"";"";"";"";""
"Türkiye";"Yıllık";"Adrese Dayalı Nüfus Kayıt Sistemi";"Giresun";"En Az Bir Çekirdek Aile Ve Diğer Kişilerden Oluşan Hanehalkı";"Hanehalkı sayısı";"2023";"21010";"";"";"";"";""
"Türkiye";"Yıllık";"Adrese Dayalı Nüfus Kayıt Sistemi";"Giresun";"En Az Bir Çekirdek Aile Ve Diğer Kişilerden Oluşan Hanehalkı";"Hanehalkı sayısı";"2024";"19530";"";"";"";"";""
"Türkiye";"Yıllık";"Adrese Dayalı Nüfus Kayıt Sistemi";"Giresun";"En Az Bir Çekirdek Aile Ve Diğer Kişilerden Oluşan Hanehalkı";"Hanehalkı sayısı";"2025";"19572";"";"";"";"";""
"Türkiye";"Yıllık";"Adrese Dayalı Nüfus Kayıt Sistemi";"Giresun";"Çekirdek Aile Bulunmayan Birden Fazla Kişiden Oluşan Hanehalkı";"Hanehalkı sayısı";"2014";"3166";"";"";"";"";""
"Türkiye";"Yıllık";"Adrese Dayalı Nüfus Kayıt Sistemi";"Giresun";"Çekirdek Aile Bulunmayan Birden Fazla Kişiden Oluşan Hanehalkı";"Hanehalkı sayısı";"2015";"3630";"";"";"";"";""
"Türkiye";"Yıllık";"Adrese Dayalı Nüfus Kayıt Sistemi";"Giresun";"Çekirdek Aile Bulunmayan Birden Fazla Kişiden Oluşan Hanehalkı";"Hanehalkı sayısı";"2016";"3748";"";"";"";"";""
"Türkiye";"Yıllık";"Adrese Dayalı Nüfus Kayıt Sistemi";"Giresun";"Çekirdek Aile Bulunmayan Birden Fazla Kişiden Oluşan Hanehalkı";"Hanehalkı sayısı";"2017";"4114";"";"";"";"";""
"Türkiye";"Yıllık";"Adrese Dayalı Nüfus Kayıt Sistemi";"Giresun";"Çekirdek Aile Bulunmayan Birden Fazla Kişiden Oluşan Hanehalkı";"Hanehalkı sayısı";"2018";"4216";"";"";"";"";""
"Türkiye";"Yıllık";"Adrese Dayalı Nüfus Kayıt Sistemi";"Giresun";"Çekirdek Aile Bulunmayan Birden Fazla Kişiden Oluşan Hanehalkı";"Hanehalkı sayısı";"2019";"4368";"";"";"";"";""
"Türkiye";"Yıllık";"Adrese Dayalı Nüfus Kayıt Sistemi";"Giresun";"Çekirdek Aile Bulunmayan Birden Fazla Kişiden Oluşan Hanehalkı";"Hanehalkı sayısı";"2020";"4261";"";"";"";"";""
"Türkiye";"Yıllık";"Adrese Dayalı Nüfus Kayıt Sistemi";"Giresun";"Çekirdek Aile Bulunmayan Birden Fazla Kişiden Oluşan Hanehalkı";"Hanehalkı sayısı";"2021";"4428";"";"";"";"";""
"Türkiye";"Yıllık";"Adrese Dayalı Nüfus Kayıt Sistemi";"Giresun";"Çekirdek Aile Bulunmayan Birden Fazla Kişiden Oluşan Hanehalkı";"Hanehalkı sayısı";"2022";"4521";"";"";"";"";""
"Türkiye";"Yıllık";"Adrese Dayalı Nüfus Kayıt Sistemi";"Giresun";"Çekirdek Aile Bulunmayan Birden Fazla Kişiden Oluşan Hanehalkı";"Hanehalkı sayısı";"2023";"4698";"";"";"";"";""
"Türkiye";"Yıllık";"Adrese Dayalı Nüfus Kayıt Sistemi";"Giresun";"Çekirdek Aile Bulunmayan Birden Fazla Kişiden Oluşan Hanehalkı";"Hanehalkı sayısı";"2024";"4869";"";"";"";"";""
"Türkiye";"Yıllık";"Adrese Dayalı Nüfus Kayıt Sistemi";"Giresun";"Çekirdek Aile Bulunmayan Birden Fazla Kişiden Oluşan Hanehalkı";"Hanehalkı sayısı";"2025";"4961";"";"";"";"";""
"Türkiye";"Yıllık";"Adrese Dayalı Nüfus Kayıt Sistemi";"Giresun";"Toplam";"Hanehalkı sayısı";"2014";"136859";"";"";"";"";""
"Türkiye";"Yıllık";"Adrese Dayalı Nüfus Kayıt Sistemi";"Giresun";"Toplam";"Hanehalkı sayısı";"2015";"139637";"";"";"";"";""
"Türkiye";"Yıllık";"Adrese Dayalı Nüfus Kayıt Sistemi";"Giresun";"Toplam";"Hanehalkı sayısı";"2016";"146909";"";"";"";"";""
"Türkiye";"Yıllık";"Adrese Dayalı Nüfus Kayıt Sistemi";"Giresun";"Toplam";"Hanehalkı sayısı";"2017";"147639";"";"";"";"";""
"Türkiye";"Yıllık";"Adrese Dayalı Nüfus Kayıt Sistemi";"Giresun";"Toplam";"Hanehalkı sayısı";"2018";"154909";"";"";"";"";""
"Türkiye";"Yıllık";"Adrese Dayalı Nüfus Kayıt Sistemi";"Giresun";"Toplam";"Hanehalkı sayısı";"2019";"156207";"";"";"";"";""
"Türkiye";"Yıllık";"Adrese Dayalı Nüfus Kayıt Sistemi";"Giresun";"Toplam";"Hanehalkı sayısı";"2020";"160054";"";"";"";"";""
"Türkiye";"Yıllık";"Adrese Dayalı Nüfus Kayıt Sistemi";"Giresun";"Toplam";"Hanehalkı sayısı";"2021";"164548";"";"";"";"";""
"Türkiye";"Yıllık";"Adrese Dayalı Nüfus Kayıt Sistemi";"Giresun";"Toplam";"Hanehalkı sayısı";"2022";"168551";"";"";"";"";""
"Türkiye";"Yıllık";"Adrese Dayalı Nüfus Kayıt Sistemi";"Giresun";"Toplam";"Hanehalkı sayısı";"2023";"171555";"";"";"";"";""
"Türkiye";"Yıllık";"Adrese Dayalı Nüfus Kayıt Sistemi";"Giresun";"Toplam";"Hanehalkı sayısı";"2024";"173384";"";"";"";"";""
"Türkiye";"Yıllık";"Adrese Dayalı Nüfus Kayıt Sistemi";"Giresun";"Toplam";"Hanehalkı sayısı";"2025";"175678";"";"";"";"";""
"Türkiye";"Yıllık";"Adrese Dayalı Nüfus Kayıt Sistemi";"Gümüşhane";"Tek Kişilik Hanehalkı";"Hanehalkı sayısı";"2014";"8685";"";"";"";"";""
"Türkiye";"Yıllık";"Adrese Dayalı Nüfus Kayıt Sistemi";"Gümüşhane";"Tek Kişilik Hanehalkı";"Hanehalkı sayısı";"2015";"9596";"";"";"";"";""
"Türkiye";"Yıllık";"Adrese Dayalı Nüfus Kayıt Sistemi";"Gümüşhane";"Tek Kişilik Hanehalkı";"Hanehalkı sayısı";"2016";"10308";"";"";"";"";""
"Türkiye";"Yıllık";"Adrese Dayalı Nüfus Kayıt Sistemi";"Gümüşhane";"Tek Kişilik Hanehalkı";"Hanehalkı sayısı";"2017";"10289";"";"";"";"";""
"Türkiye";"Yıllık";"Adrese Dayalı Nüfus Kayıt Sistemi";"Gümüşhane";"Tek Kişilik Hanehalkı";"Hanehalkı sayısı";"2018";"12119";"";"";"";"";""
"Türkiye";"Yıllık";"Adrese Dayalı Nüfus Kayıt Sistemi";"Gümüşhane";"Tek Kişilik Hanehalkı";"Hanehalkı sayısı";"2019";"12570";"";"";"";"";""
"Türkiye";"Yıllık";"Adrese Dayalı Nüfus Kayıt Sistemi";"Gümüşhane";"Tek Kişilik Hanehalkı";"Hanehalkı sayısı";"2020";"13388";"";"";"";"";""
"Türkiye";"Yıllık";"Adrese Dayalı Nüfus Kayıt Sistemi";"Gümüşhane";"Tek Kişilik Hanehalkı";"Hanehalkı sayısı";"2021";"14119";"";"";"";"";""
"Türkiye";"Yıllık";"Adrese Dayalı Nüfus Kayıt Sistemi";"Gümüşhane";"Tek Kişilik Hanehalkı";"Hanehalkı sayısı";"2022";"14754";"";"";"";"";""
"Türkiye";"Yıllık";"Adrese Dayalı Nüfus Kayıt Sistemi";"Gümüşhane";"Tek Kişilik Hanehalkı";"Hanehalkı sayısı";"2023";"14212";"";"";"";"";""
"Türkiye";"Yıllık";"Adrese Dayalı Nüfus Kayıt Sistemi";"Gümüşhane";"Tek Kişilik Hanehalkı";"Hanehalkı sayısı";"2024";"15059";"";"";"";"";""
"Türkiye";"Yıllık";"Adrese Dayalı Nüfus Kayıt Sistemi";"Gümüşhane";"Tek Kişilik Hanehalkı";"Hanehalkı sayısı";"2025";"15675";"";"";"";"";""
"Türkiye";"Yıllık";"Adrese Dayalı Nüfus Kayıt Sistemi";"Gümüşhane";"Tek Çekirdek Aileden Oluşan Hanehalkı";"Hanehalkı sayısı";"2014";"24606";"";"";"";"";""
"Türkiye";"Yıllık";"Adrese Dayalı Nüfus Kayıt Sistemi";"Gümüşhane";"Tek Çekirdek Aileden Oluşan Hanehalkı";"Hanehalkı sayısı";"2015";"26460";"";"";"";"";""
"Türkiye";"Yıllık";"Adrese Dayalı Nüfus Kayıt Sistemi";"Gümüşhane";"Tek Çekirdek Aileden Oluşan Hanehalkı";"Hanehalkı sayısı";"2016";"26747";"";"";"";"";""
"Türkiye";"Yıllık";"Adrese Dayalı Nüfus Kayıt Sistemi";"Gümüşhane";"Tek Çekirdek Aileden Oluşan Hanehalkı";"Hanehalkı sayısı";"2017";"28746";"";"";"";"";""
"Türkiye";"Yıllık";"Adrese Dayalı Nüfus Kayıt Sistemi";"Gümüşhane";"Tek Çekirdek Aileden Oluşan Hanehalkı";"Hanehalkı sayısı";"2018";"26064";"";"";"";"";""
"Türkiye";"Yıllık";"Adrese Dayalı Nüfus Kayıt Sistemi";"Gümüşhane";"Tek Çekirdek Aileden Oluşan Hanehalkı";"Hanehalkı sayısı";"2019";"27901";"";"";"";"";""
"Türkiye";"Yıllık";"Adrese Dayalı Nüfus Kayıt Sistemi";"Gümüşhane";"Tek Çekirdek Aileden Oluşan Hanehalkı";"Hanehalkı sayısı";"2020";"25538";"";"";"";"";""
"Türkiye";"Yıllık";"Adrese Dayalı Nüfus Kayıt Sistemi";"Gümüşhane";"Tek Çekirdek Aileden Oluşan Hanehalkı";"Hanehalkı sayısı";"2021";"27483";"";"";"";"";""
"Türkiye";"Yıllık";"Adrese Dayalı Nüfus Kayıt Sistemi";"Gümüşhane";"Tek Çekirdek Aileden Oluşan Hanehalkı";"Hanehalkı sayısı";"2022";"26884";"";"";"";"";""
"Türkiye";"Yıllık";"Adrese Dayalı Nüfus Kayıt Sistemi";"Gümüşhane";"Tek Çekirdek Aileden Oluşan Hanehalkı";"Hanehalkı sayısı";"2023";"23751";"";"";"";"";""
"Türkiye";"Yıllık";"Adrese Dayalı Nüfus Kayıt Sistemi";"Gümüşhane";"Tek Çekirdek Aileden Oluşan Hanehalkı";"Hanehalkı sayısı";"2024";"24604";"";"";"";"";""
"Türkiye";"Yıllık";"Adrese Dayalı Nüfus Kayıt Sistemi";"Gümüşhane";"Tek Çekirdek Aileden Oluşan Hanehalkı";"Hanehalkı sayısı";"2025";"24674";"";"";"";"";""
"Türkiye";"Yıllık";"Adrese Dayalı Nüfus Kayıt Sistemi";"Gümüşhane";"En Az Bir Çekirdek Aile Ve Diğer Kişilerden Oluşan Hanehalkı";"Hanehalkı sayısı";"2014";"6354";"";"";"";"";""
"Türkiye";"Yıllık";"Adrese Dayalı Nüfus Kayıt Sistemi";"Gümüşhane";"En Az Bir Çekirdek Aile Ve Diğer Kişilerden Oluşan Hanehalkı";"Hanehalkı sayısı";"2015";"5885";"";"";"";"";""
"Türkiye";"Yıllık";"Adrese Dayalı Nüfus Kayıt Sistemi";"Gümüşhane";"En Az Bir Çekirdek Aile Ve Diğer Kişilerden Oluşan Hanehalkı";"Hanehalkı sayısı";"2016";"6889";"";"";"";"";""
"Türkiye";"Yıllık";"Adrese Dayalı Nüfus Kayıt Sistemi";"Gümüşhane";"En Az Bir Çekirdek Aile Ve Diğer Kişilerden Oluşan Hanehalkı";"Hanehalkı sayısı";"2017";"6285";"";"";"";"";""
"Türkiye";"Yıllık";"Adrese Dayalı Nüfus Kayıt Sistemi";"Gümüşhane";"En Az Bir Çekirdek Aile Ve Diğer Kişilerden Oluşan Hanehalkı";"Hanehalkı sayısı";"2018";"7507";"";"";"";"";""
"Türkiye";"Yıllık";"Adrese Dayalı Nüfus Kayıt Sistemi";"Gümüşhane";"En Az Bir Çekirdek Aile Ve Diğer Kişilerden Oluşan Hanehalkı";"Hanehalkı sayısı";"2019";"6619";"";"";"";"";""
"Türkiye";"Yıllık";"Adrese Dayalı Nüfus Kayıt Sistemi";"Gümüşhane";"En Az Bir Çekirdek Aile Ve Diğer Kişilerden Oluşan Hanehalkı";"Hanehalkı sayısı";"2020";"5731";"";"";"";"";""
"Türkiye";"Yıllık";"Adrese Dayalı Nüfus Kayıt Sistemi";"Gümüşhane";"En Az Bir Çekirdek Aile Ve Diğer Kişilerden Oluşan Hanehalkı";"Hanehalkı sayısı";"2021";"5333";"";"";"";"";""
"Türkiye";"Yıllık";"Adrese Dayalı Nüfus Kayıt Sistemi";"Gümüşhane";"En Az Bir Çekirdek Aile Ve Diğer Kişilerden Oluşan Hanehalkı";"Hanehalkı sayısı";"2022";"4949";"";"";"";"";""
"Türkiye";"Yıllık";"Adrese Dayalı Nüfus Kayıt Sistemi";"Gümüşhane";"En Az Bir Çekirdek Aile Ve Diğer Kişilerden Oluşan Hanehalkı";"Hanehalkı sayısı";"2023";"7001";"";"";"";"";""
"Türkiye";"Yıllık";"Adrese Dayalı Nüfus Kayıt Sistemi";"Gümüşhane";"En Az Bir Çekirdek Aile Ve Diğer Kişilerden Oluşan Hanehalkı";"Hanehalkı sayısı";"2024";"5841";"";"";"";"";""
"Türkiye";"Yıllık";"Adrese Dayalı Nüfus Kayıt Sistemi";"Gümüşhane";"En Az Bir Çekirdek Aile Ve Diğer Kişilerden Oluşan Hanehalkı";"Hanehalkı sayısı";"2025";"5574";"";"";"";"";""
"Türkiye";"Yıllık";"Adrese Dayalı Nüfus Kayıt Sistemi";"Gümüşhane";"Çekirdek Aile Bulunmayan Birden Fazla Kişiden Oluşan Hanehalkı";"Hanehalkı sayısı";"2014";"1832";"";"";"";"";""
"Türkiye";"Yıllık";"Adrese Dayalı Nüfus Kayıt Sistemi";"Gümüşhane";"Çekirdek Aile Bulunmayan Birden Fazla Kişiden Oluşan Hanehalkı";"Hanehalkı sayısı";"2015";"1888";"";"";"";"";""
"Türkiye";"Yıllık";"Adrese Dayalı Nüfus Kayıt Sistemi";"Gümüşhane";"Çekirdek Aile Bulunmayan Birden Fazla Kişiden Oluşan Hanehalkı";"Hanehalkı sayısı";"2016";"1739";"";"";"";"";""
"Türkiye";"Yıllık";"Adrese Dayalı Nüfus Kayıt Sistemi";"Gümüşhane";"Çekirdek Aile Bulunmayan Birden Fazla Kişiden Oluşan Hanehalkı";"Hanehalkı sayısı";"2017";"1766";"";"";"";"";""
"Türkiye";"Yıllık";"Adrese Dayalı Nüfus Kayıt Sistemi";"Gümüşhane";"Çekirdek Aile Bulunmayan Birden Fazla Kişiden Oluşan Hanehalkı";"Hanehalkı sayısı";"2018";"1838";"";"";"";"";""
"Türkiye";"Yıllık";"Adrese Dayalı Nüfus Kayıt Sistemi";"Gümüşhane";"Çekirdek Aile Bulunmayan Birden Fazla Kişiden Oluşan Hanehalkı";"Hanehalkı sayısı";"2019";"2074";"";"";"";"";""
"Türkiye";"Yıllık";"Adrese Dayalı Nüfus Kayıt Sistemi";"Gümüşhane";"Çekirdek Aile Bulunmayan Birden Fazla Kişiden Oluşan Hanehalkı";"Hanehalkı sayısı";"2020";"1943";"";"";"";"";""
"Türkiye";"Yıllık";"Adrese Dayalı Nüfus Kayıt Sistemi";"Gümüşhane";"Çekirdek Aile Bulunmayan Birden Fazla Kişiden Oluşan Hanehalkı";"Hanehalkı sayısı";"2021";"2110";"";"";"";"";""
"Türkiye";"Yıllık";"Adrese Dayalı Nüfus Kayıt Sistemi";"Gümüşhane";"Çekirdek Aile Bulunmayan Birden Fazla Kişiden Oluşan Hanehalkı";"Hanehalkı sayısı";"2022";"1955";"";"";"";"";""
"Türkiye";"Yıllık";"Adrese Dayalı Nüfus Kayıt Sistemi";"Gümüşhane";"Çekirdek Aile Bulunmayan Birden Fazla Kişiden Oluşan Hanehalkı";"Hanehalkı sayısı";"2023";"1765";"";"";"";"";""
"Türkiye";"Yıllık";"Adrese Dayalı Nüfus Kayıt Sistemi";"Gümüşhane";"Çekirdek Aile Bulunmayan Birden Fazla Kişiden Oluşan Hanehalkı";"Hanehalkı sayısı";"2024";"1939";"";"";"";"";""
"Türkiye";"Yıllık";"Adrese Dayalı Nüfus Kayıt Sistemi";"Gümüşhane";"Çekirdek Aile Bulunmayan Birden Fazla Kişiden Oluşan Hanehalkı";"Hanehalkı sayısı";"2025";"1949";"";"";"";"";""
"Türkiye";"Yıllık";"Adrese Dayalı Nüfus Kayıt Sistemi";"Gümüşhane";"Toplam";"Hanehalkı sayısı";"2014";"41477";"";"";"";"";""
"Türkiye";"Yıllık";"Adrese Dayalı Nüfus Kayıt Sistemi";"Gümüşhane";"Toplam";"Hanehalkı sayısı";"2015";"43829";"";"";"";"";""
"Türkiye";"Yıllık";"Adrese Dayalı Nüfus Kayıt Sistemi";"Gümüşhane";"Toplam";"Hanehalkı sayısı";"2016";"45683";"";"";"";"";""
"Türkiye";"Yıllık";"Adrese Dayalı Nüfus Kayıt Sistemi";"Gümüşhane";"Toplam";"Hanehalkı sayısı";"2017";"47086";"";"";"";"";""
"Türkiye";"Yıllık";"Adrese Dayalı Nüfus Kayıt Sistemi";"Gümüşhane";"Toplam";"Hanehalkı sayısı";"2018";"47528";"";"";"";"";""
"Türkiye";"Yıllık";"Adrese Dayalı Nüfus Kayıt Sistemi";"Gümüşhane";"Toplam";"Hanehalkı sayısı";"2019";"49164";"";"";"";"";""
"Türkiye";"Yıllık";"Adrese Dayalı Nüfus Kayıt Sistemi";"Gümüşhane";"Toplam";"Hanehalkı sayısı";"2020";"46600";"";"";"";"";""
"Türkiye";"Yıllık";"Adrese Dayalı Nüfus Kayıt Sistemi";"Gümüşhane";"Toplam";"Hanehalkı sayısı";"2021";"49045";"";"";"";"";""
"Türkiye";"Yıllık";"Adrese Dayalı Nüfus Kayıt Sistemi";"Gümüşhane";"Toplam";"Hanehalkı sayısı";"2022";"48542";"";"";"";"";""
"Türkiye";"Yıllık";"Adrese Dayalı Nüfus Kayıt Sistemi";"Gümüşhane";"Toplam";"Hanehalkı sayısı";"2023";"46729";"";"";"";"";""
"Türkiye";"Yıllık";"Adrese Dayalı Nüfus Kayıt Sistemi";"Gümüşhane";"Toplam";"Hanehalkı sayısı";"2024";"47443";"";"";"";"";""
"Türkiye";"Yıllık";"Adrese Dayalı Nüfus Kayıt Sistemi";"Gümüşhane";"Toplam";"Hanehalkı sayısı";"2025";"47872";"";"";"";"";""
"Türkiye";"Yıllık";"Adrese Dayalı Nüfus Kayıt Sistemi";"Ordu";"Tek Kişilik Hanehalkı";"Hanehalkı sayısı";"2014";"37611";"";"";"";"";""
"Türkiye";"Yıllık";"Adrese Dayalı Nüfus Kayıt Sistemi";"Ordu";"Tek Kişilik Hanehalkı";"Hanehalkı sayısı";"2015";"40145";"";"";"";"";""
"Türkiye";"Yıllık";"Adrese Dayalı Nüfus Kayıt Sistemi";"Ordu";"Tek Kişilik Hanehalkı";"Hanehalkı sayısı";"2016";"45219";"";"";"";"";""
"Türkiye";"Yıllık";"Adrese Dayalı Nüfus Kayıt Sistemi";"Ordu";"Tek Kişilik Hanehalkı";"Hanehalkı sayısı";"2017";"46431";"";"";"";"";""
"Türkiye";"Yıllık";"Adrese Dayalı Nüfus Kayıt Sistemi";"Ordu";"Tek Kişilik Hanehalkı";"Hanehalkı sayısı";"2018";"50362";"";"";"";"";""
"Türkiye";"Yıllık";"Adrese Dayalı Nüfus Kayıt Sistemi";"Ordu";"Tek Kişilik Hanehalkı";"Hanehalkı sayısı";"2019";"52783";"";"";"";"";""
"Türkiye";"Yıllık";"Adrese Dayalı Nüfus Kayıt Sistemi";"Ordu";"Tek Kişilik Hanehalkı";"Hanehalkı sayısı";"2020";"57221";"";"";"";"";""
"Türkiye";"Yıllık";"Adrese Dayalı Nüfus Kayıt Sistemi";"Ordu";"Tek Kişilik Hanehalkı";"Hanehalkı sayısı";"2021";"62303";"";"";"";"";""
"Türkiye";"Yıllık";"Adrese Dayalı Nüfus Kayıt Sistemi";"Ordu";"Tek Kişilik Hanehalkı";"Hanehalkı sayısı";"2022";"66087";"";"";"";"";""
"Türkiye";"Yıllık";"Adrese Dayalı Nüfus Kayıt Sistemi";"Ordu";"Tek Kişilik Hanehalkı";"Hanehalkı sayısı";"2023";"66585";"";"";"";"";""
"Türkiye";"Yıllık";"Adrese Dayalı Nüfus Kayıt Sistemi";"Ordu";"Tek Kişilik Hanehalkı";"Hanehalkı sayısı";"2024";"68287";"";"";"";"";""
"Türkiye";"Yıllık";"Adrese Dayalı Nüfus Kayıt Sistemi";"Ordu";"Tek Kişilik Hanehalkı";"Hanehalkı sayısı";"2025";"70440";"";"";"";"";""
"Türkiye";"Yıllık";"Adrese Dayalı Nüfus Kayıt Sistemi";"Ordu";"Tek Çekirdek Aileden Oluşan Hanehalkı";"Hanehalkı sayısı";"2014";"138128";"";"";"";"";""
"Türkiye";"Yıllık";"Adrese Dayalı Nüfus Kayıt Sistemi";"Ordu";"Tek Çekirdek Aileden Oluşan Hanehalkı";"Hanehalkı sayısı";"2015";"141893";"";"";"";"";""
"Türkiye";"Yıllık";"Adrese Dayalı Nüfus Kayıt Sistemi";"Ordu";"Tek Çekirdek Aileden Oluşan Hanehalkı";"Hanehalkı sayısı";"2016";"148976";"";"";"";"";""
"Türkiye";"Yıllık";"Adrese Dayalı Nüfus Kayıt Sistemi";"Ordu";"Tek Çekirdek Aileden Oluşan Hanehalkı";"Hanehalkı sayısı";"2017";"148318";"";"";"";"";""
"Türkiye";"Yıllık";"Adrese Dayalı Nüfus Kayıt Sistemi";"Ordu";"Tek Çekirdek Aileden Oluşan Hanehalkı";"Hanehalkı sayısı";"2018";"147854";"";"";"";"";""
"Türkiye";"Yıllık";"Adrese Dayalı Nüfus Kayıt Sistemi";"Ordu";"Tek Çekirdek Aileden Oluşan Hanehalkı";"Hanehalkı sayısı";"2019";"155394";"";"";"";"";""
"Türkiye";"Yıllık";"Adrese Dayalı Nüfus Kayıt Sistemi";"Ordu";"Tek Çekirdek Aileden Oluşan Hanehalkı";"Hanehalkı sayısı";"2020";"162446";"";"";"";"";""
"Türkiye";"Yıllık";"Adrese Dayalı Nüfus Kayıt Sistemi";"Ordu";"Tek Çekirdek Aileden Oluşan Hanehalkı";"Hanehalkı sayısı";"2021";"165409";"";"";"";"";""
"Türkiye";"Yıllık";"Adrese Dayalı Nüfus Kayıt Sistemi";"Ordu";"Tek Çekirdek Aileden Oluşan Hanehalkı";"Hanehalkı sayısı";"2022";"170358";"";"";"";"";""
"Türkiye";"Yıllık";"Adrese Dayalı Nüfus Kayıt Sistemi";"Ordu";"Tek Çekirdek Aileden Oluşan Hanehalkı";"Hanehalkı sayısı";"2023";"167007";"";"";"";"";""
"Türkiye";"Yıllık";"Adrese Dayalı Nüfus Kayıt Sistemi";"Ordu";"Tek Çekirdek Aileden Oluşan Hanehalkı";"Hanehalkı sayısı";"2024";"170235";"";"";"";"";""
"Türkiye";"Yıllık";"Adrese Dayalı Nüfus Kayıt Sistemi";"Ordu";"Tek Çekirdek Aileden Oluşan Hanehalkı";"Hanehalkı sayısı";"2025";"170585";"";"";"";"";""
"Türkiye";"Yıllık";"Adrese Dayalı Nüfus Kayıt Sistemi";"Ordu";"En Az Bir Çekirdek Aile Ve Diğer Kişilerden Oluşan Hanehalkı";"Hanehalkı sayısı";"2014";"39637";"";"";"";"";""
"Türkiye";"Yıllık";"Adrese Dayalı Nüfus Kayıt Sistemi";"Ordu";"En Az Bir Çekirdek Aile Ve Diğer Kişilerden Oluşan Hanehalkı";"Hanehalkı sayısı";"2015";"38541";"";"";"";"";""
"Türkiye";"Yıllık";"Adrese Dayalı Nüfus Kayıt Sistemi";"Ordu";"En Az Bir Çekirdek Aile Ve Diğer Kişilerden Oluşan Hanehalkı";"Hanehalkı sayısı";"2016";"37895";"";"";"";"";""
"Türkiye";"Yıllık";"Adrese Dayalı Nüfus Kayıt Sistemi";"Ordu";"En Az Bir Çekirdek Aile Ve Diğer Kişilerden Oluşan Hanehalkı";"Hanehalkı sayısı";"2017";"37212";"";"";"";"";""
"Türkiye";"Yıllık";"Adrese Dayalı Nüfus Kayıt Sistemi";"Ordu";"En Az Bir Çekirdek Aile Ve Diğer Kişilerden Oluşan Hanehalkı";"Hanehalkı sayısı";"2018";"41469";"";"";"";"";""
"Türkiye";"Yıllık";"Adrese Dayalı Nüfus Kayıt Sistemi";"Ordu";"En Az Bir Çekirdek Aile Ve Diğer Kişilerden Oluşan Hanehalkı";"Hanehalkı sayısı";"2019";"36513";"";"";"";"";""
"Türkiye";"Yıllık";"Adrese Dayalı Nüfus Kayıt Sistemi";"Ordu";"En Az Bir Çekirdek Aile Ve Diğer Kişilerden Oluşan Hanehalkı";"Hanehalkı sayısı";"2020";"33561";"";"";"";"";""
"Türkiye";"Yıllık";"Adrese Dayalı Nüfus Kayıt Sistemi";"Ordu";"En Az Bir Çekirdek Aile Ve Diğer Kişilerden Oluşan Hanehalkı";"Hanehalkı sayısı";"2021";"32286";"";"";"";"";""
"Türkiye";"Yıllık";"Adrese Dayalı Nüfus Kayıt Sistemi";"Ordu";"En Az Bir Çekirdek Aile Ve Diğer Kişilerden Oluşan Hanehalkı";"Hanehalkı sayısı";"2022";"30767";"";"";"";"";""
"Türkiye";"Yıllık";"Adrese Dayalı Nüfus Kayıt Sistemi";"Ordu";"En Az Bir Çekirdek Aile Ve Diğer Kişilerden Oluşan Hanehalkı";"Hanehalkı sayısı";"2023";"35579";"";"";"";"";""
"Türkiye";"Yıllık";"Adrese Dayalı Nüfus Kayıt Sistemi";"Ordu";"En Az Bir Çekirdek Aile Ve Diğer Kişilerden Oluşan Hanehalkı";"Hanehalkı sayısı";"2024";"33538";"";"";"";"";""
"Türkiye";"Yıllık";"Adrese Dayalı Nüfus Kayıt Sistemi";"Ordu";"En Az Bir Çekirdek Aile Ve Diğer Kişilerden Oluşan Hanehalkı";"Hanehalkı sayısı";"2025";"33604";"";"";"";"";""
"Türkiye";"Yıllık";"Adrese Dayalı Nüfus Kayıt Sistemi";"Ordu";"Çekirdek Aile Bulunmayan Birden Fazla Kişiden Oluşan Hanehalkı";"Hanehalkı sayısı";"2014";"3464";"";"";"";"";""
"Türkiye";"Yıllık";"Adrese Dayalı Nüfus Kayıt Sistemi";"Ordu";"Çekirdek Aile Bulunmayan Birden Fazla Kişiden Oluşan Hanehalkı";"Hanehalkı sayısı";"2015";"3832";"";"";"";"";""
"Türkiye";"Yıllık";"Adrese Dayalı Nüfus Kayıt Sistemi";"Ordu";"Çekirdek Aile Bulunmayan Birden Fazla Kişiden Oluşan Hanehalkı";"Hanehalkı sayısı";"2016";"4106";"";"";"";"";""
"Türkiye";"Yıllık";"Adrese Dayalı Nüfus Kayıt Sistemi";"Ordu";"Çekirdek Aile Bulunmayan Birden Fazla Kişiden Oluşan Hanehalkı";"Hanehalkı sayısı";"2017";"4389";"";"";"";"";""
"Türkiye";"Yıllık";"Adrese Dayalı Nüfus Kayıt Sistemi";"Ordu";"Çekirdek Aile Bulunmayan Birden Fazla Kişiden Oluşan Hanehalkı";"Hanehalkı sayısı";"2018";"5099";"";"";"";"";""
"Türkiye";"Yıllık";"Adrese Dayalı Nüfus Kayıt Sistemi";"Ordu";"Çekirdek Aile Bulunmayan Birden Fazla Kişiden Oluşan Hanehalkı";"Hanehalkı sayısı";"2019";"5077";"";"";"";"";""
"Türkiye";"Yıllık";"Adrese Dayalı Nüfus Kayıt Sistemi";"Ordu";"Çekirdek Aile Bulunmayan Birden Fazla Kişiden Oluşan Hanehalkı";"Hanehalkı sayısı";"2020";"5092";"";"";"";"";""
"Türkiye";"Yıllık";"Adrese Dayalı Nüfus Kayıt Sistemi";"Ordu";"Çekirdek Aile Bulunmayan Birden Fazla Kişiden Oluşan Hanehalkı";"Hanehalkı sayısı";"2021";"5346";"";"";"";"";""
"Türkiye";"Yıllık";"Adrese Dayalı Nüfus Kayıt Sistemi";"Ordu";"Çekirdek Aile Bulunmayan Birden Fazla Kişiden Oluşan Hanehalkı";"Hanehalkı sayısı";"2022";"5497";"";"";"";"";""
"Türkiye";"Yıllık";"Adrese Dayalı Nüfus Kayıt Sistemi";"Ordu";"Çekirdek Aile Bulunmayan Birden Fazla Kişiden Oluşan Hanehalkı";"Hanehalkı sayısı";"2023";"5724";"";"";"";"";""
"Türkiye";"Yıllık";"Adrese Dayalı Nüfus Kayıt Sistemi";"Ordu";"Çekirdek Aile Bulunmayan Birden Fazla Kişiden Oluşan Hanehalkı";"Hanehalkı sayısı";"2024";"5747";"";"";"";"";""
"Türkiye";"Yıllık";"Adrese Dayalı Nüfus Kayıt Sistemi";"Ordu";"Çekirdek Aile Bulunmayan Birden Fazla Kişiden Oluşan Hanehalkı";"Hanehalkı sayısı";"2025";"6000";"";"";"";"";""
"Türkiye";"Yıllık";"Adrese Dayalı Nüfus Kayıt Sistemi";"Ordu";"Toplam";"Hanehalkı sayısı";"2014";"218840";"";"";"";"";""
"Türkiye";"Yıllık";"Adrese Dayalı Nüfus Kayıt Sistemi";"Ordu";"Toplam";"Hanehalkı sayısı";"2015";"224411";"";"";"";"";""
"Türkiye";"Yıllık";"Adrese Dayalı Nüfus Kayıt Sistemi";"Ordu";"Toplam";"Hanehalkı sayısı";"2016";"236196";"";"";"";"";""
"Türkiye";"Yıllık";"Adrese Dayalı Nüfus Kayıt Sistemi";"Ordu";"Toplam";"Hanehalkı sayısı";"2017";"236350";"";"";"";"";""
"Türkiye";"Yıllık";"Adrese Dayalı Nüfus Kayıt Sistemi";"Ordu";"Toplam";"Hanehalkı sayısı";"2018";"244784";"";"";"";"";""
"Türkiye";"Yıllık";"Adrese Dayalı Nüfus Kayıt Sistemi";"Ordu";"Toplam";"Hanehalkı sayısı";"2019";"249767";"";"";"";"";""
"Türkiye";"Yıllık";"Adrese Dayalı Nüfus Kayıt Sistemi";"Ordu";"Toplam";"Hanehalkı sayısı";"2020";"258320";"";"";"";"";""
"Türkiye";"Yıllık";"Adrese Dayalı Nüfus Kayıt Sistemi";"Ordu";"Toplam";"Hanehalkı sayısı";"2021";"265344";"";"";"";"";""
"Türkiye";"Yıllık";"Adrese Dayalı Nüfus Kayıt Sistemi";"Ordu";"Toplam";"Hanehalkı sayısı";"2022";"272709";"";"";"";"";""
"Türkiye";"Yıllık";"Adrese Dayalı Nüfus Kayıt Sistemi";"Ordu";"Toplam";"Hanehalkı sayısı";"2023";"274895";"";"";"";"";""
"Türkiye";"Yıllık";"Adrese Dayalı Nüfus Kayıt Sistemi";"Ordu";"Toplam";"Hanehalkı sayısı";"2024";"277807";"";"";"";"";""
"Türkiye";"Yıllık";"Adrese Dayalı Nüfus Kayıt Sistemi";"Ordu";"Toplam";"Hanehalkı sayısı";"2025";"280629";"";"";"";"";""
"Türkiye";"Yıllık";"Adrese Dayalı Nüfus Kayıt Sistemi";"Rize";"Tek Kişilik Hanehalkı";"Hanehalkı sayısı";"2014";"15950";"";"";"";"";""
"Türkiye";"Yıllık";"Adrese Dayalı Nüfus Kayıt Sistemi";"Rize";"Tek Kişilik Hanehalkı";"Hanehalkı sayısı";"2015";"17069";"";"";"";"";""
"Türkiye";"Yıllık";"Adrese Dayalı Nüfus Kayıt Sistemi";"Rize";"Tek Kişilik Hanehalkı";"Hanehalkı sayısı";"2016";"18190";"";"";"";"";""
"Türkiye";"Yıllık";"Adrese Dayalı Nüfus Kayıt Sistemi";"Rize";"Tek Kişilik Hanehalkı";"Hanehalkı sayısı";"2017";"19121";"";"";"";"";""
"Türkiye";"Yıllık";"Adrese Dayalı Nüfus Kayıt Sistemi";"Rize";"Tek Kişilik Hanehalkı";"Hanehalkı sayısı";"2018";"20987";"";"";"";"";""
"Türkiye";"Yıllık";"Adrese Dayalı Nüfus Kayıt Sistemi";"Rize";"Tek Kişilik Hanehalkı";"Hanehalkı sayısı";"2019";"22771";"";"";"";"";""
"Türkiye";"Yıllık";"Adrese Dayalı Nüfus Kayıt Sistemi";"Rize";"Tek Kişilik Hanehalkı";"Hanehalkı sayısı";"2020";"24493";"";"";"";"";""
"Türkiye";"Yıllık";"Adrese Dayalı Nüfus Kayıt Sistemi";"Rize";"Tek Kişilik Hanehalkı";"Hanehalkı sayısı";"2021";"26070";"";"";"";"";""
"Türkiye";"Yıllık";"Adrese Dayalı Nüfus Kayıt Sistemi";"Rize";"Tek Kişilik Hanehalkı";"Hanehalkı sayısı";"2022";"27469";"";"";"";"";""
"Türkiye";"Yıllık";"Adrese Dayalı Nüfus Kayıt Sistemi";"Rize";"Tek Kişilik Hanehalkı";"Hanehalkı sayısı";"2023";"27690";"";"";"";"";""
"Türkiye";"Yıllık";"Adrese Dayalı Nüfus Kayıt Sistemi";"Rize";"Tek Kişilik Hanehalkı";"Hanehalkı sayısı";"2024";"28739";"";"";"";"";""
"Türkiye";"Yıllık";"Adrese Dayalı Nüfus Kayıt Sistemi";"Rize";"Tek Kişilik Hanehalkı";"Hanehalkı sayısı";"2025";"30316";"";"";"";"";""
"Türkiye";"Yıllık";"Adrese Dayalı Nüfus Kayıt Sistemi";"Rize";"Tek Çekirdek Aileden Oluşan Hanehalkı";"Hanehalkı sayısı";"2014";"58861";"";"";"";"";""
"Türkiye";"Yıllık";"Adrese Dayalı Nüfus Kayıt Sistemi";"Rize";"Tek Çekirdek Aileden Oluşan Hanehalkı";"Hanehalkı sayısı";"2015";"59982";"";"";"";"";""
"Türkiye";"Yıllık";"Adrese Dayalı Nüfus Kayıt Sistemi";"Rize";"Tek Çekirdek Aileden Oluşan Hanehalkı";"Hanehalkı sayısı";"2016";"60723";"";"";"";"";""
"Türkiye";"Yıllık";"Adrese Dayalı Nüfus Kayıt Sistemi";"Rize";"Tek Çekirdek Aileden Oluşan Hanehalkı";"Hanehalkı sayısı";"2017";"60974";"";"";"";"";""
"Türkiye";"Yıllık";"Adrese Dayalı Nüfus Kayıt Sistemi";"Rize";"Tek Çekirdek Aileden Oluşan Hanehalkı";"Hanehalkı sayısı";"2018";"59407";"";"";"";"";""
"Türkiye";"Yıllık";"Adrese Dayalı Nüfus Kayıt Sistemi";"Rize";"Tek Çekirdek Aileden Oluşan Hanehalkı";"Hanehalkı sayısı";"2019";"62334";"";"";"";"";""
"Türkiye";"Yıllık";"Adrese Dayalı Nüfus Kayıt Sistemi";"Rize";"Tek Çekirdek Aileden Oluşan Hanehalkı";"Hanehalkı sayısı";"2020";"64743";"";"";"";"";""
"Türkiye";"Yıllık";"Adrese Dayalı Nüfus Kayıt Sistemi";"Rize";"Tek Çekirdek Aileden Oluşan Hanehalkı";"Hanehalkı sayısı";"2021";"66100";"";"";"";"";""
"Türkiye";"Yıllık";"Adrese Dayalı Nüfus Kayıt Sistemi";"Rize";"Tek Çekirdek Aileden Oluşan Hanehalkı";"Hanehalkı sayısı";"2022";"67994";"";"";"";"";""
"Türkiye";"Yıllık";"Adrese Dayalı Nüfus Kayıt Sistemi";"Rize";"Tek Çekirdek Aileden Oluşan Hanehalkı";"Hanehalkı sayısı";"2023";"65301";"";"";"";"";""
"Türkiye";"Yıllık";"Adrese Dayalı Nüfus Kayıt Sistemi";"Rize";"Tek Çekirdek Aileden Oluşan Hanehalkı";"Hanehalkı sayısı";"2024";"67356";"";"";"";"";""
"Türkiye";"Yıllık";"Adrese Dayalı Nüfus Kayıt Sistemi";"Rize";"Tek Çekirdek Aileden Oluşan Hanehalkı";"Hanehalkı sayısı";"2025";"68478";"";"";"";"";""
"Türkiye";"Yıllık";"Adrese Dayalı Nüfus Kayıt Sistemi";"Rize";"En Az Bir Çekirdek Aile Ve Diğer Kişilerden Oluşan Hanehalkı";"Hanehalkı sayısı";"2014";"17672";"";"";"";"";""
"Türkiye";"Yıllık";"Adrese Dayalı Nüfus Kayıt Sistemi";"Rize";"En Az Bir Çekirdek Aile Ve Diğer Kişilerden Oluşan Hanehalkı";"Hanehalkı sayısı";"2015";"17228";"";"";"";"";""
"Türkiye";"Yıllık";"Adrese Dayalı Nüfus Kayıt Sistemi";"Rize";"En Az Bir Çekirdek Aile Ve Diğer Kişilerden Oluşan Hanehalkı";"Hanehalkı sayısı";"2016";"16975";"";"";"";"";""
"Türkiye";"Yıllık";"Adrese Dayalı Nüfus Kayıt Sistemi";"Rize";"En Az Bir Çekirdek Aile Ve Diğer Kişilerden Oluşan Hanehalkı";"Hanehalkı sayısı";"2017";"17017";"";"";"";"";""
"Türkiye";"Yıllık";"Adrese Dayalı Nüfus Kayıt Sistemi";"Rize";"En Az Bir Çekirdek Aile Ve Diğer Kişilerden Oluşan Hanehalkı";"Hanehalkı sayısı";"2018";"19873";"";"";"";"";""
"Türkiye";"Yıllık";"Adrese Dayalı Nüfus Kayıt Sistemi";"Rize";"En Az Bir Çekirdek Aile Ve Diğer Kişilerden Oluşan Hanehalkı";"Hanehalkı sayısı";"2019";"17963";"";"";"";"";""
"Türkiye";"Yıllık";"Adrese Dayalı Nüfus Kayıt Sistemi";"Rize";"En Az Bir Çekirdek Aile Ve Diğer Kişilerden Oluşan Hanehalkı";"Hanehalkı sayısı";"2020";"17040";"";"";"";"";""
"Türkiye";"Yıllık";"Adrese Dayalı Nüfus Kayıt Sistemi";"Rize";"En Az Bir Çekirdek Aile Ve Diğer Kişilerden Oluşan Hanehalkı";"Hanehalkı sayısı";"2021";"16505";"";"";"";"";""
"Türkiye";"Yıllık";"Adrese Dayalı Nüfus Kayıt Sistemi";"Rize";"En Az Bir Çekirdek Aile Ve Diğer Kişilerden Oluşan Hanehalkı";"Hanehalkı sayısı";"2022";"15751";"";"";"";"";""
"Türkiye";"Yıllık";"Adrese Dayalı Nüfus Kayıt Sistemi";"Rize";"En Az Bir Çekirdek Aile Ve Diğer Kişilerden Oluşan Hanehalkı";"Hanehalkı sayısı";"2023";"18082";"";"";"";"";""
"Türkiye";"Yıllık";"Adrese Dayalı Nüfus Kayıt Sistemi";"Rize";"En Az Bir Çekirdek Aile Ve Diğer Kişilerden Oluşan Hanehalkı";"Hanehalkı sayısı";"2024";"16892";"";"";"";"";""
"Türkiye";"Yıllık";"Adrese Dayalı Nüfus Kayıt Sistemi";"Rize";"En Az Bir Çekirdek Aile Ve Diğer Kişilerden Oluşan Hanehalkı";"Hanehalkı sayısı";"2025";"16597";"";"";"";"";""
"Türkiye";"Yıllık";"Adrese Dayalı Nüfus Kayıt Sistemi";"Rize";"Çekirdek Aile Bulunmayan Birden Fazla Kişiden Oluşan Hanehalkı";"Hanehalkı sayısı";"2014";"1961";"";"";"";"";""
"Türkiye";"Yıllık";"Adrese Dayalı Nüfus Kayıt Sistemi";"Rize";"Çekirdek Aile Bulunmayan Birden Fazla Kişiden Oluşan Hanehalkı";"Hanehalkı sayısı";"2015";"2007";"";"";"";"";""
"Türkiye";"Yıllık";"Adrese Dayalı Nüfus Kayıt Sistemi";"Rize";"Çekirdek Aile Bulunmayan Birden Fazla Kişiden Oluşan Hanehalkı";"Hanehalkı sayısı";"2016";"2207";"";"";"";"";""
"Türkiye";"Yıllık";"Adrese Dayalı Nüfus Kayıt Sistemi";"Rize";"Çekirdek Aile Bulunmayan Birden Fazla Kişiden Oluşan Hanehalkı";"Hanehalkı sayısı";"2017";"2258";"";"";"";"";""
"Türkiye";"Yıllık";"Adrese Dayalı Nüfus Kayıt Sistemi";"Rize";"Çekirdek Aile Bulunmayan Birden Fazla Kişiden Oluşan Hanehalkı";"Hanehalkı sayısı";"2018";"2670";"";"";"";"";""
"Türkiye";"Yıllık";"Adrese Dayalı Nüfus Kayıt Sistemi";"Rize";"Çekirdek Aile Bulunmayan Birden Fazla Kişiden Oluşan Hanehalkı";"Hanehalkı sayısı";"2019";"2706";"";"";"";"";""
"Türkiye";"Yıllık";"Adrese Dayalı Nüfus Kayıt Sistemi";"Rize";"Çekirdek Aile Bulunmayan Birden Fazla Kişiden Oluşan Hanehalkı";"Hanehalkı sayısı";"2020";"2732";"";"";"";"";""
"Türkiye";"Yıllık";"Adrese Dayalı Nüfus Kayıt Sistemi";"Rize";"Çekirdek Aile Bulunmayan Birden Fazla Kişiden Oluşan Hanehalkı";"Hanehalkı sayısı";"2021";"2753";"";"";"";"";""
"Türkiye";"Yıllık";"Adrese Dayalı Nüfus Kayıt Sistemi";"Rize";"Çekirdek Aile Bulunmayan Birden Fazla Kişiden Oluşan Hanehalkı";"Hanehalkı sayısı";"2022";"2853";"";"";"";"";""
"Türkiye";"Yıllık";"Adrese Dayalı Nüfus Kayıt Sistemi";"Rize";"Çekirdek Aile Bulunmayan Birden Fazla Kişiden Oluşan Hanehalkı";"Hanehalkı sayısı";"2023";"3109";"";"";"";"";""
"Türkiye";"Yıllık";"Adrese Dayalı Nüfus Kayıt Sistemi";"Rize";"Çekirdek Aile Bulunmayan Birden Fazla Kişiden Oluşan Hanehalkı";"Hanehalkı sayısı";"2024";"3275";"";"";"";"";""
"Türkiye";"Yıllık";"Adrese Dayalı Nüfus Kayıt Sistemi";"Rize";"Çekirdek Aile Bulunmayan Birden Fazla Kişiden Oluşan Hanehalkı";"Hanehalkı sayısı";"2025";"3498";"";"";"";"";""
"Türkiye";"Yıllık";"Adrese Dayalı Nüfus Kayıt Sistemi";"Rize";"Toplam";"Hanehalkı sayısı";"2014";"94444";"";"";"";"";""
"Türkiye";"Yıllık";"Adrese Dayalı Nüfus Kayıt Sistemi";"Rize";"Toplam";"Hanehalkı sayısı";"2015";"96286";"";"";"";"";""
"Türkiye";"Yıllık";"Adrese Dayalı Nüfus Kayıt Sistemi";"Rize";"Toplam";"Hanehalkı sayısı";"2016";"98095";"";"";"";"";""
"Türkiye";"Yıllık";"Adrese Dayalı Nüfus Kayıt Sistemi";"Rize";"Toplam";"Hanehalkı sayısı";"2017";"99370";"";"";"";"";""
"Türkiye";"Yıllık";"Adrese Dayalı Nüfus Kayıt Sistemi";"Rize";"Toplam";"Hanehalkı sayısı";"2018";"102937";"";"";"";"";""
"Türkiye";"Yıllık";"Adrese Dayalı Nüfus Kayıt Sistemi";"Rize";"Toplam";"Hanehalkı sayısı";"2019";"105774";"";"";"";"";""
"Türkiye";"Yıllık";"Adrese Dayalı Nüfus Kayıt Sistemi";"Rize";"Toplam";"Hanehalkı sayısı";"2020";"109008";"";"";"";"";""
"Türkiye";"Yıllık";"Adrese Dayalı Nüfus Kayıt Sistemi";"Rize";"Toplam";"Hanehalkı sayısı";"2021";"111428";"";"";"";"";""
"Türkiye";"Yıllık";"Adrese Dayalı Nüfus Kayıt Sistemi";"Rize";"Toplam";"Hanehalkı sayısı";"2022";"114067";"";"";"";"";""
"Türkiye";"Yıllık";"Adrese Dayalı Nüfus Kayıt Sistemi";"Rize";"Toplam";"Hanehalkı sayısı";"2023";"114182";"";"";"";"";""
"Türkiye";"Yıllık";"Adrese Dayalı Nüfus Kayıt Sistemi";"Rize";"Toplam";"Hanehalkı sayısı";"2024";"116262";"";"";"";"";""
"Türkiye";"Yıllık";"Adrese Dayalı Nüfus Kayıt Sistemi";"Rize";"Toplam";"Hanehalkı sayısı";"2025";"118889";"";"";"";"";""
"Türkiye";"Yıllık";"Adrese Dayalı Nüfus Kayıt Sistemi";"Trabzon";"Tek Kişilik Hanehalkı";"Hanehalkı sayısı";"2014";"36930";"";"";"";"";""
"Türkiye";"Yıllık";"Adrese Dayalı Nüfus Kayıt Sistemi";"Trabzon";"Tek Kişilik Hanehalkı";"Hanehalkı sayısı";"2015";"39115";"";"";"";"";""
"Türkiye";"Yıllık";"Adrese Dayalı Nüfus Kayıt Sistemi";"Trabzon";"Tek Kişilik Hanehalkı";"Hanehalkı sayısı";"2016";"42069";"";"";"";"";""
"Türkiye";"Yıllık";"Adrese Dayalı Nüfus Kayıt Sistemi";"Trabzon";"Tek Kişilik Hanehalkı";"Hanehalkı sayısı";"2017";"44336";"";"";"";"";""
"Türkiye";"Yıllık";"Adrese Dayalı Nüfus Kayıt Sistemi";"Trabzon";"Tek Kişilik Hanehalkı";"Hanehalkı sayısı";"2018";"48369";"";"";"";"";""
"Türkiye";"Yıllık";"Adrese Dayalı Nüfus Kayıt Sistemi";"Trabzon";"Tek Kişilik Hanehalkı";"Hanehalkı sayısı";"2019";"51373";"";"";"";"";""
"Türkiye";"Yıllık";"Adrese Dayalı Nüfus Kayıt Sistemi";"Trabzon";"Tek Kişilik Hanehalkı";"Hanehalkı sayısı";"2020";"55413";"";"";"";"";""
"Türkiye";"Yıllık";"Adrese Dayalı Nüfus Kayıt Sistemi";"Trabzon";"Tek Kişilik Hanehalkı";"Hanehalkı sayısı";"2021";"59668";"";"";"";"";""
"Türkiye";"Yıllık";"Adrese Dayalı Nüfus Kayıt Sistemi";"Trabzon";"Tek Kişilik Hanehalkı";"Hanehalkı sayısı";"2022";"63722";"";"";"";"";""
"Türkiye";"Yıllık";"Adrese Dayalı Nüfus Kayıt Sistemi";"Trabzon";"Tek Kişilik Hanehalkı";"Hanehalkı sayısı";"2023";"64846";"";"";"";"";""
"Türkiye";"Yıllık";"Adrese Dayalı Nüfus Kayıt Sistemi";"Trabzon";"Tek Kişilik Hanehalkı";"Hanehalkı sayısı";"2024";"66259";"";"";"";"";""
"Türkiye";"Yıllık";"Adrese Dayalı Nüfus Kayıt Sistemi";"Trabzon";"Tek Kişilik Hanehalkı";"Hanehalkı sayısı";"2025";"68296";"";"";"";"";""
"Türkiye";"Yıllık";"Adrese Dayalı Nüfus Kayıt Sistemi";"Trabzon";"Tek Çekirdek Aileden Oluşan Hanehalkı";"Hanehalkı sayısı";"2014";"142384";"";"";"";"";""
"Türkiye";"Yıllık";"Adrese Dayalı Nüfus Kayıt Sistemi";"Trabzon";"Tek Çekirdek Aileden Oluşan Hanehalkı";"Hanehalkı sayısı";"2015";"144842";"";"";"";"";""
"Türkiye";"Yıllık";"Adrese Dayalı Nüfus Kayıt Sistemi";"Trabzon";"Tek Çekirdek Aileden Oluşan Hanehalkı";"Hanehalkı sayısı";"2016";"147186";"";"";"";"";""
"Türkiye";"Yıllık";"Adrese Dayalı Nüfus Kayıt Sistemi";"Trabzon";"Tek Çekirdek Aileden Oluşan Hanehalkı";"Hanehalkı sayısı";"2017";"149063";"";"";"";"";""
"Türkiye";"Yıllık";"Adrese Dayalı Nüfus Kayıt Sistemi";"Trabzon";"Tek Çekirdek Aileden Oluşan Hanehalkı";"Hanehalkı sayısı";"2018";"148917";"";"";"";"";""
"Türkiye";"Yıllık";"Adrese Dayalı Nüfus Kayıt Sistemi";"Trabzon";"Tek Çekirdek Aileden Oluşan Hanehalkı";"Hanehalkı sayısı";"2019";"151982";"";"";"";"";""
"Türkiye";"Yıllık";"Adrese Dayalı Nüfus Kayıt Sistemi";"Trabzon";"Tek Çekirdek Aileden Oluşan Hanehalkı";"Hanehalkı sayısı";"2020";"157546";"";"";"";"";""
"Türkiye";"Yıllık";"Adrese Dayalı Nüfus Kayıt Sistemi";"Trabzon";"Tek Çekirdek Aileden Oluşan Hanehalkı";"Hanehalkı sayısı";"2021";"161139";"";"";"";"";""
"Türkiye";"Yıllık";"Adrese Dayalı Nüfus Kayıt Sistemi";"Trabzon";"Tek Çekirdek Aileden Oluşan Hanehalkı";"Hanehalkı sayısı";"2022";"167618";"";"";"";"";""
"Türkiye";"Yıllık";"Adrese Dayalı Nüfus Kayıt Sistemi";"Trabzon";"Tek Çekirdek Aileden Oluşan Hanehalkı";"Hanehalkı sayısı";"2023";"166164";"";"";"";"";""
"Türkiye";"Yıllık";"Adrese Dayalı Nüfus Kayıt Sistemi";"Trabzon";"Tek Çekirdek Aileden Oluşan Hanehalkı";"Hanehalkı sayısı";"2024";"169737";"";"";"";"";""
"Türkiye";"Yıllık";"Adrese Dayalı Nüfus Kayıt Sistemi";"Trabzon";"Tek Çekirdek Aileden Oluşan Hanehalkı";"Hanehalkı sayısı";"2025";"171572";"";"";"";"";""
"Türkiye";"Yıllık";"Adrese Dayalı Nüfus Kayıt Sistemi";"Trabzon";"En Az Bir Çekirdek Aile Ve Diğer Kişilerden Oluşan Hanehalkı";"Hanehalkı sayısı";"2014";"36493";"";"";"";"";""
"Türkiye";"Yıllık";"Adrese Dayalı Nüfus Kayıt Sistemi";"Trabzon";"En Az Bir Çekirdek Aile Ve Diğer Kişilerden Oluşan Hanehalkı";"Hanehalkı sayısı";"2015";"36236";"";"";"";"";""
"Türkiye";"Yıllık";"Adrese Dayalı Nüfus Kayıt Sistemi";"Trabzon";"En Az Bir Çekirdek Aile Ve Diğer Kişilerden Oluşan Hanehalkı";"Hanehalkı sayısı";"2016";"36081";"";"";"";"";""
"Türkiye";"Yıllık";"Adrese Dayalı Nüfus Kayıt Sistemi";"Trabzon";"En Az Bir Çekirdek Aile Ve Diğer Kişilerden Oluşan Hanehalkı";"Hanehalkı sayısı";"2017";"36312";"";"";"";"";""
"Türkiye";"Yıllık";"Adrese Dayalı Nüfus Kayıt Sistemi";"Trabzon";"En Az Bir Çekirdek Aile Ve Diğer Kişilerden Oluşan Hanehalkı";"Hanehalkı sayısı";"2018";"39454";"";"";"";"";""
"Türkiye";"Yıllık";"Adrese Dayalı Nüfus Kayıt Sistemi";"Trabzon";"En Az Bir Çekirdek Aile Ve Diğer Kişilerden Oluşan Hanehalkı";"Hanehalkı sayısı";"2019";"38357";"";"";"";"";""
"Türkiye";"Yıllık";"Adrese Dayalı Nüfus Kayıt Sistemi";"Trabzon";"En Az Bir Çekirdek Aile Ve Diğer Kişilerden Oluşan Hanehalkı";"Hanehalkı sayısı";"2020";"36323";"";"";"";"";""
"Türkiye";"Yıllık";"Adrese Dayalı Nüfus Kayıt Sistemi";"Trabzon";"En Az Bir Çekirdek Aile Ve Diğer Kişilerden Oluşan Hanehalkı";"Hanehalkı sayısı";"2021";"34855";"";"";"";"";""
"Türkiye";"Yıllık";"Adrese Dayalı Nüfus Kayıt Sistemi";"Trabzon";"En Az Bir Çekirdek Aile Ve Diğer Kişilerden Oluşan Hanehalkı";"Hanehalkı sayısı";"2022";"32114";"";"";"";"";""
"Türkiye";"Yıllık";"Adrese Dayalı Nüfus Kayıt Sistemi";"Trabzon";"En Az Bir Çekirdek Aile Ve Diğer Kişilerden Oluşan Hanehalkı";"Hanehalkı sayısı";"2023";"34426";"";"";"";"";""
"Türkiye";"Yıllık";"Adrese Dayalı Nüfus Kayıt Sistemi";"Trabzon";"En Az Bir Çekirdek Aile Ve Diğer Kişilerden Oluşan Hanehalkı";"Hanehalkı sayısı";"2024";"32967";"";"";"";"";""
"Türkiye";"Yıllık";"Adrese Dayalı Nüfus Kayıt Sistemi";"Trabzon";"En Az Bir Çekirdek Aile Ve Diğer Kişilerden Oluşan Hanehalkı";"Hanehalkı sayısı";"2025";"32874";"";"";"";"";""
"Türkiye";"Yıllık";"Adrese Dayalı Nüfus Kayıt Sistemi";"Trabzon";"Çekirdek Aile Bulunmayan Birden Fazla Kişiden Oluşan Hanehalkı";"Hanehalkı sayısı";"2014";"4116";"";"";"";"";""
"Türkiye";"Yıllık";"Adrese Dayalı Nüfus Kayıt Sistemi";"Trabzon";"Çekirdek Aile Bulunmayan Birden Fazla Kişiden Oluşan Hanehalkı";"Hanehalkı sayısı";"2015";"4443";"";"";"";"";""
"Türkiye";"Yıllık";"Adrese Dayalı Nüfus Kayıt Sistemi";"Trabzon";"Çekirdek Aile Bulunmayan Birden Fazla Kişiden Oluşan Hanehalkı";"Hanehalkı sayısı";"2016";"4998";"";"";"";"";""
"Türkiye";"Yıllık";"Adrese Dayalı Nüfus Kayıt Sistemi";"Trabzon";"Çekirdek Aile Bulunmayan Birden Fazla Kişiden Oluşan Hanehalkı";"Hanehalkı sayısı";"2017";"5473";"";"";"";"";""
"Türkiye";"Yıllık";"Adrese Dayalı Nüfus Kayıt Sistemi";"Trabzon";"Çekirdek Aile Bulunmayan Birden Fazla Kişiden Oluşan Hanehalkı";"Hanehalkı sayısı";"2018";"6387";"";"";"";"";""
"Türkiye";"Yıllık";"Adrese Dayalı Nüfus Kayıt Sistemi";"Trabzon";"Çekirdek Aile Bulunmayan Birden Fazla Kişiden Oluşan Hanehalkı";"Hanehalkı sayısı";"2019";"7015";"";"";"";"";""
"Türkiye";"Yıllık";"Adrese Dayalı Nüfus Kayıt Sistemi";"Trabzon";"Çekirdek Aile Bulunmayan Birden Fazla Kişiden Oluşan Hanehalkı";"Hanehalkı sayısı";"2020";"7173";"";"";"";"";""
"Türkiye";"Yıllık";"Adrese Dayalı Nüfus Kayıt Sistemi";"Trabzon";"Çekirdek Aile Bulunmayan Birden Fazla Kişiden Oluşan Hanehalkı";"Hanehalkı sayısı";"2021";"7678";"";"";"";"";""
"Türkiye";"Yıllık";"Adrese Dayalı Nüfus Kayıt Sistemi";"Trabzon";"Çekirdek Aile Bulunmayan Birden Fazla Kişiden Oluşan Hanehalkı";"Hanehalkı sayısı";"2022";"8087";"";"";"";"";""
"Türkiye";"Yıllık";"Adrese Dayalı Nüfus Kayıt Sistemi";"Trabzon";"Çekirdek Aile Bulunmayan Birden Fazla Kişiden Oluşan Hanehalkı";"Hanehalkı sayısı";"2023";"8284";"";"";"";"";""
"Türkiye";"Yıllık";"Adrese Dayalı Nüfus Kayıt Sistemi";"Trabzon";"Çekirdek Aile Bulunmayan Birden Fazla Kişiden Oluşan Hanehalkı";"Hanehalkı sayısı";"2024";"8144";"";"";"";"";""
"Türkiye";"Yıllık";"Adrese Dayalı Nüfus Kayıt Sistemi";"Trabzon";"Çekirdek Aile Bulunmayan Birden Fazla Kişiden Oluşan Hanehalkı";"Hanehalkı sayısı";"2025";"8266";"";"";"";"";""
"Türkiye";"Yıllık";"Adrese Dayalı Nüfus Kayıt Sistemi";"Trabzon";"Toplam";"Hanehalkı sayısı";"2014";"219923";"";"";"";"";""
"Türkiye";"Yıllık";"Adrese Dayalı Nüfus Kayıt Sistemi";"Trabzon";"Toplam";"Hanehalkı sayısı";"2015";"224636";"";"";"";"";""
"Türkiye";"Yıllık";"Adrese Dayalı Nüfus Kayıt Sistemi";"Trabzon";"Toplam";"Hanehalkı sayısı";"2016";"230334";"";"";"";"";""
"Türkiye";"Yıllık";"Adrese Dayalı Nüfus Kayıt Sistemi";"Trabzon";"Toplam";"Hanehalkı sayısı";"2017";"235184";"";"";"";"";""
"Türkiye";"Yıllık";"Adrese Dayalı Nüfus Kayıt Sistemi";"Trabzon";"Toplam";"Hanehalkı sayısı";"2018";"243127";"";"";"";"";""
"Türkiye";"Yıllık";"Adrese Dayalı Nüfus Kayıt Sistemi";"Trabzon";"Toplam";"Hanehalkı sayısı";"2019";"248727";"";"";"";"";""
"Türkiye";"Yıllık";"Adrese Dayalı Nüfus Kayıt Sistemi";"Trabzon";"Toplam";"Hanehalkı sayısı";"2020";"256455";"";"";"";"";""
"Türkiye";"Yıllık";"Adrese Dayalı Nüfus Kayıt Sistemi";"Trabzon";"Toplam";"Hanehalkı sayısı";"2021";"263340";"";"";"";"";""
"Türkiye";"Yıllık";"Adrese Dayalı Nüfus Kayıt Sistemi";"Trabzon";"Toplam";"Hanehalkı sayısı";"2022";"271541";"";"";"";"";""
"Türkiye";"Yıllık";"Adrese Dayalı Nüfus Kayıt Sistemi";"Trabzon";"Toplam";"Hanehalkı sayısı";"2023";"273720";"";"";"";"";""
"Türkiye";"Yıllık";"Adrese Dayalı Nüfus Kayıt Sistemi";"Trabzon";"Toplam";"Hanehalkı sayısı";"2024";"277107";"";"";"";"";""
"Türkiye";"Yıllık";"Adrese Dayalı Nüfus Kayıt Sistemi";"Trabzon";"Toplam";"Hanehalkı sayısı";"2025";"281008";"";"";"";"";""
"Türkiye";"Yıllık";"Adrese Dayalı Nüfus Kayıt Sistemi";"Bayburt";"Tek Kişilik Hanehalkı";"Hanehalkı sayısı";"2014";"3007";"";"";"";"";""
"Türkiye";"Yıllık";"Adrese Dayalı Nüfus Kayıt Sistemi";"Bayburt";"Tek Kişilik Hanehalkı";"Hanehalkı sayısı";"2015";"3191";"";"";"";"";""
"Türkiye";"Yıllık";"Adrese Dayalı Nüfus Kayıt Sistemi";"Bayburt";"Tek Kişilik Hanehalkı";"Hanehalkı sayısı";"2016";"3811";"";"";"";"";""
"Türkiye";"Yıllık";"Adrese Dayalı Nüfus Kayıt Sistemi";"Bayburt";"Tek Kişilik Hanehalkı";"Hanehalkı sayısı";"2017";"3923";"";"";"";"";""
"Türkiye";"Yıllık";"Adrese Dayalı Nüfus Kayıt Sistemi";"Bayburt";"Tek Kişilik Hanehalkı";"Hanehalkı sayısı";"2018";"4114";"";"";"";"";""
"Türkiye";"Yıllık";"Adrese Dayalı Nüfus Kayıt Sistemi";"Bayburt";"Tek Kişilik Hanehalkı";"Hanehalkı sayısı";"2019";"4312";"";"";"";"";""
"Türkiye";"Yıllık";"Adrese Dayalı Nüfus Kayıt Sistemi";"Bayburt";"Tek Kişilik Hanehalkı";"Hanehalkı sayısı";"2020";"4972";"";"";"";"";""
"Türkiye";"Yıllık";"Adrese Dayalı Nüfus Kayıt Sistemi";"Bayburt";"Tek Kişilik Hanehalkı";"Hanehalkı sayısı";"2021";"5389";"";"";"";"";""
"Türkiye";"Yıllık";"Adrese Dayalı Nüfus Kayıt Sistemi";"Bayburt";"Tek Kişilik Hanehalkı";"Hanehalkı sayısı";"2022";"5766";"";"";"";"";""
"Türkiye";"Yıllık";"Adrese Dayalı Nüfus Kayıt Sistemi";"Bayburt";"Tek Kişilik Hanehalkı";"Hanehalkı sayısı";"2023";"5439";"";"";"";"";""
"Türkiye";"Yıllık";"Adrese Dayalı Nüfus Kayıt Sistemi";"Bayburt";"Tek Kişilik Hanehalkı";"Hanehalkı sayısı";"2024";"5754";"";"";"";"";""
"Türkiye";"Yıllık";"Adrese Dayalı Nüfus Kayıt Sistemi";"Bayburt";"Tek Kişilik Hanehalkı";"Hanehalkı sayısı";"2025";"6128";"";"";"";"";""
"Türkiye";"Yıllık";"Adrese Dayalı Nüfus Kayıt Sistemi";"Bayburt";"Tek Çekirdek Aileden Oluşan Hanehalkı";"Hanehalkı sayısı";"2014";"13705";"";"";"";"";""
"Türkiye";"Yıllık";"Adrese Dayalı Nüfus Kayıt Sistemi";"Bayburt";"Tek Çekirdek Aileden Oluşan Hanehalkı";"Hanehalkı sayısı";"2015";"13692";"";"";"";"";""
"Türkiye";"Yıllık";"Adrese Dayalı Nüfus Kayıt Sistemi";"Bayburt";"Tek Çekirdek Aileden Oluşan Hanehalkı";"Hanehalkı sayısı";"2016";"15827";"";"";"";"";""
"Türkiye";"Yıllık";"Adrese Dayalı Nüfus Kayıt Sistemi";"Bayburt";"Tek Çekirdek Aileden Oluşan Hanehalkı";"Hanehalkı sayısı";"2017";"13311";"";"";"";"";""
"Türkiye";"Yıllık";"Adrese Dayalı Nüfus Kayıt Sistemi";"Bayburt";"Tek Çekirdek Aileden Oluşan Hanehalkı";"Hanehalkı sayısı";"2018";"13455";"";"";"";"";""
"Türkiye";"Yıllık";"Adrese Dayalı Nüfus Kayıt Sistemi";"Bayburt";"Tek Çekirdek Aileden Oluşan Hanehalkı";"Hanehalkı sayısı";"2019";"14014";"";"";"";"";""
"Türkiye";"Yıllık";"Adrese Dayalı Nüfus Kayıt Sistemi";"Bayburt";"Tek Çekirdek Aileden Oluşan Hanehalkı";"Hanehalkı sayısı";"2020";"14479";"";"";"";"";""
"Türkiye";"Yıllık";"Adrese Dayalı Nüfus Kayıt Sistemi";"Bayburt";"Tek Çekirdek Aileden Oluşan Hanehalkı";"Hanehalkı sayısı";"2021";"14747";"";"";"";"";""
"Türkiye";"Yıllık";"Adrese Dayalı Nüfus Kayıt Sistemi";"Bayburt";"Tek Çekirdek Aileden Oluşan Hanehalkı";"Hanehalkı sayısı";"2022";"15104";"";"";"";"";""
"Türkiye";"Yıllık";"Adrese Dayalı Nüfus Kayıt Sistemi";"Bayburt";"Tek Çekirdek Aileden Oluşan Hanehalkı";"Hanehalkı sayısı";"2023";"14143";"";"";"";"";""
"Türkiye";"Yıllık";"Adrese Dayalı Nüfus Kayıt Sistemi";"Bayburt";"Tek Çekirdek Aileden Oluşan Hanehalkı";"Hanehalkı sayısı";"2024";"14685";"";"";"";"";""
"Türkiye";"Yıllık";"Adrese Dayalı Nüfus Kayıt Sistemi";"Bayburt";"Tek Çekirdek Aileden Oluşan Hanehalkı";"Hanehalkı sayısı";"2025";"14918";"";"";"";"";""
"Türkiye";"Yıllık";"Adrese Dayalı Nüfus Kayıt Sistemi";"Bayburt";"En Az Bir Çekirdek Aile Ve Diğer Kişilerden Oluşan Hanehalkı";"Hanehalkı sayısı";"2014";"3932";"";"";"";"";""
"Türkiye";"Yıllık";"Adrese Dayalı Nüfus Kayıt Sistemi";"Bayburt";"En Az Bir Çekirdek Aile Ve Diğer Kişilerden Oluşan Hanehalkı";"Hanehalkı sayısı";"2015";"3597";"";"";"";"";""
"Türkiye";"Yıllık";"Adrese Dayalı Nüfus Kayıt Sistemi";"Bayburt";"En Az Bir Çekirdek Aile Ve Diğer Kişilerden Oluşan Hanehalkı";"Hanehalkı sayısı";"2016";"3723";"";"";"";"";""
"Türkiye";"Yıllık";"Adrese Dayalı Nüfus Kayıt Sistemi";"Bayburt";"En Az Bir Çekirdek Aile Ve Diğer Kişilerden Oluşan Hanehalkı";"Hanehalkı sayısı";"2017";"3455";"";"";"";"";""
"Türkiye";"Yıllık";"Adrese Dayalı Nüfus Kayıt Sistemi";"Bayburt";"En Az Bir Çekirdek Aile Ve Diğer Kişilerden Oluşan Hanehalkı";"Hanehalkı sayısı";"2018";"3919";"";"";"";"";""
"Türkiye";"Yıllık";"Adrese Dayalı Nüfus Kayıt Sistemi";"Bayburt";"En Az Bir Çekirdek Aile Ve Diğer Kişilerden Oluşan Hanehalkı";"Hanehalkı sayısı";"2019";"3684";"";"";"";"";""
"Türkiye";"Yıllık";"Adrese Dayalı Nüfus Kayıt Sistemi";"Bayburt";"En Az Bir Çekirdek Aile Ve Diğer Kişilerden Oluşan Hanehalkı";"Hanehalkı sayısı";"2020";"3377";"";"";"";"";""
"Türkiye";"Yıllık";"Adrese Dayalı Nüfus Kayıt Sistemi";"Bayburt";"En Az Bir Çekirdek Aile Ve Diğer Kişilerden Oluşan Hanehalkı";"Hanehalkı sayısı";"2021";"3284";"";"";"";"";""
"Türkiye";"Yıllık";"Adrese Dayalı Nüfus Kayıt Sistemi";"Bayburt";"En Az Bir Çekirdek Aile Ve Diğer Kişilerden Oluşan Hanehalkı";"Hanehalkı sayısı";"2022";"3102";"";"";"";"";""
"Türkiye";"Yıllık";"Adrese Dayalı Nüfus Kayıt Sistemi";"Bayburt";"En Az Bir Çekirdek Aile Ve Diğer Kişilerden Oluşan Hanehalkı";"Hanehalkı sayısı";"2023";"3798";"";"";"";"";""
"Türkiye";"Yıllık";"Adrese Dayalı Nüfus Kayıt Sistemi";"Bayburt";"En Az Bir Çekirdek Aile Ve Diğer Kişilerden Oluşan Hanehalkı";"Hanehalkı sayısı";"2024";"3501";"";"";"";"";""
"Türkiye";"Yıllık";"Adrese Dayalı Nüfus Kayıt Sistemi";"Bayburt";"En Az Bir Çekirdek Aile Ve Diğer Kişilerden Oluşan Hanehalkı";"Hanehalkı sayısı";"2025";"3410";"";"";"";"";""
"Türkiye";"Yıllık";"Adrese Dayalı Nüfus Kayıt Sistemi";"Bayburt";"Çekirdek Aile Bulunmayan Birden Fazla Kişiden Oluşan Hanehalkı";"Hanehalkı sayısı";"2014";"600";"";"";"";"";""
"Türkiye";"Yıllık";"Adrese Dayalı Nüfus Kayıt Sistemi";"Bayburt";"Çekirdek Aile Bulunmayan Birden Fazla Kişiden Oluşan Hanehalkı";"Hanehalkı sayısı";"2015";"587";"";"";"";"";""
"Türkiye";"Yıllık";"Adrese Dayalı Nüfus Kayıt Sistemi";"Bayburt";"Çekirdek Aile Bulunmayan Birden Fazla Kişiden Oluşan Hanehalkı";"Hanehalkı sayısı";"2016";"921";"";"";"";"";""
"Türkiye";"Yıllık";"Adrese Dayalı Nüfus Kayıt Sistemi";"Bayburt";"Çekirdek Aile Bulunmayan Birden Fazla Kişiden Oluşan Hanehalkı";"Hanehalkı sayısı";"2017";"705";"";"";"";"";""
"Türkiye";"Yıllık";"Adrese Dayalı Nüfus Kayıt Sistemi";"Bayburt";"Çekirdek Aile Bulunmayan Birden Fazla Kişiden Oluşan Hanehalkı";"Hanehalkı sayısı";"2018";"713";"";"";"";"";""
"Türkiye";"Yıllık";"Adrese Dayalı Nüfus Kayıt Sistemi";"Bayburt";"Çekirdek Aile Bulunmayan Birden Fazla Kişiden Oluşan Hanehalkı";"Hanehalkı sayısı";"2019";"844";"";"";"";"";""
"Türkiye";"Yıllık";"Adrese Dayalı Nüfus Kayıt Sistemi";"Bayburt";"Çekirdek Aile Bulunmayan Birden Fazla Kişiden Oluşan Hanehalkı";"Hanehalkı sayısı";"2020";"837";"";"";"";"";""
"Türkiye";"Yıllık";"Adrese Dayalı Nüfus Kayıt Sistemi";"Bayburt";"Çekirdek Aile Bulunmayan Birden Fazla Kişiden Oluşan Hanehalkı";"Hanehalkı sayısı";"2021";"927";"";"";"";"";""
"Türkiye";"Yıllık";"Adrese Dayalı Nüfus Kayıt Sistemi";"Bayburt";"Çekirdek Aile Bulunmayan Birden Fazla Kişiden Oluşan Hanehalkı";"Hanehalkı sayısı";"2022";"976";"";"";"";"";""
"Türkiye";"Yıllık";"Adrese Dayalı Nüfus Kayıt Sistemi";"Bayburt";"Çekirdek Aile Bulunmayan Birden Fazla Kişiden Oluşan Hanehalkı";"Hanehalkı sayısı";"2023";"838";"";"";"";"";""
"Türkiye";"Yıllık";"Adrese Dayalı Nüfus Kayıt Sistemi";"Bayburt";"Çekirdek Aile Bulunmayan Birden Fazla Kişiden Oluşan Hanehalkı";"Hanehalkı sayısı";"2024";"882";"";"";"";"";""
"Türkiye";"Yıllık";"Adrese Dayalı Nüfus Kayıt Sistemi";"Bayburt";"Çekirdek Aile Bulunmayan Birden Fazla Kişiden Oluşan Hanehalkı";"Hanehalkı sayısı";"2025";"887";"";"";"";"";""
"Türkiye";"Yıllık";"Adrese Dayalı Nüfus Kayıt Sistemi";"Bayburt";"Toplam";"Hanehalkı sayısı";"2014";"21244";"";"";"";"";""
"Türkiye";"Yıllık";"Adrese Dayalı Nüfus Kayıt Sistemi";"Bayburt";"Toplam";"Hanehalkı sayısı";"2015";"21067";"";"";"";"";""
"Türkiye";"Yıllık";"Adrese Dayalı Nüfus Kayıt Sistemi";"Bayburt";"Toplam";"Hanehalkı sayısı";"2016";"24282";"";"";"";"";""
"Türkiye";"Yıllık";"Adrese Dayalı Nüfus Kayıt Sistemi";"Bayburt";"Toplam";"Hanehalkı sayısı";"2017";"21394";"";"";"";"";""
"Türkiye";"Yıllık";"Adrese Dayalı Nüfus Kayıt Sistemi";"Bayburt";"Toplam";"Hanehalkı sayısı";"2018";"22201";"";"";"";"";""
"Türkiye";"Yıllık";"Adrese Dayalı Nüfus Kayıt Sistemi";"Bayburt";"Toplam";"Hanehalkı sayısı";"2019";"22854";"";"";"";"";""
"Türkiye";"Yıllık";"Adrese Dayalı Nüfus Kayıt Sistemi";"Bayburt";"Toplam";"Hanehalkı sayısı";"2020";"23665";"";"";"";"";""
"Türkiye";"Yıllık";"Adrese Dayalı Nüfus Kayıt Sistemi";"Bayburt";"Toplam";"Hanehalkı sayısı";"2021";"24347";"";"";"";"";""
"Türkiye";"Yıllık";"Adrese Dayalı Nüfus Kayıt Sistemi";"Bayburt";"Toplam";"Hanehalkı sayısı";"2022";"24948";"";"";"";"";""
"Türkiye";"Yıllık";"Adrese Dayalı Nüfus Kayıt Sistemi";"Bayburt";"Toplam";"Hanehalkı sayısı";"2023";"24218";"";"";"";"";""
"Türkiye";"Yıllık";"Adrese Dayalı Nüfus Kayıt Sistemi";"Bayburt";"Toplam";"Hanehalkı sayısı";"2024";"24822";"";"";"";"";""
"Türkiye";"Yıllık";"Adrese Dayalı Nüfus Kayıt Sistemi";"Bayburt";"Toplam";"Hanehalkı sayısı";"2025";"25343";"";"";"";"";""
"Türkiye";"Yıllık";"Adrese Dayalı Nüfus Kayıt Sistemi";"Erzincan";"Tek Kişilik Hanehalkı";"Hanehalkı sayısı";"2014";"11505";"";"";"";"";""
"Türkiye";"Yıllık";"Adrese Dayalı Nüfus Kayıt Sistemi";"Erzincan";"Tek Kişilik Hanehalkı";"Hanehalkı sayısı";"2015";"12355";"";"";"";"";""
"Türkiye";"Yıllık";"Adrese Dayalı Nüfus Kayıt Sistemi";"Erzincan";"Tek Kişilik Hanehalkı";"Hanehalkı sayısı";"2016";"13616";"";"";"";"";""
"Türkiye";"Yıllık";"Adrese Dayalı Nüfus Kayıt Sistemi";"Erzincan";"Tek Kişilik Hanehalkı";"Hanehalkı sayısı";"2017";"14344";"";"";"";"";""
"Türkiye";"Yıllık";"Adrese Dayalı Nüfus Kayıt Sistemi";"Erzincan";"Tek Kişilik Hanehalkı";"Hanehalkı sayısı";"2018";"14987";"";"";"";"";""
"Türkiye";"Yıllık";"Adrese Dayalı Nüfus Kayıt Sistemi";"Erzincan";"Tek Kişilik Hanehalkı";"Hanehalkı sayısı";"2019";"15715";"";"";"";"";""
"Türkiye";"Yıllık";"Adrese Dayalı Nüfus Kayıt Sistemi";"Erzincan";"Tek Kişilik Hanehalkı";"Hanehalkı sayısı";"2020";"16950";"";"";"";"";""
"Türkiye";"Yıllık";"Adrese Dayalı Nüfus Kayıt Sistemi";"Erzincan";"Tek Kişilik Hanehalkı";"Hanehalkı sayısı";"2021";"18011";"";"";"";"";""
"Türkiye";"Yıllık";"Adrese Dayalı Nüfus Kayıt Sistemi";"Erzincan";"Tek Kişilik Hanehalkı";"Hanehalkı sayısı";"2022";"19366";"";"";"";"";""
"Türkiye";"Yıllık";"Adrese Dayalı Nüfus Kayıt Sistemi";"Erzincan";"Tek Kişilik Hanehalkı";"Hanehalkı sayısı";"2023";"18994";"";"";"";"";""
"Türkiye";"Yıllık";"Adrese Dayalı Nüfus Kayıt Sistemi";"Erzincan";"Tek Kişilik Hanehalkı";"Hanehalkı sayısı";"2024";"19897";"";"";"";"";""
"Türkiye";"Yıllık";"Adrese Dayalı Nüfus Kayıt Sistemi";"Erzincan";"Tek Kişilik Hanehalkı";"Hanehalkı sayısı";"2025";"21206";"";"";"";"";""
"Türkiye";"Yıllık";"Adrese Dayalı Nüfus Kayıt Sistemi";"Erzincan";"Tek Çekirdek Aileden Oluşan Hanehalkı";"Hanehalkı sayısı";"2014";"42406";"";"";"";"";""
"Türkiye";"Yıllık";"Adrese Dayalı Nüfus Kayıt Sistemi";"Erzincan";"Tek Çekirdek Aileden Oluşan Hanehalkı";"Hanehalkı sayısı";"2015";"42560";"";"";"";"";""
"Türkiye";"Yıllık";"Adrese Dayalı Nüfus Kayıt Sistemi";"Erzincan";"Tek Çekirdek Aileden Oluşan Hanehalkı";"Hanehalkı sayısı";"2016";"43409";"";"";"";"";""
"Türkiye";"Yıllık";"Adrese Dayalı Nüfus Kayıt Sistemi";"Erzincan";"Tek Çekirdek Aileden Oluşan Hanehalkı";"Hanehalkı sayısı";"2017";"43711";"";"";"";"";""
"Türkiye";"Yıllık";"Adrese Dayalı Nüfus Kayıt Sistemi";"Erzincan";"Tek Çekirdek Aileden Oluşan Hanehalkı";"Hanehalkı sayısı";"2018";"44297";"";"";"";"";""
"Türkiye";"Yıllık";"Adrese Dayalı Nüfus Kayıt Sistemi";"Erzincan";"Tek Çekirdek Aileden Oluşan Hanehalkı";"Hanehalkı sayısı";"2019";"45015";"";"";"";"";""
"Türkiye";"Yıllık";"Adrese Dayalı Nüfus Kayıt Sistemi";"Erzincan";"Tek Çekirdek Aileden Oluşan Hanehalkı";"Hanehalkı sayısı";"2020";"46340";"";"";"";"";""
"Türkiye";"Yıllık";"Adrese Dayalı Nüfus Kayıt Sistemi";"Erzincan";"Tek Çekirdek Aileden Oluşan Hanehalkı";"Hanehalkı sayısı";"2021";"47077";"";"";"";"";""
"Türkiye";"Yıllık";"Adrese Dayalı Nüfus Kayıt Sistemi";"Erzincan";"Tek Çekirdek Aileden Oluşan Hanehalkı";"Hanehalkı sayısı";"2022";"48511";"";"";"";"";""
"Türkiye";"Yıllık";"Adrese Dayalı Nüfus Kayıt Sistemi";"Erzincan";"Tek Çekirdek Aileden Oluşan Hanehalkı";"Hanehalkı sayısı";"2023";"47758";"";"";"";"";""
"Türkiye";"Yıllık";"Adrese Dayalı Nüfus Kayıt Sistemi";"Erzincan";"Tek Çekirdek Aileden Oluşan Hanehalkı";"Hanehalkı sayısı";"2024";"48166";"";"";"";"";""
"Türkiye";"Yıllık";"Adrese Dayalı Nüfus Kayıt Sistemi";"Erzincan";"Tek Çekirdek Aileden Oluşan Hanehalkı";"Hanehalkı sayısı";"2025";"48215";"";"";"";"";""
"Türkiye";"Yıllık";"Adrese Dayalı Nüfus Kayıt Sistemi";"Erzincan";"En Az Bir Çekirdek Aile Ve Diğer Kişilerden Oluşan Hanehalkı";"Hanehalkı sayısı";"2014";"8761";"";"";"";"";""
"Türkiye";"Yıllık";"Adrese Dayalı Nüfus Kayıt Sistemi";"Erzincan";"En Az Bir Çekirdek Aile Ve Diğer Kişilerden Oluşan Hanehalkı";"Hanehalkı sayısı";"2015";"8470";"";"";"";"";""
"Türkiye";"Yıllık";"Adrese Dayalı Nüfus Kayıt Sistemi";"Erzincan";"En Az Bir Çekirdek Aile Ve Diğer Kişilerden Oluşan Hanehalkı";"Hanehalkı sayısı";"2016";"8280";"";"";"";"";""
"Türkiye";"Yıllık";"Adrese Dayalı Nüfus Kayıt Sistemi";"Erzincan";"En Az Bir Çekirdek Aile Ve Diğer Kişilerden Oluşan Hanehalkı";"Hanehalkı sayısı";"2017";"8178";"";"";"";"";""
"Türkiye";"Yıllık";"Adrese Dayalı Nüfus Kayıt Sistemi";"Erzincan";"En Az Bir Çekirdek Aile Ve Diğer Kişilerden Oluşan Hanehalkı";"Hanehalkı sayısı";"2018";"9093";"";"";"";"";""
"Türkiye";"Yıllık";"Adrese Dayalı Nüfus Kayıt Sistemi";"Erzincan";"En Az Bir Çekirdek Aile Ve Diğer Kişilerden Oluşan Hanehalkı";"Hanehalkı sayısı";"2019";"8800";"";"";"";"";""
"Türkiye";"Yıllık";"Adrese Dayalı Nüfus Kayıt Sistemi";"Erzincan";"En Az Bir Çekirdek Aile Ve Diğer Kişilerden Oluşan Hanehalkı";"Hanehalkı sayısı";"2020";"8340";"";"";"";"";""
"Türkiye";"Yıllık";"Adrese Dayalı Nüfus Kayıt Sistemi";"Erzincan";"En Az Bir Çekirdek Aile Ve Diğer Kişilerden Oluşan Hanehalkı";"Hanehalkı sayısı";"2021";"8162";"";"";"";"";""
"Türkiye";"Yıllık";"Adrese Dayalı Nüfus Kayıt Sistemi";"Erzincan";"En Az Bir Çekirdek Aile Ve Diğer Kişilerden Oluşan Hanehalkı";"Hanehalkı sayısı";"2022";"7717";"";"";"";"";""
"Türkiye";"Yıllık";"Adrese Dayalı Nüfus Kayıt Sistemi";"Erzincan";"En Az Bir Çekirdek Aile Ve Diğer Kişilerden Oluşan Hanehalkı";"Hanehalkı sayısı";"2023";"9021";"";"";"";"";""
"Türkiye";"Yıllık";"Adrese Dayalı Nüfus Kayıt Sistemi";"Erzincan";"En Az Bir Çekirdek Aile Ve Diğer Kişilerden Oluşan Hanehalkı";"Hanehalkı sayısı";"2024";"8603";"";"";"";"";""
"Türkiye";"Yıllık";"Adrese Dayalı Nüfus Kayıt Sistemi";"Erzincan";"En Az Bir Çekirdek Aile Ve Diğer Kişilerden Oluşan Hanehalkı";"Hanehalkı sayısı";"2025";"8631";"";"";"";"";""
"Türkiye";"Yıllık";"Adrese Dayalı Nüfus Kayıt Sistemi";"Erzincan";"Çekirdek Aile Bulunmayan Birden Fazla Kişiden Oluşan Hanehalkı";"Hanehalkı sayısı";"2014";"1395";"";"";"";"";""
"Türkiye";"Yıllık";"Adrese Dayalı Nüfus Kayıt Sistemi";"Erzincan";"Çekirdek Aile Bulunmayan Birden Fazla Kişiden Oluşan Hanehalkı";"Hanehalkı sayısı";"2015";"1444";"";"";"";"";""
"Türkiye";"Yıllık";"Adrese Dayalı Nüfus Kayıt Sistemi";"Erzincan";"Çekirdek Aile Bulunmayan Birden Fazla Kişiden Oluşan Hanehalkı";"Hanehalkı sayısı";"2016";"1797";"";"";"";"";""
"Türkiye";"Yıllık";"Adrese Dayalı Nüfus Kayıt Sistemi";"Erzincan";"Çekirdek Aile Bulunmayan Birden Fazla Kişiden Oluşan Hanehalkı";"Hanehalkı sayısı";"2017";"1919";"";"";"";"";""
"Türkiye";"Yıllık";"Adrese Dayalı Nüfus Kayıt Sistemi";"Erzincan";"Çekirdek Aile Bulunmayan Birden Fazla Kişiden Oluşan Hanehalkı";"Hanehalkı sayısı";"2018";"1981";"";"";"";"";""
"Türkiye";"Yıllık";"Adrese Dayalı Nüfus Kayıt Sistemi";"Erzincan";"Çekirdek Aile Bulunmayan Birden Fazla Kişiden Oluşan Hanehalkı";"Hanehalkı sayısı";"2019";"2128";"";"";"";"";""
"Türkiye";"Yıllık";"Adrese Dayalı Nüfus Kayıt Sistemi";"Erzincan";"Çekirdek Aile Bulunmayan Birden Fazla Kişiden Oluşan Hanehalkı";"Hanehalkı sayısı";"2020";"2108";"";"";"";"";""
"Türkiye";"Yıllık";"Adrese Dayalı Nüfus Kayıt Sistemi";"Erzincan";"Çekirdek Aile Bulunmayan Birden Fazla Kişiden Oluşan Hanehalkı";"Hanehalkı sayısı";"2021";"2148";"";"";"";"";""
"Türkiye";"Yıllık";"Adrese Dayalı Nüfus Kayıt Sistemi";"Erzincan";"Çekirdek Aile Bulunmayan Birden Fazla Kişiden Oluşan Hanehalkı";"Hanehalkı sayısı";"2022";"2189";"";"";"";"";""
"Türkiye";"Yıllık";"Adrese Dayalı Nüfus Kayıt Sistemi";"Erzincan";"Çekirdek Aile Bulunmayan Birden Fazla Kişiden Oluşan Hanehalkı";"Hanehalkı sayısı";"2023";"2317";"";"";"";"";""
"Türkiye";"Yıllık";"Adrese Dayalı Nüfus Kayıt Sistemi";"Erzincan";"Çekirdek Aile Bulunmayan Birden Fazla Kişiden Oluşan Hanehalkı";"Hanehalkı sayısı";"2024";"2430";"";"";"";"";""
"Türkiye";"Yıllık";"Adrese Dayalı Nüfus Kayıt Sistemi";"Erzincan";"Çekirdek Aile Bulunmayan Birden Fazla Kişiden Oluşan Hanehalkı";"Hanehalkı sayısı";"2025";"2582";"";"";"";"";""
"Türkiye";"Yıllık";"Adrese Dayalı Nüfus Kayıt Sistemi";"Erzincan";"Toplam";"Hanehalkı sayısı";"2014";"64067";"";"";"";"";""
"Türkiye";"Yıllık";"Adrese Dayalı Nüfus Kayıt Sistemi";"Erzincan";"Toplam";"Hanehalkı sayısı";"2015";"64829";"";"";"";"";""
"Türkiye";"Yıllık";"Adrese Dayalı Nüfus Kayıt Sistemi";"Erzincan";"Toplam";"Hanehalkı sayısı";"2016";"67102";"";"";"";"";""
"Türkiye";"Yıllık";"Adrese Dayalı Nüfus Kayıt Sistemi";"Erzincan";"Toplam";"Hanehalkı sayısı";"2017";"68152";"";"";"";"";""
"Türkiye";"Yıllık";"Adrese Dayalı Nüfus Kayıt Sistemi";"Erzincan";"Toplam";"Hanehalkı sayısı";"2018";"70358";"";"";"";"";""
"Türkiye";"Yıllık";"Adrese Dayalı Nüfus Kayıt Sistemi";"Erzincan";"Toplam";"Hanehalkı sayısı";"2019";"71658";"";"";"";"";""
"Türkiye";"Yıllık";"Adrese Dayalı Nüfus Kayıt Sistemi";"Erzincan";"Toplam";"Hanehalkı sayısı";"2020";"73738";"";"";"";"";""
"Türkiye";"Yıllık";"Adrese Dayalı Nüfus Kayıt Sistemi";"Erzincan";"Toplam";"Hanehalkı sayısı";"2021";"75398";"";"";"";"";""
"Türkiye";"Yıllık";"Adrese Dayalı Nüfus Kayıt Sistemi";"Erzincan";"Toplam";"Hanehalkı sayısı";"2022";"77783";"";"";"";"";""
"Türkiye";"Yıllık";"Adrese Dayalı Nüfus Kayıt Sistemi";"Erzincan";"Toplam";"Hanehalkı sayısı";"2023";"78090";"";"";"";"";""
"Türkiye";"Yıllık";"Adrese Dayalı Nüfus Kayıt Sistemi";"Erzincan";"Toplam";"Hanehalkı sayısı";"2024";"79096";"";"";"";"";""
"Türkiye";"Yıllık";"Adrese Dayalı Nüfus Kayıt Sistemi";"Erzincan";"Toplam";"Hanehalkı sayısı";"2025";"80634";"";"";"";"";""
"Türkiye";"Yıllık";"Adrese Dayalı Nüfus Kayıt Sistemi";"Erzurum";"Tek Kişilik Hanehalkı";"Hanehalkı sayısı";"2014";"20474";"";"";"";"";""
"Türkiye";"Yıllık";"Adrese Dayalı Nüfus Kayıt Sistemi";"Erzurum";"Tek Kişilik Hanehalkı";"Hanehalkı sayısı";"2015";"22259";"";"";"";"";""
"Türkiye";"Yıllık";"Adrese Dayalı Nüfus Kayıt Sistemi";"Erzurum";"Tek Kişilik Hanehalkı";"Hanehalkı sayısı";"2016";"24040";"";"";"";"";""
"Türkiye";"Yıllık";"Adrese Dayalı Nüfus Kayıt Sistemi";"Erzurum";"Tek Kişilik Hanehalkı";"Hanehalkı sayısı";"2017";"25350";"";"";"";"";""
"Türkiye";"Yıllık";"Adrese Dayalı Nüfus Kayıt Sistemi";"Erzurum";"Tek Kişilik Hanehalkı";"Hanehalkı sayısı";"2018";"26562";"";"";"";"";""
"Türkiye";"Yıllık";"Adrese Dayalı Nüfus Kayıt Sistemi";"Erzurum";"Tek Kişilik Hanehalkı";"Hanehalkı sayısı";"2019";"28222";"";"";"";"";""
"Türkiye";"Yıllık";"Adrese Dayalı Nüfus Kayıt Sistemi";"Erzurum";"Tek Kişilik Hanehalkı";"Hanehalkı sayısı";"2020";"30919";"";"";"";"";""
"Türkiye";"Yıllık";"Adrese Dayalı Nüfus Kayıt Sistemi";"Erzurum";"Tek Kişilik Hanehalkı";"Hanehalkı sayısı";"2021";"33295";"";"";"";"";""
"Türkiye";"Yıllık";"Adrese Dayalı Nüfus Kayıt Sistemi";"Erzurum";"Tek Kişilik Hanehalkı";"Hanehalkı sayısı";"2022";"35682";"";"";"";"";""
"Türkiye";"Yıllık";"Adrese Dayalı Nüfus Kayıt Sistemi";"Erzurum";"Tek Kişilik Hanehalkı";"Hanehalkı sayısı";"2023";"36630";"";"";"";"";""
"Türkiye";"Yıllık";"Adrese Dayalı Nüfus Kayıt Sistemi";"Erzurum";"Tek Kişilik Hanehalkı";"Hanehalkı sayısı";"2024";"37491";"";"";"";"";""
"Türkiye";"Yıllık";"Adrese Dayalı Nüfus Kayıt Sistemi";"Erzurum";"Tek Kişilik Hanehalkı";"Hanehalkı sayısı";"2025";"38939";"";"";"";"";""
"Türkiye";"Yıllık";"Adrese Dayalı Nüfus Kayıt Sistemi";"Erzurum";"Tek Çekirdek Aileden Oluşan Hanehalkı";"Hanehalkı sayısı";"2014";"114125";"";"";"";"";""
"Türkiye";"Yıllık";"Adrese Dayalı Nüfus Kayıt Sistemi";"Erzurum";"Tek Çekirdek Aileden Oluşan Hanehalkı";"Hanehalkı sayısı";"2015";"117262";"";"";"";"";""
"Türkiye";"Yıllık";"Adrese Dayalı Nüfus Kayıt Sistemi";"Erzurum";"Tek Çekirdek Aileden Oluşan Hanehalkı";"Hanehalkı sayısı";"2016";"119993";"";"";"";"";""
"Türkiye";"Yıllık";"Adrese Dayalı Nüfus Kayıt Sistemi";"Erzurum";"Tek Çekirdek Aileden Oluşan Hanehalkı";"Hanehalkı sayısı";"2017";"121681";"";"";"";"";""
"Türkiye";"Yıllık";"Adrese Dayalı Nüfus Kayıt Sistemi";"Erzurum";"Tek Çekirdek Aileden Oluşan Hanehalkı";"Hanehalkı sayısı";"2018";"124115";"";"";"";"";""
"Türkiye";"Yıllık";"Adrese Dayalı Nüfus Kayıt Sistemi";"Erzurum";"Tek Çekirdek Aileden Oluşan Hanehalkı";"Hanehalkı sayısı";"2019";"126795";"";"";"";"";""
"Türkiye";"Yıllık";"Adrese Dayalı Nüfus Kayıt Sistemi";"Erzurum";"Tek Çekirdek Aileden Oluşan Hanehalkı";"Hanehalkı sayısı";"2020";"130015";"";"";"";"";""
"Türkiye";"Yıllık";"Adrese Dayalı Nüfus Kayıt Sistemi";"Erzurum";"Tek Çekirdek Aileden Oluşan Hanehalkı";"Hanehalkı sayısı";"2021";"131303";"";"";"";"";""
"Türkiye";"Yıllık";"Adrese Dayalı Nüfus Kayıt Sistemi";"Erzurum";"Tek Çekirdek Aileden Oluşan Hanehalkı";"Hanehalkı sayısı";"2022";"137138";"";"";"";"";""
"Türkiye";"Yıllık";"Adrese Dayalı Nüfus Kayıt Sistemi";"Erzurum";"Tek Çekirdek Aileden Oluşan Hanehalkı";"Hanehalkı sayısı";"2023";"138121";"";"";"";"";""
"Türkiye";"Yıllık";"Adrese Dayalı Nüfus Kayıt Sistemi";"Erzurum";"Tek Çekirdek Aileden Oluşan Hanehalkı";"Hanehalkı sayısı";"2024";"139128";"";"";"";"";""
"Türkiye";"Yıllık";"Adrese Dayalı Nüfus Kayıt Sistemi";"Erzurum";"Tek Çekirdek Aileden Oluşan Hanehalkı";"Hanehalkı sayısı";"2025";"139124";"";"";"";"";""
"Türkiye";"Yıllık";"Adrese Dayalı Nüfus Kayıt Sistemi";"Erzurum";"En Az Bir Çekirdek Aile Ve Diğer Kişilerden Oluşan Hanehalkı";"Hanehalkı sayısı";"2014";"36065";"";"";"";"";""
"Türkiye";"Yıllık";"Adrese Dayalı Nüfus Kayıt Sistemi";"Erzurum";"En Az Bir Çekirdek Aile Ve Diğer Kişilerden Oluşan Hanehalkı";"Hanehalkı sayısı";"2015";"34428";"";"";"";"";""
"Türkiye";"Yıllık";"Adrese Dayalı Nüfus Kayıt Sistemi";"Erzurum";"En Az Bir Çekirdek Aile Ve Diğer Kişilerden Oluşan Hanehalkı";"Hanehalkı sayısı";"2016";"32881";"";"";"";"";""
"Türkiye";"Yıllık";"Adrese Dayalı Nüfus Kayıt Sistemi";"Erzurum";"En Az Bir Çekirdek Aile Ve Diğer Kişilerden Oluşan Hanehalkı";"Hanehalkı sayısı";"2017";"31921";"";"";"";"";""
"Türkiye";"Yıllık";"Adrese Dayalı Nüfus Kayıt Sistemi";"Erzurum";"En Az Bir Çekirdek Aile Ve Diğer Kişilerden Oluşan Hanehalkı";"Hanehalkı sayısı";"2018";"32484";"";"";"";"";""
"Türkiye";"Yıllık";"Adrese Dayalı Nüfus Kayıt Sistemi";"Erzurum";"En Az Bir Çekirdek Aile Ve Diğer Kişilerden Oluşan Hanehalkı";"Hanehalkı sayısı";"2019";"31121";"";"";"";"";""
"Türkiye";"Yıllık";"Adrese Dayalı Nüfus Kayıt Sistemi";"Erzurum";"En Az Bir Çekirdek Aile Ve Diğer Kişilerden Oluşan Hanehalkı";"Hanehalkı sayısı";"2020";"29789";"";"";"";"";""
"Türkiye";"Yıllık";"Adrese Dayalı Nüfus Kayıt Sistemi";"Erzurum";"En Az Bir Çekirdek Aile Ve Diğer Kişilerden Oluşan Hanehalkı";"Hanehalkı sayısı";"2021";"29066";"";"";"";"";""
"Türkiye";"Yıllık";"Adrese Dayalı Nüfus Kayıt Sistemi";"Erzurum";"En Az Bir Çekirdek Aile Ve Diğer Kişilerden Oluşan Hanehalkı";"Hanehalkı sayısı";"2022";"25984";"";"";"";"";""
"Türkiye";"Yıllık";"Adrese Dayalı Nüfus Kayıt Sistemi";"Erzurum";"En Az Bir Çekirdek Aile Ve Diğer Kişilerden Oluşan Hanehalkı";"Hanehalkı sayısı";"2023";"26421";"";"";"";"";""
"Türkiye";"Yıllık";"Adrese Dayalı Nüfus Kayıt Sistemi";"Erzurum";"En Az Bir Çekirdek Aile Ve Diğer Kişilerden Oluşan Hanehalkı";"Hanehalkı sayısı";"2024";"25494";"";"";"";"";""
"Türkiye";"Yıllık";"Adrese Dayalı Nüfus Kayıt Sistemi";"Erzurum";"En Az Bir Çekirdek Aile Ve Diğer Kişilerden Oluşan Hanehalkı";"Hanehalkı sayısı";"2025";"25683";"";"";"";"";""
"Türkiye";"Yıllık";"Adrese Dayalı Nüfus Kayıt Sistemi";"Erzurum";"Çekirdek Aile Bulunmayan Birden Fazla Kişiden Oluşan Hanehalkı";"Hanehalkı sayısı";"2014";"3343";"";"";"";"";""
"Türkiye";"Yıllık";"Adrese Dayalı Nüfus Kayıt Sistemi";"Erzurum";"Çekirdek Aile Bulunmayan Birden Fazla Kişiden Oluşan Hanehalkı";"Hanehalkı sayısı";"2015";"3275";"";"";"";"";""
"Türkiye";"Yıllık";"Adrese Dayalı Nüfus Kayıt Sistemi";"Erzurum";"Çekirdek Aile Bulunmayan Birden Fazla Kişiden Oluşan Hanehalkı";"Hanehalkı sayısı";"2016";"3455";"";"";"";"";""
"Türkiye";"Yıllık";"Adrese Dayalı Nüfus Kayıt Sistemi";"Erzurum";"Çekirdek Aile Bulunmayan Birden Fazla Kişiden Oluşan Hanehalkı";"Hanehalkı sayısı";"2017";"3408";"";"";"";"";""
"Türkiye";"Yıllık";"Adrese Dayalı Nüfus Kayıt Sistemi";"Erzurum";"Çekirdek Aile Bulunmayan Birden Fazla Kişiden Oluşan Hanehalkı";"Hanehalkı sayısı";"2018";"3763";"";"";"";"";""
"Türkiye";"Yıllık";"Adrese Dayalı Nüfus Kayıt Sistemi";"Erzurum";"Çekirdek Aile Bulunmayan Birden Fazla Kişiden Oluşan Hanehalkı";"Hanehalkı sayısı";"2019";"3993";"";"";"";"";""
"Türkiye";"Yıllık";"Adrese Dayalı Nüfus Kayıt Sistemi";"Erzurum";"Çekirdek Aile Bulunmayan Birden Fazla Kişiden Oluşan Hanehalkı";"Hanehalkı sayısı";"2020";"4026";"";"";"";"";""
"Türkiye";"Yıllık";"Adrese Dayalı Nüfus Kayıt Sistemi";"Erzurum";"Çekirdek Aile Bulunmayan Birden Fazla Kişiden Oluşan Hanehalkı";"Hanehalkı sayısı";"2021";"4198";"";"";"";"";""
"Türkiye";"Yıllık";"Adrese Dayalı Nüfus Kayıt Sistemi";"Erzurum";"Çekirdek Aile Bulunmayan Birden Fazla Kişiden Oluşan Hanehalkı";"Hanehalkı sayısı";"2022";"4400";"";"";"";"";""
"Türkiye";"Yıllık";"Adrese Dayalı Nüfus Kayıt Sistemi";"Erzurum";"Çekirdek Aile Bulunmayan Birden Fazla Kişiden Oluşan Hanehalkı";"Hanehalkı sayısı";"2023";"4641";"";"";"";"";""
"Türkiye";"Yıllık";"Adrese Dayalı Nüfus Kayıt Sistemi";"Erzurum";"Çekirdek Aile Bulunmayan Birden Fazla Kişiden Oluşan Hanehalkı";"Hanehalkı sayısı";"2024";"4660";"";"";"";"";""
"Türkiye";"Yıllık";"Adrese Dayalı Nüfus Kayıt Sistemi";"Erzurum";"Çekirdek Aile Bulunmayan Birden Fazla Kişiden Oluşan Hanehalkı";"Hanehalkı sayısı";"2025";"4860";"";"";"";"";""
"Türkiye";"Yıllık";"Adrese Dayalı Nüfus Kayıt Sistemi";"Erzurum";"Toplam";"Hanehalkı sayısı";"2014";"174007";"";"";"";"";""
"Türkiye";"Yıllık";"Adrese Dayalı Nüfus Kayıt Sistemi";"Erzurum";"Toplam";"Hanehalkı sayısı";"2015";"177224";"";"";"";"";""
"Türkiye";"Yıllık";"Adrese Dayalı Nüfus Kayıt Sistemi";"Erzurum";"Toplam";"Hanehalkı sayısı";"2016";"180369";"";"";"";"";""
"Türkiye";"Yıllık";"Adrese Dayalı Nüfus Kayıt Sistemi";"Erzurum";"Toplam";"Hanehalkı sayısı";"2017";"182360";"";"";"";"";""
"Türkiye";"Yıllık";"Adrese Dayalı Nüfus Kayıt Sistemi";"Erzurum";"Toplam";"Hanehalkı sayısı";"2018";"186924";"";"";"";"";""
"Türkiye";"Yıllık";"Adrese Dayalı Nüfus Kayıt Sistemi";"Erzurum";"Toplam";"Hanehalkı sayısı";"2019";"190131";"";"";"";"";""
"Türkiye";"Yıllık";"Adrese Dayalı Nüfus Kayıt Sistemi";"Erzurum";"Toplam";"Hanehalkı sayısı";"2020";"194749";"";"";"";"";""
"Türkiye";"Yıllık";"Adrese Dayalı Nüfus Kayıt Sistemi";"Erzurum";"Toplam";"Hanehalkı sayısı";"2021";"197862";"";"";"";"";""
"Türkiye";"Yıllık";"Adrese Dayalı Nüfus Kayıt Sistemi";"Erzurum";"Toplam";"Hanehalkı sayısı";"2022";"203204";"";"";"";"";""
"Türkiye";"Yıllık";"Adrese Dayalı Nüfus Kayıt Sistemi";"Erzurum";"Toplam";"Hanehalkı sayısı";"2023";"205813";"";"";"";"";""
"Türkiye";"Yıllık";"Adrese Dayalı Nüfus Kayıt Sistemi";"Erzurum";"Toplam";"Hanehalkı sayısı";"2024";"206773";"";"";"";"";""
"Türkiye";"Yıllık";"Adrese Dayalı Nüfus Kayıt Sistemi";"Erzurum";"Toplam";"Hanehalkı sayısı";"2025";"208606";"";"";"";"";""
"Türkiye";"Yıllık";"Adrese Dayalı Nüfus Kayıt Sistemi";"Ağrı";"Tek Kişilik Hanehalkı";"Hanehalkı sayısı";"2014";"7816";"";"";"";"";""
"Türkiye";"Yıllık";"Adrese Dayalı Nüfus Kayıt Sistemi";"Ağrı";"Tek Kişilik Hanehalkı";"Hanehalkı sayısı";"2015";"9067";"";"";"";"";""
"Türkiye";"Yıllık";"Adrese Dayalı Nüfus Kayıt Sistemi";"Ağrı";"Tek Kişilik Hanehalkı";"Hanehalkı sayısı";"2016";"10278";"";"";"";"";""
"Türkiye";"Yıllık";"Adrese Dayalı Nüfus Kayıt Sistemi";"Ağrı";"Tek Kişilik Hanehalkı";"Hanehalkı sayısı";"2017";"10947";"";"";"";"";""
"Türkiye";"Yıllık";"Adrese Dayalı Nüfus Kayıt Sistemi";"Ağrı";"Tek Kişilik Hanehalkı";"Hanehalkı sayısı";"2018";"11771";"";"";"";"";""
"Türkiye";"Yıllık";"Adrese Dayalı Nüfus Kayıt Sistemi";"Ağrı";"Tek Kişilik Hanehalkı";"Hanehalkı sayısı";"2019";"12154";"";"";"";"";""
"Türkiye";"Yıllık";"Adrese Dayalı Nüfus Kayıt Sistemi";"Ağrı";"Tek Kişilik Hanehalkı";"Hanehalkı sayısı";"2020";"13282";"";"";"";"";""
"Türkiye";"Yıllık";"Adrese Dayalı Nüfus Kayıt Sistemi";"Ağrı";"Tek Kişilik Hanehalkı";"Hanehalkı sayısı";"2021";"14272";"";"";"";"";""
"Türkiye";"Yıllık";"Adrese Dayalı Nüfus Kayıt Sistemi";"Ağrı";"Tek Kişilik Hanehalkı";"Hanehalkı sayısı";"2022";"15546";"";"";"";"";""
"Türkiye";"Yıllık";"Adrese Dayalı Nüfus Kayıt Sistemi";"Ağrı";"Tek Kişilik Hanehalkı";"Hanehalkı sayısı";"2023";"15995";"";"";"";"";""
"Türkiye";"Yıllık";"Adrese Dayalı Nüfus Kayıt Sistemi";"Ağrı";"Tek Kişilik Hanehalkı";"Hanehalkı sayısı";"2024";"15648";"";"";"";"";""
"Türkiye";"Yıllık";"Adrese Dayalı Nüfus Kayıt Sistemi";"Ağrı";"Tek Kişilik Hanehalkı";"Hanehalkı sayısı";"2025";"15821";"";"";"";"";""
"Türkiye";"Yıllık";"Adrese Dayalı Nüfus Kayıt Sistemi";"Ağrı";"Tek Çekirdek Aileden Oluşan Hanehalkı";"Hanehalkı sayısı";"2014";"54626";"";"";"";"";""
"Türkiye";"Yıllık";"Adrese Dayalı Nüfus Kayıt Sistemi";"Ağrı";"Tek Çekirdek Aileden Oluşan Hanehalkı";"Hanehalkı sayısı";"2015";"56371";"";"";"";"";""
"Türkiye";"Yıllık";"Adrese Dayalı Nüfus Kayıt Sistemi";"Ağrı";"Tek Çekirdek Aileden Oluşan Hanehalkı";"Hanehalkı sayısı";"2016";"59757";"";"";"";"";""
"Türkiye";"Yıllık";"Adrese Dayalı Nüfus Kayıt Sistemi";"Ağrı";"Tek Çekirdek Aileden Oluşan Hanehalkı";"Hanehalkı sayısı";"2017";"63982";"";"";"";"";""
"Türkiye";"Yıllık";"Adrese Dayalı Nüfus Kayıt Sistemi";"Ağrı";"Tek Çekirdek Aileden Oluşan Hanehalkı";"Hanehalkı sayısı";"2018";"66457";"";"";"";"";""
"Türkiye";"Yıllık";"Adrese Dayalı Nüfus Kayıt Sistemi";"Ağrı";"Tek Çekirdek Aileden Oluşan Hanehalkı";"Hanehalkı sayısı";"2019";"70038";"";"";"";"";""
"Türkiye";"Yıllık";"Adrese Dayalı Nüfus Kayıt Sistemi";"Ağrı";"Tek Çekirdek Aileden Oluşan Hanehalkı";"Hanehalkı sayısı";"2020";"73275";"";"";"";"";""
"Türkiye";"Yıllık";"Adrese Dayalı Nüfus Kayıt Sistemi";"Ağrı";"Tek Çekirdek Aileden Oluşan Hanehalkı";"Hanehalkı sayısı";"2021";"73744";"";"";"";"";""
"Türkiye";"Yıllık";"Adrese Dayalı Nüfus Kayıt Sistemi";"Ağrı";"Tek Çekirdek Aileden Oluşan Hanehalkı";"Hanehalkı sayısı";"2022";"77708";"";"";"";"";""
"Türkiye";"Yıllık";"Adrese Dayalı Nüfus Kayıt Sistemi";"Ağrı";"Tek Çekirdek Aileden Oluşan Hanehalkı";"Hanehalkı sayısı";"2023";"77335";"";"";"";"";""
"Türkiye";"Yıllık";"Adrese Dayalı Nüfus Kayıt Sistemi";"Ağrı";"Tek Çekirdek Aileden Oluşan Hanehalkı";"Hanehalkı sayısı";"2024";"76271";"";"";"";"";""
"Türkiye";"Yıllık";"Adrese Dayalı Nüfus Kayıt Sistemi";"Ağrı";"Tek Çekirdek Aileden Oluşan Hanehalkı";"Hanehalkı sayısı";"2025";"74831";"";"";"";"";""
"Türkiye";"Yıllık";"Adrese Dayalı Nüfus Kayıt Sistemi";"Ağrı";"En Az Bir Çekirdek Aile Ve Diğer Kişilerden Oluşan Hanehalkı";"Hanehalkı sayısı";"2014";"26198";"";"";"";"";""
"Türkiye";"Yıllık";"Adrese Dayalı Nüfus Kayıt Sistemi";"Ağrı";"En Az Bir Çekirdek Aile Ve Diğer Kişilerden Oluşan Hanehalkı";"Hanehalkı sayısı";"2015";"26016";"";"";"";"";""
"Türkiye";"Yıllık";"Adrese Dayalı Nüfus Kayıt Sistemi";"Ağrı";"En Az Bir Çekirdek Aile Ve Diğer Kişilerden Oluşan Hanehalkı";"Hanehalkı sayısı";"2016";"24915";"";"";"";"";""
"Türkiye";"Yıllık";"Adrese Dayalı Nüfus Kayıt Sistemi";"Ağrı";"En Az Bir Çekirdek Aile Ve Diğer Kişilerden Oluşan Hanehalkı";"Hanehalkı sayısı";"2017";"23287";"";"";"";"";""
"Türkiye";"Yıllık";"Adrese Dayalı Nüfus Kayıt Sistemi";"Ağrı";"En Az Bir Çekirdek Aile Ve Diğer Kişilerden Oluşan Hanehalkı";"Hanehalkı sayısı";"2018";"22934";"";"";"";"";""
"Türkiye";"Yıllık";"Adrese Dayalı Nüfus Kayıt Sistemi";"Ağrı";"En Az Bir Çekirdek Aile Ve Diğer Kişilerden Oluşan Hanehalkı";"Hanehalkı sayısı";"2019";"22075";"";"";"";"";""
"Türkiye";"Yıllık";"Adrese Dayalı Nüfus Kayıt Sistemi";"Ağrı";"En Az Bir Çekirdek Aile Ve Diğer Kişilerden Oluşan Hanehalkı";"Hanehalkı sayısı";"2020";"20771";"";"";"";"";""
"Türkiye";"Yıllık";"Adrese Dayalı Nüfus Kayıt Sistemi";"Ağrı";"En Az Bir Çekirdek Aile Ve Diğer Kişilerden Oluşan Hanehalkı";"Hanehalkı sayısı";"2021";"20050";"";"";"";"";""
"Türkiye";"Yıllık";"Adrese Dayalı Nüfus Kayıt Sistemi";"Ağrı";"En Az Bir Çekirdek Aile Ve Diğer Kişilerden Oluşan Hanehalkı";"Hanehalkı sayısı";"2022";"17859";"";"";"";"";""
"Türkiye";"Yıllık";"Adrese Dayalı Nüfus Kayıt Sistemi";"Ağrı";"En Az Bir Çekirdek Aile Ve Diğer Kişilerden Oluşan Hanehalkı";"Hanehalkı sayısı";"2023";"18284";"";"";"";"";""
"Türkiye";"Yıllık";"Adrese Dayalı Nüfus Kayıt Sistemi";"Ağrı";"En Az Bir Çekirdek Aile Ve Diğer Kişilerden Oluşan Hanehalkı";"Hanehalkı sayısı";"2024";"18471";"";"";"";"";""
"Türkiye";"Yıllık";"Adrese Dayalı Nüfus Kayıt Sistemi";"Ağrı";"En Az Bir Çekirdek Aile Ve Diğer Kişilerden Oluşan Hanehalkı";"Hanehalkı sayısı";"2025";"19058";"";"";"";"";""
"Türkiye";"Yıllık";"Adrese Dayalı Nüfus Kayıt Sistemi";"Ağrı";"Çekirdek Aile Bulunmayan Birden Fazla Kişiden Oluşan Hanehalkı";"Hanehalkı sayısı";"2014";"1984";"";"";"";"";""
"Türkiye";"Yıllık";"Adrese Dayalı Nüfus Kayıt Sistemi";"Ağrı";"Çekirdek Aile Bulunmayan Birden Fazla Kişiden Oluşan Hanehalkı";"Hanehalkı sayısı";"2015";"2129";"";"";"";"";""
"Türkiye";"Yıllık";"Adrese Dayalı Nüfus Kayıt Sistemi";"Ağrı";"Çekirdek Aile Bulunmayan Birden Fazla Kişiden Oluşan Hanehalkı";"Hanehalkı sayısı";"2016";"1911";"";"";"";"";""
"Türkiye";"Yıllık";"Adrese Dayalı Nüfus Kayıt Sistemi";"Ağrı";"Çekirdek Aile Bulunmayan Birden Fazla Kişiden Oluşan Hanehalkı";"Hanehalkı sayısı";"2017";"1912";"";"";"";"";""
"Türkiye";"Yıllık";"Adrese Dayalı Nüfus Kayıt Sistemi";"Ağrı";"Çekirdek Aile Bulunmayan Birden Fazla Kişiden Oluşan Hanehalkı";"Hanehalkı sayısı";"2018";"2020";"";"";"";"";""
"Türkiye";"Yıllık";"Adrese Dayalı Nüfus Kayıt Sistemi";"Ağrı";"Çekirdek Aile Bulunmayan Birden Fazla Kişiden Oluşan Hanehalkı";"Hanehalkı sayısı";"2019";"1974";"";"";"";"";""
"Türkiye";"Yıllık";"Adrese Dayalı Nüfus Kayıt Sistemi";"Ağrı";"Çekirdek Aile Bulunmayan Birden Fazla Kişiden Oluşan Hanehalkı";"Hanehalkı sayısı";"2020";"1870";"";"";"";"";""
"Türkiye";"Yıllık";"Adrese Dayalı Nüfus Kayıt Sistemi";"Ağrı";"Çekirdek Aile Bulunmayan Birden Fazla Kişiden Oluşan Hanehalkı";"Hanehalkı sayısı";"2021";"1908";"";"";"";"";""
"Türkiye";"Yıllık";"Adrese Dayalı Nüfus Kayıt Sistemi";"Ağrı";"Çekirdek Aile Bulunmayan Birden Fazla Kişiden Oluşan Hanehalkı";"Hanehalkı sayısı";"2022";"1984";"";"";"";"";""
"Türkiye";"Yıllık";"Adrese Dayalı Nüfus Kayıt Sistemi";"Ağrı";"Çekirdek Aile Bulunmayan Birden Fazla Kişiden Oluşan Hanehalkı";"Hanehalkı sayısı";"2023";"2230";"";"";"";"";""
"Türkiye";"Yıllık";"Adrese Dayalı Nüfus Kayıt Sistemi";"Ağrı";"Çekirdek Aile Bulunmayan Birden Fazla Kişiden Oluşan Hanehalkı";"Hanehalkı sayısı";"2024";"2168";"";"";"";"";""
"Türkiye";"Yıllık";"Adrese Dayalı Nüfus Kayıt Sistemi";"Ağrı";"Çekirdek Aile Bulunmayan Birden Fazla Kişiden Oluşan Hanehalkı";"Hanehalkı sayısı";"2025";"2173";"";"";"";"";""
"Türkiye";"Yıllık";"Adrese Dayalı Nüfus Kayıt Sistemi";"Ağrı";"Toplam";"Hanehalkı sayısı";"2014";"90624";"";"";"";"";""
"Türkiye";"Yıllık";"Adrese Dayalı Nüfus Kayıt Sistemi";"Ağrı";"Toplam";"Hanehalkı sayısı";"2015";"93583";"";"";"";"";""
"Türkiye";"Yıllık";"Adrese Dayalı Nüfus Kayıt Sistemi";"Ağrı";"Toplam";"Hanehalkı sayısı";"2016";"96861";"";"";"";"";""
"Türkiye";"Yıllık";"Adrese Dayalı Nüfus Kayıt Sistemi";"Ağrı";"Toplam";"Hanehalkı sayısı";"2017";"100128";"";"";"";"";""
"Türkiye";"Yıllık";"Adrese Dayalı Nüfus Kayıt Sistemi";"Ağrı";"Toplam";"Hanehalkı sayısı";"2018";"103182";"";"";"";"";""
"Türkiye";"Yıllık";"Adrese Dayalı Nüfus Kayıt Sistemi";"Ağrı";"Toplam";"Hanehalkı sayısı";"2019";"106241";"";"";"";"";""
"Türkiye";"Yıllık";"Adrese Dayalı Nüfus Kayıt Sistemi";"Ağrı";"Toplam";"Hanehalkı sayısı";"2020";"109198";"";"";"";"";""
"Türkiye";"Yıllık";"Adrese Dayalı Nüfus Kayıt Sistemi";"Ağrı";"Toplam";"Hanehalkı sayısı";"2021";"109974";"";"";"";"";""
"Türkiye";"Yıllık";"Adrese Dayalı Nüfus Kayıt Sistemi";"Ağrı";"Toplam";"Hanehalkı sayısı";"2022";"113097";"";"";"";"";""
"Türkiye";"Yıllık";"Adrese Dayalı Nüfus Kayıt Sistemi";"Ağrı";"Toplam";"Hanehalkı sayısı";"2023";"113844";"";"";"";"";""
"Türkiye";"Yıllık";"Adrese Dayalı Nüfus Kayıt Sistemi";"Ağrı";"Toplam";"Hanehalkı sayısı";"2024";"112558";"";"";"";"";""
"Türkiye";"Yıllık";"Adrese Dayalı Nüfus Kayıt Sistemi";"Ağrı";"Toplam";"Hanehalkı sayısı";"2025";"111883";"";"";"";"";""
"Türkiye";"Yıllık";"Adrese Dayalı Nüfus Kayıt Sistemi";"Ardahan";"Tek Kişilik Hanehalkı";"Hanehalkı sayısı";"2014";"3892";"";"";"";"";""
"Türkiye";"Yıllık";"Adrese Dayalı Nüfus Kayıt Sistemi";"Ardahan";"Tek Kişilik Hanehalkı";"Hanehalkı sayısı";"2015";"4384";"";"";"";"";""
"Türkiye";"Yıllık";"Adrese Dayalı Nüfus Kayıt Sistemi";"Ardahan";"Tek Kişilik Hanehalkı";"Hanehalkı sayısı";"2016";"5000";"";"";"";"";""
"Türkiye";"Yıllık";"Adrese Dayalı Nüfus Kayıt Sistemi";"Ardahan";"Tek Kişilik Hanehalkı";"Hanehalkı sayısı";"2017";"5371";"";"";"";"";""
"Türkiye";"Yıllık";"Adrese Dayalı Nüfus Kayıt Sistemi";"Ardahan";"Tek Kişilik Hanehalkı";"Hanehalkı sayısı";"2018";"5876";"";"";"";"";""
"Türkiye";"Yıllık";"Adrese Dayalı Nüfus Kayıt Sistemi";"Ardahan";"Tek Kişilik Hanehalkı";"Hanehalkı sayısı";"2019";"6201";"";"";"";"";""
"Türkiye";"Yıllık";"Adrese Dayalı Nüfus Kayıt Sistemi";"Ardahan";"Tek Kişilik Hanehalkı";"Hanehalkı sayısı";"2020";"6239";"";"";"";"";""
"Türkiye";"Yıllık";"Adrese Dayalı Nüfus Kayıt Sistemi";"Ardahan";"Tek Kişilik Hanehalkı";"Hanehalkı sayısı";"2021";"6491";"";"";"";"";""
"Türkiye";"Yıllık";"Adrese Dayalı Nüfus Kayıt Sistemi";"Ardahan";"Tek Kişilik Hanehalkı";"Hanehalkı sayısı";"2022";"6872";"";"";"";"";""
"Türkiye";"Yıllık";"Adrese Dayalı Nüfus Kayıt Sistemi";"Ardahan";"Tek Kişilik Hanehalkı";"Hanehalkı sayısı";"2023";"6868";"";"";"";"";""
"Türkiye";"Yıllık";"Adrese Dayalı Nüfus Kayıt Sistemi";"Ardahan";"Tek Kişilik Hanehalkı";"Hanehalkı sayısı";"2024";"6953";"";"";"";"";""
"Türkiye";"Yıllık";"Adrese Dayalı Nüfus Kayıt Sistemi";"Ardahan";"Tek Kişilik Hanehalkı";"Hanehalkı sayısı";"2025";"7157";"";"";"";"";""
"Türkiye";"Yıllık";"Adrese Dayalı Nüfus Kayıt Sistemi";"Ardahan";"Tek Çekirdek Aileden Oluşan Hanehalkı";"Hanehalkı sayısı";"2014";"14960";"";"";"";"";""
"Türkiye";"Yıllık";"Adrese Dayalı Nüfus Kayıt Sistemi";"Ardahan";"Tek Çekirdek Aileden Oluşan Hanehalkı";"Hanehalkı sayısı";"2015";"15480";"";"";"";"";""
"Türkiye";"Yıllık";"Adrese Dayalı Nüfus Kayıt Sistemi";"Ardahan";"Tek Çekirdek Aileden Oluşan Hanehalkı";"Hanehalkı sayısı";"2016";"15696";"";"";"";"";""
"Türkiye";"Yıllık";"Adrese Dayalı Nüfus Kayıt Sistemi";"Ardahan";"Tek Çekirdek Aileden Oluşan Hanehalkı";"Hanehalkı sayısı";"2017";"15802";"";"";"";"";""
"Türkiye";"Yıllık";"Adrese Dayalı Nüfus Kayıt Sistemi";"Ardahan";"Tek Çekirdek Aileden Oluşan Hanehalkı";"Hanehalkı sayısı";"2018";"15878";"";"";"";"";""
"Türkiye";"Yıllık";"Adrese Dayalı Nüfus Kayıt Sistemi";"Ardahan";"Tek Çekirdek Aileden Oluşan Hanehalkı";"Hanehalkı sayısı";"2019";"16098";"";"";"";"";""
"Türkiye";"Yıllık";"Adrese Dayalı Nüfus Kayıt Sistemi";"Ardahan";"Tek Çekirdek Aileden Oluşan Hanehalkı";"Hanehalkı sayısı";"2020";"16295";"";"";"";"";""
"Türkiye";"Yıllık";"Adrese Dayalı Nüfus Kayıt Sistemi";"Ardahan";"Tek Çekirdek Aileden Oluşan Hanehalkı";"Hanehalkı sayısı";"2021";"16380";"";"";"";"";""
"Türkiye";"Yıllık";"Adrese Dayalı Nüfus Kayıt Sistemi";"Ardahan";"Tek Çekirdek Aileden Oluşan Hanehalkı";"Hanehalkı sayısı";"2022";"16413";"";"";"";"";""
"Türkiye";"Yıllık";"Adrese Dayalı Nüfus Kayıt Sistemi";"Ardahan";"Tek Çekirdek Aileden Oluşan Hanehalkı";"Hanehalkı sayısı";"2023";"16218";"";"";"";"";""
"Türkiye";"Yıllık";"Adrese Dayalı Nüfus Kayıt Sistemi";"Ardahan";"Tek Çekirdek Aileden Oluşan Hanehalkı";"Hanehalkı sayısı";"2024";"16023";"";"";"";"";""
"Türkiye";"Yıllık";"Adrese Dayalı Nüfus Kayıt Sistemi";"Ardahan";"Tek Çekirdek Aileden Oluşan Hanehalkı";"Hanehalkı sayısı";"2025";"16002";"";"";"";"";""
"Türkiye";"Yıllık";"Adrese Dayalı Nüfus Kayıt Sistemi";"Ardahan";"En Az Bir Çekirdek Aile Ve Diğer Kişilerden Oluşan Hanehalkı";"Hanehalkı sayısı";"2014";"6241";"";"";"";"";""
"Türkiye";"Yıllık";"Adrese Dayalı Nüfus Kayıt Sistemi";"Ardahan";"En Az Bir Çekirdek Aile Ve Diğer Kişilerden Oluşan Hanehalkı";"Hanehalkı sayısı";"2015";"5820";"";"";"";"";""
"Türkiye";"Yıllık";"Adrese Dayalı Nüfus Kayıt Sistemi";"Ardahan";"En Az Bir Çekirdek Aile Ve Diğer Kişilerden Oluşan Hanehalkı";"Hanehalkı sayısı";"2016";"5506";"";"";"";"";""
"Türkiye";"Yıllık";"Adrese Dayalı Nüfus Kayıt Sistemi";"Ardahan";"En Az Bir Çekirdek Aile Ve Diğer Kişilerden Oluşan Hanehalkı";"Hanehalkı sayısı";"2017";"5377";"";"";"";"";""
"Türkiye";"Yıllık";"Adrese Dayalı Nüfus Kayıt Sistemi";"Ardahan";"En Az Bir Çekirdek Aile Ve Diğer Kişilerden Oluşan Hanehalkı";"Hanehalkı sayısı";"2018";"5570";"";"";"";"";""
"Türkiye";"Yıllık";"Adrese Dayalı Nüfus Kayıt Sistemi";"Ardahan";"En Az Bir Çekirdek Aile Ve Diğer Kişilerden Oluşan Hanehalkı";"Hanehalkı sayısı";"2019";"5378";"";"";"";"";""
"Türkiye";"Yıllık";"Adrese Dayalı Nüfus Kayıt Sistemi";"Ardahan";"En Az Bir Çekirdek Aile Ve Diğer Kişilerden Oluşan Hanehalkı";"Hanehalkı sayısı";"2020";"5292";"";"";"";"";""
"Türkiye";"Yıllık";"Adrese Dayalı Nüfus Kayıt Sistemi";"Ardahan";"En Az Bir Çekirdek Aile Ve Diğer Kişilerden Oluşan Hanehalkı";"Hanehalkı sayısı";"2021";"5150";"";"";"";"";""
"Türkiye";"Yıllık";"Adrese Dayalı Nüfus Kayıt Sistemi";"Ardahan";"En Az Bir Çekirdek Aile Ve Diğer Kişilerden Oluşan Hanehalkı";"Hanehalkı sayısı";"2022";"4867";"";"";"";"";""
"Türkiye";"Yıllık";"Adrese Dayalı Nüfus Kayıt Sistemi";"Ardahan";"En Az Bir Çekirdek Aile Ve Diğer Kişilerden Oluşan Hanehalkı";"Hanehalkı sayısı";"2023";"5009";"";"";"";"";""
"Türkiye";"Yıllık";"Adrese Dayalı Nüfus Kayıt Sistemi";"Ardahan";"En Az Bir Çekirdek Aile Ve Diğer Kişilerden Oluşan Hanehalkı";"Hanehalkı sayısı";"2024";"4932";"";"";"";"";""
"Türkiye";"Yıllık";"Adrese Dayalı Nüfus Kayıt Sistemi";"Ardahan";"En Az Bir Çekirdek Aile Ve Diğer Kişilerden Oluşan Hanehalkı";"Hanehalkı sayısı";"2025";"4829";"";"";"";"";""
"Türkiye";"Yıllık";"Adrese Dayalı Nüfus Kayıt Sistemi";"Ardahan";"Çekirdek Aile Bulunmayan Birden Fazla Kişiden Oluşan Hanehalkı";"Hanehalkı sayısı";"2014";"716";"";"";"";"";""
"Türkiye";"Yıllık";"Adrese Dayalı Nüfus Kayıt Sistemi";"Ardahan";"Çekirdek Aile Bulunmayan Birden Fazla Kişiden Oluşan Hanehalkı";"Hanehalkı sayısı";"2015";"698";"";"";"";"";""
"Türkiye";"Yıllık";"Adrese Dayalı Nüfus Kayıt Sistemi";"Ardahan";"Çekirdek Aile Bulunmayan Birden Fazla Kişiden Oluşan Hanehalkı";"Hanehalkı sayısı";"2016";"682";"";"";"";"";""
"Türkiye";"Yıllık";"Adrese Dayalı Nüfus Kayıt Sistemi";"Ardahan";"Çekirdek Aile Bulunmayan Birden Fazla Kişiden Oluşan Hanehalkı";"Hanehalkı sayısı";"2017";"669";"";"";"";"";""
"Türkiye";"Yıllık";"Adrese Dayalı Nüfus Kayıt Sistemi";"Ardahan";"Çekirdek Aile Bulunmayan Birden Fazla Kişiden Oluşan Hanehalkı";"Hanehalkı sayısı";"2018";"703";"";"";"";"";""
"Türkiye";"Yıllık";"Adrese Dayalı Nüfus Kayıt Sistemi";"Ardahan";"Çekirdek Aile Bulunmayan Birden Fazla Kişiden Oluşan Hanehalkı";"Hanehalkı sayısı";"2019";"729";"";"";"";"";""
"Türkiye";"Yıllık";"Adrese Dayalı Nüfus Kayıt Sistemi";"Ardahan";"Çekirdek Aile Bulunmayan Birden Fazla Kişiden Oluşan Hanehalkı";"Hanehalkı sayısı";"2020";"687";"";"";"";"";""
"Türkiye";"Yıllık";"Adrese Dayalı Nüfus Kayıt Sistemi";"Ardahan";"Çekirdek Aile Bulunmayan Birden Fazla Kişiden Oluşan Hanehalkı";"Hanehalkı sayısı";"2021";"648";"";"";"";"";""
"Türkiye";"Yıllık";"Adrese Dayalı Nüfus Kayıt Sistemi";"Ardahan";"Çekirdek Aile Bulunmayan Birden Fazla Kişiden Oluşan Hanehalkı";"Hanehalkı sayısı";"2022";"654";"";"";"";"";""
"Türkiye";"Yıllık";"Adrese Dayalı Nüfus Kayıt Sistemi";"Ardahan";"Çekirdek Aile Bulunmayan Birden Fazla Kişiden Oluşan Hanehalkı";"Hanehalkı sayısı";"2023";"794";"";"";"";"";""
"Türkiye";"Yıllık";"Adrese Dayalı Nüfus Kayıt Sistemi";"Ardahan";"Çekirdek Aile Bulunmayan Birden Fazla Kişiden Oluşan Hanehalkı";"Hanehalkı sayısı";"2024";"778";"";"";"";"";""
"Türkiye";"Yıllık";"Adrese Dayalı Nüfus Kayıt Sistemi";"Ardahan";"Çekirdek Aile Bulunmayan Birden Fazla Kişiden Oluşan Hanehalkı";"Hanehalkı sayısı";"2025";"795";"";"";"";"";""
"Türkiye";"Yıllık";"Adrese Dayalı Nüfus Kayıt Sistemi";"Ardahan";"Toplam";"Hanehalkı sayısı";"2014";"25809";"";"";"";"";""
"Türkiye";"Yıllık";"Adrese Dayalı Nüfus Kayıt Sistemi";"Ardahan";"Toplam";"Hanehalkı sayısı";"2015";"26382";"";"";"";"";""
"Türkiye";"Yıllık";"Adrese Dayalı Nüfus Kayıt Sistemi";"Ardahan";"Toplam";"Hanehalkı sayısı";"2016";"26884";"";"";"";"";""
"Türkiye";"Yıllık";"Adrese Dayalı Nüfus Kayıt Sistemi";"Ardahan";"Toplam";"Hanehalkı sayısı";"2017";"27219";"";"";"";"";""
"Türkiye";"Yıllık";"Adrese Dayalı Nüfus Kayıt Sistemi";"Ardahan";"Toplam";"Hanehalkı sayısı";"2018";"28027";"";"";"";"";""
"Türkiye";"Yıllık";"Adrese Dayalı Nüfus Kayıt Sistemi";"Ardahan";"Toplam";"Hanehalkı sayısı";"2019";"28406";"";"";"";"";""
"Türkiye";"Yıllık";"Adrese Dayalı Nüfus Kayıt Sistemi";"Ardahan";"Toplam";"Hanehalkı sayısı";"2020";"28513";"";"";"";"";""
"Türkiye";"Yıllık";"Adrese Dayalı Nüfus Kayıt Sistemi";"Ardahan";"Toplam";"Hanehalkı sayısı";"2021";"28669";"";"";"";"";""
"Türkiye";"Yıllık";"Adrese Dayalı Nüfus Kayıt Sistemi";"Ardahan";"Toplam";"Hanehalkı sayısı";"2022";"28806";"";"";"";"";""
"Türkiye";"Yıllık";"Adrese Dayalı Nüfus Kayıt Sistemi";"Ardahan";"Toplam";"Hanehalkı sayısı";"2023";"28889";"";"";"";"";""
"Türkiye";"Yıllık";"Adrese Dayalı Nüfus Kayıt Sistemi";"Ardahan";"Toplam";"Hanehalkı sayısı";"2024";"28686";"";"";"";"";""
"Türkiye";"Yıllık";"Adrese Dayalı Nüfus Kayıt Sistemi";"Ardahan";"Toplam";"Hanehalkı sayısı";"2025";"28783";"";"";"";"";""
"Türkiye";"Yıllık";"Adrese Dayalı Nüfus Kayıt Sistemi";"Iğdır";"Tek Kişilik Hanehalkı";"Hanehalkı sayısı";"2014";"4318";"";"";"";"";""
"Türkiye";"Yıllık";"Adrese Dayalı Nüfus Kayıt Sistemi";"Iğdır";"Tek Kişilik Hanehalkı";"Hanehalkı sayısı";"2015";"4666";"";"";"";"";""
"Türkiye";"Yıllık";"Adrese Dayalı Nüfus Kayıt Sistemi";"Iğdır";"Tek Kişilik Hanehalkı";"Hanehalkı sayısı";"2016";"4992";"";"";"";"";""
"Türkiye";"Yıllık";"Adrese Dayalı Nüfus Kayıt Sistemi";"Iğdır";"Tek Kişilik Hanehalkı";"Hanehalkı sayısı";"2017";"5498";"";"";"";"";""
"Türkiye";"Yıllık";"Adrese Dayalı Nüfus Kayıt Sistemi";"Iğdır";"Tek Kişilik Hanehalkı";"Hanehalkı sayısı";"2018";"5840";"";"";"";"";""
"Türkiye";"Yıllık";"Adrese Dayalı Nüfus Kayıt Sistemi";"Iğdır";"Tek Kişilik Hanehalkı";"Hanehalkı sayısı";"2019";"6286";"";"";"";"";""
"Türkiye";"Yıllık";"Adrese Dayalı Nüfus Kayıt Sistemi";"Iğdır";"Tek Kişilik Hanehalkı";"Hanehalkı sayısı";"2020";"6828";"";"";"";"";""
"Türkiye";"Yıllık";"Adrese Dayalı Nüfus Kayıt Sistemi";"Iğdır";"Tek Kişilik Hanehalkı";"Hanehalkı sayısı";"2021";"7329";"";"";"";"";""
"Türkiye";"Yıllık";"Adrese Dayalı Nüfus Kayıt Sistemi";"Iğdır";"Tek Kişilik Hanehalkı";"Hanehalkı sayısı";"2022";"7825";"";"";"";"";""
"Türkiye";"Yıllık";"Adrese Dayalı Nüfus Kayıt Sistemi";"Iğdır";"Tek Kişilik Hanehalkı";"Hanehalkı sayısı";"2023";"8129";"";"";"";"";""
"Türkiye";"Yıllık";"Adrese Dayalı Nüfus Kayıt Sistemi";"Iğdır";"Tek Kişilik Hanehalkı";"Hanehalkı sayısı";"2024";"8195";"";"";"";"";""
"Türkiye";"Yıllık";"Adrese Dayalı Nüfus Kayıt Sistemi";"Iğdır";"Tek Kişilik Hanehalkı";"Hanehalkı sayısı";"2025";"8467";"";"";"";"";""
"Türkiye";"Yıllık";"Adrese Dayalı Nüfus Kayıt Sistemi";"Iğdır";"Tek Çekirdek Aileden Oluşan Hanehalkı";"Hanehalkı sayısı";"2014";"25638";"";"";"";"";""
"Türkiye";"Yıllık";"Adrese Dayalı Nüfus Kayıt Sistemi";"Iğdır";"Tek Çekirdek Aileden Oluşan Hanehalkı";"Hanehalkı sayısı";"2015";"26156";"";"";"";"";""
"Türkiye";"Yıllık";"Adrese Dayalı Nüfus Kayıt Sistemi";"Iğdır";"Tek Çekirdek Aileden Oluşan Hanehalkı";"Hanehalkı sayısı";"2016";"26444";"";"";"";"";""
"Türkiye";"Yıllık";"Adrese Dayalı Nüfus Kayıt Sistemi";"Iğdır";"Tek Çekirdek Aileden Oluşan Hanehalkı";"Hanehalkı sayısı";"2017";"27564";"";"";"";"";""
"Türkiye";"Yıllık";"Adrese Dayalı Nüfus Kayıt Sistemi";"Iğdır";"Tek Çekirdek Aileden Oluşan Hanehalkı";"Hanehalkı sayısı";"2018";"28221";"";"";"";"";""
"Türkiye";"Yıllık";"Adrese Dayalı Nüfus Kayıt Sistemi";"Iğdır";"Tek Çekirdek Aileden Oluşan Hanehalkı";"Hanehalkı sayısı";"2019";"29524";"";"";"";"";""
"Türkiye";"Yıllık";"Adrese Dayalı Nüfus Kayıt Sistemi";"Iğdır";"Tek Çekirdek Aileden Oluşan Hanehalkı";"Hanehalkı sayısı";"2020";"31160";"";"";"";"";""
"Türkiye";"Yıllık";"Adrese Dayalı Nüfus Kayıt Sistemi";"Iğdır";"Tek Çekirdek Aileden Oluşan Hanehalkı";"Hanehalkı sayısı";"2021";"31958";"";"";"";"";""
"Türkiye";"Yıllık";"Adrese Dayalı Nüfus Kayıt Sistemi";"Iğdır";"Tek Çekirdek Aileden Oluşan Hanehalkı";"Hanehalkı sayısı";"2022";"33017";"";"";"";"";""
"Türkiye";"Yıllık";"Adrese Dayalı Nüfus Kayıt Sistemi";"Iğdır";"Tek Çekirdek Aileden Oluşan Hanehalkı";"Hanehalkı sayısı";"2023";"33047";"";"";"";"";""
"Türkiye";"Yıllık";"Adrese Dayalı Nüfus Kayıt Sistemi";"Iğdır";"Tek Çekirdek Aileden Oluşan Hanehalkı";"Hanehalkı sayısı";"2024";"33054";"";"";"";"";""
"Türkiye";"Yıllık";"Adrese Dayalı Nüfus Kayıt Sistemi";"Iğdır";"Tek Çekirdek Aileden Oluşan Hanehalkı";"Hanehalkı sayısı";"2025";"32811";"";"";"";"";""
"Türkiye";"Yıllık";"Adrese Dayalı Nüfus Kayıt Sistemi";"Iğdır";"En Az Bir Çekirdek Aile Ve Diğer Kişilerden Oluşan Hanehalkı";"Hanehalkı sayısı";"2014";"9106";"";"";"";"";""
"Türkiye";"Yıllık";"Adrese Dayalı Nüfus Kayıt Sistemi";"Iğdır";"En Az Bir Çekirdek Aile Ve Diğer Kişilerden Oluşan Hanehalkı";"Hanehalkı sayısı";"2015";"9410";"";"";"";"";""
"Türkiye";"Yıllık";"Adrese Dayalı Nüfus Kayıt Sistemi";"Iğdır";"En Az Bir Çekirdek Aile Ve Diğer Kişilerden Oluşan Hanehalkı";"Hanehalkı sayısı";"2016";"9667";"";"";"";"";""
"Türkiye";"Yıllık";"Adrese Dayalı Nüfus Kayıt Sistemi";"Iğdır";"En Az Bir Çekirdek Aile Ve Diğer Kişilerden Oluşan Hanehalkı";"Hanehalkı sayısı";"2017";"9468";"";"";"";"";""
"Türkiye";"Yıllık";"Adrese Dayalı Nüfus Kayıt Sistemi";"Iğdır";"En Az Bir Çekirdek Aile Ve Diğer Kişilerden Oluşan Hanehalkı";"Hanehalkı sayısı";"2018";"9424";"";"";"";"";""
"Türkiye";"Yıllık";"Adrese Dayalı Nüfus Kayıt Sistemi";"Iğdır";"En Az Bir Çekirdek Aile Ve Diğer Kişilerden Oluşan Hanehalkı";"Hanehalkı sayısı";"2019";"9554";"";"";"";"";""
"Türkiye";"Yıllık";"Adrese Dayalı Nüfus Kayıt Sistemi";"Iğdır";"En Az Bir Çekirdek Aile Ve Diğer Kişilerden Oluşan Hanehalkı";"Hanehalkı sayısı";"2020";"8994";"";"";"";"";""
"Türkiye";"Yıllık";"Adrese Dayalı Nüfus Kayıt Sistemi";"Iğdır";"En Az Bir Çekirdek Aile Ve Diğer Kişilerden Oluşan Hanehalkı";"Hanehalkı sayısı";"2021";"8883";"";"";"";"";""
"Türkiye";"Yıllık";"Adrese Dayalı Nüfus Kayıt Sistemi";"Iğdır";"En Az Bir Çekirdek Aile Ve Diğer Kişilerden Oluşan Hanehalkı";"Hanehalkı sayısı";"2022";"8466";"";"";"";"";""
"Türkiye";"Yıllık";"Adrese Dayalı Nüfus Kayıt Sistemi";"Iğdır";"En Az Bir Çekirdek Aile Ve Diğer Kişilerden Oluşan Hanehalkı";"Hanehalkı sayısı";"2023";"8853";"";"";"";"";""
"Türkiye";"Yıllık";"Adrese Dayalı Nüfus Kayıt Sistemi";"Iğdır";"En Az Bir Çekirdek Aile Ve Diğer Kişilerden Oluşan Hanehalkı";"Hanehalkı sayısı";"2024";"8711";"";"";"";"";""
"Türkiye";"Yıllık";"Adrese Dayalı Nüfus Kayıt Sistemi";"Iğdır";"En Az Bir Çekirdek Aile Ve Diğer Kişilerden Oluşan Hanehalkı";"Hanehalkı sayısı";"2025";"9124";"";"";"";"";""
"Türkiye";"Yıllık";"Adrese Dayalı Nüfus Kayıt Sistemi";"Iğdır";"Çekirdek Aile Bulunmayan Birden Fazla Kişiden Oluşan Hanehalkı";"Hanehalkı sayısı";"2014";"998";"";"";"";"";""
"Türkiye";"Yıllık";"Adrese Dayalı Nüfus Kayıt Sistemi";"Iğdır";"Çekirdek Aile Bulunmayan Birden Fazla Kişiden Oluşan Hanehalkı";"Hanehalkı sayısı";"2015";"994";"";"";"";"";""
"Türkiye";"Yıllık";"Adrese Dayalı Nüfus Kayıt Sistemi";"Iğdır";"Çekirdek Aile Bulunmayan Birden Fazla Kişiden Oluşan Hanehalkı";"Hanehalkı sayısı";"2016";"964";"";"";"";"";""
"Türkiye";"Yıllık";"Adrese Dayalı Nüfus Kayıt Sistemi";"Iğdır";"Çekirdek Aile Bulunmayan Birden Fazla Kişiden Oluşan Hanehalkı";"Hanehalkı sayısı";"2017";"1021";"";"";"";"";""
"Türkiye";"Yıllık";"Adrese Dayalı Nüfus Kayıt Sistemi";"Iğdır";"Çekirdek Aile Bulunmayan Birden Fazla Kişiden Oluşan Hanehalkı";"Hanehalkı sayısı";"2018";"1032";"";"";"";"";""
"Türkiye";"Yıllık";"Adrese Dayalı Nüfus Kayıt Sistemi";"Iğdır";"Çekirdek Aile Bulunmayan Birden Fazla Kişiden Oluşan Hanehalkı";"Hanehalkı sayısı";"2019";"1149";"";"";"";"";""
"Türkiye";"Yıllık";"Adrese Dayalı Nüfus Kayıt Sistemi";"Iğdır";"Çekirdek Aile Bulunmayan Birden Fazla Kişiden Oluşan Hanehalkı";"Hanehalkı sayısı";"2020";"1189";"";"";"";"";""
"Türkiye";"Yıllık";"Adrese Dayalı Nüfus Kayıt Sistemi";"Iğdır";"Çekirdek Aile Bulunmayan Birden Fazla Kişiden Oluşan Hanehalkı";"Hanehalkı sayısı";"2021";"1216";"";"";"";"";""
"Türkiye";"Yıllık";"Adrese Dayalı Nüfus Kayıt Sistemi";"Iğdır";"Çekirdek Aile Bulunmayan Birden Fazla Kişiden Oluşan Hanehalkı";"Hanehalkı sayısı";"2022";"1260";"";"";"";"";""
"Türkiye";"Yıllık";"Adrese Dayalı Nüfus Kayıt Sistemi";"Iğdır";"Çekirdek Aile Bulunmayan Birden Fazla Kişiden Oluşan Hanehalkı";"Hanehalkı sayısı";"2023";"1363";"";"";"";"";""
"Türkiye";"Yıllık";"Adrese Dayalı Nüfus Kayıt Sistemi";"Iğdır";"Çekirdek Aile Bulunmayan Birden Fazla Kişiden Oluşan Hanehalkı";"Hanehalkı sayısı";"2024";"1326";"";"";"";"";""
"Türkiye";"Yıllık";"Adrese Dayalı Nüfus Kayıt Sistemi";"Iğdır";"Çekirdek Aile Bulunmayan Birden Fazla Kişiden Oluşan Hanehalkı";"Hanehalkı sayısı";"2025";"1359";"";"";"";"";""
"Türkiye";"Yıllık";"Adrese Dayalı Nüfus Kayıt Sistemi";"Iğdır";"Toplam";"Hanehalkı sayısı";"2014";"40060";"";"";"";"";""
"Türkiye";"Yıllık";"Adrese Dayalı Nüfus Kayıt Sistemi";"Iğdır";"Toplam";"Hanehalkı sayısı";"2015";"41226";"";"";"";"";""
"Türkiye";"Yıllık";"Adrese Dayalı Nüfus Kayıt Sistemi";"Iğdır";"Toplam";"Hanehalkı sayısı";"2016";"42067";"";"";"";"";""
"Türkiye";"Yıllık";"Adrese Dayalı Nüfus Kayıt Sistemi";"Iğdır";"Toplam";"Hanehalkı sayısı";"2017";"43551";"";"";"";"";""
"Türkiye";"Yıllık";"Adrese Dayalı Nüfus Kayıt Sistemi";"Iğdır";"Toplam";"Hanehalkı sayısı";"2018";"44517";"";"";"";"";""
"Türkiye";"Yıllık";"Adrese Dayalı Nüfus Kayıt Sistemi";"Iğdır";"Toplam";"Hanehalkı sayısı";"2019";"46513";"";"";"";"";""
"Türkiye";"Yıllık";"Adrese Dayalı Nüfus Kayıt Sistemi";"Iğdır";"Toplam";"Hanehalkı sayısı";"2020";"48171";"";"";"";"";""
"Türkiye";"Yıllık";"Adrese Dayalı Nüfus Kayıt Sistemi";"Iğdır";"Toplam";"Hanehalkı sayısı";"2021";"49386";"";"";"";"";""
"Türkiye";"Yıllık";"Adrese Dayalı Nüfus Kayıt Sistemi";"Iğdır";"Toplam";"Hanehalkı sayısı";"2022";"50568";"";"";"";"";""
"Türkiye";"Yıllık";"Adrese Dayalı Nüfus Kayıt Sistemi";"Iğdır";"Toplam";"Hanehalkı sayısı";"2023";"51392";"";"";"";"";""
"Türkiye";"Yıllık";"Adrese Dayalı Nüfus Kayıt Sistemi";"Iğdır";"Toplam";"Hanehalkı sayısı";"2024";"51286";"";"";"";"";""
"Türkiye";"Yıllık";"Adrese Dayalı Nüfus Kayıt Sistemi";"Iğdır";"Toplam";"Hanehalkı sayısı";"2025";"51761";"";"";"";"";""
"Türkiye";"Yıllık";"Adrese Dayalı Nüfus Kayıt Sistemi";"Kars";"Tek Kişilik Hanehalkı";"Hanehalkı sayısı";"2014";"7511";"";"";"";"";""
"Türkiye";"Yıllık";"Adrese Dayalı Nüfus Kayıt Sistemi";"Kars";"Tek Kişilik Hanehalkı";"Hanehalkı sayısı";"2015";"8402";"";"";"";"";""
"Türkiye";"Yıllık";"Adrese Dayalı Nüfus Kayıt Sistemi";"Kars";"Tek Kişilik Hanehalkı";"Hanehalkı sayısı";"2016";"9111";"";"";"";"";""
"Türkiye";"Yıllık";"Adrese Dayalı Nüfus Kayıt Sistemi";"Kars";"Tek Kişilik Hanehalkı";"Hanehalkı sayısı";"2017";"9766";"";"";"";"";""
"Türkiye";"Yıllık";"Adrese Dayalı Nüfus Kayıt Sistemi";"Kars";"Tek Kişilik Hanehalkı";"Hanehalkı sayısı";"2018";"10245";"";"";"";"";""
"Türkiye";"Yıllık";"Adrese Dayalı Nüfus Kayıt Sistemi";"Kars";"Tek Kişilik Hanehalkı";"Hanehalkı sayısı";"2019";"11075";"";"";"";"";""
"Türkiye";"Yıllık";"Adrese Dayalı Nüfus Kayıt Sistemi";"Kars";"Tek Kişilik Hanehalkı";"Hanehalkı sayısı";"2020";"11940";"";"";"";"";""
"Türkiye";"Yıllık";"Adrese Dayalı Nüfus Kayıt Sistemi";"Kars";"Tek Kişilik Hanehalkı";"Hanehalkı sayısı";"2021";"12755";"";"";"";"";""
"Türkiye";"Yıllık";"Adrese Dayalı Nüfus Kayıt Sistemi";"Kars";"Tek Kişilik Hanehalkı";"Hanehalkı sayısı";"2022";"13621";"";"";"";"";""
"Türkiye";"Yıllık";"Adrese Dayalı Nüfus Kayıt Sistemi";"Kars";"Tek Kişilik Hanehalkı";"Hanehalkı sayısı";"2023";"13548";"";"";"";"";""
"Türkiye";"Yıllık";"Adrese Dayalı Nüfus Kayıt Sistemi";"Kars";"Tek Kişilik Hanehalkı";"Hanehalkı sayısı";"2024";"13549";"";"";"";"";""
"Türkiye";"Yıllık";"Adrese Dayalı Nüfus Kayıt Sistemi";"Kars";"Tek Kişilik Hanehalkı";"Hanehalkı sayısı";"2025";"13668";"";"";"";"";""
"Türkiye";"Yıllık";"Adrese Dayalı Nüfus Kayıt Sistemi";"Kars";"Tek Çekirdek Aileden Oluşan Hanehalkı";"Hanehalkı sayısı";"2014";"39935";"";"";"";"";""
"Türkiye";"Yıllık";"Adrese Dayalı Nüfus Kayıt Sistemi";"Kars";"Tek Çekirdek Aileden Oluşan Hanehalkı";"Hanehalkı sayısı";"2015";"41181";"";"";"";"";""
"Türkiye";"Yıllık";"Adrese Dayalı Nüfus Kayıt Sistemi";"Kars";"Tek Çekirdek Aileden Oluşan Hanehalkı";"Hanehalkı sayısı";"2016";"42155";"";"";"";"";""
"Türkiye";"Yıllık";"Adrese Dayalı Nüfus Kayıt Sistemi";"Kars";"Tek Çekirdek Aileden Oluşan Hanehalkı";"Hanehalkı sayısı";"2017";"42586";"";"";"";"";""
"Türkiye";"Yıllık";"Adrese Dayalı Nüfus Kayıt Sistemi";"Kars";"Tek Çekirdek Aileden Oluşan Hanehalkı";"Hanehalkı sayısı";"2018";"43114";"";"";"";"";""
"Türkiye";"Yıllık";"Adrese Dayalı Nüfus Kayıt Sistemi";"Kars";"Tek Çekirdek Aileden Oluşan Hanehalkı";"Hanehalkı sayısı";"2019";"44287";"";"";"";"";""
"Türkiye";"Yıllık";"Adrese Dayalı Nüfus Kayıt Sistemi";"Kars";"Tek Çekirdek Aileden Oluşan Hanehalkı";"Hanehalkı sayısı";"2020";"45446";"";"";"";"";""
"Türkiye";"Yıllık";"Adrese Dayalı Nüfus Kayıt Sistemi";"Kars";"Tek Çekirdek Aileden Oluşan Hanehalkı";"Hanehalkı sayısı";"2021";"45800";"";"";"";"";""
"Türkiye";"Yıllık";"Adrese Dayalı Nüfus Kayıt Sistemi";"Kars";"Tek Çekirdek Aileden Oluşan Hanehalkı";"Hanehalkı sayısı";"2022";"46668";"";"";"";"";""
"Türkiye";"Yıllık";"Adrese Dayalı Nüfus Kayıt Sistemi";"Kars";"Tek Çekirdek Aileden Oluşan Hanehalkı";"Hanehalkı sayısı";"2023";"46634";"";"";"";"";""
"Türkiye";"Yıllık";"Adrese Dayalı Nüfus Kayıt Sistemi";"Kars";"Tek Çekirdek Aileden Oluşan Hanehalkı";"Hanehalkı sayısı";"2024";"46476";"";"";"";"";""
"Türkiye";"Yıllık";"Adrese Dayalı Nüfus Kayıt Sistemi";"Kars";"Tek Çekirdek Aileden Oluşan Hanehalkı";"Hanehalkı sayısı";"2025";"46807";"";"";"";"";""
"Türkiye";"Yıllık";"Adrese Dayalı Nüfus Kayıt Sistemi";"Kars";"En Az Bir Çekirdek Aile Ve Diğer Kişilerden Oluşan Hanehalkı";"Hanehalkı sayısı";"2014";"15501";"";"";"";"";""
"Türkiye";"Yıllık";"Adrese Dayalı Nüfus Kayıt Sistemi";"Kars";"En Az Bir Çekirdek Aile Ve Diğer Kişilerden Oluşan Hanehalkı";"Hanehalkı sayısı";"2015";"14624";"";"";"";"";""
"Türkiye";"Yıllık";"Adrese Dayalı Nüfus Kayıt Sistemi";"Kars";"En Az Bir Çekirdek Aile Ve Diğer Kişilerden Oluşan Hanehalkı";"Hanehalkı sayısı";"2016";"13958";"";"";"";"";""
"Türkiye";"Yıllık";"Adrese Dayalı Nüfus Kayıt Sistemi";"Kars";"En Az Bir Çekirdek Aile Ve Diğer Kişilerden Oluşan Hanehalkı";"Hanehalkı sayısı";"2017";"13622";"";"";"";"";""
"Türkiye";"Yıllık";"Adrese Dayalı Nüfus Kayıt Sistemi";"Kars";"En Az Bir Çekirdek Aile Ve Diğer Kişilerden Oluşan Hanehalkı";"Hanehalkı sayısı";"2018";"13666";"";"";"";"";""
"Türkiye";"Yıllık";"Adrese Dayalı Nüfus Kayıt Sistemi";"Kars";"En Az Bir Çekirdek Aile Ve Diğer Kişilerden Oluşan Hanehalkı";"Hanehalkı sayısı";"2019";"13143";"";"";"";"";""
"Türkiye";"Yıllık";"Adrese Dayalı Nüfus Kayıt Sistemi";"Kars";"En Az Bir Çekirdek Aile Ve Diğer Kişilerden Oluşan Hanehalkı";"Hanehalkı sayısı";"2020";"12432";"";"";"";"";""
"Türkiye";"Yıllık";"Adrese Dayalı Nüfus Kayıt Sistemi";"Kars";"En Az Bir Çekirdek Aile Ve Diğer Kişilerden Oluşan Hanehalkı";"Hanehalkı sayısı";"2021";"12027";"";"";"";"";""
"Türkiye";"Yıllık";"Adrese Dayalı Nüfus Kayıt Sistemi";"Kars";"En Az Bir Çekirdek Aile Ve Diğer Kişilerden Oluşan Hanehalkı";"Hanehalkı sayısı";"2022";"11174";"";"";"";"";""
"Türkiye";"Yıllık";"Adrese Dayalı Nüfus Kayıt Sistemi";"Kars";"En Az Bir Çekirdek Aile Ve Diğer Kişilerden Oluşan Hanehalkı";"Hanehalkı sayısı";"2023";"11345";"";"";"";"";""
"Türkiye";"Yıllık";"Adrese Dayalı Nüfus Kayıt Sistemi";"Kars";"En Az Bir Çekirdek Aile Ve Diğer Kişilerden Oluşan Hanehalkı";"Hanehalkı sayısı";"2024";"11136";"";"";"";"";""
"Türkiye";"Yıllık";"Adrese Dayalı Nüfus Kayıt Sistemi";"Kars";"En Az Bir Çekirdek Aile Ve Diğer Kişilerden Oluşan Hanehalkı";"Hanehalkı sayısı";"2025";"10948";"";"";"";"";""
"Türkiye";"Yıllık";"Adrese Dayalı Nüfus Kayıt Sistemi";"Kars";"Çekirdek Aile Bulunmayan Birden Fazla Kişiden Oluşan Hanehalkı";"Hanehalkı sayısı";"2014";"1515";"";"";"";"";""
"Türkiye";"Yıllık";"Adrese Dayalı Nüfus Kayıt Sistemi";"Kars";"Çekirdek Aile Bulunmayan Birden Fazla Kişiden Oluşan Hanehalkı";"Hanehalkı sayısı";"2015";"1684";"";"";"";"";""
"Türkiye";"Yıllık";"Adrese Dayalı Nüfus Kayıt Sistemi";"Kars";"Çekirdek Aile Bulunmayan Birden Fazla Kişiden Oluşan Hanehalkı";"Hanehalkı sayısı";"2016";"1498";"";"";"";"";""
"Türkiye";"Yıllık";"Adrese Dayalı Nüfus Kayıt Sistemi";"Kars";"Çekirdek Aile Bulunmayan Birden Fazla Kişiden Oluşan Hanehalkı";"Hanehalkı sayısı";"2017";"1466";"";"";"";"";""
"Türkiye";"Yıllık";"Adrese Dayalı Nüfus Kayıt Sistemi";"Kars";"Çekirdek Aile Bulunmayan Birden Fazla Kişiden Oluşan Hanehalkı";"Hanehalkı sayısı";"2018";"1513";"";"";"";"";""
"Türkiye";"Yıllık";"Adrese Dayalı Nüfus Kayıt Sistemi";"Kars";"Çekirdek Aile Bulunmayan Birden Fazla Kişiden Oluşan Hanehalkı";"Hanehalkı sayısı";"2019";"1722";"";"";"";"";""
"Türkiye";"Yıllık";"Adrese Dayalı Nüfus Kayıt Sistemi";"Kars";"Çekirdek Aile Bulunmayan Birden Fazla Kişiden Oluşan Hanehalkı";"Hanehalkı sayısı";"2020";"1672";"";"";"";"";""
"Türkiye";"Yıllık";"Adrese Dayalı Nüfus Kayıt Sistemi";"Kars";"Çekirdek Aile Bulunmayan Birden Fazla Kişiden Oluşan Hanehalkı";"Hanehalkı sayısı";"2021";"1664";"";"";"";"";""
"Türkiye";"Yıllık";"Adrese Dayalı Nüfus Kayıt Sistemi";"Kars";"Çekirdek Aile Bulunmayan Birden Fazla Kişiden Oluşan Hanehalkı";"Hanehalkı sayısı";"2022";"1548";"";"";"";"";""
"Türkiye";"Yıllık";"Adrese Dayalı Nüfus Kayıt Sistemi";"Kars";"Çekirdek Aile Bulunmayan Birden Fazla Kişiden Oluşan Hanehalkı";"Hanehalkı sayısı";"2023";"1680";"";"";"";"";""
"Türkiye";"Yıllık";"Adrese Dayalı Nüfus Kayıt Sistemi";"Kars";"Çekirdek Aile Bulunmayan Birden Fazla Kişiden Oluşan Hanehalkı";"Hanehalkı sayısı";"2024";"1608";"";"";"";"";""
"Türkiye";"Yıllık";"Adrese Dayalı Nüfus Kayıt Sistemi";"Kars";"Çekirdek Aile Bulunmayan Birden Fazla Kişiden Oluşan Hanehalkı";"Hanehalkı sayısı";"2025";"1603";"";"";"";"";""
"Türkiye";"Yıllık";"Adrese Dayalı Nüfus Kayıt Sistemi";"Kars";"Toplam";"Hanehalkı sayısı";"2014";"64462";"";"";"";"";""
"Türkiye";"Yıllık";"Adrese Dayalı Nüfus Kayıt Sistemi";"Kars";"Toplam";"Hanehalkı sayısı";"2015";"65891";"";"";"";"";""
"Türkiye";"Yıllık";"Adrese Dayalı Nüfus Kayıt Sistemi";"Kars";"Toplam";"Hanehalkı sayısı";"2016";"66722";"";"";"";"";""
"Türkiye";"Yıllık";"Adrese Dayalı Nüfus Kayıt Sistemi";"Kars";"Toplam";"Hanehalkı sayısı";"2017";"67440";"";"";"";"";""
"Türkiye";"Yıllık";"Adrese Dayalı Nüfus Kayıt Sistemi";"Kars";"Toplam";"Hanehalkı sayısı";"2018";"68538";"";"";"";"";""
"Türkiye";"Yıllık";"Adrese Dayalı Nüfus Kayıt Sistemi";"Kars";"Toplam";"Hanehalkı sayısı";"2019";"70227";"";"";"";"";""
"Türkiye";"Yıllık";"Adrese Dayalı Nüfus Kayıt Sistemi";"Kars";"Toplam";"Hanehalkı sayısı";"2020";"71490";"";"";"";"";""
"Türkiye";"Yıllık";"Adrese Dayalı Nüfus Kayıt Sistemi";"Kars";"Toplam";"Hanehalkı sayısı";"2021";"72246";"";"";"";"";""
"Türkiye";"Yıllık";"Adrese Dayalı Nüfus Kayıt Sistemi";"Kars";"Toplam";"Hanehalkı sayısı";"2022";"73011";"";"";"";"";""
"Türkiye";"Yıllık";"Adrese Dayalı Nüfus Kayıt Sistemi";"Kars";"Toplam";"Hanehalkı sayısı";"2023";"73207";"";"";"";"";""
"Türkiye";"Yıllık";"Adrese Dayalı Nüfus Kayıt Sistemi";"Kars";"Toplam";"Hanehalkı sayısı";"2024";"72769";"";"";"";"";""
"Türkiye";"Yıllık";"Adrese Dayalı Nüfus Kayıt Sistemi";"Kars";"Toplam";"Hanehalkı sayısı";"2025";"73026";"";"";"";"";""
"Türkiye";"Yıllık";"Adrese Dayalı Nüfus Kayıt Sistemi";"Bingöl";"Tek Kişilik Hanehalkı";"Hanehalkı sayısı";"2014";"5722";"";"";"";"";""
"Türkiye";"Yıllık";"Adrese Dayalı Nüfus Kayıt Sistemi";"Bingöl";"Tek Kişilik Hanehalkı";"Hanehalkı sayısı";"2015";"6526";"";"";"";"";""
"Türkiye";"Yıllık";"Adrese Dayalı Nüfus Kayıt Sistemi";"Bingöl";"Tek Kişilik Hanehalkı";"Hanehalkı sayısı";"2016";"7660";"";"";"";"";""
"Türkiye";"Yıllık";"Adrese Dayalı Nüfus Kayıt Sistemi";"Bingöl";"Tek Kişilik Hanehalkı";"Hanehalkı sayısı";"2017";"8900";"";"";"";"";""
"Türkiye";"Yıllık";"Adrese Dayalı Nüfus Kayıt Sistemi";"Bingöl";"Tek Kişilik Hanehalkı";"Hanehalkı sayısı";"2018";"9989";"";"";"";"";""
"Türkiye";"Yıllık";"Adrese Dayalı Nüfus Kayıt Sistemi";"Bingöl";"Tek Kişilik Hanehalkı";"Hanehalkı sayısı";"2019";"10902";"";"";"";"";""
"Türkiye";"Yıllık";"Adrese Dayalı Nüfus Kayıt Sistemi";"Bingöl";"Tek Kişilik Hanehalkı";"Hanehalkı sayısı";"2020";"12083";"";"";"";"";""
"Türkiye";"Yıllık";"Adrese Dayalı Nüfus Kayıt Sistemi";"Bingöl";"Tek Kişilik Hanehalkı";"Hanehalkı sayısı";"2021";"12946";"";"";"";"";""
"Türkiye";"Yıllık";"Adrese Dayalı Nüfus Kayıt Sistemi";"Bingöl";"Tek Kişilik Hanehalkı";"Hanehalkı sayısı";"2022";"14311";"";"";"";"";""
"Türkiye";"Yıllık";"Adrese Dayalı Nüfus Kayıt Sistemi";"Bingöl";"Tek Kişilik Hanehalkı";"Hanehalkı sayısı";"2023";"14850";"";"";"";"";""
"Türkiye";"Yıllık";"Adrese Dayalı Nüfus Kayıt Sistemi";"Bingöl";"Tek Kişilik Hanehalkı";"Hanehalkı sayısı";"2024";"15539";"";"";"";"";""
"Türkiye";"Yıllık";"Adrese Dayalı Nüfus Kayıt Sistemi";"Bingöl";"Tek Kişilik Hanehalkı";"Hanehalkı sayısı";"2025";"16011";"";"";"";"";""
"Türkiye";"Yıllık";"Adrese Dayalı Nüfus Kayıt Sistemi";"Bingöl";"Tek Çekirdek Aileden Oluşan Hanehalkı";"Hanehalkı sayısı";"2014";"40026";"";"";"";"";""
"Türkiye";"Yıllık";"Adrese Dayalı Nüfus Kayıt Sistemi";"Bingöl";"Tek Çekirdek Aileden Oluşan Hanehalkı";"Hanehalkı sayısı";"2015";"41263";"";"";"";"";""
"Türkiye";"Yıllık";"Adrese Dayalı Nüfus Kayıt Sistemi";"Bingöl";"Tek Çekirdek Aileden Oluşan Hanehalkı";"Hanehalkı sayısı";"2016";"43161";"";"";"";"";""
"Türkiye";"Yıllık";"Adrese Dayalı Nüfus Kayıt Sistemi";"Bingöl";"Tek Çekirdek Aileden Oluşan Hanehalkı";"Hanehalkı sayısı";"2017";"45255";"";"";"";"";""
"Türkiye";"Yıllık";"Adrese Dayalı Nüfus Kayıt Sistemi";"Bingöl";"Tek Çekirdek Aileden Oluşan Hanehalkı";"Hanehalkı sayısı";"2018";"45802";"";"";"";"";""
"Türkiye";"Yıllık";"Adrese Dayalı Nüfus Kayıt Sistemi";"Bingöl";"Tek Çekirdek Aileden Oluşan Hanehalkı";"Hanehalkı sayısı";"2019";"48151";"";"";"";"";""
"Türkiye";"Yıllık";"Adrese Dayalı Nüfus Kayıt Sistemi";"Bingöl";"Tek Çekirdek Aileden Oluşan Hanehalkı";"Hanehalkı sayısı";"2020";"50585";"";"";"";"";""
"Türkiye";"Yıllık";"Adrese Dayalı Nüfus Kayıt Sistemi";"Bingöl";"Tek Çekirdek Aileden Oluşan Hanehalkı";"Hanehalkı sayısı";"2021";"51607";"";"";"";"";""
"Türkiye";"Yıllık";"Adrese Dayalı Nüfus Kayıt Sistemi";"Bingöl";"Tek Çekirdek Aileden Oluşan Hanehalkı";"Hanehalkı sayısı";"2022";"54237";"";"";"";"";""
"Türkiye";"Yıllık";"Adrese Dayalı Nüfus Kayıt Sistemi";"Bingöl";"Tek Çekirdek Aileden Oluşan Hanehalkı";"Hanehalkı sayısı";"2023";"54600";"";"";"";"";""
"Türkiye";"Yıllık";"Adrese Dayalı Nüfus Kayıt Sistemi";"Bingöl";"Tek Çekirdek Aileden Oluşan Hanehalkı";"Hanehalkı sayısı";"2024";"55340";"";"";"";"";""
"Türkiye";"Yıllık";"Adrese Dayalı Nüfus Kayıt Sistemi";"Bingöl";"Tek Çekirdek Aileden Oluşan Hanehalkı";"Hanehalkı sayısı";"2025";"55261";"";"";"";"";""
"Türkiye";"Yıllık";"Adrese Dayalı Nüfus Kayıt Sistemi";"Bingöl";"En Az Bir Çekirdek Aile Ve Diğer Kişilerden Oluşan Hanehalkı";"Hanehalkı sayısı";"2014";"11015";"";"";"";"";""
"Türkiye";"Yıllık";"Adrese Dayalı Nüfus Kayıt Sistemi";"Bingöl";"En Az Bir Çekirdek Aile Ve Diğer Kişilerden Oluşan Hanehalkı";"Hanehalkı sayısı";"2015";"11041";"";"";"";"";""
"Türkiye";"Yıllık";"Adrese Dayalı Nüfus Kayıt Sistemi";"Bingöl";"En Az Bir Çekirdek Aile Ve Diğer Kişilerden Oluşan Hanehalkı";"Hanehalkı sayısı";"2016";"10705";"";"";"";"";""
"Türkiye";"Yıllık";"Adrese Dayalı Nüfus Kayıt Sistemi";"Bingöl";"En Az Bir Çekirdek Aile Ve Diğer Kişilerden Oluşan Hanehalkı";"Hanehalkı sayısı";"2017";"10357";"";"";"";"";""
"Türkiye";"Yıllık";"Adrese Dayalı Nüfus Kayıt Sistemi";"Bingöl";"En Az Bir Çekirdek Aile Ve Diğer Kişilerden Oluşan Hanehalkı";"Hanehalkı sayısı";"2018";"11265";"";"";"";"";""
"Türkiye";"Yıllık";"Adrese Dayalı Nüfus Kayıt Sistemi";"Bingöl";"En Az Bir Çekirdek Aile Ve Diğer Kişilerden Oluşan Hanehalkı";"Hanehalkı sayısı";"2019";"10724";"";"";"";"";""
"Türkiye";"Yıllık";"Adrese Dayalı Nüfus Kayıt Sistemi";"Bingöl";"En Az Bir Çekirdek Aile Ve Diğer Kişilerden Oluşan Hanehalkı";"Hanehalkı sayısı";"2020";"9984";"";"";"";"";""
"Türkiye";"Yıllık";"Adrese Dayalı Nüfus Kayıt Sistemi";"Bingöl";"En Az Bir Çekirdek Aile Ve Diğer Kişilerden Oluşan Hanehalkı";"Hanehalkı sayısı";"2021";"9866";"";"";"";"";""
"Türkiye";"Yıllık";"Adrese Dayalı Nüfus Kayıt Sistemi";"Bingöl";"En Az Bir Çekirdek Aile Ve Diğer Kişilerden Oluşan Hanehalkı";"Hanehalkı sayısı";"2022";"8966";"";"";"";"";""
"Türkiye";"Yıllık";"Adrese Dayalı Nüfus Kayıt Sistemi";"Bingöl";"En Az Bir Çekirdek Aile Ve Diğer Kişilerden Oluşan Hanehalkı";"Hanehalkı sayısı";"2023";"9374";"";"";"";"";""
"Türkiye";"Yıllık";"Adrese Dayalı Nüfus Kayıt Sistemi";"Bingöl";"En Az Bir Çekirdek Aile Ve Diğer Kişilerden Oluşan Hanehalkı";"Hanehalkı sayısı";"2024";"9088";"";"";"";"";""
"Türkiye";"Yıllık";"Adrese Dayalı Nüfus Kayıt Sistemi";"Bingöl";"En Az Bir Çekirdek Aile Ve Diğer Kişilerden Oluşan Hanehalkı";"Hanehalkı sayısı";"2025";"9246";"";"";"";"";""
"Türkiye";"Yıllık";"Adrese Dayalı Nüfus Kayıt Sistemi";"Bingöl";"Çekirdek Aile Bulunmayan Birden Fazla Kişiden Oluşan Hanehalkı";"Hanehalkı sayısı";"2014";"1448";"";"";"";"";""
"Türkiye";"Yıllık";"Adrese Dayalı Nüfus Kayıt Sistemi";"Bingöl";"Çekirdek Aile Bulunmayan Birden Fazla Kişiden Oluşan Hanehalkı";"Hanehalkı sayısı";"2015";"1617";"";"";"";"";""
"Türkiye";"Yıllık";"Adrese Dayalı Nüfus Kayıt Sistemi";"Bingöl";"Çekirdek Aile Bulunmayan Birden Fazla Kişiden Oluşan Hanehalkı";"Hanehalkı sayısı";"2016";"1638";"";"";"";"";""
"Türkiye";"Yıllık";"Adrese Dayalı Nüfus Kayıt Sistemi";"Bingöl";"Çekirdek Aile Bulunmayan Birden Fazla Kişiden Oluşan Hanehalkı";"Hanehalkı sayısı";"2017";"1698";"";"";"";"";""
"Türkiye";"Yıllık";"Adrese Dayalı Nüfus Kayıt Sistemi";"Bingöl";"Çekirdek Aile Bulunmayan Birden Fazla Kişiden Oluşan Hanehalkı";"Hanehalkı sayısı";"2018";"1864";"";"";"";"";""
"Türkiye";"Yıllık";"Adrese Dayalı Nüfus Kayıt Sistemi";"Bingöl";"Çekirdek Aile Bulunmayan Birden Fazla Kişiden Oluşan Hanehalkı";"Hanehalkı sayısı";"2019";"1974";"";"";"";"";""
"Türkiye";"Yıllık";"Adrese Dayalı Nüfus Kayıt Sistemi";"Bingöl";"Çekirdek Aile Bulunmayan Birden Fazla Kişiden Oluşan Hanehalkı";"Hanehalkı sayısı";"2020";"1975";"";"";"";"";""
"Türkiye";"Yıllık";"Adrese Dayalı Nüfus Kayıt Sistemi";"Bingöl";"Çekirdek Aile Bulunmayan Birden Fazla Kişiden Oluşan Hanehalkı";"Hanehalkı sayısı";"2021";"2039";"";"";"";"";""
"Türkiye";"Yıllık";"Adrese Dayalı Nüfus Kayıt Sistemi";"Bingöl";"Çekirdek Aile Bulunmayan Birden Fazla Kişiden Oluşan Hanehalkı";"Hanehalkı sayısı";"2022";"2217";"";"";"";"";""
"Türkiye";"Yıllık";"Adrese Dayalı Nüfus Kayıt Sistemi";"Bingöl";"Çekirdek Aile Bulunmayan Birden Fazla Kişiden Oluşan Hanehalkı";"Hanehalkı sayısı";"2023";"2419";"";"";"";"";""
"Türkiye";"Yıllık";"Adrese Dayalı Nüfus Kayıt Sistemi";"Bingöl";"Çekirdek Aile Bulunmayan Birden Fazla Kişiden Oluşan Hanehalkı";"Hanehalkı sayısı";"2024";"2490";"";"";"";"";""
"Türkiye";"Yıllık";"Adrese Dayalı Nüfus Kayıt Sistemi";"Bingöl";"Çekirdek Aile Bulunmayan Birden Fazla Kişiden Oluşan Hanehalkı";"Hanehalkı sayısı";"2025";"2569";"";"";"";"";""
"Türkiye";"Yıllık";"Adrese Dayalı Nüfus Kayıt Sistemi";"Bingöl";"Toplam";"Hanehalkı sayısı";"2014";"58211";"";"";"";"";""
"Türkiye";"Yıllık";"Adrese Dayalı Nüfus Kayıt Sistemi";"Bingöl";"Toplam";"Hanehalkı sayısı";"2015";"60447";"";"";"";"";""
"Türkiye";"Yıllık";"Adrese Dayalı Nüfus Kayıt Sistemi";"Bingöl";"Toplam";"Hanehalkı sayısı";"2016";"63164";"";"";"";"";""
"Türkiye";"Yıllık";"Adrese Dayalı Nüfus Kayıt Sistemi";"Bingöl";"Toplam";"Hanehalkı sayısı";"2017";"66210";"";"";"";"";""
"Türkiye";"Yıllık";"Adrese Dayalı Nüfus Kayıt Sistemi";"Bingöl";"Toplam";"Hanehalkı sayısı";"2018";"68920";"";"";"";"";""
"Türkiye";"Yıllık";"Adrese Dayalı Nüfus Kayıt Sistemi";"Bingöl";"Toplam";"Hanehalkı sayısı";"2019";"71751";"";"";"";"";""
"Türkiye";"Yıllık";"Adrese Dayalı Nüfus Kayıt Sistemi";"Bingöl";"Toplam";"Hanehalkı sayısı";"2020";"74627";"";"";"";"";""
"Türkiye";"Yıllık";"Adrese Dayalı Nüfus Kayıt Sistemi";"Bingöl";"Toplam";"Hanehalkı sayısı";"2021";"76458";"";"";"";"";""
"Türkiye";"Yıllık";"Adrese Dayalı Nüfus Kayıt Sistemi";"Bingöl";"Toplam";"Hanehalkı sayısı";"2022";"79731";"";"";"";"";""
"Türkiye";"Yıllık";"Adrese Dayalı Nüfus Kayıt Sistemi";"Bingöl";"Toplam";"Hanehalkı sayısı";"2023";"81243";"";"";"";"";""
"Türkiye";"Yıllık";"Adrese Dayalı Nüfus Kayıt Sistemi";"Bingöl";"Toplam";"Hanehalkı sayısı";"2024";"82457";"";"";"";"";""
"Türkiye";"Yıllık";"Adrese Dayalı Nüfus Kayıt Sistemi";"Bingöl";"Toplam";"Hanehalkı sayısı";"2025";"83087";"";"";"";"";""
"Türkiye";"Yıllık";"Adrese Dayalı Nüfus Kayıt Sistemi";"Elazığ";"Tek Kişilik Hanehalkı";"Hanehalkı sayısı";"2014";"17885";"";"";"";"";""
"Türkiye";"Yıllık";"Adrese Dayalı Nüfus Kayıt Sistemi";"Elazığ";"Tek Kişilik Hanehalkı";"Hanehalkı sayısı";"2015";"19565";"";"";"";"";""
"Türkiye";"Yıllık";"Adrese Dayalı Nüfus Kayıt Sistemi";"Elazığ";"Tek Kişilik Hanehalkı";"Hanehalkı sayısı";"2016";"21317";"";"";"";"";""
"Türkiye";"Yıllık";"Adrese Dayalı Nüfus Kayıt Sistemi";"Elazığ";"Tek Kişilik Hanehalkı";"Hanehalkı sayısı";"2017";"22736";"";"";"";"";""
"Türkiye";"Yıllık";"Adrese Dayalı Nüfus Kayıt Sistemi";"Elazığ";"Tek Kişilik Hanehalkı";"Hanehalkı sayısı";"2018";"24402";"";"";"";"";""
"Türkiye";"Yıllık";"Adrese Dayalı Nüfus Kayıt Sistemi";"Elazığ";"Tek Kişilik Hanehalkı";"Hanehalkı sayısı";"2019";"26264";"";"";"";"";""
"Türkiye";"Yıllık";"Adrese Dayalı Nüfus Kayıt Sistemi";"Elazığ";"Tek Kişilik Hanehalkı";"Hanehalkı sayısı";"2020";"29135";"";"";"";"";""
"Türkiye";"Yıllık";"Adrese Dayalı Nüfus Kayıt Sistemi";"Elazığ";"Tek Kişilik Hanehalkı";"Hanehalkı sayısı";"2021";"31314";"";"";"";"";""
"Türkiye";"Yıllık";"Adrese Dayalı Nüfus Kayıt Sistemi";"Elazığ";"Tek Kişilik Hanehalkı";"Hanehalkı sayısı";"2022";"34620";"";"";"";"";""
"Türkiye";"Yıllık";"Adrese Dayalı Nüfus Kayıt Sistemi";"Elazığ";"Tek Kişilik Hanehalkı";"Hanehalkı sayısı";"2023";"36854";"";"";"";"";""
"Türkiye";"Yıllık";"Adrese Dayalı Nüfus Kayıt Sistemi";"Elazığ";"Tek Kişilik Hanehalkı";"Hanehalkı sayısı";"2024";"38718";"";"";"";"";""
"Türkiye";"Yıllık";"Adrese Dayalı Nüfus Kayıt Sistemi";"Elazığ";"Tek Kişilik Hanehalkı";"Hanehalkı sayısı";"2025";"40339";"";"";"";"";""
"Türkiye";"Yıllık";"Adrese Dayalı Nüfus Kayıt Sistemi";"Elazığ";"Tek Çekirdek Aileden Oluşan Hanehalkı";"Hanehalkı sayısı";"2014";"102566";"";"";"";"";""
"Türkiye";"Yıllık";"Adrese Dayalı Nüfus Kayıt Sistemi";"Elazığ";"Tek Çekirdek Aileden Oluşan Hanehalkı";"Hanehalkı sayısı";"2015";"105154";"";"";"";"";""
"Türkiye";"Yıllık";"Adrese Dayalı Nüfus Kayıt Sistemi";"Elazığ";"Tek Çekirdek Aileden Oluşan Hanehalkı";"Hanehalkı sayısı";"2016";"107117";"";"";"";"";""
"Türkiye";"Yıllık";"Adrese Dayalı Nüfus Kayıt Sistemi";"Elazığ";"Tek Çekirdek Aileden Oluşan Hanehalkı";"Hanehalkı sayısı";"2017";"109260";"";"";"";"";""
"Türkiye";"Yıllık";"Adrese Dayalı Nüfus Kayıt Sistemi";"Elazığ";"Tek Çekirdek Aileden Oluşan Hanehalkı";"Hanehalkı sayısı";"2018";"107673";"";"";"";"";""
"Türkiye";"Yıllık";"Adrese Dayalı Nüfus Kayıt Sistemi";"Elazığ";"Tek Çekirdek Aileden Oluşan Hanehalkı";"Hanehalkı sayısı";"2019";"112666";"";"";"";"";""
"Türkiye";"Yıllık";"Adrese Dayalı Nüfus Kayıt Sistemi";"Elazığ";"Tek Çekirdek Aileden Oluşan Hanehalkı";"Hanehalkı sayısı";"2020";"115025";"";"";"";"";""
"Türkiye";"Yıllık";"Adrese Dayalı Nüfus Kayıt Sistemi";"Elazığ";"Tek Çekirdek Aileden Oluşan Hanehalkı";"Hanehalkı sayısı";"2021";"116497";"";"";"";"";""
"Türkiye";"Yıllık";"Adrese Dayalı Nüfus Kayıt Sistemi";"Elazığ";"Tek Çekirdek Aileden Oluşan Hanehalkı";"Hanehalkı sayısı";"2022";"123518";"";"";"";"";""
"Türkiye";"Yıllık";"Adrese Dayalı Nüfus Kayıt Sistemi";"Elazığ";"Tek Çekirdek Aileden Oluşan Hanehalkı";"Hanehalkı sayısı";"2023";"121331";"";"";"";"";""
"Türkiye";"Yıllık";"Adrese Dayalı Nüfus Kayıt Sistemi";"Elazığ";"Tek Çekirdek Aileden Oluşan Hanehalkı";"Hanehalkı sayısı";"2024";"124821";"";"";"";"";""
"Türkiye";"Yıllık";"Adrese Dayalı Nüfus Kayıt Sistemi";"Elazığ";"Tek Çekirdek Aileden Oluşan Hanehalkı";"Hanehalkı sayısı";"2025";"124654";"";"";"";"";""
"Türkiye";"Yıllık";"Adrese Dayalı Nüfus Kayıt Sistemi";"Elazığ";"En Az Bir Çekirdek Aile Ve Diğer Kişilerden Oluşan Hanehalkı";"Hanehalkı sayısı";"2014";"24766";"";"";"";"";""
"Türkiye";"Yıllık";"Adrese Dayalı Nüfus Kayıt Sistemi";"Elazığ";"En Az Bir Çekirdek Aile Ve Diğer Kişilerden Oluşan Hanehalkı";"Hanehalkı sayısı";"2015";"24615";"";"";"";"";""
"Türkiye";"Yıllık";"Adrese Dayalı Nüfus Kayıt Sistemi";"Elazığ";"En Az Bir Çekirdek Aile Ve Diğer Kişilerden Oluşan Hanehalkı";"Hanehalkı sayısı";"2016";"24439";"";"";"";"";""
"Türkiye";"Yıllık";"Adrese Dayalı Nüfus Kayıt Sistemi";"Elazığ";"En Az Bir Çekirdek Aile Ve Diğer Kişilerden Oluşan Hanehalkı";"Hanehalkı sayısı";"2017";"24083";"";"";"";"";""
"Türkiye";"Yıllık";"Adrese Dayalı Nüfus Kayıt Sistemi";"Elazığ";"En Az Bir Çekirdek Aile Ve Diğer Kişilerden Oluşan Hanehalkı";"Hanehalkı sayısı";"2018";"26360";"";"";"";"";""
"Türkiye";"Yıllık";"Adrese Dayalı Nüfus Kayıt Sistemi";"Elazığ";"En Az Bir Çekirdek Aile Ve Diğer Kişilerden Oluşan Hanehalkı";"Hanehalkı sayısı";"2019";"24065";"";"";"";"";""
"Türkiye";"Yıllık";"Adrese Dayalı Nüfus Kayıt Sistemi";"Elazığ";"En Az Bir Çekirdek Aile Ve Diğer Kişilerden Oluşan Hanehalkı";"Hanehalkı sayısı";"2020";"22518";"";"";"";"";""
"Türkiye";"Yıllık";"Adrese Dayalı Nüfus Kayıt Sistemi";"Elazığ";"En Az Bir Çekirdek Aile Ve Diğer Kişilerden Oluşan Hanehalkı";"Hanehalkı sayısı";"2021";"22247";"";"";"";"";""
"Türkiye";"Yıllık";"Adrese Dayalı Nüfus Kayıt Sistemi";"Elazığ";"En Az Bir Çekirdek Aile Ve Diğer Kişilerden Oluşan Hanehalkı";"Hanehalkı sayısı";"2022";"19837";"";"";"";"";""
"Türkiye";"Yıllık";"Adrese Dayalı Nüfus Kayıt Sistemi";"Elazığ";"En Az Bir Çekirdek Aile Ve Diğer Kişilerden Oluşan Hanehalkı";"Hanehalkı sayısı";"2023";"23078";"";"";"";"";""
"Türkiye";"Yıllık";"Adrese Dayalı Nüfus Kayıt Sistemi";"Elazığ";"En Az Bir Çekirdek Aile Ve Diğer Kişilerden Oluşan Hanehalkı";"Hanehalkı sayısı";"2024";"22376";"";"";"";"";""
"Türkiye";"Yıllık";"Adrese Dayalı Nüfus Kayıt Sistemi";"Elazığ";"En Az Bir Çekirdek Aile Ve Diğer Kişilerden Oluşan Hanehalkı";"Hanehalkı sayısı";"2025";"23096";"";"";"";"";""
"Türkiye";"Yıllık";"Adrese Dayalı Nüfus Kayıt Sistemi";"Elazığ";"Çekirdek Aile Bulunmayan Birden Fazla Kişiden Oluşan Hanehalkı";"Hanehalkı sayısı";"2014";"3038";"";"";"";"";""
"Türkiye";"Yıllık";"Adrese Dayalı Nüfus Kayıt Sistemi";"Elazığ";"Çekirdek Aile Bulunmayan Birden Fazla Kişiden Oluşan Hanehalkı";"Hanehalkı sayısı";"2015";"3614";"";"";"";"";""
"Türkiye";"Yıllık";"Adrese Dayalı Nüfus Kayıt Sistemi";"Elazığ";"Çekirdek Aile Bulunmayan Birden Fazla Kişiden Oluşan Hanehalkı";"Hanehalkı sayısı";"2016";"3533";"";"";"";"";""
"Türkiye";"Yıllık";"Adrese Dayalı Nüfus Kayıt Sistemi";"Elazığ";"Çekirdek Aile Bulunmayan Birden Fazla Kişiden Oluşan Hanehalkı";"Hanehalkı sayısı";"2017";"3545";"";"";"";"";""
"Türkiye";"Yıllık";"Adrese Dayalı Nüfus Kayıt Sistemi";"Elazığ";"Çekirdek Aile Bulunmayan Birden Fazla Kişiden Oluşan Hanehalkı";"Hanehalkı sayısı";"2018";"3683";"";"";"";"";""
"Türkiye";"Yıllık";"Adrese Dayalı Nüfus Kayıt Sistemi";"Elazığ";"Çekirdek Aile Bulunmayan Birden Fazla Kişiden Oluşan Hanehalkı";"Hanehalkı sayısı";"2019";"3724";"";"";"";"";""
"Türkiye";"Yıllık";"Adrese Dayalı Nüfus Kayıt Sistemi";"Elazığ";"Çekirdek Aile Bulunmayan Birden Fazla Kişiden Oluşan Hanehalkı";"Hanehalkı sayısı";"2020";"3659";"";"";"";"";""
"Türkiye";"Yıllık";"Adrese Dayalı Nüfus Kayıt Sistemi";"Elazığ";"Çekirdek Aile Bulunmayan Birden Fazla Kişiden Oluşan Hanehalkı";"Hanehalkı sayısı";"2021";"3778";"";"";"";"";""
"Türkiye";"Yıllık";"Adrese Dayalı Nüfus Kayıt Sistemi";"Elazığ";"Çekirdek Aile Bulunmayan Birden Fazla Kişiden Oluşan Hanehalkı";"Hanehalkı sayısı";"2022";"4497";"";"";"";"";""
"Türkiye";"Yıllık";"Adrese Dayalı Nüfus Kayıt Sistemi";"Elazığ";"Çekirdek Aile Bulunmayan Birden Fazla Kişiden Oluşan Hanehalkı";"Hanehalkı sayısı";"2023";"4791";"";"";"";"";""
"Türkiye";"Yıllık";"Adrese Dayalı Nüfus Kayıt Sistemi";"Elazığ";"Çekirdek Aile Bulunmayan Birden Fazla Kişiden Oluşan Hanehalkı";"Hanehalkı sayısı";"2024";"5035";"";"";"";"";""
"Türkiye";"Yıllık";"Adrese Dayalı Nüfus Kayıt Sistemi";"Elazığ";"Çekirdek Aile Bulunmayan Birden Fazla Kişiden Oluşan Hanehalkı";"Hanehalkı sayısı";"2025";"5379";"";"";"";"";""
"Türkiye";"Yıllık";"Adrese Dayalı Nüfus Kayıt Sistemi";"Elazığ";"Toplam";"Hanehalkı sayısı";"2014";"148255";"";"";"";"";""
"Türkiye";"Yıllık";"Adrese Dayalı Nüfus Kayıt Sistemi";"Elazığ";"Toplam";"Hanehalkı sayısı";"2015";"152948";"";"";"";"";""
"Türkiye";"Yıllık";"Adrese Dayalı Nüfus Kayıt Sistemi";"Elazığ";"Toplam";"Hanehalkı sayısı";"2016";"156406";"";"";"";"";""
"Türkiye";"Yıllık";"Adrese Dayalı Nüfus Kayıt Sistemi";"Elazığ";"Toplam";"Hanehalkı sayısı";"2017";"159624";"";"";"";"";""
"Türkiye";"Yıllık";"Adrese Dayalı Nüfus Kayıt Sistemi";"Elazığ";"Toplam";"Hanehalkı sayısı";"2018";"162118";"";"";"";"";""
"Türkiye";"Yıllık";"Adrese Dayalı Nüfus Kayıt Sistemi";"Elazığ";"Toplam";"Hanehalkı sayısı";"2019";"166719";"";"";"";"";""
"Türkiye";"Yıllık";"Adrese Dayalı Nüfus Kayıt Sistemi";"Elazığ";"Toplam";"Hanehalkı sayısı";"2020";"170337";"";"";"";"";""
"Türkiye";"Yıllık";"Adrese Dayalı Nüfus Kayıt Sistemi";"Elazığ";"Toplam";"Hanehalkı sayısı";"2021";"173836";"";"";"";"";""
"Türkiye";"Yıllık";"Adrese Dayalı Nüfus Kayıt Sistemi";"Elazığ";"Toplam";"Hanehalkı sayısı";"2022";"182472";"";"";"";"";""
"Türkiye";"Yıllık";"Adrese Dayalı Nüfus Kayıt Sistemi";"Elazığ";"Toplam";"Hanehalkı sayısı";"2023";"186054";"";"";"";"";""
"Türkiye";"Yıllık";"Adrese Dayalı Nüfus Kayıt Sistemi";"Elazığ";"Toplam";"Hanehalkı sayısı";"2024";"190950";"";"";"";"";""
"Türkiye";"Yıllık";"Adrese Dayalı Nüfus Kayıt Sistemi";"Elazığ";"Toplam";"Hanehalkı sayısı";"2025";"193468";"";"";"";"";""
"Türkiye";"Yıllık";"Adrese Dayalı Nüfus Kayıt Sistemi";"Malatya";"Tek Kişilik Hanehalkı";"Hanehalkı sayısı";"2014";"26894";"";"";"";"";""
"Türkiye";"Yıllık";"Adrese Dayalı Nüfus Kayıt Sistemi";"Malatya";"Tek Kişilik Hanehalkı";"Hanehalkı sayısı";"2015";"27780";"";"";"";"";""
"Türkiye";"Yıllık";"Adrese Dayalı Nüfus Kayıt Sistemi";"Malatya";"Tek Kişilik Hanehalkı";"Hanehalkı sayısı";"2016";"29556";"";"";"";"";""
"Türkiye";"Yıllık";"Adrese Dayalı Nüfus Kayıt Sistemi";"Malatya";"Tek Kişilik Hanehalkı";"Hanehalkı sayısı";"2017";"31246";"";"";"";"";""
"Türkiye";"Yıllık";"Adrese Dayalı Nüfus Kayıt Sistemi";"Malatya";"Tek Kişilik Hanehalkı";"Hanehalkı sayısı";"2018";"33032";"";"";"";"";""
"Türkiye";"Yıllık";"Adrese Dayalı Nüfus Kayıt Sistemi";"Malatya";"Tek Kişilik Hanehalkı";"Hanehalkı sayısı";"2019";"34404";"";"";"";"";""
"Türkiye";"Yıllık";"Adrese Dayalı Nüfus Kayıt Sistemi";"Malatya";"Tek Kişilik Hanehalkı";"Hanehalkı sayısı";"2020";"36801";"";"";"";"";""
"Türkiye";"Yıllık";"Adrese Dayalı Nüfus Kayıt Sistemi";"Malatya";"Tek Kişilik Hanehalkı";"Hanehalkı sayısı";"2021";"39278";"";"";"";"";""
"Türkiye";"Yıllık";"Adrese Dayalı Nüfus Kayıt Sistemi";"Malatya";"Tek Kişilik Hanehalkı";"Hanehalkı sayısı";"2022";"41900";"";"";"";"";""
"Türkiye";"Yıllık";"Adrese Dayalı Nüfus Kayıt Sistemi";"Malatya";"Tek Kişilik Hanehalkı";"Hanehalkı sayısı";"2023";"52268";"";"";"";"";""
"Türkiye";"Yıllık";"Adrese Dayalı Nüfus Kayıt Sistemi";"Malatya";"Tek Kişilik Hanehalkı";"Hanehalkı sayısı";"2024";"53055";"";"";"";"";""
"Türkiye";"Yıllık";"Adrese Dayalı Nüfus Kayıt Sistemi";"Malatya";"Tek Kişilik Hanehalkı";"Hanehalkı sayısı";"2025";"51763";"";"";"";"";""
"Türkiye";"Yıllık";"Adrese Dayalı Nüfus Kayıt Sistemi";"Malatya";"Tek Çekirdek Aileden Oluşan Hanehalkı";"Hanehalkı sayısı";"2014";"128522";"";"";"";"";""
"Türkiye";"Yıllık";"Adrese Dayalı Nüfus Kayıt Sistemi";"Malatya";"Tek Çekirdek Aileden Oluşan Hanehalkı";"Hanehalkı sayısı";"2015";"132269";"";"";"";"";""
"Türkiye";"Yıllık";"Adrese Dayalı Nüfus Kayıt Sistemi";"Malatya";"Tek Çekirdek Aileden Oluşan Hanehalkı";"Hanehalkı sayısı";"2016";"135120";"";"";"";"";""
"Türkiye";"Yıllık";"Adrese Dayalı Nüfus Kayıt Sistemi";"Malatya";"Tek Çekirdek Aileden Oluşan Hanehalkı";"Hanehalkı sayısı";"2017";"138239";"";"";"";"";""
"Türkiye";"Yıllık";"Adrese Dayalı Nüfus Kayıt Sistemi";"Malatya";"Tek Çekirdek Aileden Oluşan Hanehalkı";"Hanehalkı sayısı";"2018";"137512";"";"";"";"";""
"Türkiye";"Yıllık";"Adrese Dayalı Nüfus Kayıt Sistemi";"Malatya";"Tek Çekirdek Aileden Oluşan Hanehalkı";"Hanehalkı sayısı";"2019";"142422";"";"";"";"";""
"Türkiye";"Yıllık";"Adrese Dayalı Nüfus Kayıt Sistemi";"Malatya";"Tek Çekirdek Aileden Oluşan Hanehalkı";"Hanehalkı sayısı";"2020";"146115";"";"";"";"";""
"Türkiye";"Yıllık";"Adrese Dayalı Nüfus Kayıt Sistemi";"Malatya";"Tek Çekirdek Aileden Oluşan Hanehalkı";"Hanehalkı sayısı";"2021";"148532";"";"";"";"";""
"Türkiye";"Yıllık";"Adrese Dayalı Nüfus Kayıt Sistemi";"Malatya";"Tek Çekirdek Aileden Oluşan Hanehalkı";"Hanehalkı sayısı";"2022";"156337";"";"";"";"";""
"Türkiye";"Yıllık";"Adrese Dayalı Nüfus Kayıt Sistemi";"Malatya";"Tek Çekirdek Aileden Oluşan Hanehalkı";"Hanehalkı sayısı";"2023";"141035";"";"";"";"";""
"Türkiye";"Yıllık";"Adrese Dayalı Nüfus Kayıt Sistemi";"Malatya";"Tek Çekirdek Aileden Oluşan Hanehalkı";"Hanehalkı sayısı";"2024";"144120";"";"";"";"";""
"Türkiye";"Yıllık";"Adrese Dayalı Nüfus Kayıt Sistemi";"Malatya";"Tek Çekirdek Aileden Oluşan Hanehalkı";"Hanehalkı sayısı";"2025";"143316";"";"";"";"";""
"Türkiye";"Yıllık";"Adrese Dayalı Nüfus Kayıt Sistemi";"Malatya";"En Az Bir Çekirdek Aile Ve Diğer Kişilerden Oluşan Hanehalkı";"Hanehalkı sayısı";"2014";"38577";"";"";"";"";""
"Türkiye";"Yıllık";"Adrese Dayalı Nüfus Kayıt Sistemi";"Malatya";"En Az Bir Çekirdek Aile Ve Diğer Kişilerden Oluşan Hanehalkı";"Hanehalkı sayısı";"2015";"38562";"";"";"";"";""
"Türkiye";"Yıllık";"Adrese Dayalı Nüfus Kayıt Sistemi";"Malatya";"En Az Bir Çekirdek Aile Ve Diğer Kişilerden Oluşan Hanehalkı";"Hanehalkı sayısı";"2016";"38646";"";"";"";"";""
"Türkiye";"Yıllık";"Adrese Dayalı Nüfus Kayıt Sistemi";"Malatya";"En Az Bir Çekirdek Aile Ve Diğer Kişilerden Oluşan Hanehalkı";"Hanehalkı sayısı";"2017";"38140";"";"";"";"";""
"Türkiye";"Yıllık";"Adrese Dayalı Nüfus Kayıt Sistemi";"Malatya";"En Az Bir Çekirdek Aile Ve Diğer Kişilerden Oluşan Hanehalkı";"Hanehalkı sayısı";"2018";"39567";"";"";"";"";""
"Türkiye";"Yıllık";"Adrese Dayalı Nüfus Kayıt Sistemi";"Malatya";"En Az Bir Çekirdek Aile Ve Diğer Kişilerden Oluşan Hanehalkı";"Hanehalkı sayısı";"2019";"38916";"";"";"";"";""
"Türkiye";"Yıllık";"Adrese Dayalı Nüfus Kayıt Sistemi";"Malatya";"En Az Bir Çekirdek Aile Ve Diğer Kişilerden Oluşan Hanehalkı";"Hanehalkı sayısı";"2020";"38100";"";"";"";"";""
"Türkiye";"Yıllık";"Adrese Dayalı Nüfus Kayıt Sistemi";"Malatya";"En Az Bir Çekirdek Aile Ve Diğer Kişilerden Oluşan Hanehalkı";"Hanehalkı sayısı";"2021";"37845";"";"";"";"";""
"Türkiye";"Yıllık";"Adrese Dayalı Nüfus Kayıt Sistemi";"Malatya";"En Az Bir Çekirdek Aile Ve Diğer Kişilerden Oluşan Hanehalkı";"Hanehalkı sayısı";"2022";"35276";"";"";"";"";""
"Türkiye";"Yıllık";"Adrese Dayalı Nüfus Kayıt Sistemi";"Malatya";"En Az Bir Çekirdek Aile Ve Diğer Kişilerden Oluşan Hanehalkı";"Hanehalkı sayısı";"2023";"30777";"";"";"";"";""
"Türkiye";"Yıllık";"Adrese Dayalı Nüfus Kayıt Sistemi";"Malatya";"En Az Bir Çekirdek Aile Ve Diğer Kişilerden Oluşan Hanehalkı";"Hanehalkı sayısı";"2024";"32294";"";"";"";"";""
"Türkiye";"Yıllık";"Adrese Dayalı Nüfus Kayıt Sistemi";"Malatya";"En Az Bir Çekirdek Aile Ve Diğer Kişilerden Oluşan Hanehalkı";"Hanehalkı sayısı";"2025";"34752";"";"";"";"";""
"Türkiye";"Yıllık";"Adrese Dayalı Nüfus Kayıt Sistemi";"Malatya";"Çekirdek Aile Bulunmayan Birden Fazla Kişiden Oluşan Hanehalkı";"Hanehalkı sayısı";"2014";"3291";"";"";"";"";""
"Türkiye";"Yıllık";"Adrese Dayalı Nüfus Kayıt Sistemi";"Malatya";"Çekirdek Aile Bulunmayan Birden Fazla Kişiden Oluşan Hanehalkı";"Hanehalkı sayısı";"2015";"3418";"";"";"";"";""
"Türkiye";"Yıllık";"Adrese Dayalı Nüfus Kayıt Sistemi";"Malatya";"Çekirdek Aile Bulunmayan Birden Fazla Kişiden Oluşan Hanehalkı";"Hanehalkı sayısı";"2016";"3557";"";"";"";"";""
"Türkiye";"Yıllık";"Adrese Dayalı Nüfus Kayıt Sistemi";"Malatya";"Çekirdek Aile Bulunmayan Birden Fazla Kişiden Oluşan Hanehalkı";"Hanehalkı sayısı";"2017";"3572";"";"";"";"";""
"Türkiye";"Yıllık";"Adrese Dayalı Nüfus Kayıt Sistemi";"Malatya";"Çekirdek Aile Bulunmayan Birden Fazla Kişiden Oluşan Hanehalkı";"Hanehalkı sayısı";"2018";"3995";"";"";"";"";""
"Türkiye";"Yıllık";"Adrese Dayalı Nüfus Kayıt Sistemi";"Malatya";"Çekirdek Aile Bulunmayan Birden Fazla Kişiden Oluşan Hanehalkı";"Hanehalkı sayısı";"2019";"4278";"";"";"";"";""
"Türkiye";"Yıllık";"Adrese Dayalı Nüfus Kayıt Sistemi";"Malatya";"Çekirdek Aile Bulunmayan Birden Fazla Kişiden Oluşan Hanehalkı";"Hanehalkı sayısı";"2020";"4570";"";"";"";"";""
"Türkiye";"Yıllık";"Adrese Dayalı Nüfus Kayıt Sistemi";"Malatya";"Çekirdek Aile Bulunmayan Birden Fazla Kişiden Oluşan Hanehalkı";"Hanehalkı sayısı";"2021";"4844";"";"";"";"";""
"Türkiye";"Yıllık";"Adrese Dayalı Nüfus Kayıt Sistemi";"Malatya";"Çekirdek Aile Bulunmayan Birden Fazla Kişiden Oluşan Hanehalkı";"Hanehalkı sayısı";"2022";"5068";"";"";"";"";""
"Türkiye";"Yıllık";"Adrese Dayalı Nüfus Kayıt Sistemi";"Malatya";"Çekirdek Aile Bulunmayan Birden Fazla Kişiden Oluşan Hanehalkı";"Hanehalkı sayısı";"2023";"5513";"";"";"";"";""
"Türkiye";"Yıllık";"Adrese Dayalı Nüfus Kayıt Sistemi";"Malatya";"Çekirdek Aile Bulunmayan Birden Fazla Kişiden Oluşan Hanehalkı";"Hanehalkı sayısı";"2024";"5814";"";"";"";"";""
"Türkiye";"Yıllık";"Adrese Dayalı Nüfus Kayıt Sistemi";"Malatya";"Çekirdek Aile Bulunmayan Birden Fazla Kişiden Oluşan Hanehalkı";"Hanehalkı sayısı";"2025";"6217";"";"";"";"";""
"Türkiye";"Yıllık";"Adrese Dayalı Nüfus Kayıt Sistemi";"Malatya";"Toplam";"Hanehalkı sayısı";"2014";"197284";"";"";"";"";""
"Türkiye";"Yıllık";"Adrese Dayalı Nüfus Kayıt Sistemi";"Malatya";"Toplam";"Hanehalkı sayısı";"2015";"202029";"";"";"";"";""
"Türkiye";"Yıllık";"Adrese Dayalı Nüfus Kayıt Sistemi";"Malatya";"Toplam";"Hanehalkı sayısı";"2016";"206879";"";"";"";"";""
"Türkiye";"Yıllık";"Adrese Dayalı Nüfus Kayıt Sistemi";"Malatya";"Toplam";"Hanehalkı sayısı";"2017";"211197";"";"";"";"";""
"Türkiye";"Yıllık";"Adrese Dayalı Nüfus Kayıt Sistemi";"Malatya";"Toplam";"Hanehalkı sayısı";"2018";"214106";"";"";"";"";""
"Türkiye";"Yıllık";"Adrese Dayalı Nüfus Kayıt Sistemi";"Malatya";"Toplam";"Hanehalkı sayısı";"2019";"220020";"";"";"";"";""
"Türkiye";"Yıllık";"Adrese Dayalı Nüfus Kayıt Sistemi";"Malatya";"Toplam";"Hanehalkı sayısı";"2020";"225586";"";"";"";"";""
"Türkiye";"Yıllık";"Adrese Dayalı Nüfus Kayıt Sistemi";"Malatya";"Toplam";"Hanehalkı sayısı";"2021";"230499";"";"";"";"";""
"Türkiye";"Yıllık";"Adrese Dayalı Nüfus Kayıt Sistemi";"Malatya";"Toplam";"Hanehalkı sayısı";"2022";"238581";"";"";"";"";""
"Türkiye";"Yıllık";"Adrese Dayalı Nüfus Kayıt Sistemi";"Malatya";"Toplam";"Hanehalkı sayısı";"2023";"229593";"";"";"";"";""
"Türkiye";"Yıllık";"Adrese Dayalı Nüfus Kayıt Sistemi";"Malatya";"Toplam";"Hanehalkı sayısı";"2024";"235283";"";"";"";"";""
"Türkiye";"Yıllık";"Adrese Dayalı Nüfus Kayıt Sistemi";"Malatya";"Toplam";"Hanehalkı sayısı";"2025";"236048";"";"";"";"";""
"Türkiye";"Yıllık";"Adrese Dayalı Nüfus Kayıt Sistemi";"Tunceli";"Tek Kişilik Hanehalkı";"Hanehalkı sayısı";"2014";"5522";"";"";"";"";""
"Türkiye";"Yıllık";"Adrese Dayalı Nüfus Kayıt Sistemi";"Tunceli";"Tek Kişilik Hanehalkı";"Hanehalkı sayısı";"2015";"6043";"";"";"";"";""
"Türkiye";"Yıllık";"Adrese Dayalı Nüfus Kayıt Sistemi";"Tunceli";"Tek Kişilik Hanehalkı";"Hanehalkı sayısı";"2016";"6394";"";"";"";"";""
"Türkiye";"Yıllık";"Adrese Dayalı Nüfus Kayıt Sistemi";"Tunceli";"Tek Kişilik Hanehalkı";"Hanehalkı sayısı";"2017";"6812";"";"";"";"";""
"Türkiye";"Yıllık";"Adrese Dayalı Nüfus Kayıt Sistemi";"Tunceli";"Tek Kişilik Hanehalkı";"Hanehalkı sayısı";"2018";"7088";"";"";"";"";""
"Türkiye";"Yıllık";"Adrese Dayalı Nüfus Kayıt Sistemi";"Tunceli";"Tek Kişilik Hanehalkı";"Hanehalkı sayısı";"2019";"7368";"";"";"";"";""
"Türkiye";"Yıllık";"Adrese Dayalı Nüfus Kayıt Sistemi";"Tunceli";"Tek Kişilik Hanehalkı";"Hanehalkı sayısı";"2020";"8060";"";"";"";"";""
"Türkiye";"Yıllık";"Adrese Dayalı Nüfus Kayıt Sistemi";"Tunceli";"Tek Kişilik Hanehalkı";"Hanehalkı sayısı";"2021";"8576";"";"";"";"";""
"Türkiye";"Yıllık";"Adrese Dayalı Nüfus Kayıt Sistemi";"Tunceli";"Tek Kişilik Hanehalkı";"Hanehalkı sayısı";"2022";"9022";"";"";"";"";""
"Türkiye";"Yıllık";"Adrese Dayalı Nüfus Kayıt Sistemi";"Tunceli";"Tek Kişilik Hanehalkı";"Hanehalkı sayısı";"2023";"8982";"";"";"";"";""
"Türkiye";"Yıllık";"Adrese Dayalı Nüfus Kayıt Sistemi";"Tunceli";"Tek Kişilik Hanehalkı";"Hanehalkı sayısı";"2024";"9180";"";"";"";"";""
"Türkiye";"Yıllık";"Adrese Dayalı Nüfus Kayıt Sistemi";"Tunceli";"Tek Kişilik Hanehalkı";"Hanehalkı sayısı";"2025";"9565";"";"";"";"";""
"Türkiye";"Yıllık";"Adrese Dayalı Nüfus Kayıt Sistemi";"Tunceli";"Tek Çekirdek Aileden Oluşan Hanehalkı";"Hanehalkı sayısı";"2014";"14927";"";"";"";"";""
"Türkiye";"Yıllık";"Adrese Dayalı Nüfus Kayıt Sistemi";"Tunceli";"Tek Çekirdek Aileden Oluşan Hanehalkı";"Hanehalkı sayısı";"2015";"14898";"";"";"";"";""
"Türkiye";"Yıllık";"Adrese Dayalı Nüfus Kayıt Sistemi";"Tunceli";"Tek Çekirdek Aileden Oluşan Hanehalkı";"Hanehalkı sayısı";"2016";"14714";"";"";"";"";""
"Türkiye";"Yıllık";"Adrese Dayalı Nüfus Kayıt Sistemi";"Tunceli";"Tek Çekirdek Aileden Oluşan Hanehalkı";"Hanehalkı sayısı";"2017";"14634";"";"";"";"";""
"Türkiye";"Yıllık";"Adrese Dayalı Nüfus Kayıt Sistemi";"Tunceli";"Tek Çekirdek Aileden Oluşan Hanehalkı";"Hanehalkı sayısı";"2018";"15054";"";"";"";"";""
"Türkiye";"Yıllık";"Adrese Dayalı Nüfus Kayıt Sistemi";"Tunceli";"Tek Çekirdek Aileden Oluşan Hanehalkı";"Hanehalkı sayısı";"2019";"15172";"";"";"";"";""
"Türkiye";"Yıllık";"Adrese Dayalı Nüfus Kayıt Sistemi";"Tunceli";"Tek Çekirdek Aileden Oluşan Hanehalkı";"Hanehalkı sayısı";"2020";"15512";"";"";"";"";""
"Türkiye";"Yıllık";"Adrese Dayalı Nüfus Kayıt Sistemi";"Tunceli";"Tek Çekirdek Aileden Oluşan Hanehalkı";"Hanehalkı sayısı";"2021";"15766";"";"";"";"";""
"Türkiye";"Yıllık";"Adrese Dayalı Nüfus Kayıt Sistemi";"Tunceli";"Tek Çekirdek Aileden Oluşan Hanehalkı";"Hanehalkı sayısı";"2022";"15927";"";"";"";"";""
"Türkiye";"Yıllık";"Adrese Dayalı Nüfus Kayıt Sistemi";"Tunceli";"Tek Çekirdek Aileden Oluşan Hanehalkı";"Hanehalkı sayısı";"2023";"15651";"";"";"";"";""
"Türkiye";"Yıllık";"Adrese Dayalı Nüfus Kayıt Sistemi";"Tunceli";"Tek Çekirdek Aileden Oluşan Hanehalkı";"Hanehalkı sayısı";"2024";"15535";"";"";"";"";""
"Türkiye";"Yıllık";"Adrese Dayalı Nüfus Kayıt Sistemi";"Tunceli";"Tek Çekirdek Aileden Oluşan Hanehalkı";"Hanehalkı sayısı";"2025";"15488";"";"";"";"";""
"Türkiye";"Yıllık";"Adrese Dayalı Nüfus Kayıt Sistemi";"Tunceli";"En Az Bir Çekirdek Aile Ve Diğer Kişilerden Oluşan Hanehalkı";"Hanehalkı sayısı";"2014";"3591";"";"";"";"";""
"Türkiye";"Yıllık";"Adrese Dayalı Nüfus Kayıt Sistemi";"Tunceli";"En Az Bir Çekirdek Aile Ve Diğer Kişilerden Oluşan Hanehalkı";"Hanehalkı sayısı";"2015";"3530";"";"";"";"";""
"Türkiye";"Yıllık";"Adrese Dayalı Nüfus Kayıt Sistemi";"Tunceli";"En Az Bir Çekirdek Aile Ve Diğer Kişilerden Oluşan Hanehalkı";"Hanehalkı sayısı";"2016";"3425";"";"";"";"";""
"Türkiye";"Yıllık";"Adrese Dayalı Nüfus Kayıt Sistemi";"Tunceli";"En Az Bir Çekirdek Aile Ve Diğer Kişilerden Oluşan Hanehalkı";"Hanehalkı sayısı";"2017";"3480";"";"";"";"";""
"Türkiye";"Yıllık";"Adrese Dayalı Nüfus Kayıt Sistemi";"Tunceli";"En Az Bir Çekirdek Aile Ve Diğer Kişilerden Oluşan Hanehalkı";"Hanehalkı sayısı";"2018";"4207";"";"";"";"";""
"Türkiye";"Yıllık";"Adrese Dayalı Nüfus Kayıt Sistemi";"Tunceli";"En Az Bir Çekirdek Aile Ve Diğer Kişilerden Oluşan Hanehalkı";"Hanehalkı sayısı";"2019";"4065";"";"";"";"";""
"Türkiye";"Yıllık";"Adrese Dayalı Nüfus Kayıt Sistemi";"Tunceli";"En Az Bir Çekirdek Aile Ve Diğer Kişilerden Oluşan Hanehalkı";"Hanehalkı sayısı";"2020";"3959";"";"";"";"";""
"Türkiye";"Yıllık";"Adrese Dayalı Nüfus Kayıt Sistemi";"Tunceli";"En Az Bir Çekirdek Aile Ve Diğer Kişilerden Oluşan Hanehalkı";"Hanehalkı sayısı";"2021";"3851";"";"";"";"";""
"Türkiye";"Yıllık";"Adrese Dayalı Nüfus Kayıt Sistemi";"Tunceli";"En Az Bir Çekirdek Aile Ve Diğer Kişilerden Oluşan Hanehalkı";"Hanehalkı sayısı";"2022";"3726";"";"";"";"";""
"Türkiye";"Yıllık";"Adrese Dayalı Nüfus Kayıt Sistemi";"Tunceli";"En Az Bir Çekirdek Aile Ve Diğer Kişilerden Oluşan Hanehalkı";"Hanehalkı sayısı";"2023";"4485";"";"";"";"";""
"Türkiye";"Yıllık";"Adrese Dayalı Nüfus Kayıt Sistemi";"Tunceli";"En Az Bir Çekirdek Aile Ve Diğer Kişilerden Oluşan Hanehalkı";"Hanehalkı sayısı";"2024";"4318";"";"";"";"";""
"Türkiye";"Yıllık";"Adrese Dayalı Nüfus Kayıt Sistemi";"Tunceli";"En Az Bir Çekirdek Aile Ve Diğer Kişilerden Oluşan Hanehalkı";"Hanehalkı sayısı";"2025";"4201";"";"";"";"";""
"Türkiye";"Yıllık";"Adrese Dayalı Nüfus Kayıt Sistemi";"Tunceli";"Çekirdek Aile Bulunmayan Birden Fazla Kişiden Oluşan Hanehalkı";"Hanehalkı sayısı";"2014";"1147";"";"";"";"";""
"Türkiye";"Yıllık";"Adrese Dayalı Nüfus Kayıt Sistemi";"Tunceli";"Çekirdek Aile Bulunmayan Birden Fazla Kişiden Oluşan Hanehalkı";"Hanehalkı sayısı";"2015";"1245";"";"";"";"";""
"Türkiye";"Yıllık";"Adrese Dayalı Nüfus Kayıt Sistemi";"Tunceli";"Çekirdek Aile Bulunmayan Birden Fazla Kişiden Oluşan Hanehalkı";"Hanehalkı sayısı";"2016";"1172";"";"";"";"";""
"Türkiye";"Yıllık";"Adrese Dayalı Nüfus Kayıt Sistemi";"Tunceli";"Çekirdek Aile Bulunmayan Birden Fazla Kişiden Oluşan Hanehalkı";"Hanehalkı sayısı";"2017";"1149";"";"";"";"";""
"Türkiye";"Yıllık";"Adrese Dayalı Nüfus Kayıt Sistemi";"Tunceli";"Çekirdek Aile Bulunmayan Birden Fazla Kişiden Oluşan Hanehalkı";"Hanehalkı sayısı";"2018";"1291";"";"";"";"";""
"Türkiye";"Yıllık";"Adrese Dayalı Nüfus Kayıt Sistemi";"Tunceli";"Çekirdek Aile Bulunmayan Birden Fazla Kişiden Oluşan Hanehalkı";"Hanehalkı sayısı";"2019";"1357";"";"";"";"";""
"Türkiye";"Yıllık";"Adrese Dayalı Nüfus Kayıt Sistemi";"Tunceli";"Çekirdek Aile Bulunmayan Birden Fazla Kişiden Oluşan Hanehalkı";"Hanehalkı sayısı";"2020";"1360";"";"";"";"";""
"Türkiye";"Yıllık";"Adrese Dayalı Nüfus Kayıt Sistemi";"Tunceli";"Çekirdek Aile Bulunmayan Birden Fazla Kişiden Oluşan Hanehalkı";"Hanehalkı sayısı";"2021";"1413";"";"";"";"";""
"Türkiye";"Yıllık";"Adrese Dayalı Nüfus Kayıt Sistemi";"Tunceli";"Çekirdek Aile Bulunmayan Birden Fazla Kişiden Oluşan Hanehalkı";"Hanehalkı sayısı";"2022";"1456";"";"";"";"";""
"Türkiye";"Yıllık";"Adrese Dayalı Nüfus Kayıt Sistemi";"Tunceli";"Çekirdek Aile Bulunmayan Birden Fazla Kişiden Oluşan Hanehalkı";"Hanehalkı sayısı";"2023";"1659";"";"";"";"";""
"Türkiye";"Yıllık";"Adrese Dayalı Nüfus Kayıt Sistemi";"Tunceli";"Çekirdek Aile Bulunmayan Birden Fazla Kişiden Oluşan Hanehalkı";"Hanehalkı sayısı";"2024";"1754";"";"";"";"";""
"Türkiye";"Yıllık";"Adrese Dayalı Nüfus Kayıt Sistemi";"Tunceli";"Çekirdek Aile Bulunmayan Birden Fazla Kişiden Oluşan Hanehalkı";"Hanehalkı sayısı";"2025";"1801";"";"";"";"";""
"Türkiye";"Yıllık";"Adrese Dayalı Nüfus Kayıt Sistemi";"Tunceli";"Toplam";"Hanehalkı sayısı";"2014";"25187";"";"";"";"";""
"Türkiye";"Yıllık";"Adrese Dayalı Nüfus Kayıt Sistemi";"Tunceli";"Toplam";"Hanehalkı sayısı";"2015";"25716";"";"";"";"";""
"Türkiye";"Yıllık";"Adrese Dayalı Nüfus Kayıt Sistemi";"Tunceli";"Toplam";"Hanehalkı sayısı";"2016";"25705";"";"";"";"";""
"Türkiye";"Yıllık";"Adrese Dayalı Nüfus Kayıt Sistemi";"Tunceli";"Toplam";"Hanehalkı sayısı";"2017";"26075";"";"";"";"";""
"Türkiye";"Yıllık";"Adrese Dayalı Nüfus Kayıt Sistemi";"Tunceli";"Toplam";"Hanehalkı sayısı";"2018";"27640";"";"";"";"";""
"Türkiye";"Yıllık";"Adrese Dayalı Nüfus Kayıt Sistemi";"Tunceli";"Toplam";"Hanehalkı sayısı";"2019";"27962";"";"";"";"";""
"Türkiye";"Yıllık";"Adrese Dayalı Nüfus Kayıt Sistemi";"Tunceli";"Toplam";"Hanehalkı sayısı";"2020";"28891";"";"";"";"";""
"Türkiye";"Yıllık";"Adrese Dayalı Nüfus Kayıt Sistemi";"Tunceli";"Toplam";"Hanehalkı sayısı";"2021";"29606";"";"";"";"";""
"Türkiye";"Yıllık";"Adrese Dayalı Nüfus Kayıt Sistemi";"Tunceli";"Toplam";"Hanehalkı sayısı";"2022";"30131";"";"";"";"";""
"Türkiye";"Yıllık";"Adrese Dayalı Nüfus Kayıt Sistemi";"Tunceli";"Toplam";"Hanehalkı sayısı";"2023";"30777";"";"";"";"";""
"Türkiye";"Yıllık";"Adrese Dayalı Nüfus Kayıt Sistemi";"Tunceli";"Toplam";"Hanehalkı sayısı";"2024";"30787";"";"";"";"";""
"Türkiye";"Yıllık";"Adrese Dayalı Nüfus Kayıt Sistemi";"Tunceli";"Toplam";"Hanehalkı sayısı";"2025";"31055";"";"";"";"";""
"Türkiye";"Yıllık";"Adrese Dayalı Nüfus Kayıt Sistemi";"Bitlis";"Tek Kişilik Hanehalkı";"Hanehalkı sayısı";"2014";"5200";"";"";"";"";""
"Türkiye";"Yıllık";"Adrese Dayalı Nüfus Kayıt Sistemi";"Bitlis";"Tek Kişilik Hanehalkı";"Hanehalkı sayısı";"2015";"5958";"";"";"";"";""
"Türkiye";"Yıllık";"Adrese Dayalı Nüfus Kayıt Sistemi";"Bitlis";"Tek Kişilik Hanehalkı";"Hanehalkı sayısı";"2016";"6858";"";"";"";"";""
"Türkiye";"Yıllık";"Adrese Dayalı Nüfus Kayıt Sistemi";"Bitlis";"Tek Kişilik Hanehalkı";"Hanehalkı sayısı";"2017";"7765";"";"";"";"";""
"Türkiye";"Yıllık";"Adrese Dayalı Nüfus Kayıt Sistemi";"Bitlis";"Tek Kişilik Hanehalkı";"Hanehalkı sayısı";"2018";"8477";"";"";"";"";""
"Türkiye";"Yıllık";"Adrese Dayalı Nüfus Kayıt Sistemi";"Bitlis";"Tek Kişilik Hanehalkı";"Hanehalkı sayısı";"2019";"9255";"";"";"";"";""
"Türkiye";"Yıllık";"Adrese Dayalı Nüfus Kayıt Sistemi";"Bitlis";"Tek Kişilik Hanehalkı";"Hanehalkı sayısı";"2020";"10349";"";"";"";"";""
"Türkiye";"Yıllık";"Adrese Dayalı Nüfus Kayıt Sistemi";"Bitlis";"Tek Kişilik Hanehalkı";"Hanehalkı sayısı";"2021";"11592";"";"";"";"";""
"Türkiye";"Yıllık";"Adrese Dayalı Nüfus Kayıt Sistemi";"Bitlis";"Tek Kişilik Hanehalkı";"Hanehalkı sayısı";"2022";"12905";"";"";"";"";""
"Türkiye";"Yıllık";"Adrese Dayalı Nüfus Kayıt Sistemi";"Bitlis";"Tek Kişilik Hanehalkı";"Hanehalkı sayısı";"2023";"13078";"";"";"";"";""
"Türkiye";"Yıllık";"Adrese Dayalı Nüfus Kayıt Sistemi";"Bitlis";"Tek Kişilik Hanehalkı";"Hanehalkı sayısı";"2024";"13332";"";"";"";"";""
"Türkiye";"Yıllık";"Adrese Dayalı Nüfus Kayıt Sistemi";"Bitlis";"Tek Kişilik Hanehalkı";"Hanehalkı sayısı";"2025";"13698";"";"";"";"";""
"Türkiye";"Yıllık";"Adrese Dayalı Nüfus Kayıt Sistemi";"Bitlis";"Tek Çekirdek Aileden Oluşan Hanehalkı";"Hanehalkı sayısı";"2014";"37000";"";"";"";"";""
"Türkiye";"Yıllık";"Adrese Dayalı Nüfus Kayıt Sistemi";"Bitlis";"Tek Çekirdek Aileden Oluşan Hanehalkı";"Hanehalkı sayısı";"2015";"40318";"";"";"";"";""
"Türkiye";"Yıllık";"Adrese Dayalı Nüfus Kayıt Sistemi";"Bitlis";"Tek Çekirdek Aileden Oluşan Hanehalkı";"Hanehalkı sayısı";"2016";"43148";"";"";"";"";""
"Türkiye";"Yıllık";"Adrese Dayalı Nüfus Kayıt Sistemi";"Bitlis";"Tek Çekirdek Aileden Oluşan Hanehalkı";"Hanehalkı sayısı";"2017";"45607";"";"";"";"";""
"Türkiye";"Yıllık";"Adrese Dayalı Nüfus Kayıt Sistemi";"Bitlis";"Tek Çekirdek Aileden Oluşan Hanehalkı";"Hanehalkı sayısı";"2018";"47126";"";"";"";"";""
"Türkiye";"Yıllık";"Adrese Dayalı Nüfus Kayıt Sistemi";"Bitlis";"Tek Çekirdek Aileden Oluşan Hanehalkı";"Hanehalkı sayısı";"2019";"49404";"";"";"";"";""
"Türkiye";"Yıllık";"Adrese Dayalı Nüfus Kayıt Sistemi";"Bitlis";"Tek Çekirdek Aileden Oluşan Hanehalkı";"Hanehalkı sayısı";"2020";"51877";"";"";"";"";""
"Türkiye";"Yıllık";"Adrese Dayalı Nüfus Kayıt Sistemi";"Bitlis";"Tek Çekirdek Aileden Oluşan Hanehalkı";"Hanehalkı sayısı";"2021";"53243";"";"";"";"";""
"Türkiye";"Yıllık";"Adrese Dayalı Nüfus Kayıt Sistemi";"Bitlis";"Tek Çekirdek Aileden Oluşan Hanehalkı";"Hanehalkı sayısı";"2022";"57150";"";"";"";"";""
"Türkiye";"Yıllık";"Adrese Dayalı Nüfus Kayıt Sistemi";"Bitlis";"Tek Çekirdek Aileden Oluşan Hanehalkı";"Hanehalkı sayısı";"2023";"58654";"";"";"";"";""
"Türkiye";"Yıllık";"Adrese Dayalı Nüfus Kayıt Sistemi";"Bitlis";"Tek Çekirdek Aileden Oluşan Hanehalkı";"Hanehalkı sayısı";"2024";"59289";"";"";"";"";""
"Türkiye";"Yıllık";"Adrese Dayalı Nüfus Kayıt Sistemi";"Bitlis";"Tek Çekirdek Aileden Oluşan Hanehalkı";"Hanehalkı sayısı";"2025";"59480";"";"";"";"";""
"Türkiye";"Yıllık";"Adrese Dayalı Nüfus Kayıt Sistemi";"Bitlis";"En Az Bir Çekirdek Aile Ve Diğer Kişilerden Oluşan Hanehalkı";"Hanehalkı sayısı";"2014";"15445";"";"";"";"";""
"Türkiye";"Yıllık";"Adrese Dayalı Nüfus Kayıt Sistemi";"Bitlis";"En Az Bir Çekirdek Aile Ve Diğer Kişilerden Oluşan Hanehalkı";"Hanehalkı sayısı";"2015";"14876";"";"";"";"";""
"Türkiye";"Yıllık";"Adrese Dayalı Nüfus Kayıt Sistemi";"Bitlis";"En Az Bir Çekirdek Aile Ve Diğer Kişilerden Oluşan Hanehalkı";"Hanehalkı sayısı";"2016";"14198";"";"";"";"";""
"Türkiye";"Yıllık";"Adrese Dayalı Nüfus Kayıt Sistemi";"Bitlis";"En Az Bir Çekirdek Aile Ve Diğer Kişilerden Oluşan Hanehalkı";"Hanehalkı sayısı";"2017";"13665";"";"";"";"";""
"Türkiye";"Yıllık";"Adrese Dayalı Nüfus Kayıt Sistemi";"Bitlis";"En Az Bir Çekirdek Aile Ve Diğer Kişilerden Oluşan Hanehalkı";"Hanehalkı sayısı";"2018";"14053";"";"";"";"";""
"Türkiye";"Yıllık";"Adrese Dayalı Nüfus Kayıt Sistemi";"Bitlis";"En Az Bir Çekirdek Aile Ve Diğer Kişilerden Oluşan Hanehalkı";"Hanehalkı sayısı";"2019";"13741";"";"";"";"";""
"Türkiye";"Yıllık";"Adrese Dayalı Nüfus Kayıt Sistemi";"Bitlis";"En Az Bir Çekirdek Aile Ve Diğer Kişilerden Oluşan Hanehalkı";"Hanehalkı sayısı";"2020";"13084";"";"";"";"";""
"Türkiye";"Yıllık";"Adrese Dayalı Nüfus Kayıt Sistemi";"Bitlis";"En Az Bir Çekirdek Aile Ve Diğer Kişilerden Oluşan Hanehalkı";"Hanehalkı sayısı";"2021";"12983";"";"";"";"";""
"Türkiye";"Yıllık";"Adrese Dayalı Nüfus Kayıt Sistemi";"Bitlis";"En Az Bir Çekirdek Aile Ve Diğer Kişilerden Oluşan Hanehalkı";"Hanehalkı sayısı";"2022";"11903";"";"";"";"";""
"Türkiye";"Yıllık";"Adrese Dayalı Nüfus Kayıt Sistemi";"Bitlis";"En Az Bir Çekirdek Aile Ve Diğer Kişilerden Oluşan Hanehalkı";"Hanehalkı sayısı";"2023";"12383";"";"";"";"";""
"Türkiye";"Yıllık";"Adrese Dayalı Nüfus Kayıt Sistemi";"Bitlis";"En Az Bir Çekirdek Aile Ve Diğer Kişilerden Oluşan Hanehalkı";"Hanehalkı sayısı";"2024";"12577";"";"";"";"";""
"Türkiye";"Yıllık";"Adrese Dayalı Nüfus Kayıt Sistemi";"Bitlis";"En Az Bir Çekirdek Aile Ve Diğer Kişilerden Oluşan Hanehalkı";"Hanehalkı sayısı";"2025";"13003";"";"";"";"";""
"Türkiye";"Yıllık";"Adrese Dayalı Nüfus Kayıt Sistemi";"Bitlis";"Çekirdek Aile Bulunmayan Birden Fazla Kişiden Oluşan Hanehalkı";"Hanehalkı sayısı";"2014";"1235";"";"";"";"";""
"Türkiye";"Yıllık";"Adrese Dayalı Nüfus Kayıt Sistemi";"Bitlis";"Çekirdek Aile Bulunmayan Birden Fazla Kişiden Oluşan Hanehalkı";"Hanehalkı sayısı";"2015";"1344";"";"";"";"";""
"Türkiye";"Yıllık";"Adrese Dayalı Nüfus Kayıt Sistemi";"Bitlis";"Çekirdek Aile Bulunmayan Birden Fazla Kişiden Oluşan Hanehalkı";"Hanehalkı sayısı";"2016";"1302";"";"";"";"";""
"Türkiye";"Yıllık";"Adrese Dayalı Nüfus Kayıt Sistemi";"Bitlis";"Çekirdek Aile Bulunmayan Birden Fazla Kişiden Oluşan Hanehalkı";"Hanehalkı sayısı";"2017";"1275";"";"";"";"";""
"Türkiye";"Yıllık";"Adrese Dayalı Nüfus Kayıt Sistemi";"Bitlis";"Çekirdek Aile Bulunmayan Birden Fazla Kişiden Oluşan Hanehalkı";"Hanehalkı sayısı";"2018";"1518";"";"";"";"";""
"Türkiye";"Yıllık";"Adrese Dayalı Nüfus Kayıt Sistemi";"Bitlis";"Çekirdek Aile Bulunmayan Birden Fazla Kişiden Oluşan Hanehalkı";"Hanehalkı sayısı";"2019";"1612";"";"";"";"";""
"Türkiye";"Yıllık";"Adrese Dayalı Nüfus Kayıt Sistemi";"Bitlis";"Çekirdek Aile Bulunmayan Birden Fazla Kişiden Oluşan Hanehalkı";"Hanehalkı sayısı";"2020";"1641";"";"";"";"";""
"Türkiye";"Yıllık";"Adrese Dayalı Nüfus Kayıt Sistemi";"Bitlis";"Çekirdek Aile Bulunmayan Birden Fazla Kişiden Oluşan Hanehalkı";"Hanehalkı sayısı";"2021";"1599";"";"";"";"";""
"Türkiye";"Yıllık";"Adrese Dayalı Nüfus Kayıt Sistemi";"Bitlis";"Çekirdek Aile Bulunmayan Birden Fazla Kişiden Oluşan Hanehalkı";"Hanehalkı sayısı";"2022";"1778";"";"";"";"";""
"Türkiye";"Yıllık";"Adrese Dayalı Nüfus Kayıt Sistemi";"Bitlis";"Çekirdek Aile Bulunmayan Birden Fazla Kişiden Oluşan Hanehalkı";"Hanehalkı sayısı";"2023";"1983";"";"";"";"";""
"Türkiye";"Yıllık";"Adrese Dayalı Nüfus Kayıt Sistemi";"Bitlis";"Çekirdek Aile Bulunmayan Birden Fazla Kişiden Oluşan Hanehalkı";"Hanehalkı sayısı";"2024";"1922";"";"";"";"";""
"Türkiye";"Yıllık";"Adrese Dayalı Nüfus Kayıt Sistemi";"Bitlis";"Çekirdek Aile Bulunmayan Birden Fazla Kişiden Oluşan Hanehalkı";"Hanehalkı sayısı";"2025";"2093";"";"";"";"";""
"Türkiye";"Yıllık";"Adrese Dayalı Nüfus Kayıt Sistemi";"Bitlis";"Toplam";"Hanehalkı sayısı";"2014";"58880";"";"";"";"";""
"Türkiye";"Yıllık";"Adrese Dayalı Nüfus Kayıt Sistemi";"Bitlis";"Toplam";"Hanehalkı sayısı";"2015";"62496";"";"";"";"";""
"Türkiye";"Yıllık";"Adrese Dayalı Nüfus Kayıt Sistemi";"Bitlis";"Toplam";"Hanehalkı sayısı";"2016";"65506";"";"";"";"";""
"Türkiye";"Yıllık";"Adrese Dayalı Nüfus Kayıt Sistemi";"Bitlis";"Toplam";"Hanehalkı sayısı";"2017";"68312";"";"";"";"";""
"Türkiye";"Yıllık";"Adrese Dayalı Nüfus Kayıt Sistemi";"Bitlis";"Toplam";"Hanehalkı sayısı";"2018";"71174";"";"";"";"";""
"Türkiye";"Yıllık";"Adrese Dayalı Nüfus Kayıt Sistemi";"Bitlis";"Toplam";"Hanehalkı sayısı";"2019";"74012";"";"";"";"";""
"Türkiye";"Yıllık";"Adrese Dayalı Nüfus Kayıt Sistemi";"Bitlis";"Toplam";"Hanehalkı sayısı";"2020";"76951";"";"";"";"";""
"Türkiye";"Yıllık";"Adrese Dayalı Nüfus Kayıt Sistemi";"Bitlis";"Toplam";"Hanehalkı sayısı";"2021";"79417";"";"";"";"";""
"Türkiye";"Yıllık";"Adrese Dayalı Nüfus Kayıt Sistemi";"Bitlis";"Toplam";"Hanehalkı sayısı";"2022";"83736";"";"";"";"";""
"Türkiye";"Yıllık";"Adrese Dayalı Nüfus Kayıt Sistemi";"Bitlis";"Toplam";"Hanehalkı sayısı";"2023";"86098";"";"";"";"";""
"Türkiye";"Yıllık";"Adrese Dayalı Nüfus Kayıt Sistemi";"Bitlis";"Toplam";"Hanehalkı sayısı";"2024";"87120";"";"";"";"";""
"Türkiye";"Yıllık";"Adrese Dayalı Nüfus Kayıt Sistemi";"Bitlis";"Toplam";"Hanehalkı sayısı";"2025";"88274";"";"";"";"";""
"Türkiye";"Yıllık";"Adrese Dayalı Nüfus Kayıt Sistemi";"Hakkari";"Tek Kişilik Hanehalkı";"Hanehalkı sayısı";"2014";"2938";"";"";"";"";""
"Türkiye";"Yıllık";"Adrese Dayalı Nüfus Kayıt Sistemi";"Hakkari";"Tek Kişilik Hanehalkı";"Hanehalkı sayısı";"2015";"3417";"";"";"";"";""
"Türkiye";"Yıllık";"Adrese Dayalı Nüfus Kayıt Sistemi";"Hakkari";"Tek Kişilik Hanehalkı";"Hanehalkı sayısı";"2016";"4073";"";"";"";"";""
"Türkiye";"Yıllık";"Adrese Dayalı Nüfus Kayıt Sistemi";"Hakkari";"Tek Kişilik Hanehalkı";"Hanehalkı sayısı";"2017";"4428";"";"";"";"";""
"Türkiye";"Yıllık";"Adrese Dayalı Nüfus Kayıt Sistemi";"Hakkari";"Tek Kişilik Hanehalkı";"Hanehalkı sayısı";"2018";"4709";"";"";"";"";""
"Türkiye";"Yıllık";"Adrese Dayalı Nüfus Kayıt Sistemi";"Hakkari";"Tek Kişilik Hanehalkı";"Hanehalkı sayısı";"2019";"5027";"";"";"";"";""
"Türkiye";"Yıllık";"Adrese Dayalı Nüfus Kayıt Sistemi";"Hakkari";"Tek Kişilik Hanehalkı";"Hanehalkı sayısı";"2020";"5793";"";"";"";"";""
"Türkiye";"Yıllık";"Adrese Dayalı Nüfus Kayıt Sistemi";"Hakkari";"Tek Kişilik Hanehalkı";"Hanehalkı sayısı";"2021";"6407";"";"";"";"";""
"Türkiye";"Yıllık";"Adrese Dayalı Nüfus Kayıt Sistemi";"Hakkari";"Tek Kişilik Hanehalkı";"Hanehalkı sayısı";"2022";"7491";"";"";"";"";""
"Türkiye";"Yıllık";"Adrese Dayalı Nüfus Kayıt Sistemi";"Hakkari";"Tek Kişilik Hanehalkı";"Hanehalkı sayısı";"2023";"8020";"";"";"";"";""
"Türkiye";"Yıllık";"Adrese Dayalı Nüfus Kayıt Sistemi";"Hakkari";"Tek Kişilik Hanehalkı";"Hanehalkı sayısı";"2024";"8091";"";"";"";"";""
"Türkiye";"Yıllık";"Adrese Dayalı Nüfus Kayıt Sistemi";"Hakkari";"Tek Kişilik Hanehalkı";"Hanehalkı sayısı";"2025";"8274";"";"";"";"";""
"Türkiye";"Yıllık";"Adrese Dayalı Nüfus Kayıt Sistemi";"Hakkari";"Tek Çekirdek Aileden Oluşan Hanehalkı";"Hanehalkı sayısı";"2014";"22972";"";"";"";"";""
"Türkiye";"Yıllık";"Adrese Dayalı Nüfus Kayıt Sistemi";"Hakkari";"Tek Çekirdek Aileden Oluşan Hanehalkı";"Hanehalkı sayısı";"2015";"23616";"";"";"";"";""
"Türkiye";"Yıllık";"Adrese Dayalı Nüfus Kayıt Sistemi";"Hakkari";"Tek Çekirdek Aileden Oluşan Hanehalkı";"Hanehalkı sayısı";"2016";"25791";"";"";"";"";""
"Türkiye";"Yıllık";"Adrese Dayalı Nüfus Kayıt Sistemi";"Hakkari";"Tek Çekirdek Aileden Oluşan Hanehalkı";"Hanehalkı sayısı";"2017";"26561";"";"";"";"";""
"Türkiye";"Yıllık";"Adrese Dayalı Nüfus Kayıt Sistemi";"Hakkari";"Tek Çekirdek Aileden Oluşan Hanehalkı";"Hanehalkı sayısı";"2018";"27289";"";"";"";"";""
"Türkiye";"Yıllık";"Adrese Dayalı Nüfus Kayıt Sistemi";"Hakkari";"Tek Çekirdek Aileden Oluşan Hanehalkı";"Hanehalkı sayısı";"2019";"28352";"";"";"";"";""
"Türkiye";"Yıllık";"Adrese Dayalı Nüfus Kayıt Sistemi";"Hakkari";"Tek Çekirdek Aileden Oluşan Hanehalkı";"Hanehalkı sayısı";"2020";"30556";"";"";"";"";""
"Türkiye";"Yıllık";"Adrese Dayalı Nüfus Kayıt Sistemi";"Hakkari";"Tek Çekirdek Aileden Oluşan Hanehalkı";"Hanehalkı sayısı";"2021";"31748";"";"";"";"";""
"Türkiye";"Yıllık";"Adrese Dayalı Nüfus Kayıt Sistemi";"Hakkari";"Tek Çekirdek Aileden Oluşan Hanehalkı";"Hanehalkı sayısı";"2022";"35966";"";"";"";"";""
"Türkiye";"Yıllık";"Adrese Dayalı Nüfus Kayıt Sistemi";"Hakkari";"Tek Çekirdek Aileden Oluşan Hanehalkı";"Hanehalkı sayısı";"2023";"36808";"";"";"";"";""
"Türkiye";"Yıllık";"Adrese Dayalı Nüfus Kayıt Sistemi";"Hakkari";"Tek Çekirdek Aileden Oluşan Hanehalkı";"Hanehalkı sayısı";"2024";"37469";"";"";"";"";""
"Türkiye";"Yıllık";"Adrese Dayalı Nüfus Kayıt Sistemi";"Hakkari";"Tek Çekirdek Aileden Oluşan Hanehalkı";"Hanehalkı sayısı";"2025";"37318";"";"";"";"";""
"Türkiye";"Yıllık";"Adrese Dayalı Nüfus Kayıt Sistemi";"Hakkari";"En Az Bir Çekirdek Aile Ve Diğer Kişilerden Oluşan Hanehalkı";"Hanehalkı sayısı";"2014";"11789";"";"";"";"";""
"Türkiye";"Yıllık";"Adrese Dayalı Nüfus Kayıt Sistemi";"Hakkari";"En Az Bir Çekirdek Aile Ve Diğer Kişilerden Oluşan Hanehalkı";"Hanehalkı sayısı";"2015";"11898";"";"";"";"";""
"Türkiye";"Yıllık";"Adrese Dayalı Nüfus Kayıt Sistemi";"Hakkari";"En Az Bir Çekirdek Aile Ve Diğer Kişilerden Oluşan Hanehalkı";"Hanehalkı sayısı";"2016";"11207";"";"";"";"";""
"Türkiye";"Yıllık";"Adrese Dayalı Nüfus Kayıt Sistemi";"Hakkari";"En Az Bir Çekirdek Aile Ve Diğer Kişilerden Oluşan Hanehalkı";"Hanehalkı sayısı";"2017";"11750";"";"";"";"";""
"Türkiye";"Yıllık";"Adrese Dayalı Nüfus Kayıt Sistemi";"Hakkari";"En Az Bir Çekirdek Aile Ve Diğer Kişilerden Oluşan Hanehalkı";"Hanehalkı sayısı";"2018";"12262";"";"";"";"";""
"Türkiye";"Yıllık";"Adrese Dayalı Nüfus Kayıt Sistemi";"Hakkari";"En Az Bir Çekirdek Aile Ve Diğer Kişilerden Oluşan Hanehalkı";"Hanehalkı sayısı";"2019";"12634";"";"";"";"";""
"Türkiye";"Yıllık";"Adrese Dayalı Nüfus Kayıt Sistemi";"Hakkari";"En Az Bir Çekirdek Aile Ve Diğer Kişilerden Oluşan Hanehalkı";"Hanehalkı sayısı";"2020";"12279";"";"";"";"";""
"Türkiye";"Yıllık";"Adrese Dayalı Nüfus Kayıt Sistemi";"Hakkari";"En Az Bir Çekirdek Aile Ve Diğer Kişilerden Oluşan Hanehalkı";"Hanehalkı sayısı";"2021";"12642";"";"";"";"";""
"Türkiye";"Yıllık";"Adrese Dayalı Nüfus Kayıt Sistemi";"Hakkari";"En Az Bir Çekirdek Aile Ve Diğer Kişilerden Oluşan Hanehalkı";"Hanehalkı sayısı";"2022";"11670";"";"";"";"";""
"Türkiye";"Yıllık";"Adrese Dayalı Nüfus Kayıt Sistemi";"Hakkari";"En Az Bir Çekirdek Aile Ve Diğer Kişilerden Oluşan Hanehalkı";"Hanehalkı sayısı";"2023";"11974";"";"";"";"";""
"Türkiye";"Yıllık";"Adrese Dayalı Nüfus Kayıt Sistemi";"Hakkari";"En Az Bir Çekirdek Aile Ve Diğer Kişilerden Oluşan Hanehalkı";"Hanehalkı sayısı";"2024";"12228";"";"";"";"";""
"Türkiye";"Yıllık";"Adrese Dayalı Nüfus Kayıt Sistemi";"Hakkari";"En Az Bir Çekirdek Aile Ve Diğer Kişilerden Oluşan Hanehalkı";"Hanehalkı sayısı";"2025";"12928";"";"";"";"";""
"Türkiye";"Yıllık";"Adrese Dayalı Nüfus Kayıt Sistemi";"Hakkari";"Çekirdek Aile Bulunmayan Birden Fazla Kişiden Oluşan Hanehalkı";"Hanehalkı sayısı";"2014";"1136";"";"";"";"";""
"Türkiye";"Yıllık";"Adrese Dayalı Nüfus Kayıt Sistemi";"Hakkari";"Çekirdek Aile Bulunmayan Birden Fazla Kişiden Oluşan Hanehalkı";"Hanehalkı sayısı";"2015";"1347";"";"";"";"";""
"Türkiye";"Yıllık";"Adrese Dayalı Nüfus Kayıt Sistemi";"Hakkari";"Çekirdek Aile Bulunmayan Birden Fazla Kişiden Oluşan Hanehalkı";"Hanehalkı sayısı";"2016";"1419";"";"";"";"";""
"Türkiye";"Yıllık";"Adrese Dayalı Nüfus Kayıt Sistemi";"Hakkari";"Çekirdek Aile Bulunmayan Birden Fazla Kişiden Oluşan Hanehalkı";"Hanehalkı sayısı";"2017";"1626";"";"";"";"";""
"Türkiye";"Yıllık";"Adrese Dayalı Nüfus Kayıt Sistemi";"Hakkari";"Çekirdek Aile Bulunmayan Birden Fazla Kişiden Oluşan Hanehalkı";"Hanehalkı sayısı";"2018";"1903";"";"";"";"";""
"Türkiye";"Yıllık";"Adrese Dayalı Nüfus Kayıt Sistemi";"Hakkari";"Çekirdek Aile Bulunmayan Birden Fazla Kişiden Oluşan Hanehalkı";"Hanehalkı sayısı";"2019";"1755";"";"";"";"";""
"Türkiye";"Yıllık";"Adrese Dayalı Nüfus Kayıt Sistemi";"Hakkari";"Çekirdek Aile Bulunmayan Birden Fazla Kişiden Oluşan Hanehalkı";"Hanehalkı sayısı";"2020";"1780";"";"";"";"";""
"Türkiye";"Yıllık";"Adrese Dayalı Nüfus Kayıt Sistemi";"Hakkari";"Çekirdek Aile Bulunmayan Birden Fazla Kişiden Oluşan Hanehalkı";"Hanehalkı sayısı";"2021";"1774";"";"";"";"";""
"Türkiye";"Yıllık";"Adrese Dayalı Nüfus Kayıt Sistemi";"Hakkari";"Çekirdek Aile Bulunmayan Birden Fazla Kişiden Oluşan Hanehalkı";"Hanehalkı sayısı";"2022";"1928";"";"";"";"";""
"Türkiye";"Yıllık";"Adrese Dayalı Nüfus Kayıt Sistemi";"Hakkari";"Çekirdek Aile Bulunmayan Birden Fazla Kişiden Oluşan Hanehalkı";"Hanehalkı sayısı";"2023";"2341";"";"";"";"";""
"Türkiye";"Yıllık";"Adrese Dayalı Nüfus Kayıt Sistemi";"Hakkari";"Çekirdek Aile Bulunmayan Birden Fazla Kişiden Oluşan Hanehalkı";"Hanehalkı sayısı";"2024";"2324";"";"";"";"";""
"Türkiye";"Yıllık";"Adrese Dayalı Nüfus Kayıt Sistemi";"Hakkari";"Çekirdek Aile Bulunmayan Birden Fazla Kişiden Oluşan Hanehalkı";"Hanehalkı sayısı";"2025";"2348";"";"";"";"";""
"Türkiye";"Yıllık";"Adrese Dayalı Nüfus Kayıt Sistemi";"Hakkari";"Toplam";"Hanehalkı sayısı";"2014";"38835";"";"";"";"";""
"Türkiye";"Yıllık";"Adrese Dayalı Nüfus Kayıt Sistemi";"Hakkari";"Toplam";"Hanehalkı sayısı";"2015";"40278";"";"";"";"";""
"Türkiye";"Yıllık";"Adrese Dayalı Nüfus Kayıt Sistemi";"Hakkari";"Toplam";"Hanehalkı sayısı";"2016";"42490";"";"";"";"";""
"Türkiye";"Yıllık";"Adrese Dayalı Nüfus Kayıt Sistemi";"Hakkari";"Toplam";"Hanehalkı sayısı";"2017";"44365";"";"";"";"";""
"Türkiye";"Yıllık";"Adrese Dayalı Nüfus Kayıt Sistemi";"Hakkari";"Toplam";"Hanehalkı sayısı";"2018";"46163";"";"";"";"";""
"Türkiye";"Yıllık";"Adrese Dayalı Nüfus Kayıt Sistemi";"Hakkari";"Toplam";"Hanehalkı sayısı";"2019";"47768";"";"";"";"";""
"Türkiye";"Yıllık";"Adrese Dayalı Nüfus Kayıt Sistemi";"Hakkari";"Toplam";"Hanehalkı sayısı";"2020";"50408";"";"";"";"";""
"Türkiye";"Yıllık";"Adrese Dayalı Nüfus Kayıt Sistemi";"Hakkari";"Toplam";"Hanehalkı sayısı";"2021";"52571";"";"";"";"";""
"Türkiye";"Yıllık";"Adrese Dayalı Nüfus Kayıt Sistemi";"Hakkari";"Toplam";"Hanehalkı sayısı";"2022";"57055";"";"";"";"";""
"Türkiye";"Yıllık";"Adrese Dayalı Nüfus Kayıt Sistemi";"Hakkari";"Toplam";"Hanehalkı sayısı";"2023";"59143";"";"";"";"";""
"Türkiye";"Yıllık";"Adrese Dayalı Nüfus Kayıt Sistemi";"Hakkari";"Toplam";"Hanehalkı sayısı";"2024";"60112";"";"";"";"";""
"Türkiye";"Yıllık";"Adrese Dayalı Nüfus Kayıt Sistemi";"Hakkari";"Toplam";"Hanehalkı sayısı";"2025";"60868";"";"";"";"";""
"Türkiye";"Yıllık";"Adrese Dayalı Nüfus Kayıt Sistemi";"Muş";"Tek Kişilik Hanehalkı";"Hanehalkı sayısı";"2014";"5592";"";"";"";"";""
"Türkiye";"Yıllık";"Adrese Dayalı Nüfus Kayıt Sistemi";"Muş";"Tek Kişilik Hanehalkı";"Hanehalkı sayısı";"2015";"6286";"";"";"";"";""
"Türkiye";"Yıllık";"Adrese Dayalı Nüfus Kayıt Sistemi";"Muş";"Tek Kişilik Hanehalkı";"Hanehalkı sayısı";"2016";"7066";"";"";"";"";""
"Türkiye";"Yıllık";"Adrese Dayalı Nüfus Kayıt Sistemi";"Muş";"Tek Kişilik Hanehalkı";"Hanehalkı sayısı";"2017";"8209";"";"";"";"";""
"Türkiye";"Yıllık";"Adrese Dayalı Nüfus Kayıt Sistemi";"Muş";"Tek Kişilik Hanehalkı";"Hanehalkı sayısı";"2018";"8714";"";"";"";"";""
"Türkiye";"Yıllık";"Adrese Dayalı Nüfus Kayıt Sistemi";"Muş";"Tek Kişilik Hanehalkı";"Hanehalkı sayısı";"2019";"9897";"";"";"";"";""
"Türkiye";"Yıllık";"Adrese Dayalı Nüfus Kayıt Sistemi";"Muş";"Tek Kişilik Hanehalkı";"Hanehalkı sayısı";"2020";"10757";"";"";"";"";""
"Türkiye";"Yıllık";"Adrese Dayalı Nüfus Kayıt Sistemi";"Muş";"Tek Kişilik Hanehalkı";"Hanehalkı sayısı";"2021";"11694";"";"";"";"";""
"Türkiye";"Yıllık";"Adrese Dayalı Nüfus Kayıt Sistemi";"Muş";"Tek Kişilik Hanehalkı";"Hanehalkı sayısı";"2022";"12996";"";"";"";"";""
"Türkiye";"Yıllık";"Adrese Dayalı Nüfus Kayıt Sistemi";"Muş";"Tek Kişilik Hanehalkı";"Hanehalkı sayısı";"2023";"13265";"";"";"";"";""
"Türkiye";"Yıllık";"Adrese Dayalı Nüfus Kayıt Sistemi";"Muş";"Tek Kişilik Hanehalkı";"Hanehalkı sayısı";"2024";"13859";"";"";"";"";""
"Türkiye";"Yıllık";"Adrese Dayalı Nüfus Kayıt Sistemi";"Muş";"Tek Kişilik Hanehalkı";"Hanehalkı sayısı";"2025";"14689";"";"";"";"";""
"Türkiye";"Yıllık";"Adrese Dayalı Nüfus Kayıt Sistemi";"Muş";"Tek Çekirdek Aileden Oluşan Hanehalkı";"Hanehalkı sayısı";"2014";"40173";"";"";"";"";""
"Türkiye";"Yıllık";"Adrese Dayalı Nüfus Kayıt Sistemi";"Muş";"Tek Çekirdek Aileden Oluşan Hanehalkı";"Hanehalkı sayısı";"2015";"42785";"";"";"";"";""
"Türkiye";"Yıllık";"Adrese Dayalı Nüfus Kayıt Sistemi";"Muş";"Tek Çekirdek Aileden Oluşan Hanehalkı";"Hanehalkı sayısı";"2016";"46823";"";"";"";"";""
"Türkiye";"Yıllık";"Adrese Dayalı Nüfus Kayıt Sistemi";"Muş";"Tek Çekirdek Aileden Oluşan Hanehalkı";"Hanehalkı sayısı";"2017";"49557";"";"";"";"";""
"Türkiye";"Yıllık";"Adrese Dayalı Nüfus Kayıt Sistemi";"Muş";"Tek Çekirdek Aileden Oluşan Hanehalkı";"Hanehalkı sayısı";"2018";"50452";"";"";"";"";""
"Türkiye";"Yıllık";"Adrese Dayalı Nüfus Kayıt Sistemi";"Muş";"Tek Çekirdek Aileden Oluşan Hanehalkı";"Hanehalkı sayısı";"2019";"53486";"";"";"";"";""
"Türkiye";"Yıllık";"Adrese Dayalı Nüfus Kayıt Sistemi";"Muş";"Tek Çekirdek Aileden Oluşan Hanehalkı";"Hanehalkı sayısı";"2020";"56666";"";"";"";"";""
"Türkiye";"Yıllık";"Adrese Dayalı Nüfus Kayıt Sistemi";"Muş";"Tek Çekirdek Aileden Oluşan Hanehalkı";"Hanehalkı sayısı";"2021";"57227";"";"";"";"";""
"Türkiye";"Yıllık";"Adrese Dayalı Nüfus Kayıt Sistemi";"Muş";"Tek Çekirdek Aileden Oluşan Hanehalkı";"Hanehalkı sayısı";"2022";"60385";"";"";"";"";""
"Türkiye";"Yıllık";"Adrese Dayalı Nüfus Kayıt Sistemi";"Muş";"Tek Çekirdek Aileden Oluşan Hanehalkı";"Hanehalkı sayısı";"2023";"60147";"";"";"";"";""
"Türkiye";"Yıllık";"Adrese Dayalı Nüfus Kayıt Sistemi";"Muş";"Tek Çekirdek Aileden Oluşan Hanehalkı";"Hanehalkı sayısı";"2024";"61001";"";"";"";"";""
"Türkiye";"Yıllık";"Adrese Dayalı Nüfus Kayıt Sistemi";"Muş";"Tek Çekirdek Aileden Oluşan Hanehalkı";"Hanehalkı sayısı";"2025";"61172";"";"";"";"";""
"Türkiye";"Yıllık";"Adrese Dayalı Nüfus Kayıt Sistemi";"Muş";"En Az Bir Çekirdek Aile Ve Diğer Kişilerden Oluşan Hanehalkı";"Hanehalkı sayısı";"2014";"19783";"";"";"";"";""
"Türkiye";"Yıllık";"Adrese Dayalı Nüfus Kayıt Sistemi";"Muş";"En Az Bir Çekirdek Aile Ve Diğer Kişilerden Oluşan Hanehalkı";"Hanehalkı sayısı";"2015";"19118";"";"";"";"";""
"Türkiye";"Yıllık";"Adrese Dayalı Nüfus Kayıt Sistemi";"Muş";"En Az Bir Çekirdek Aile Ve Diğer Kişilerden Oluşan Hanehalkı";"Hanehalkı sayısı";"2016";"18028";"";"";"";"";""
"Türkiye";"Yıllık";"Adrese Dayalı Nüfus Kayıt Sistemi";"Muş";"En Az Bir Çekirdek Aile Ve Diğer Kişilerden Oluşan Hanehalkı";"Hanehalkı sayısı";"2017";"17204";"";"";"";"";""
"Türkiye";"Yıllık";"Adrese Dayalı Nüfus Kayıt Sistemi";"Muş";"En Az Bir Çekirdek Aile Ve Diğer Kişilerden Oluşan Hanehalkı";"Hanehalkı sayısı";"2018";"17468";"";"";"";"";""
"Türkiye";"Yıllık";"Adrese Dayalı Nüfus Kayıt Sistemi";"Muş";"En Az Bir Çekirdek Aile Ve Diğer Kişilerden Oluşan Hanehalkı";"Hanehalkı sayısı";"2019";"17149";"";"";"";"";""
"Türkiye";"Yıllık";"Adrese Dayalı Nüfus Kayıt Sistemi";"Muş";"En Az Bir Çekirdek Aile Ve Diğer Kişilerden Oluşan Hanehalkı";"Hanehalkı sayısı";"2020";"16192";"";"";"";"";""
"Türkiye";"Yıllık";"Adrese Dayalı Nüfus Kayıt Sistemi";"Muş";"En Az Bir Çekirdek Aile Ve Diğer Kişilerden Oluşan Hanehalkı";"Hanehalkı sayısı";"2021";"15810";"";"";"";"";""
"Türkiye";"Yıllık";"Adrese Dayalı Nüfus Kayıt Sistemi";"Muş";"En Az Bir Çekirdek Aile Ve Diğer Kişilerden Oluşan Hanehalkı";"Hanehalkı sayısı";"2022";"14491";"";"";"";"";""
"Türkiye";"Yıllık";"Adrese Dayalı Nüfus Kayıt Sistemi";"Muş";"En Az Bir Çekirdek Aile Ve Diğer Kişilerden Oluşan Hanehalkı";"Hanehalkı sayısı";"2023";"14778";"";"";"";"";""
"Türkiye";"Yıllık";"Adrese Dayalı Nüfus Kayıt Sistemi";"Muş";"En Az Bir Çekirdek Aile Ve Diğer Kişilerden Oluşan Hanehalkı";"Hanehalkı sayısı";"2024";"14188";"";"";"";"";""
"Türkiye";"Yıllık";"Adrese Dayalı Nüfus Kayıt Sistemi";"Muş";"En Az Bir Çekirdek Aile Ve Diğer Kişilerden Oluşan Hanehalkı";"Hanehalkı sayısı";"2025";"14310";"";"";"";"";""
"Türkiye";"Yıllık";"Adrese Dayalı Nüfus Kayıt Sistemi";"Muş";"Çekirdek Aile Bulunmayan Birden Fazla Kişiden Oluşan Hanehalkı";"Hanehalkı sayısı";"2014";"1515";"";"";"";"";""
"Türkiye";"Yıllık";"Adrese Dayalı Nüfus Kayıt Sistemi";"Muş";"Çekirdek Aile Bulunmayan Birden Fazla Kişiden Oluşan Hanehalkı";"Hanehalkı sayısı";"2015";"1744";"";"";"";"";""
"Türkiye";"Yıllık";"Adrese Dayalı Nüfus Kayıt Sistemi";"Muş";"Çekirdek Aile Bulunmayan Birden Fazla Kişiden Oluşan Hanehalkı";"Hanehalkı sayısı";"2016";"1612";"";"";"";"";""
"Türkiye";"Yıllık";"Adrese Dayalı Nüfus Kayıt Sistemi";"Muş";"Çekirdek Aile Bulunmayan Birden Fazla Kişiden Oluşan Hanehalkı";"Hanehalkı sayısı";"2017";"1820";"";"";"";"";""
"Türkiye";"Yıllık";"Adrese Dayalı Nüfus Kayıt Sistemi";"Muş";"Çekirdek Aile Bulunmayan Birden Fazla Kişiden Oluşan Hanehalkı";"Hanehalkı sayısı";"2018";"1660";"";"";"";"";""
"Türkiye";"Yıllık";"Adrese Dayalı Nüfus Kayıt Sistemi";"Muş";"Çekirdek Aile Bulunmayan Birden Fazla Kişiden Oluşan Hanehalkı";"Hanehalkı sayısı";"2019";"1797";"";"";"";"";""
"Türkiye";"Yıllık";"Adrese Dayalı Nüfus Kayıt Sistemi";"Muş";"Çekirdek Aile Bulunmayan Birden Fazla Kişiden Oluşan Hanehalkı";"Hanehalkı sayısı";"2020";"1764";"";"";"";"";""
"Türkiye";"Yıllık";"Adrese Dayalı Nüfus Kayıt Sistemi";"Muş";"Çekirdek Aile Bulunmayan Birden Fazla Kişiden Oluşan Hanehalkı";"Hanehalkı sayısı";"2021";"1726";"";"";"";"";""
"Türkiye";"Yıllık";"Adrese Dayalı Nüfus Kayıt Sistemi";"Muş";"Çekirdek Aile Bulunmayan Birden Fazla Kişiden Oluşan Hanehalkı";"Hanehalkı sayısı";"2022";"1781";"";"";"";"";""
"Türkiye";"Yıllık";"Adrese Dayalı Nüfus Kayıt Sistemi";"Muş";"Çekirdek Aile Bulunmayan Birden Fazla Kişiden Oluşan Hanehalkı";"Hanehalkı sayısı";"2023";"1728";"";"";"";"";""
"Türkiye";"Yıllık";"Adrese Dayalı Nüfus Kayıt Sistemi";"Muş";"Çekirdek Aile Bulunmayan Birden Fazla Kişiden Oluşan Hanehalkı";"Hanehalkı sayısı";"2024";"1796";"";"";"";"";""
"Türkiye";"Yıllık";"Adrese Dayalı Nüfus Kayıt Sistemi";"Muş";"Çekirdek Aile Bulunmayan Birden Fazla Kişiden Oluşan Hanehalkı";"Hanehalkı sayısı";"2025";"1968";"";"";"";"";""
"Türkiye";"Yıllık";"Adrese Dayalı Nüfus Kayıt Sistemi";"Muş";"Toplam";"Hanehalkı sayısı";"2014";"67063";"";"";"";"";""
"Türkiye";"Yıllık";"Adrese Dayalı Nüfus Kayıt Sistemi";"Muş";"Toplam";"Hanehalkı sayısı";"2015";"69933";"";"";"";"";""
"Türkiye";"Yıllık";"Adrese Dayalı Nüfus Kayıt Sistemi";"Muş";"Toplam";"Hanehalkı sayısı";"2016";"73529";"";"";"";"";""
"Türkiye";"Yıllık";"Adrese Dayalı Nüfus Kayıt Sistemi";"Muş";"Toplam";"Hanehalkı sayısı";"2017";"76790";"";"";"";"";""
"Türkiye";"Yıllık";"Adrese Dayalı Nüfus Kayıt Sistemi";"Muş";"Toplam";"Hanehalkı sayısı";"2018";"78294";"";"";"";"";""
"Türkiye";"Yıllık";"Adrese Dayalı Nüfus Kayıt Sistemi";"Muş";"Toplam";"Hanehalkı sayısı";"2019";"82329";"";"";"";"";""
"Türkiye";"Yıllık";"Adrese Dayalı Nüfus Kayıt Sistemi";"Muş";"Toplam";"Hanehalkı sayısı";"2020";"85379";"";"";"";"";""
"Türkiye";"Yıllık";"Adrese Dayalı Nüfus Kayıt Sistemi";"Muş";"Toplam";"Hanehalkı sayısı";"2021";"86457";"";"";"";"";""
"Türkiye";"Yıllık";"Adrese Dayalı Nüfus Kayıt Sistemi";"Muş";"Toplam";"Hanehalkı sayısı";"2022";"89653";"";"";"";"";""
"Türkiye";"Yıllık";"Adrese Dayalı Nüfus Kayıt Sistemi";"Muş";"Toplam";"Hanehalkı sayısı";"2023";"89918";"";"";"";"";""
"Türkiye";"Yıllık";"Adrese Dayalı Nüfus Kayıt Sistemi";"Muş";"Toplam";"Hanehalkı sayısı";"2024";"90844";"";"";"";"";""
"Türkiye";"Yıllık";"Adrese Dayalı Nüfus Kayıt Sistemi";"Muş";"Toplam";"Hanehalkı sayısı";"2025";"92139";"";"";"";"";""
"Türkiye";"Yıllık";"Adrese Dayalı Nüfus Kayıt Sistemi";"Van";"Tek Kişilik Hanehalkı";"Hanehalkı sayısı";"2014";"13991";"";"";"";"";""
"Türkiye";"Yıllık";"Adrese Dayalı Nüfus Kayıt Sistemi";"Van";"Tek Kişilik Hanehalkı";"Hanehalkı sayısı";"2015";"15992";"";"";"";"";""
"Türkiye";"Yıllık";"Adrese Dayalı Nüfus Kayıt Sistemi";"Van";"Tek Kişilik Hanehalkı";"Hanehalkı sayısı";"2016";"17807";"";"";"";"";""
"Türkiye";"Yıllık";"Adrese Dayalı Nüfus Kayıt Sistemi";"Van";"Tek Kişilik Hanehalkı";"Hanehalkı sayısı";"2017";"19182";"";"";"";"";""
"Türkiye";"Yıllık";"Adrese Dayalı Nüfus Kayıt Sistemi";"Van";"Tek Kişilik Hanehalkı";"Hanehalkı sayısı";"2018";"19965";"";"";"";"";""
"Türkiye";"Yıllık";"Adrese Dayalı Nüfus Kayıt Sistemi";"Van";"Tek Kişilik Hanehalkı";"Hanehalkı sayısı";"2019";"22114";"";"";"";"";""
"Türkiye";"Yıllık";"Adrese Dayalı Nüfus Kayıt Sistemi";"Van";"Tek Kişilik Hanehalkı";"Hanehalkı sayısı";"2020";"24520";"";"";"";"";""
"Türkiye";"Yıllık";"Adrese Dayalı Nüfus Kayıt Sistemi";"Van";"Tek Kişilik Hanehalkı";"Hanehalkı sayısı";"2021";"26998";"";"";"";"";""
"Türkiye";"Yıllık";"Adrese Dayalı Nüfus Kayıt Sistemi";"Van";"Tek Kişilik Hanehalkı";"Hanehalkı sayısı";"2022";"29584";"";"";"";"";""
"Türkiye";"Yıllık";"Adrese Dayalı Nüfus Kayıt Sistemi";"Van";"Tek Kişilik Hanehalkı";"Hanehalkı sayısı";"2023";"30442";"";"";"";"";""
"Türkiye";"Yıllık";"Adrese Dayalı Nüfus Kayıt Sistemi";"Van";"Tek Kişilik Hanehalkı";"Hanehalkı sayısı";"2024";"30782";"";"";"";"";""
"Türkiye";"Yıllık";"Adrese Dayalı Nüfus Kayıt Sistemi";"Van";"Tek Kişilik Hanehalkı";"Hanehalkı sayısı";"2025";"32155";"";"";"";"";""
"Türkiye";"Yıllık";"Adrese Dayalı Nüfus Kayıt Sistemi";"Van";"Tek Çekirdek Aileden Oluşan Hanehalkı";"Hanehalkı sayısı";"2014";"118123";"";"";"";"";""
"Türkiye";"Yıllık";"Adrese Dayalı Nüfus Kayıt Sistemi";"Van";"Tek Çekirdek Aileden Oluşan Hanehalkı";"Hanehalkı sayısı";"2015";"126195";"";"";"";"";""
"Türkiye";"Yıllık";"Adrese Dayalı Nüfus Kayıt Sistemi";"Van";"Tek Çekirdek Aileden Oluşan Hanehalkı";"Hanehalkı sayısı";"2016";"131707";"";"";"";"";""
"Türkiye";"Yıllık";"Adrese Dayalı Nüfus Kayıt Sistemi";"Van";"Tek Çekirdek Aileden Oluşan Hanehalkı";"Hanehalkı sayısı";"2017";"136165";"";"";"";"";""
"Türkiye";"Yıllık";"Adrese Dayalı Nüfus Kayıt Sistemi";"Van";"Tek Çekirdek Aileden Oluşan Hanehalkı";"Hanehalkı sayısı";"2018";"141475";"";"";"";"";""
"Türkiye";"Yıllık";"Adrese Dayalı Nüfus Kayıt Sistemi";"Van";"Tek Çekirdek Aileden Oluşan Hanehalkı";"Hanehalkı sayısı";"2019";"149695";"";"";"";"";""
"Türkiye";"Yıllık";"Adrese Dayalı Nüfus Kayıt Sistemi";"Van";"Tek Çekirdek Aileden Oluşan Hanehalkı";"Hanehalkı sayısı";"2020";"158350";"";"";"";"";""
"Türkiye";"Yıllık";"Adrese Dayalı Nüfus Kayıt Sistemi";"Van";"Tek Çekirdek Aileden Oluşan Hanehalkı";"Hanehalkı sayısı";"2021";"163698";"";"";"";"";""
"Türkiye";"Yıllık";"Adrese Dayalı Nüfus Kayıt Sistemi";"Van";"Tek Çekirdek Aileden Oluşan Hanehalkı";"Hanehalkı sayısı";"2022";"176319";"";"";"";"";""
"Türkiye";"Yıllık";"Adrese Dayalı Nüfus Kayıt Sistemi";"Van";"Tek Çekirdek Aileden Oluşan Hanehalkı";"Hanehalkı sayısı";"2023";"180189";"";"";"";"";""
"Türkiye";"Yıllık";"Adrese Dayalı Nüfus Kayıt Sistemi";"Van";"Tek Çekirdek Aileden Oluşan Hanehalkı";"Hanehalkı sayısı";"2024";"179734";"";"";"";"";""
"Türkiye";"Yıllık";"Adrese Dayalı Nüfus Kayıt Sistemi";"Van";"Tek Çekirdek Aileden Oluşan Hanehalkı";"Hanehalkı sayısı";"2025";"177809";"";"";"";"";""
"Türkiye";"Yıllık";"Adrese Dayalı Nüfus Kayıt Sistemi";"Van";"En Az Bir Çekirdek Aile Ve Diğer Kişilerden Oluşan Hanehalkı";"Hanehalkı sayısı";"2014";"48419";"";"";"";"";""
"Türkiye";"Yıllık";"Adrese Dayalı Nüfus Kayıt Sistemi";"Van";"En Az Bir Çekirdek Aile Ve Diğer Kişilerden Oluşan Hanehalkı";"Hanehalkı sayısı";"2015";"48319";"";"";"";"";""
"Türkiye";"Yıllık";"Adrese Dayalı Nüfus Kayıt Sistemi";"Van";"En Az Bir Çekirdek Aile Ve Diğer Kişilerden Oluşan Hanehalkı";"Hanehalkı sayısı";"2016";"48275";"";"";"";"";""
"Türkiye";"Yıllık";"Adrese Dayalı Nüfus Kayıt Sistemi";"Van";"En Az Bir Çekirdek Aile Ve Diğer Kişilerden Oluşan Hanehalkı";"Hanehalkı sayısı";"2017";"48773";"";"";"";"";""
"Türkiye";"Yıllık";"Adrese Dayalı Nüfus Kayıt Sistemi";"Van";"En Az Bir Çekirdek Aile Ve Diğer Kişilerden Oluşan Hanehalkı";"Hanehalkı sayısı";"2018";"49024";"";"";"";"";""
"Türkiye";"Yıllık";"Adrese Dayalı Nüfus Kayıt Sistemi";"Van";"En Az Bir Çekirdek Aile Ve Diğer Kişilerden Oluşan Hanehalkı";"Hanehalkı sayısı";"2019";"49298";"";"";"";"";""
"Türkiye";"Yıllık";"Adrese Dayalı Nüfus Kayıt Sistemi";"Van";"En Az Bir Çekirdek Aile Ve Diğer Kişilerden Oluşan Hanehalkı";"Hanehalkı sayısı";"2020";"46974";"";"";"";"";""
"Türkiye";"Yıllık";"Adrese Dayalı Nüfus Kayıt Sistemi";"Van";"En Az Bir Çekirdek Aile Ve Diğer Kişilerden Oluşan Hanehalkı";"Hanehalkı sayısı";"2021";"45341";"";"";"";"";""
"Türkiye";"Yıllık";"Adrese Dayalı Nüfus Kayıt Sistemi";"Van";"En Az Bir Çekirdek Aile Ve Diğer Kişilerden Oluşan Hanehalkı";"Hanehalkı sayısı";"2022";"40990";"";"";"";"";""
"Türkiye";"Yıllık";"Adrese Dayalı Nüfus Kayıt Sistemi";"Van";"En Az Bir Çekirdek Aile Ve Diğer Kişilerden Oluşan Hanehalkı";"Hanehalkı sayısı";"2023";"40701";"";"";"";"";""
"Türkiye";"Yıllık";"Adrese Dayalı Nüfus Kayıt Sistemi";"Van";"En Az Bir Çekirdek Aile Ve Diğer Kişilerden Oluşan Hanehalkı";"Hanehalkı sayısı";"2024";"41140";"";"";"";"";""
"Türkiye";"Yıllık";"Adrese Dayalı Nüfus Kayıt Sistemi";"Van";"En Az Bir Çekirdek Aile Ve Diğer Kişilerden Oluşan Hanehalkı";"Hanehalkı sayısı";"2025";"42963";"";"";"";"";""
"Türkiye";"Yıllık";"Adrese Dayalı Nüfus Kayıt Sistemi";"Van";"Çekirdek Aile Bulunmayan Birden Fazla Kişiden Oluşan Hanehalkı";"Hanehalkı sayısı";"2014";"3467";"";"";"";"";""
"Türkiye";"Yıllık";"Adrese Dayalı Nüfus Kayıt Sistemi";"Van";"Çekirdek Aile Bulunmayan Birden Fazla Kişiden Oluşan Hanehalkı";"Hanehalkı sayısı";"2015";"3889";"";"";"";"";""
"Türkiye";"Yıllık";"Adrese Dayalı Nüfus Kayıt Sistemi";"Van";"Çekirdek Aile Bulunmayan Birden Fazla Kişiden Oluşan Hanehalkı";"Hanehalkı sayısı";"2016";"3933";"";"";"";"";""
"Türkiye";"Yıllık";"Adrese Dayalı Nüfus Kayıt Sistemi";"Van";"Çekirdek Aile Bulunmayan Birden Fazla Kişiden Oluşan Hanehalkı";"Hanehalkı sayısı";"2017";"4261";"";"";"";"";""
"Türkiye";"Yıllık";"Adrese Dayalı Nüfus Kayıt Sistemi";"Van";"Çekirdek Aile Bulunmayan Birden Fazla Kişiden Oluşan Hanehalkı";"Hanehalkı sayısı";"2018";"4395";"";"";"";"";""
"Türkiye";"Yıllık";"Adrese Dayalı Nüfus Kayıt Sistemi";"Van";"Çekirdek Aile Bulunmayan Birden Fazla Kişiden Oluşan Hanehalkı";"Hanehalkı sayısı";"2019";"4830";"";"";"";"";""
"Türkiye";"Yıllık";"Adrese Dayalı Nüfus Kayıt Sistemi";"Van";"Çekirdek Aile Bulunmayan Birden Fazla Kişiden Oluşan Hanehalkı";"Hanehalkı sayısı";"2020";"5005";"";"";"";"";""
"Türkiye";"Yıllık";"Adrese Dayalı Nüfus Kayıt Sistemi";"Van";"Çekirdek Aile Bulunmayan Birden Fazla Kişiden Oluşan Hanehalkı";"Hanehalkı sayısı";"2021";"5467";"";"";"";"";""
"Türkiye";"Yıllık";"Adrese Dayalı Nüfus Kayıt Sistemi";"Van";"Çekirdek Aile Bulunmayan Birden Fazla Kişiden Oluşan Hanehalkı";"Hanehalkı sayısı";"2022";"5699";"";"";"";"";""
"Türkiye";"Yıllık";"Adrese Dayalı Nüfus Kayıt Sistemi";"Van";"Çekirdek Aile Bulunmayan Birden Fazla Kişiden Oluşan Hanehalkı";"Hanehalkı sayısı";"2023";"6234";"";"";"";"";""
"Türkiye";"Yıllık";"Adrese Dayalı Nüfus Kayıt Sistemi";"Van";"Çekirdek Aile Bulunmayan Birden Fazla Kişiden Oluşan Hanehalkı";"Hanehalkı sayısı";"2024";"6163";"";"";"";"";""
"Türkiye";"Yıllık";"Adrese Dayalı Nüfus Kayıt Sistemi";"Van";"Çekirdek Aile Bulunmayan Birden Fazla Kişiden Oluşan Hanehalkı";"Hanehalkı sayısı";"2025";"6324";"";"";"";"";""
"Türkiye";"Yıllık";"Adrese Dayalı Nüfus Kayıt Sistemi";"Van";"Toplam";"Hanehalkı sayısı";"2014";"184000";"";"";"";"";""
"Türkiye";"Yıllık";"Adrese Dayalı Nüfus Kayıt Sistemi";"Van";"Toplam";"Hanehalkı sayısı";"2015";"194395";"";"";"";"";""
"Türkiye";"Yıllık";"Adrese Dayalı Nüfus Kayıt Sistemi";"Van";"Toplam";"Hanehalkı sayısı";"2016";"201722";"";"";"";"";""
"Türkiye";"Yıllık";"Adrese Dayalı Nüfus Kayıt Sistemi";"Van";"Toplam";"Hanehalkı sayısı";"2017";"208381";"";"";"";"";""
"Türkiye";"Yıllık";"Adrese Dayalı Nüfus Kayıt Sistemi";"Van";"Toplam";"Hanehalkı sayısı";"2018";"214859";"";"";"";"";""
"Türkiye";"Yıllık";"Adrese Dayalı Nüfus Kayıt Sistemi";"Van";"Toplam";"Hanehalkı sayısı";"2019";"225937";"";"";"";"";""
"Türkiye";"Yıllık";"Adrese Dayalı Nüfus Kayıt Sistemi";"Van";"Toplam";"Hanehalkı sayısı";"2020";"234849";"";"";"";"";""
"Türkiye";"Yıllık";"Adrese Dayalı Nüfus Kayıt Sistemi";"Van";"Toplam";"Hanehalkı sayısı";"2021";"241504";"";"";"";"";""
"Türkiye";"Yıllık";"Adrese Dayalı Nüfus Kayıt Sistemi";"Van";"Toplam";"Hanehalkı sayısı";"2022";"252592";"";"";"";"";""
"Türkiye";"Yıllık";"Adrese Dayalı Nüfus Kayıt Sistemi";"Van";"Toplam";"Hanehalkı sayısı";"2023";"257566";"";"";"";"";""
"Türkiye";"Yıllık";"Adrese Dayalı Nüfus Kayıt Sistemi";"Van";"Toplam";"Hanehalkı sayısı";"2024";"257819";"";"";"";"";""
"Türkiye";"Yıllık";"Adrese Dayalı Nüfus Kayıt Sistemi";"Van";"Toplam";"Hanehalkı sayısı";"2025";"259251";"";"";"";"";""
"Türkiye";"Yıllık";"Adrese Dayalı Nüfus Kayıt Sistemi";"Adıyaman";"Tek Kişilik Hanehalkı";"Hanehalkı sayısı";"2014";"10787";"";"";"";"";""
"Türkiye";"Yıllık";"Adrese Dayalı Nüfus Kayıt Sistemi";"Adıyaman";"Tek Kişilik Hanehalkı";"Hanehalkı sayısı";"2015";"11716";"";"";"";"";""
"Türkiye";"Yıllık";"Adrese Dayalı Nüfus Kayıt Sistemi";"Adıyaman";"Tek Kişilik Hanehalkı";"Hanehalkı sayısı";"2016";"12773";"";"";"";"";""
"Türkiye";"Yıllık";"Adrese Dayalı Nüfus Kayıt Sistemi";"Adıyaman";"Tek Kişilik Hanehalkı";"Hanehalkı sayısı";"2017";"13507";"";"";"";"";""
"Türkiye";"Yıllık";"Adrese Dayalı Nüfus Kayıt Sistemi";"Adıyaman";"Tek Kişilik Hanehalkı";"Hanehalkı sayısı";"2018";"14080";"";"";"";"";""
"Türkiye";"Yıllık";"Adrese Dayalı Nüfus Kayıt Sistemi";"Adıyaman";"Tek Kişilik Hanehalkı";"Hanehalkı sayısı";"2019";"15133";"";"";"";"";""
"Türkiye";"Yıllık";"Adrese Dayalı Nüfus Kayıt Sistemi";"Adıyaman";"Tek Kişilik Hanehalkı";"Hanehalkı sayısı";"2020";"16418";"";"";"";"";""
"Türkiye";"Yıllık";"Adrese Dayalı Nüfus Kayıt Sistemi";"Adıyaman";"Tek Kişilik Hanehalkı";"Hanehalkı sayısı";"2021";"17423";"";"";"";"";""
"Türkiye";"Yıllık";"Adrese Dayalı Nüfus Kayıt Sistemi";"Adıyaman";"Tek Kişilik Hanehalkı";"Hanehalkı sayısı";"2022";"19025";"";"";"";"";""
"Türkiye";"Yıllık";"Adrese Dayalı Nüfus Kayıt Sistemi";"Adıyaman";"Tek Kişilik Hanehalkı";"Hanehalkı sayısı";"2023";"24702";"";"";"";"";""
"Türkiye";"Yıllık";"Adrese Dayalı Nüfus Kayıt Sistemi";"Adıyaman";"Tek Kişilik Hanehalkı";"Hanehalkı sayısı";"2024";"26392";"";"";"";"";""
"Türkiye";"Yıllık";"Adrese Dayalı Nüfus Kayıt Sistemi";"Adıyaman";"Tek Kişilik Hanehalkı";"Hanehalkı sayısı";"2025";"26475";"";"";"";"";""
"Türkiye";"Yıllık";"Adrese Dayalı Nüfus Kayıt Sistemi";"Adıyaman";"Tek Çekirdek Aileden Oluşan Hanehalkı";"Hanehalkı sayısı";"2014";"89677";"";"";"";"";""
"Türkiye";"Yıllık";"Adrese Dayalı Nüfus Kayıt Sistemi";"Adıyaman";"Tek Çekirdek Aileden Oluşan Hanehalkı";"Hanehalkı sayısı";"2015";"93236";"";"";"";"";""
"Türkiye";"Yıllık";"Adrese Dayalı Nüfus Kayıt Sistemi";"Adıyaman";"Tek Çekirdek Aileden Oluşan Hanehalkı";"Hanehalkı sayısı";"2016";"96971";"";"";"";"";""
"Türkiye";"Yıllık";"Adrese Dayalı Nüfus Kayıt Sistemi";"Adıyaman";"Tek Çekirdek Aileden Oluşan Hanehalkı";"Hanehalkı sayısı";"2017";"100171";"";"";"";"";""
"Türkiye";"Yıllık";"Adrese Dayalı Nüfus Kayıt Sistemi";"Adıyaman";"Tek Çekirdek Aileden Oluşan Hanehalkı";"Hanehalkı sayısı";"2018";"102412";"";"";"";"";""
"Türkiye";"Yıllık";"Adrese Dayalı Nüfus Kayıt Sistemi";"Adıyaman";"Tek Çekirdek Aileden Oluşan Hanehalkı";"Hanehalkı sayısı";"2019";"105300";"";"";"";"";""
"Türkiye";"Yıllık";"Adrese Dayalı Nüfus Kayıt Sistemi";"Adıyaman";"Tek Çekirdek Aileden Oluşan Hanehalkı";"Hanehalkı sayısı";"2020";"109424";"";"";"";"";""
"Türkiye";"Yıllık";"Adrese Dayalı Nüfus Kayıt Sistemi";"Adıyaman";"Tek Çekirdek Aileden Oluşan Hanehalkı";"Hanehalkı sayısı";"2021";"111928";"";"";"";"";""
"Türkiye";"Yıllık";"Adrese Dayalı Nüfus Kayıt Sistemi";"Adıyaman";"Tek Çekirdek Aileden Oluşan Hanehalkı";"Hanehalkı sayısı";"2022";"118332";"";"";"";"";""
"Türkiye";"Yıllık";"Adrese Dayalı Nüfus Kayıt Sistemi";"Adıyaman";"Tek Çekirdek Aileden Oluşan Hanehalkı";"Hanehalkı sayısı";"2023";"114983";"";"";"";"";""
"Türkiye";"Yıllık";"Adrese Dayalı Nüfus Kayıt Sistemi";"Adıyaman";"Tek Çekirdek Aileden Oluşan Hanehalkı";"Hanehalkı sayısı";"2024";"115898";"";"";"";"";""
"Türkiye";"Yıllık";"Adrese Dayalı Nüfus Kayıt Sistemi";"Adıyaman";"Tek Çekirdek Aileden Oluşan Hanehalkı";"Hanehalkı sayısı";"2025";"115642";"";"";"";"";""
"Türkiye";"Yıllık";"Adrese Dayalı Nüfus Kayıt Sistemi";"Adıyaman";"En Az Bir Çekirdek Aile Ve Diğer Kişilerden Oluşan Hanehalkı";"Hanehalkı sayısı";"2014";"26320";"";"";"";"";""
"Türkiye";"Yıllık";"Adrese Dayalı Nüfus Kayıt Sistemi";"Adıyaman";"En Az Bir Çekirdek Aile Ve Diğer Kişilerden Oluşan Hanehalkı";"Hanehalkı sayısı";"2015";"26027";"";"";"";"";""
"Türkiye";"Yıllık";"Adrese Dayalı Nüfus Kayıt Sistemi";"Adıyaman";"En Az Bir Çekirdek Aile Ve Diğer Kişilerden Oluşan Hanehalkı";"Hanehalkı sayısı";"2016";"25586";"";"";"";"";""
"Türkiye";"Yıllık";"Adrese Dayalı Nüfus Kayıt Sistemi";"Adıyaman";"En Az Bir Çekirdek Aile Ve Diğer Kişilerden Oluşan Hanehalkı";"Hanehalkı sayısı";"2017";"25157";"";"";"";"";""
"Türkiye";"Yıllık";"Adrese Dayalı Nüfus Kayıt Sistemi";"Adıyaman";"En Az Bir Çekirdek Aile Ve Diğer Kişilerden Oluşan Hanehalkı";"Hanehalkı sayısı";"2018";"25784";"";"";"";"";""
"Türkiye";"Yıllık";"Adrese Dayalı Nüfus Kayıt Sistemi";"Adıyaman";"En Az Bir Çekirdek Aile Ve Diğer Kişilerden Oluşan Hanehalkı";"Hanehalkı sayısı";"2019";"25426";"";"";"";"";""
"Türkiye";"Yıllık";"Adrese Dayalı Nüfus Kayıt Sistemi";"Adıyaman";"En Az Bir Çekirdek Aile Ve Diğer Kişilerden Oluşan Hanehalkı";"Hanehalkı sayısı";"2020";"24308";"";"";"";"";""
"Türkiye";"Yıllık";"Adrese Dayalı Nüfus Kayıt Sistemi";"Adıyaman";"En Az Bir Çekirdek Aile Ve Diğer Kişilerden Oluşan Hanehalkı";"Hanehalkı sayısı";"2021";"23953";"";"";"";"";""
"Türkiye";"Yıllık";"Adrese Dayalı Nüfus Kayıt Sistemi";"Adıyaman";"En Az Bir Çekirdek Aile Ve Diğer Kişilerden Oluşan Hanehalkı";"Hanehalkı sayısı";"2022";"22529";"";"";"";"";""
"Türkiye";"Yıllık";"Adrese Dayalı Nüfus Kayıt Sistemi";"Adıyaman";"En Az Bir Çekirdek Aile Ve Diğer Kişilerden Oluşan Hanehalkı";"Hanehalkı sayısı";"2023";"20717";"";"";"";"";""
"Türkiye";"Yıllık";"Adrese Dayalı Nüfus Kayıt Sistemi";"Adıyaman";"En Az Bir Çekirdek Aile Ve Diğer Kişilerden Oluşan Hanehalkı";"Hanehalkı sayısı";"2024";"21869";"";"";"";"";""
"Türkiye";"Yıllık";"Adrese Dayalı Nüfus Kayıt Sistemi";"Adıyaman";"En Az Bir Çekirdek Aile Ve Diğer Kişilerden Oluşan Hanehalkı";"Hanehalkı sayısı";"2025";"23457";"";"";"";"";""
"Türkiye";"Yıllık";"Adrese Dayalı Nüfus Kayıt Sistemi";"Adıyaman";"Çekirdek Aile Bulunmayan Birden Fazla Kişiden Oluşan Hanehalkı";"Hanehalkı sayısı";"2014";"1681";"";"";"";"";""
"Türkiye";"Yıllık";"Adrese Dayalı Nüfus Kayıt Sistemi";"Adıyaman";"Çekirdek Aile Bulunmayan Birden Fazla Kişiden Oluşan Hanehalkı";"Hanehalkı sayısı";"2015";"1591";"";"";"";"";""
"Türkiye";"Yıllık";"Adrese Dayalı Nüfus Kayıt Sistemi";"Adıyaman";"Çekirdek Aile Bulunmayan Birden Fazla Kişiden Oluşan Hanehalkı";"Hanehalkı sayısı";"2016";"1555";"";"";"";"";""
"Türkiye";"Yıllık";"Adrese Dayalı Nüfus Kayıt Sistemi";"Adıyaman";"Çekirdek Aile Bulunmayan Birden Fazla Kişiden Oluşan Hanehalkı";"Hanehalkı sayısı";"2017";"1734";"";"";"";"";""
"Türkiye";"Yıllık";"Adrese Dayalı Nüfus Kayıt Sistemi";"Adıyaman";"Çekirdek Aile Bulunmayan Birden Fazla Kişiden Oluşan Hanehalkı";"Hanehalkı sayısı";"2018";"1821";"";"";"";"";""
"Türkiye";"Yıllık";"Adrese Dayalı Nüfus Kayıt Sistemi";"Adıyaman";"Çekirdek Aile Bulunmayan Birden Fazla Kişiden Oluşan Hanehalkı";"Hanehalkı sayısı";"2019";"1855";"";"";"";"";""
"Türkiye";"Yıllık";"Adrese Dayalı Nüfus Kayıt Sistemi";"Adıyaman";"Çekirdek Aile Bulunmayan Birden Fazla Kişiden Oluşan Hanehalkı";"Hanehalkı sayısı";"2020";"1968";"";"";"";"";""
"Türkiye";"Yıllık";"Adrese Dayalı Nüfus Kayıt Sistemi";"Adıyaman";"Çekirdek Aile Bulunmayan Birden Fazla Kişiden Oluşan Hanehalkı";"Hanehalkı sayısı";"2021";"1996";"";"";"";"";""
"Türkiye";"Yıllık";"Adrese Dayalı Nüfus Kayıt Sistemi";"Adıyaman";"Çekirdek Aile Bulunmayan Birden Fazla Kişiden Oluşan Hanehalkı";"Hanehalkı sayısı";"2022";"2227";"";"";"";"";""
"Türkiye";"Yıllık";"Adrese Dayalı Nüfus Kayıt Sistemi";"Adıyaman";"Çekirdek Aile Bulunmayan Birden Fazla Kişiden Oluşan Hanehalkı";"Hanehalkı sayısı";"2023";"2832";"";"";"";"";""
"Türkiye";"Yıllık";"Adrese Dayalı Nüfus Kayıt Sistemi";"Adıyaman";"Çekirdek Aile Bulunmayan Birden Fazla Kişiden Oluşan Hanehalkı";"Hanehalkı sayısı";"2024";"3056";"";"";"";"";""
"Türkiye";"Yıllık";"Adrese Dayalı Nüfus Kayıt Sistemi";"Adıyaman";"Çekirdek Aile Bulunmayan Birden Fazla Kişiden Oluşan Hanehalkı";"Hanehalkı sayısı";"2025";"3147";"";"";"";"";""
"Türkiye";"Yıllık";"Adrese Dayalı Nüfus Kayıt Sistemi";"Adıyaman";"Toplam";"Hanehalkı sayısı";"2014";"128465";"";"";"";"";""
"Türkiye";"Yıllık";"Adrese Dayalı Nüfus Kayıt Sistemi";"Adıyaman";"Toplam";"Hanehalkı sayısı";"2015";"132570";"";"";"";"";""
"Türkiye";"Yıllık";"Adrese Dayalı Nüfus Kayıt Sistemi";"Adıyaman";"Toplam";"Hanehalkı sayısı";"2016";"136885";"";"";"";"";""
"Türkiye";"Yıllık";"Adrese Dayalı Nüfus Kayıt Sistemi";"Adıyaman";"Toplam";"Hanehalkı sayısı";"2017";"140569";"";"";"";"";""
"Türkiye";"Yıllık";"Adrese Dayalı Nüfus Kayıt Sistemi";"Adıyaman";"Toplam";"Hanehalkı sayısı";"2018";"144097";"";"";"";"";""
"Türkiye";"Yıllık";"Adrese Dayalı Nüfus Kayıt Sistemi";"Adıyaman";"Toplam";"Hanehalkı sayısı";"2019";"147714";"";"";"";"";""
"Türkiye";"Yıllık";"Adrese Dayalı Nüfus Kayıt Sistemi";"Adıyaman";"Toplam";"Hanehalkı sayısı";"2020";"152118";"";"";"";"";""
"Türkiye";"Yıllık";"Adrese Dayalı Nüfus Kayıt Sistemi";"Adıyaman";"Toplam";"Hanehalkı sayısı";"2021";"155300";"";"";"";"";""
"Türkiye";"Yıllık";"Adrese Dayalı Nüfus Kayıt Sistemi";"Adıyaman";"Toplam";"Hanehalkı sayısı";"2022";"162113";"";"";"";"";""
"Türkiye";"Yıllık";"Adrese Dayalı Nüfus Kayıt Sistemi";"Adıyaman";"Toplam";"Hanehalkı sayısı";"2023";"163234";"";"";"";"";""
"Türkiye";"Yıllık";"Adrese Dayalı Nüfus Kayıt Sistemi";"Adıyaman";"Toplam";"Hanehalkı sayısı";"2024";"167215";"";"";"";"";""
"Türkiye";"Yıllık";"Adrese Dayalı Nüfus Kayıt Sistemi";"Adıyaman";"Toplam";"Hanehalkı sayısı";"2025";"168721";"";"";"";"";""
"Türkiye";"Yıllık";"Adrese Dayalı Nüfus Kayıt Sistemi";"Gaziantep";"Tek Kişilik Hanehalkı";"Hanehalkı sayısı";"2014";"41474";"";"";"";"";""
"Türkiye";"Yıllık";"Adrese Dayalı Nüfus Kayıt Sistemi";"Gaziantep";"Tek Kişilik Hanehalkı";"Hanehalkı sayısı";"2015";"46896";"";"";"";"";""
"Türkiye";"Yıllık";"Adrese Dayalı Nüfus Kayıt Sistemi";"Gaziantep";"Tek Kişilik Hanehalkı";"Hanehalkı sayısı";"2016";"50039";"";"";"";"";""
"Türkiye";"Yıllık";"Adrese Dayalı Nüfus Kayıt Sistemi";"Gaziantep";"Tek Kişilik Hanehalkı";"Hanehalkı sayısı";"2017";"52373";"";"";"";"";""
"Türkiye";"Yıllık";"Adrese Dayalı Nüfus Kayıt Sistemi";"Gaziantep";"Tek Kişilik Hanehalkı";"Hanehalkı sayısı";"2018";"53557";"";"";"";"";""
"Türkiye";"Yıllık";"Adrese Dayalı Nüfus Kayıt Sistemi";"Gaziantep";"Tek Kişilik Hanehalkı";"Hanehalkı sayısı";"2019";"58789";"";"";"";"";""
"Türkiye";"Yıllık";"Adrese Dayalı Nüfus Kayıt Sistemi";"Gaziantep";"Tek Kişilik Hanehalkı";"Hanehalkı sayısı";"2020";"64136";"";"";"";"";""
"Türkiye";"Yıllık";"Adrese Dayalı Nüfus Kayıt Sistemi";"Gaziantep";"Tek Kişilik Hanehalkı";"Hanehalkı sayısı";"2021";"68920";"";"";"";"";""
"Türkiye";"Yıllık";"Adrese Dayalı Nüfus Kayıt Sistemi";"Gaziantep";"Tek Kişilik Hanehalkı";"Hanehalkı sayısı";"2022";"71680";"";"";"";"";""
"Türkiye";"Yıllık";"Adrese Dayalı Nüfus Kayıt Sistemi";"Gaziantep";"Tek Kişilik Hanehalkı";"Hanehalkı sayısı";"2023";"78696";"";"";"";"";""
"Türkiye";"Yıllık";"Adrese Dayalı Nüfus Kayıt Sistemi";"Gaziantep";"Tek Kişilik Hanehalkı";"Hanehalkı sayısı";"2024";"83743";"";"";"";"";""
"Türkiye";"Yıllık";"Adrese Dayalı Nüfus Kayıt Sistemi";"Gaziantep";"Tek Kişilik Hanehalkı";"Hanehalkı sayısı";"2025";"89082";"";"";"";"";""
"Türkiye";"Yıllık";"Adrese Dayalı Nüfus Kayıt Sistemi";"Gaziantep";"Tek Çekirdek Aileden Oluşan Hanehalkı";"Hanehalkı sayısı";"2014";"293089";"";"";"";"";""
"Türkiye";"Yıllık";"Adrese Dayalı Nüfus Kayıt Sistemi";"Gaziantep";"Tek Çekirdek Aileden Oluşan Hanehalkı";"Hanehalkı sayısı";"2015";"307218";"";"";"";"";""
"Türkiye";"Yıllık";"Adrese Dayalı Nüfus Kayıt Sistemi";"Gaziantep";"Tek Çekirdek Aileden Oluşan Hanehalkı";"Hanehalkı sayısı";"2016";"318134";"";"";"";"";""
"Türkiye";"Yıllık";"Adrese Dayalı Nüfus Kayıt Sistemi";"Gaziantep";"Tek Çekirdek Aileden Oluşan Hanehalkı";"Hanehalkı sayısı";"2017";"323809";"";"";"";"";""
"Türkiye";"Yıllık";"Adrese Dayalı Nüfus Kayıt Sistemi";"Gaziantep";"Tek Çekirdek Aileden Oluşan Hanehalkı";"Hanehalkı sayısı";"2018";"333749";"";"";"";"";""
"Türkiye";"Yıllık";"Adrese Dayalı Nüfus Kayıt Sistemi";"Gaziantep";"Tek Çekirdek Aileden Oluşan Hanehalkı";"Hanehalkı sayısı";"2019";"354306";"";"";"";"";""
"Türkiye";"Yıllık";"Adrese Dayalı Nüfus Kayıt Sistemi";"Gaziantep";"Tek Çekirdek Aileden Oluşan Hanehalkı";"Hanehalkı sayısı";"2020";"364958";"";"";"";"";""
"Türkiye";"Yıllık";"Adrese Dayalı Nüfus Kayıt Sistemi";"Gaziantep";"Tek Çekirdek Aileden Oluşan Hanehalkı";"Hanehalkı sayısı";"2021";"375021";"";"";"";"";""
"Türkiye";"Yıllık";"Adrese Dayalı Nüfus Kayıt Sistemi";"Gaziantep";"Tek Çekirdek Aileden Oluşan Hanehalkı";"Hanehalkı sayısı";"2022";"396063";"";"";"";"";""
"Türkiye";"Yıllık";"Adrese Dayalı Nüfus Kayıt Sistemi";"Gaziantep";"Tek Çekirdek Aileden Oluşan Hanehalkı";"Hanehalkı sayısı";"2023";"404785";"";"";"";"";""
"Türkiye";"Yıllık";"Adrese Dayalı Nüfus Kayıt Sistemi";"Gaziantep";"Tek Çekirdek Aileden Oluşan Hanehalkı";"Hanehalkı sayısı";"2024";"410960";"";"";"";"";""
"Türkiye";"Yıllık";"Adrese Dayalı Nüfus Kayıt Sistemi";"Gaziantep";"Tek Çekirdek Aileden Oluşan Hanehalkı";"Hanehalkı sayısı";"2025";"415596";"";"";"";"";""
"Türkiye";"Yıllık";"Adrese Dayalı Nüfus Kayıt Sistemi";"Gaziantep";"En Az Bir Çekirdek Aile Ve Diğer Kişilerden Oluşan Hanehalkı";"Hanehalkı sayısı";"2014";"76957";"";"";"";"";""
"Türkiye";"Yıllık";"Adrese Dayalı Nüfus Kayıt Sistemi";"Gaziantep";"En Az Bir Çekirdek Aile Ve Diğer Kişilerden Oluşan Hanehalkı";"Hanehalkı sayısı";"2015";"76561";"";"";"";"";""
"Türkiye";"Yıllık";"Adrese Dayalı Nüfus Kayıt Sistemi";"Gaziantep";"En Az Bir Çekirdek Aile Ve Diğer Kişilerden Oluşan Hanehalkı";"Hanehalkı sayısı";"2016";"76092";"";"";"";"";""
"Türkiye";"Yıllık";"Adrese Dayalı Nüfus Kayıt Sistemi";"Gaziantep";"En Az Bir Çekirdek Aile Ve Diğer Kişilerden Oluşan Hanehalkı";"Hanehalkı sayısı";"2017";"77513";"";"";"";"";""
"Türkiye";"Yıllık";"Adrese Dayalı Nüfus Kayıt Sistemi";"Gaziantep";"En Az Bir Çekirdek Aile Ve Diğer Kişilerden Oluşan Hanehalkı";"Hanehalkı sayısı";"2018";"76644";"";"";"";"";""
"Türkiye";"Yıllık";"Adrese Dayalı Nüfus Kayıt Sistemi";"Gaziantep";"En Az Bir Çekirdek Aile Ve Diğer Kişilerden Oluşan Hanehalkı";"Hanehalkı sayısı";"2019";"72160";"";"";"";"";""
"Türkiye";"Yıllık";"Adrese Dayalı Nüfus Kayıt Sistemi";"Gaziantep";"En Az Bir Çekirdek Aile Ve Diğer Kişilerden Oluşan Hanehalkı";"Hanehalkı sayısı";"2020";"69682";"";"";"";"";""
"Türkiye";"Yıllık";"Adrese Dayalı Nüfus Kayıt Sistemi";"Gaziantep";"En Az Bir Çekirdek Aile Ve Diğer Kişilerden Oluşan Hanehalkı";"Hanehalkı sayısı";"2021";"69923";"";"";"";"";""
"Türkiye";"Yıllık";"Adrese Dayalı Nüfus Kayıt Sistemi";"Gaziantep";"En Az Bir Çekirdek Aile Ve Diğer Kişilerden Oluşan Hanehalkı";"Hanehalkı sayısı";"2022";"67231";"";"";"";"";""
"Türkiye";"Yıllık";"Adrese Dayalı Nüfus Kayıt Sistemi";"Gaziantep";"En Az Bir Çekirdek Aile Ve Diğer Kişilerden Oluşan Hanehalkı";"Hanehalkı sayısı";"2023";"66958";"";"";"";"";""
"Türkiye";"Yıllık";"Adrese Dayalı Nüfus Kayıt Sistemi";"Gaziantep";"En Az Bir Çekirdek Aile Ve Diğer Kişilerden Oluşan Hanehalkı";"Hanehalkı sayısı";"2024";"70763";"";"";"";"";""
"Türkiye";"Yıllık";"Adrese Dayalı Nüfus Kayıt Sistemi";"Gaziantep";"En Az Bir Çekirdek Aile Ve Diğer Kişilerden Oluşan Hanehalkı";"Hanehalkı sayısı";"2025";"74355";"";"";"";"";""
"Türkiye";"Yıllık";"Adrese Dayalı Nüfus Kayıt Sistemi";"Gaziantep";"Çekirdek Aile Bulunmayan Birden Fazla Kişiden Oluşan Hanehalkı";"Hanehalkı sayısı";"2014";"6531";"";"";"";"";""
"Türkiye";"Yıllık";"Adrese Dayalı Nüfus Kayıt Sistemi";"Gaziantep";"Çekirdek Aile Bulunmayan Birden Fazla Kişiden Oluşan Hanehalkı";"Hanehalkı sayısı";"2015";"6780";"";"";"";"";""
"Türkiye";"Yıllık";"Adrese Dayalı Nüfus Kayıt Sistemi";"Gaziantep";"Çekirdek Aile Bulunmayan Birden Fazla Kişiden Oluşan Hanehalkı";"Hanehalkı sayısı";"2016";"8135";"";"";"";"";""
"Türkiye";"Yıllık";"Adrese Dayalı Nüfus Kayıt Sistemi";"Gaziantep";"Çekirdek Aile Bulunmayan Birden Fazla Kişiden Oluşan Hanehalkı";"Hanehalkı sayısı";"2017";"8695";"";"";"";"";""
"Türkiye";"Yıllık";"Adrese Dayalı Nüfus Kayıt Sistemi";"Gaziantep";"Çekirdek Aile Bulunmayan Birden Fazla Kişiden Oluşan Hanehalkı";"Hanehalkı sayısı";"2018";"8344";"";"";"";"";""
"Türkiye";"Yıllık";"Adrese Dayalı Nüfus Kayıt Sistemi";"Gaziantep";"Çekirdek Aile Bulunmayan Birden Fazla Kişiden Oluşan Hanehalkı";"Hanehalkı sayısı";"2019";"8759";"";"";"";"";""
"Türkiye";"Yıllık";"Adrese Dayalı Nüfus Kayıt Sistemi";"Gaziantep";"Çekirdek Aile Bulunmayan Birden Fazla Kişiden Oluşan Hanehalkı";"Hanehalkı sayısı";"2020";"8385";"";"";"";"";""
"Türkiye";"Yıllık";"Adrese Dayalı Nüfus Kayıt Sistemi";"Gaziantep";"Çekirdek Aile Bulunmayan Birden Fazla Kişiden Oluşan Hanehalkı";"Hanehalkı sayısı";"2021";"9083";"";"";"";"";""
"Türkiye";"Yıllık";"Adrese Dayalı Nüfus Kayıt Sistemi";"Gaziantep";"Çekirdek Aile Bulunmayan Birden Fazla Kişiden Oluşan Hanehalkı";"Hanehalkı sayısı";"2022";"9009";"";"";"";"";""
"Türkiye";"Yıllık";"Adrese Dayalı Nüfus Kayıt Sistemi";"Gaziantep";"Çekirdek Aile Bulunmayan Birden Fazla Kişiden Oluşan Hanehalkı";"Hanehalkı sayısı";"2023";"9910";"";"";"";"";""
"Türkiye";"Yıllık";"Adrese Dayalı Nüfus Kayıt Sistemi";"Gaziantep";"Çekirdek Aile Bulunmayan Birden Fazla Kişiden Oluşan Hanehalkı";"Hanehalkı sayısı";"2024";"10132";"";"";"";"";""
"Türkiye";"Yıllık";"Adrese Dayalı Nüfus Kayıt Sistemi";"Gaziantep";"Çekirdek Aile Bulunmayan Birden Fazla Kişiden Oluşan Hanehalkı";"Hanehalkı sayısı";"2025";"10581";"";"";"";"";""
"Türkiye";"Yıllık";"Adrese Dayalı Nüfus Kayıt Sistemi";"Gaziantep";"Toplam";"Hanehalkı sayısı";"2014";"418051";"";"";"";"";""
"Türkiye";"Yıllık";"Adrese Dayalı Nüfus Kayıt Sistemi";"Gaziantep";"Toplam";"Hanehalkı sayısı";"2015";"437455";"";"";"";"";""
"Türkiye";"Yıllık";"Adrese Dayalı Nüfus Kayıt Sistemi";"Gaziantep";"Toplam";"Hanehalkı sayısı";"2016";"452400";"";"";"";"";""
"Türkiye";"Yıllık";"Adrese Dayalı Nüfus Kayıt Sistemi";"Gaziantep";"Toplam";"Hanehalkı sayısı";"2017";"462390";"";"";"";"";""
"Türkiye";"Yıllık";"Adrese Dayalı Nüfus Kayıt Sistemi";"Gaziantep";"Toplam";"Hanehalkı sayısı";"2018";"472294";"";"";"";"";""
"Türkiye";"Yıllık";"Adrese Dayalı Nüfus Kayıt Sistemi";"Gaziantep";"Toplam";"Hanehalkı sayısı";"2019";"494014";"";"";"";"";""
"Türkiye";"Yıllık";"Adrese Dayalı Nüfus Kayıt Sistemi";"Gaziantep";"Toplam";"Hanehalkı sayısı";"2020";"507161";"";"";"";"";""
"Türkiye";"Yıllık";"Adrese Dayalı Nüfus Kayıt Sistemi";"Gaziantep";"Toplam";"Hanehalkı sayısı";"2021";"522947";"";"";"";"";""
"Türkiye";"Yıllık";"Adrese Dayalı Nüfus Kayıt Sistemi";"Gaziantep";"Toplam";"Hanehalkı sayısı";"2022";"543983";"";"";"";"";""
"Türkiye";"Yıllık";"Adrese Dayalı Nüfus Kayıt Sistemi";"Gaziantep";"Toplam";"Hanehalkı sayısı";"2023";"560349";"";"";"";"";""
"Türkiye";"Yıllık";"Adrese Dayalı Nüfus Kayıt Sistemi";"Gaziantep";"Toplam";"Hanehalkı sayısı";"2024";"575598";"";"";"";"";""
"Türkiye";"Yıllık";"Adrese Dayalı Nüfus Kayıt Sistemi";"Gaziantep";"Toplam";"Hanehalkı sayısı";"2025";"589614";"";"";"";"";""
"Türkiye";"Yıllık";"Adrese Dayalı Nüfus Kayıt Sistemi";"Kilis";"Tek Kişilik Hanehalkı";"Hanehalkı sayısı";"2014";"4398";"";"";"";"";""
"Türkiye";"Yıllık";"Adrese Dayalı Nüfus Kayıt Sistemi";"Kilis";"Tek Kişilik Hanehalkı";"Hanehalkı sayısı";"2015";"4857";"";"";"";"";""
"Türkiye";"Yıllık";"Adrese Dayalı Nüfus Kayıt Sistemi";"Kilis";"Tek Kişilik Hanehalkı";"Hanehalkı sayısı";"2016";"5323";"";"";"";"";""
"Türkiye";"Yıllık";"Adrese Dayalı Nüfus Kayıt Sistemi";"Kilis";"Tek Kişilik Hanehalkı";"Hanehalkı sayısı";"2017";"5665";"";"";"";"";""
"Türkiye";"Yıllık";"Adrese Dayalı Nüfus Kayıt Sistemi";"Kilis";"Tek Kişilik Hanehalkı";"Hanehalkı sayısı";"2018";"6135";"";"";"";"";""
"Türkiye";"Yıllık";"Adrese Dayalı Nüfus Kayıt Sistemi";"Kilis";"Tek Kişilik Hanehalkı";"Hanehalkı sayısı";"2019";"6784";"";"";"";"";""
"Türkiye";"Yıllık";"Adrese Dayalı Nüfus Kayıt Sistemi";"Kilis";"Tek Kişilik Hanehalkı";"Hanehalkı sayısı";"2020";"7225";"";"";"";"";""
"Türkiye";"Yıllık";"Adrese Dayalı Nüfus Kayıt Sistemi";"Kilis";"Tek Kişilik Hanehalkı";"Hanehalkı sayısı";"2021";"7799";"";"";"";"";""
"Türkiye";"Yıllık";"Adrese Dayalı Nüfus Kayıt Sistemi";"Kilis";"Tek Kişilik Hanehalkı";"Hanehalkı sayısı";"2022";"8197";"";"";"";"";""
"Türkiye";"Yıllık";"Adrese Dayalı Nüfus Kayıt Sistemi";"Kilis";"Tek Kişilik Hanehalkı";"Hanehalkı sayısı";"2023";"9091";"";"";"";"";""
"Türkiye";"Yıllık";"Adrese Dayalı Nüfus Kayıt Sistemi";"Kilis";"Tek Kişilik Hanehalkı";"Hanehalkı sayısı";"2024";"9363";"";"";"";"";""
"Türkiye";"Yıllık";"Adrese Dayalı Nüfus Kayıt Sistemi";"Kilis";"Tek Kişilik Hanehalkı";"Hanehalkı sayısı";"2025";"9481";"";"";"";"";""
"Türkiye";"Yıllık";"Adrese Dayalı Nüfus Kayıt Sistemi";"Kilis";"Tek Çekirdek Aileden Oluşan Hanehalkı";"Hanehalkı sayısı";"2014";"21341";"";"";"";"";""
"Türkiye";"Yıllık";"Adrese Dayalı Nüfus Kayıt Sistemi";"Kilis";"Tek Çekirdek Aileden Oluşan Hanehalkı";"Hanehalkı sayısı";"2015";"21847";"";"";"";"";""
"Türkiye";"Yıllık";"Adrese Dayalı Nüfus Kayıt Sistemi";"Kilis";"Tek Çekirdek Aileden Oluşan Hanehalkı";"Hanehalkı sayısı";"2016";"21977";"";"";"";"";""
"Türkiye";"Yıllık";"Adrese Dayalı Nüfus Kayıt Sistemi";"Kilis";"Tek Çekirdek Aileden Oluşan Hanehalkı";"Hanehalkı sayısı";"2017";"22819";"";"";"";"";""
"Türkiye";"Yıllık";"Adrese Dayalı Nüfus Kayıt Sistemi";"Kilis";"Tek Çekirdek Aileden Oluşan Hanehalkı";"Hanehalkı sayısı";"2018";"23821";"";"";"";"";""
"Türkiye";"Yıllık";"Adrese Dayalı Nüfus Kayıt Sistemi";"Kilis";"Tek Çekirdek Aileden Oluşan Hanehalkı";"Hanehalkı sayısı";"2019";"24726";"";"";"";"";""
"Türkiye";"Yıllık";"Adrese Dayalı Nüfus Kayıt Sistemi";"Kilis";"Tek Çekirdek Aileden Oluşan Hanehalkı";"Hanehalkı sayısı";"2020";"25388";"";"";"";"";""
"Türkiye";"Yıllık";"Adrese Dayalı Nüfus Kayıt Sistemi";"Kilis";"Tek Çekirdek Aileden Oluşan Hanehalkı";"Hanehalkı sayısı";"2021";"25911";"";"";"";"";""
"Türkiye";"Yıllık";"Adrese Dayalı Nüfus Kayıt Sistemi";"Kilis";"Tek Çekirdek Aileden Oluşan Hanehalkı";"Hanehalkı sayısı";"2022";"27286";"";"";"";"";""
"Türkiye";"Yıllık";"Adrese Dayalı Nüfus Kayıt Sistemi";"Kilis";"Tek Çekirdek Aileden Oluşan Hanehalkı";"Hanehalkı sayısı";"2023";"28811";"";"";"";"";""
"Türkiye";"Yıllık";"Adrese Dayalı Nüfus Kayıt Sistemi";"Kilis";"Tek Çekirdek Aileden Oluşan Hanehalkı";"Hanehalkı sayısı";"2024";"28907";"";"";"";"";""
"Türkiye";"Yıllık";"Adrese Dayalı Nüfus Kayıt Sistemi";"Kilis";"Tek Çekirdek Aileden Oluşan Hanehalkı";"Hanehalkı sayısı";"2025";"28841";"";"";"";"";""
"Türkiye";"Yıllık";"Adrese Dayalı Nüfus Kayıt Sistemi";"Kilis";"En Az Bir Çekirdek Aile Ve Diğer Kişilerden Oluşan Hanehalkı";"Hanehalkı sayısı";"2014";"5245";"";"";"";"";""
"Türkiye";"Yıllık";"Adrese Dayalı Nüfus Kayıt Sistemi";"Kilis";"En Az Bir Çekirdek Aile Ve Diğer Kişilerden Oluşan Hanehalkı";"Hanehalkı sayısı";"2015";"5363";"";"";"";"";""
"Türkiye";"Yıllık";"Adrese Dayalı Nüfus Kayıt Sistemi";"Kilis";"En Az Bir Çekirdek Aile Ve Diğer Kişilerden Oluşan Hanehalkı";"Hanehalkı sayısı";"2016";"5397";"";"";"";"";""
"Türkiye";"Yıllık";"Adrese Dayalı Nüfus Kayıt Sistemi";"Kilis";"En Az Bir Çekirdek Aile Ve Diğer Kişilerden Oluşan Hanehalkı";"Hanehalkı sayısı";"2017";"5549";"";"";"";"";""
"Türkiye";"Yıllık";"Adrese Dayalı Nüfus Kayıt Sistemi";"Kilis";"En Az Bir Çekirdek Aile Ve Diğer Kişilerden Oluşan Hanehalkı";"Hanehalkı sayısı";"2018";"5851";"";"";"";"";""
"Türkiye";"Yıllık";"Adrese Dayalı Nüfus Kayıt Sistemi";"Kilis";"En Az Bir Çekirdek Aile Ve Diğer Kişilerden Oluşan Hanehalkı";"Hanehalkı sayısı";"2019";"5548";"";"";"";"";""
"Türkiye";"Yıllık";"Adrese Dayalı Nüfus Kayıt Sistemi";"Kilis";"En Az Bir Çekirdek Aile Ve Diğer Kişilerden Oluşan Hanehalkı";"Hanehalkı sayısı";"2020";"5322";"";"";"";"";""
"Türkiye";"Yıllık";"Adrese Dayalı Nüfus Kayıt Sistemi";"Kilis";"En Az Bir Çekirdek Aile Ve Diğer Kişilerden Oluşan Hanehalkı";"Hanehalkı sayısı";"2021";"5334";"";"";"";"";""
"Türkiye";"Yıllık";"Adrese Dayalı Nüfus Kayıt Sistemi";"Kilis";"En Az Bir Çekirdek Aile Ve Diğer Kişilerden Oluşan Hanehalkı";"Hanehalkı sayısı";"2022";"5007";"";"";"";"";""
"Türkiye";"Yıllık";"Adrese Dayalı Nüfus Kayıt Sistemi";"Kilis";"En Az Bir Çekirdek Aile Ve Diğer Kişilerden Oluşan Hanehalkı";"Hanehalkı sayısı";"2023";"5197";"";"";"";"";""
"Türkiye";"Yıllık";"Adrese Dayalı Nüfus Kayıt Sistemi";"Kilis";"En Az Bir Çekirdek Aile Ve Diğer Kişilerden Oluşan Hanehalkı";"Hanehalkı sayısı";"2024";"5375";"";"";"";"";""
"Türkiye";"Yıllık";"Adrese Dayalı Nüfus Kayıt Sistemi";"Kilis";"En Az Bir Çekirdek Aile Ve Diğer Kişilerden Oluşan Hanehalkı";"Hanehalkı sayısı";"2025";"5535";"";"";"";"";""
"Türkiye";"Yıllık";"Adrese Dayalı Nüfus Kayıt Sistemi";"Kilis";"Çekirdek Aile Bulunmayan Birden Fazla Kişiden Oluşan Hanehalkı";"Hanehalkı sayısı";"2014";"490";"";"";"";"";""
"Türkiye";"Yıllık";"Adrese Dayalı Nüfus Kayıt Sistemi";"Kilis";"Çekirdek Aile Bulunmayan Birden Fazla Kişiden Oluşan Hanehalkı";"Hanehalkı sayısı";"2015";"532";"";"";"";"";""
"Türkiye";"Yıllık";"Adrese Dayalı Nüfus Kayıt Sistemi";"Kilis";"Çekirdek Aile Bulunmayan Birden Fazla Kişiden Oluşan Hanehalkı";"Hanehalkı sayısı";"2016";"535";"";"";"";"";""
"Türkiye";"Yıllık";"Adrese Dayalı Nüfus Kayıt Sistemi";"Kilis";"Çekirdek Aile Bulunmayan Birden Fazla Kişiden Oluşan Hanehalkı";"Hanehalkı sayısı";"2017";"674";"";"";"";"";""
"Türkiye";"Yıllık";"Adrese Dayalı Nüfus Kayıt Sistemi";"Kilis";"Çekirdek Aile Bulunmayan Birden Fazla Kişiden Oluşan Hanehalkı";"Hanehalkı sayısı";"2018";"778";"";"";"";"";""
"Türkiye";"Yıllık";"Adrese Dayalı Nüfus Kayıt Sistemi";"Kilis";"Çekirdek Aile Bulunmayan Birden Fazla Kişiden Oluşan Hanehalkı";"Hanehalkı sayısı";"2019";"870";"";"";"";"";""
"Türkiye";"Yıllık";"Adrese Dayalı Nüfus Kayıt Sistemi";"Kilis";"Çekirdek Aile Bulunmayan Birden Fazla Kişiden Oluşan Hanehalkı";"Hanehalkı sayısı";"2020";"880";"";"";"";"";""
"Türkiye";"Yıllık";"Adrese Dayalı Nüfus Kayıt Sistemi";"Kilis";"Çekirdek Aile Bulunmayan Birden Fazla Kişiden Oluşan Hanehalkı";"Hanehalkı sayısı";"2021";"976";"";"";"";"";""
"Türkiye";"Yıllık";"Adrese Dayalı Nüfus Kayıt Sistemi";"Kilis";"Çekirdek Aile Bulunmayan Birden Fazla Kişiden Oluşan Hanehalkı";"Hanehalkı sayısı";"2022";"932";"";"";"";"";""
"Türkiye";"Yıllık";"Adrese Dayalı Nüfus Kayıt Sistemi";"Kilis";"Çekirdek Aile Bulunmayan Birden Fazla Kişiden Oluşan Hanehalkı";"Hanehalkı sayısı";"2023";"1014";"";"";"";"";""
"Türkiye";"Yıllık";"Adrese Dayalı Nüfus Kayıt Sistemi";"Kilis";"Çekirdek Aile Bulunmayan Birden Fazla Kişiden Oluşan Hanehalkı";"Hanehalkı sayısı";"2024";"1067";"";"";"";"";""
"Türkiye";"Yıllık";"Adrese Dayalı Nüfus Kayıt Sistemi";"Kilis";"Çekirdek Aile Bulunmayan Birden Fazla Kişiden Oluşan Hanehalkı";"Hanehalkı sayısı";"2025";"1068";"";"";"";"";""
"Türkiye";"Yıllık";"Adrese Dayalı Nüfus Kayıt Sistemi";"Kilis";"Toplam";"Hanehalkı sayısı";"2014";"31474";"";"";"";"";""
"Türkiye";"Yıllık";"Adrese Dayalı Nüfus Kayıt Sistemi";"Kilis";"Toplam";"Hanehalkı sayısı";"2015";"32599";"";"";"";"";""
"Türkiye";"Yıllık";"Adrese Dayalı Nüfus Kayıt Sistemi";"Kilis";"Toplam";"Hanehalkı sayısı";"2016";"33232";"";"";"";"";""
"Türkiye";"Yıllık";"Adrese Dayalı Nüfus Kayıt Sistemi";"Kilis";"Toplam";"Hanehalkı sayısı";"2017";"34707";"";"";"";"";""
"Türkiye";"Yıllık";"Adrese Dayalı Nüfus Kayıt Sistemi";"Kilis";"Toplam";"Hanehalkı sayısı";"2018";"36585";"";"";"";"";""
"Türkiye";"Yıllık";"Adrese Dayalı Nüfus Kayıt Sistemi";"Kilis";"Toplam";"Hanehalkı sayısı";"2019";"37928";"";"";"";"";""
"Türkiye";"Yıllık";"Adrese Dayalı Nüfus Kayıt Sistemi";"Kilis";"Toplam";"Hanehalkı sayısı";"2020";"38815";"";"";"";"";""
"Türkiye";"Yıllık";"Adrese Dayalı Nüfus Kayıt Sistemi";"Kilis";"Toplam";"Hanehalkı sayısı";"2021";"40020";"";"";"";"";""
"Türkiye";"Yıllık";"Adrese Dayalı Nüfus Kayıt Sistemi";"Kilis";"Toplam";"Hanehalkı sayısı";"2022";"41422";"";"";"";"";""
"Türkiye";"Yıllık";"Adrese Dayalı Nüfus Kayıt Sistemi";"Kilis";"Toplam";"Hanehalkı sayısı";"2023";"44113";"";"";"";"";""
"Türkiye";"Yıllık";"Adrese Dayalı Nüfus Kayıt Sistemi";"Kilis";"Toplam";"Hanehalkı sayısı";"2024";"44712";"";"";"";"";""
"Türkiye";"Yıllık";"Adrese Dayalı Nüfus Kayıt Sistemi";"Kilis";"Toplam";"Hanehalkı sayısı";"2025";"44925";"";"";"";"";""
"Türkiye";"Yıllık";"Adrese Dayalı Nüfus Kayıt Sistemi";"Diyarbakır";"Tek Kişilik Hanehalkı";"Hanehalkı sayısı";"2014";"21147";"";"";"";"";""
"Türkiye";"Yıllık";"Adrese Dayalı Nüfus Kayıt Sistemi";"Diyarbakır";"Tek Kişilik Hanehalkı";"Hanehalkı sayısı";"2015";"23629";"";"";"";"";""
"Türkiye";"Yıllık";"Adrese Dayalı Nüfus Kayıt Sistemi";"Diyarbakır";"Tek Kişilik Hanehalkı";"Hanehalkı sayısı";"2016";"26572";"";"";"";"";""
"Türkiye";"Yıllık";"Adrese Dayalı Nüfus Kayıt Sistemi";"Diyarbakır";"Tek Kişilik Hanehalkı";"Hanehalkı sayısı";"2017";"28606";"";"";"";"";""
"Türkiye";"Yıllık";"Adrese Dayalı Nüfus Kayıt Sistemi";"Diyarbakır";"Tek Kişilik Hanehalkı";"Hanehalkı sayısı";"2018";"31572";"";"";"";"";""
"Türkiye";"Yıllık";"Adrese Dayalı Nüfus Kayıt Sistemi";"Diyarbakır";"Tek Kişilik Hanehalkı";"Hanehalkı sayısı";"2019";"34578";"";"";"";"";""
"Türkiye";"Yıllık";"Adrese Dayalı Nüfus Kayıt Sistemi";"Diyarbakır";"Tek Kişilik Hanehalkı";"Hanehalkı sayısı";"2020";"38995";"";"";"";"";""
"Türkiye";"Yıllık";"Adrese Dayalı Nüfus Kayıt Sistemi";"Diyarbakır";"Tek Kişilik Hanehalkı";"Hanehalkı sayısı";"2021";"42551";"";"";"";"";""
"Türkiye";"Yıllık";"Adrese Dayalı Nüfus Kayıt Sistemi";"Diyarbakır";"Tek Kişilik Hanehalkı";"Hanehalkı sayısı";"2022";"46858";"";"";"";"";""
"Türkiye";"Yıllık";"Adrese Dayalı Nüfus Kayıt Sistemi";"Diyarbakır";"Tek Kişilik Hanehalkı";"Hanehalkı sayısı";"2023";"50498";"";"";"";"";""
"Türkiye";"Yıllık";"Adrese Dayalı Nüfus Kayıt Sistemi";"Diyarbakır";"Tek Kişilik Hanehalkı";"Hanehalkı sayısı";"2024";"53823";"";"";"";"";""
"Türkiye";"Yıllık";"Adrese Dayalı Nüfus Kayıt Sistemi";"Diyarbakır";"Tek Kişilik Hanehalkı";"Hanehalkı sayısı";"2025";"54730";"";"";"";"";""
"Türkiye";"Yıllık";"Adrese Dayalı Nüfus Kayıt Sistemi";"Diyarbakır";"Tek Çekirdek Aileden Oluşan Hanehalkı";"Hanehalkı sayısı";"2014";"196850";"";"";"";"";""
"Türkiye";"Yıllık";"Adrese Dayalı Nüfus Kayıt Sistemi";"Diyarbakır";"Tek Çekirdek Aileden Oluşan Hanehalkı";"Hanehalkı sayısı";"2015";"208363";"";"";"";"";""
"Türkiye";"Yıllık";"Adrese Dayalı Nüfus Kayıt Sistemi";"Diyarbakır";"Tek Çekirdek Aileden Oluşan Hanehalkı";"Hanehalkı sayısı";"2016";"217879";"";"";"";"";""
"Türkiye";"Yıllık";"Adrese Dayalı Nüfus Kayıt Sistemi";"Diyarbakır";"Tek Çekirdek Aileden Oluşan Hanehalkı";"Hanehalkı sayısı";"2017";"226899";"";"";"";"";""
"Türkiye";"Yıllık";"Adrese Dayalı Nüfus Kayıt Sistemi";"Diyarbakır";"Tek Çekirdek Aileden Oluşan Hanehalkı";"Hanehalkı sayısı";"2018";"240062";"";"";"";"";""
"Türkiye";"Yıllık";"Adrese Dayalı Nüfus Kayıt Sistemi";"Diyarbakır";"Tek Çekirdek Aileden Oluşan Hanehalkı";"Hanehalkı sayısı";"2019";"256255";"";"";"";"";""
"Türkiye";"Yıllık";"Adrese Dayalı Nüfus Kayıt Sistemi";"Diyarbakır";"Tek Çekirdek Aileden Oluşan Hanehalkı";"Hanehalkı sayısı";"2020";"272929";"";"";"";"";""
"Türkiye";"Yıllık";"Adrese Dayalı Nüfus Kayıt Sistemi";"Diyarbakır";"Tek Çekirdek Aileden Oluşan Hanehalkı";"Hanehalkı sayısı";"2021";"280651";"";"";"";"";""
"Türkiye";"Yıllık";"Adrese Dayalı Nüfus Kayıt Sistemi";"Diyarbakır";"Tek Çekirdek Aileden Oluşan Hanehalkı";"Hanehalkı sayısı";"2022";"301999";"";"";"";"";""
"Türkiye";"Yıllık";"Adrese Dayalı Nüfus Kayıt Sistemi";"Diyarbakır";"Tek Çekirdek Aileden Oluşan Hanehalkı";"Hanehalkı sayısı";"2023";"305408";"";"";"";"";""
"Türkiye";"Yıllık";"Adrese Dayalı Nüfus Kayıt Sistemi";"Diyarbakır";"Tek Çekirdek Aileden Oluşan Hanehalkı";"Hanehalkı sayısı";"2024";"308687";"";"";"";"";""
"Türkiye";"Yıllık";"Adrese Dayalı Nüfus Kayıt Sistemi";"Diyarbakır";"Tek Çekirdek Aileden Oluşan Hanehalkı";"Hanehalkı sayısı";"2025";"308354";"";"";"";"";""
"Türkiye";"Yıllık";"Adrese Dayalı Nüfus Kayıt Sistemi";"Diyarbakır";"En Az Bir Çekirdek Aile Ve Diğer Kişilerden Oluşan Hanehalkı";"Hanehalkı sayısı";"2014";"71183";"";"";"";"";""
"Türkiye";"Yıllık";"Adrese Dayalı Nüfus Kayıt Sistemi";"Diyarbakır";"En Az Bir Çekirdek Aile Ve Diğer Kişilerden Oluşan Hanehalkı";"Hanehalkı sayısı";"2015";"71420";"";"";"";"";""
"Türkiye";"Yıllık";"Adrese Dayalı Nüfus Kayıt Sistemi";"Diyarbakır";"En Az Bir Çekirdek Aile Ve Diğer Kişilerden Oluşan Hanehalkı";"Hanehalkı sayısı";"2016";"72076";"";"";"";"";""
"Türkiye";"Yıllık";"Adrese Dayalı Nüfus Kayıt Sistemi";"Diyarbakır";"En Az Bir Çekirdek Aile Ve Diğer Kişilerden Oluşan Hanehalkı";"Hanehalkı sayısı";"2017";"73510";"";"";"";"";""
"Türkiye";"Yıllık";"Adrese Dayalı Nüfus Kayıt Sistemi";"Diyarbakır";"En Az Bir Çekirdek Aile Ve Diğer Kişilerden Oluşan Hanehalkı";"Hanehalkı sayısı";"2018";"72899";"";"";"";"";""
"Türkiye";"Yıllık";"Adrese Dayalı Nüfus Kayıt Sistemi";"Diyarbakır";"En Az Bir Çekirdek Aile Ve Diğer Kişilerden Oluşan Hanehalkı";"Hanehalkı sayısı";"2019";"69638";"";"";"";"";""
"Türkiye";"Yıllık";"Adrese Dayalı Nüfus Kayıt Sistemi";"Diyarbakır";"En Az Bir Çekirdek Aile Ve Diğer Kişilerden Oluşan Hanehalkı";"Hanehalkı sayısı";"2020";"64461";"";"";"";"";""
"Türkiye";"Yıllık";"Adrese Dayalı Nüfus Kayıt Sistemi";"Diyarbakır";"En Az Bir Çekirdek Aile Ve Diğer Kişilerden Oluşan Hanehalkı";"Hanehalkı sayısı";"2021";"64343";"";"";"";"";""
"Türkiye";"Yıllık";"Adrese Dayalı Nüfus Kayıt Sistemi";"Diyarbakır";"En Az Bir Çekirdek Aile Ve Diğer Kişilerden Oluşan Hanehalkı";"Hanehalkı sayısı";"2022";"59465";"";"";"";"";""
"Türkiye";"Yıllık";"Adrese Dayalı Nüfus Kayıt Sistemi";"Diyarbakır";"En Az Bir Çekirdek Aile Ve Diğer Kişilerden Oluşan Hanehalkı";"Hanehalkı sayısı";"2023";"60782";"";"";"";"";""
"Türkiye";"Yıllık";"Adrese Dayalı Nüfus Kayıt Sistemi";"Diyarbakır";"En Az Bir Çekirdek Aile Ve Diğer Kişilerden Oluşan Hanehalkı";"Hanehalkı sayısı";"2024";"64316";"";"";"";"";""
"Türkiye";"Yıllık";"Adrese Dayalı Nüfus Kayıt Sistemi";"Diyarbakır";"En Az Bir Çekirdek Aile Ve Diğer Kişilerden Oluşan Hanehalkı";"Hanehalkı sayısı";"2025";"68503";"";"";"";"";""
"Türkiye";"Yıllık";"Adrese Dayalı Nüfus Kayıt Sistemi";"Diyarbakır";"Çekirdek Aile Bulunmayan Birden Fazla Kişiden Oluşan Hanehalkı";"Hanehalkı sayısı";"2014";"4960";"";"";"";"";""
"Türkiye";"Yıllık";"Adrese Dayalı Nüfus Kayıt Sistemi";"Diyarbakır";"Çekirdek Aile Bulunmayan Birden Fazla Kişiden Oluşan Hanehalkı";"Hanehalkı sayısı";"2015";"5330";"";"";"";"";""
"Türkiye";"Yıllık";"Adrese Dayalı Nüfus Kayıt Sistemi";"Diyarbakır";"Çekirdek Aile Bulunmayan Birden Fazla Kişiden Oluşan Hanehalkı";"Hanehalkı sayısı";"2016";"5374";"";"";"";"";""
"Türkiye";"Yıllık";"Adrese Dayalı Nüfus Kayıt Sistemi";"Diyarbakır";"Çekirdek Aile Bulunmayan Birden Fazla Kişiden Oluşan Hanehalkı";"Hanehalkı sayısı";"2017";"5596";"";"";"";"";""
"Türkiye";"Yıllık";"Adrese Dayalı Nüfus Kayıt Sistemi";"Diyarbakır";"Çekirdek Aile Bulunmayan Birden Fazla Kişiden Oluşan Hanehalkı";"Hanehalkı sayısı";"2018";"5955";"";"";"";"";""
"Türkiye";"Yıllık";"Adrese Dayalı Nüfus Kayıt Sistemi";"Diyarbakır";"Çekirdek Aile Bulunmayan Birden Fazla Kişiden Oluşan Hanehalkı";"Hanehalkı sayısı";"2019";"6361";"";"";"";"";""
"Türkiye";"Yıllık";"Adrese Dayalı Nüfus Kayıt Sistemi";"Diyarbakır";"Çekirdek Aile Bulunmayan Birden Fazla Kişiden Oluşan Hanehalkı";"Hanehalkı sayısı";"2020";"6807";"";"";"";"";""
"Türkiye";"Yıllık";"Adrese Dayalı Nüfus Kayıt Sistemi";"Diyarbakır";"Çekirdek Aile Bulunmayan Birden Fazla Kişiden Oluşan Hanehalkı";"Hanehalkı sayısı";"2021";"7322";"";"";"";"";""
"Türkiye";"Yıllık";"Adrese Dayalı Nüfus Kayıt Sistemi";"Diyarbakır";"Çekirdek Aile Bulunmayan Birden Fazla Kişiden Oluşan Hanehalkı";"Hanehalkı sayısı";"2022";"8153";"";"";"";"";""
"Türkiye";"Yıllık";"Adrese Dayalı Nüfus Kayıt Sistemi";"Diyarbakır";"Çekirdek Aile Bulunmayan Birden Fazla Kişiden Oluşan Hanehalkı";"Hanehalkı sayısı";"2023";"9035";"";"";"";"";""
"Türkiye";"Yıllık";"Adrese Dayalı Nüfus Kayıt Sistemi";"Diyarbakır";"Çekirdek Aile Bulunmayan Birden Fazla Kişiden Oluşan Hanehalkı";"Hanehalkı sayısı";"2024";"9638";"";"";"";"";""
"Türkiye";"Yıllık";"Adrese Dayalı Nüfus Kayıt Sistemi";"Diyarbakır";"Çekirdek Aile Bulunmayan Birden Fazla Kişiden Oluşan Hanehalkı";"Hanehalkı sayısı";"2025";"10141";"";"";"";"";""
"Türkiye";"Yıllık";"Adrese Dayalı Nüfus Kayıt Sistemi";"Diyarbakır";"Toplam";"Hanehalkı sayısı";"2014";"294140";"";"";"";"";""
"Türkiye";"Yıllık";"Adrese Dayalı Nüfus Kayıt Sistemi";"Diyarbakır";"Toplam";"Hanehalkı sayısı";"2015";"308742";"";"";"";"";""
"Türkiye";"Yıllık";"Adrese Dayalı Nüfus Kayıt Sistemi";"Diyarbakır";"Toplam";"Hanehalkı sayısı";"2016";"321901";"";"";"";"";""
"Türkiye";"Yıllık";"Adrese Dayalı Nüfus Kayıt Sistemi";"Diyarbakır";"Toplam";"Hanehalkı sayısı";"2017";"334611";"";"";"";"";""
"Türkiye";"Yıllık";"Adrese Dayalı Nüfus Kayıt Sistemi";"Diyarbakır";"Toplam";"Hanehalkı sayısı";"2018";"350488";"";"";"";"";""
"Türkiye";"Yıllık";"Adrese Dayalı Nüfus Kayıt Sistemi";"Diyarbakır";"Toplam";"Hanehalkı sayısı";"2019";"366832";"";"";"";"";""
"Türkiye";"Yıllık";"Adrese Dayalı Nüfus Kayıt Sistemi";"Diyarbakır";"Toplam";"Hanehalkı sayısı";"2020";"383192";"";"";"";"";""
"Türkiye";"Yıllık";"Adrese Dayalı Nüfus Kayıt Sistemi";"Diyarbakır";"Toplam";"Hanehalkı sayısı";"2021";"394867";"";"";"";"";""
"Türkiye";"Yıllık";"Adrese Dayalı Nüfus Kayıt Sistemi";"Diyarbakır";"Toplam";"Hanehalkı sayısı";"2022";"416475";"";"";"";"";""
"Türkiye";"Yıllık";"Adrese Dayalı Nüfus Kayıt Sistemi";"Diyarbakır";"Toplam";"Hanehalkı sayısı";"2023";"425723";"";"";"";"";""
"Türkiye";"Yıllık";"Adrese Dayalı Nüfus Kayıt Sistemi";"Diyarbakır";"Toplam";"Hanehalkı sayısı";"2024";"436464";"";"";"";"";""
"Türkiye";"Yıllık";"Adrese Dayalı Nüfus Kayıt Sistemi";"Diyarbakır";"Toplam";"Hanehalkı sayısı";"2025";"441728";"";"";"";"";""
"Türkiye";"Yıllık";"Adrese Dayalı Nüfus Kayıt Sistemi";"Şanlıurfa";"Tek Kişilik Hanehalkı";"Hanehalkı sayısı";"2014";"24437";"";"";"";"";""
"Türkiye";"Yıllık";"Adrese Dayalı Nüfus Kayıt Sistemi";"Şanlıurfa";"Tek Kişilik Hanehalkı";"Hanehalkı sayısı";"2015";"27255";"";"";"";"";""
"Türkiye";"Yıllık";"Adrese Dayalı Nüfus Kayıt Sistemi";"Şanlıurfa";"Tek Kişilik Hanehalkı";"Hanehalkı sayısı";"2016";"30106";"";"";"";"";""
"Türkiye";"Yıllık";"Adrese Dayalı Nüfus Kayıt Sistemi";"Şanlıurfa";"Tek Kişilik Hanehalkı";"Hanehalkı sayısı";"2017";"32735";"";"";"";"";""
"Türkiye";"Yıllık";"Adrese Dayalı Nüfus Kayıt Sistemi";"Şanlıurfa";"Tek Kişilik Hanehalkı";"Hanehalkı sayısı";"2018";"35688";"";"";"";"";""
"Türkiye";"Yıllık";"Adrese Dayalı Nüfus Kayıt Sistemi";"Şanlıurfa";"Tek Kişilik Hanehalkı";"Hanehalkı sayısı";"2019";"40344";"";"";"";"";""
"Türkiye";"Yıllık";"Adrese Dayalı Nüfus Kayıt Sistemi";"Şanlıurfa";"Tek Kişilik Hanehalkı";"Hanehalkı sayısı";"2020";"45149";"";"";"";"";""
"Türkiye";"Yıllık";"Adrese Dayalı Nüfus Kayıt Sistemi";"Şanlıurfa";"Tek Kişilik Hanehalkı";"Hanehalkı sayısı";"2021";"47860";"";"";"";"";""
"Türkiye";"Yıllık";"Adrese Dayalı Nüfus Kayıt Sistemi";"Şanlıurfa";"Tek Kişilik Hanehalkı";"Hanehalkı sayısı";"2022";"51418";"";"";"";"";""
"Türkiye";"Yıllık";"Adrese Dayalı Nüfus Kayıt Sistemi";"Şanlıurfa";"Tek Kişilik Hanehalkı";"Hanehalkı sayısı";"2023";"56589";"";"";"";"";""
"Türkiye";"Yıllık";"Adrese Dayalı Nüfus Kayıt Sistemi";"Şanlıurfa";"Tek Kişilik Hanehalkı";"Hanehalkı sayısı";"2024";"59234";"";"";"";"";""
"Türkiye";"Yıllık";"Adrese Dayalı Nüfus Kayıt Sistemi";"Şanlıurfa";"Tek Kişilik Hanehalkı";"Hanehalkı sayısı";"2025";"59871";"";"";"";"";""
"Türkiye";"Yıllık";"Adrese Dayalı Nüfus Kayıt Sistemi";"Şanlıurfa";"Tek Çekirdek Aileden Oluşan Hanehalkı";"Hanehalkı sayısı";"2014";"192203";"";"";"";"";""
"Türkiye";"Yıllık";"Adrese Dayalı Nüfus Kayıt Sistemi";"Şanlıurfa";"Tek Çekirdek Aileden Oluşan Hanehalkı";"Hanehalkı sayısı";"2015";"203617";"";"";"";"";""
"Türkiye";"Yıllık";"Adrese Dayalı Nüfus Kayıt Sistemi";"Şanlıurfa";"Tek Çekirdek Aileden Oluşan Hanehalkı";"Hanehalkı sayısı";"2016";"214368";"";"";"";"";""
"Türkiye";"Yıllık";"Adrese Dayalı Nüfus Kayıt Sistemi";"Şanlıurfa";"Tek Çekirdek Aileden Oluşan Hanehalkı";"Hanehalkı sayısı";"2017";"223657";"";"";"";"";""
"Türkiye";"Yıllık";"Adrese Dayalı Nüfus Kayıt Sistemi";"Şanlıurfa";"Tek Çekirdek Aileden Oluşan Hanehalkı";"Hanehalkı sayısı";"2018";"234254";"";"";"";"";""
"Türkiye";"Yıllık";"Adrese Dayalı Nüfus Kayıt Sistemi";"Şanlıurfa";"Tek Çekirdek Aileden Oluşan Hanehalkı";"Hanehalkı sayısı";"2019";"250010";"";"";"";"";""
"Türkiye";"Yıllık";"Adrese Dayalı Nüfus Kayıt Sistemi";"Şanlıurfa";"Tek Çekirdek Aileden Oluşan Hanehalkı";"Hanehalkı sayısı";"2020";"265310";"";"";"";"";""
"Türkiye";"Yıllık";"Adrese Dayalı Nüfus Kayıt Sistemi";"Şanlıurfa";"Tek Çekirdek Aileden Oluşan Hanehalkı";"Hanehalkı sayısı";"2021";"277353";"";"";"";"";""
"Türkiye";"Yıllık";"Adrese Dayalı Nüfus Kayıt Sistemi";"Şanlıurfa";"Tek Çekirdek Aileden Oluşan Hanehalkı";"Hanehalkı sayısı";"2022";"315773";"";"";"";"";""
"Türkiye";"Yıllık";"Adrese Dayalı Nüfus Kayıt Sistemi";"Şanlıurfa";"Tek Çekirdek Aileden Oluşan Hanehalkı";"Hanehalkı sayısı";"2023";"334055";"";"";"";"";""
"Türkiye";"Yıllık";"Adrese Dayalı Nüfus Kayıt Sistemi";"Şanlıurfa";"Tek Çekirdek Aileden Oluşan Hanehalkı";"Hanehalkı sayısı";"2024";"337365";"";"";"";"";""
"Türkiye";"Yıllık";"Adrese Dayalı Nüfus Kayıt Sistemi";"Şanlıurfa";"Tek Çekirdek Aileden Oluşan Hanehalkı";"Hanehalkı sayısı";"2025";"334731";"";"";"";"";""
"Türkiye";"Yıllık";"Adrese Dayalı Nüfus Kayıt Sistemi";"Şanlıurfa";"En Az Bir Çekirdek Aile Ve Diğer Kişilerden Oluşan Hanehalkı";"Hanehalkı sayısı";"2014";"77345";"";"";"";"";""
"Türkiye";"Yıllık";"Adrese Dayalı Nüfus Kayıt Sistemi";"Şanlıurfa";"En Az Bir Çekirdek Aile Ve Diğer Kişilerden Oluşan Hanehalkı";"Hanehalkı sayısı";"2015";"79079";"";"";"";"";""
"Türkiye";"Yıllık";"Adrese Dayalı Nüfus Kayıt Sistemi";"Şanlıurfa";"En Az Bir Çekirdek Aile Ve Diğer Kişilerden Oluşan Hanehalkı";"Hanehalkı sayısı";"2016";"80422";"";"";"";"";""
"Türkiye";"Yıllık";"Adrese Dayalı Nüfus Kayıt Sistemi";"Şanlıurfa";"En Az Bir Çekirdek Aile Ve Diğer Kişilerden Oluşan Hanehalkı";"Hanehalkı sayısı";"2017";"81684";"";"";"";"";""
"Türkiye";"Yıllık";"Adrese Dayalı Nüfus Kayıt Sistemi";"Şanlıurfa";"En Az Bir Çekirdek Aile Ve Diğer Kişilerden Oluşan Hanehalkı";"Hanehalkı sayısı";"2018";"82402";"";"";"";"";""
"Türkiye";"Yıllık";"Adrese Dayalı Nüfus Kayıt Sistemi";"Şanlıurfa";"En Az Bir Çekirdek Aile Ve Diğer Kişilerden Oluşan Hanehalkı";"Hanehalkı sayısı";"2019";"81498";"";"";"";"";""
"Türkiye";"Yıllık";"Adrese Dayalı Nüfus Kayıt Sistemi";"Şanlıurfa";"En Az Bir Çekirdek Aile Ve Diğer Kişilerden Oluşan Hanehalkı";"Hanehalkı sayısı";"2020";"78598";"";"";"";"";""
"Türkiye";"Yıllık";"Adrese Dayalı Nüfus Kayıt Sistemi";"Şanlıurfa";"En Az Bir Çekirdek Aile Ve Diğer Kişilerden Oluşan Hanehalkı";"Hanehalkı sayısı";"2021";"78631";"";"";"";"";""
"Türkiye";"Yıllık";"Adrese Dayalı Nüfus Kayıt Sistemi";"Şanlıurfa";"En Az Bir Çekirdek Aile Ve Diğer Kişilerden Oluşan Hanehalkı";"Hanehalkı sayısı";"2022";"69608";"";"";"";"";""
"Türkiye";"Yıllık";"Adrese Dayalı Nüfus Kayıt Sistemi";"Şanlıurfa";"En Az Bir Çekirdek Aile Ve Diğer Kişilerden Oluşan Hanehalkı";"Hanehalkı sayısı";"2023";"67740";"";"";"";"";""
"Türkiye";"Yıllık";"Adrese Dayalı Nüfus Kayıt Sistemi";"Şanlıurfa";"En Az Bir Çekirdek Aile Ve Diğer Kişilerden Oluşan Hanehalkı";"Hanehalkı sayısı";"2024";"71612";"";"";"";"";""
"Türkiye";"Yıllık";"Adrese Dayalı Nüfus Kayıt Sistemi";"Şanlıurfa";"En Az Bir Çekirdek Aile Ve Diğer Kişilerden Oluşan Hanehalkı";"Hanehalkı sayısı";"2025";"77631";"";"";"";"";""
"Türkiye";"Yıllık";"Adrese Dayalı Nüfus Kayıt Sistemi";"Şanlıurfa";"Çekirdek Aile Bulunmayan Birden Fazla Kişiden Oluşan Hanehalkı";"Hanehalkı sayısı";"2014";"5708";"";"";"";"";""
"Türkiye";"Yıllık";"Adrese Dayalı Nüfus Kayıt Sistemi";"Şanlıurfa";"Çekirdek Aile Bulunmayan Birden Fazla Kişiden Oluşan Hanehalkı";"Hanehalkı sayısı";"2015";"6398";"";"";"";"";""
"Türkiye";"Yıllık";"Adrese Dayalı Nüfus Kayıt Sistemi";"Şanlıurfa";"Çekirdek Aile Bulunmayan Birden Fazla Kişiden Oluşan Hanehalkı";"Hanehalkı sayısı";"2016";"6374";"";"";"";"";""
"Türkiye";"Yıllık";"Adrese Dayalı Nüfus Kayıt Sistemi";"Şanlıurfa";"Çekirdek Aile Bulunmayan Birden Fazla Kişiden Oluşan Hanehalkı";"Hanehalkı sayısı";"2017";"6487";"";"";"";"";""
"Türkiye";"Yıllık";"Adrese Dayalı Nüfus Kayıt Sistemi";"Şanlıurfa";"Çekirdek Aile Bulunmayan Birden Fazla Kişiden Oluşan Hanehalkı";"Hanehalkı sayısı";"2018";"6853";"";"";"";"";""
"Türkiye";"Yıllık";"Adrese Dayalı Nüfus Kayıt Sistemi";"Şanlıurfa";"Çekirdek Aile Bulunmayan Birden Fazla Kişiden Oluşan Hanehalkı";"Hanehalkı sayısı";"2019";"7236";"";"";"";"";""
"Türkiye";"Yıllık";"Adrese Dayalı Nüfus Kayıt Sistemi";"Şanlıurfa";"Çekirdek Aile Bulunmayan Birden Fazla Kişiden Oluşan Hanehalkı";"Hanehalkı sayısı";"2020";"7036";"";"";"";"";""
"Türkiye";"Yıllık";"Adrese Dayalı Nüfus Kayıt Sistemi";"Şanlıurfa";"Çekirdek Aile Bulunmayan Birden Fazla Kişiden Oluşan Hanehalkı";"Hanehalkı sayısı";"2021";"7577";"";"";"";"";""
"Türkiye";"Yıllık";"Adrese Dayalı Nüfus Kayıt Sistemi";"Şanlıurfa";"Çekirdek Aile Bulunmayan Birden Fazla Kişiden Oluşan Hanehalkı";"Hanehalkı sayısı";"2022";"7460";"";"";"";"";""
"Türkiye";"Yıllık";"Adrese Dayalı Nüfus Kayıt Sistemi";"Şanlıurfa";"Çekirdek Aile Bulunmayan Birden Fazla Kişiden Oluşan Hanehalkı";"Hanehalkı sayısı";"2023";"7998";"";"";"";"";""
"Türkiye";"Yıllık";"Adrese Dayalı Nüfus Kayıt Sistemi";"Şanlıurfa";"Çekirdek Aile Bulunmayan Birden Fazla Kişiden Oluşan Hanehalkı";"Hanehalkı sayısı";"2024";"8107";"";"";"";"";""
"Türkiye";"Yıllık";"Adrese Dayalı Nüfus Kayıt Sistemi";"Şanlıurfa";"Çekirdek Aile Bulunmayan Birden Fazla Kişiden Oluşan Hanehalkı";"Hanehalkı sayısı";"2025";"8361";"";"";"";"";""
"Türkiye";"Yıllık";"Adrese Dayalı Nüfus Kayıt Sistemi";"Şanlıurfa";"Toplam";"Hanehalkı sayısı";"2014";"299693";"";"";"";"";""
"Türkiye";"Yıllık";"Adrese Dayalı Nüfus Kayıt Sistemi";"Şanlıurfa";"Toplam";"Hanehalkı sayısı";"2015";"316349";"";"";"";"";""
"Türkiye";"Yıllık";"Adrese Dayalı Nüfus Kayıt Sistemi";"Şanlıurfa";"Toplam";"Hanehalkı sayısı";"2016";"331270";"";"";"";"";""
"Türkiye";"Yıllık";"Adrese Dayalı Nüfus Kayıt Sistemi";"Şanlıurfa";"Toplam";"Hanehalkı sayısı";"2017";"344563";"";"";"";"";""
"Türkiye";"Yıllık";"Adrese Dayalı Nüfus Kayıt Sistemi";"Şanlıurfa";"Toplam";"Hanehalkı sayısı";"2018";"359197";"";"";"";"";""
"Türkiye";"Yıllık";"Adrese Dayalı Nüfus Kayıt Sistemi";"Şanlıurfa";"Toplam";"Hanehalkı sayısı";"2019";"379088";"";"";"";"";""
"Türkiye";"Yıllık";"Adrese Dayalı Nüfus Kayıt Sistemi";"Şanlıurfa";"Toplam";"Hanehalkı sayısı";"2020";"396093";"";"";"";"";""
"Türkiye";"Yıllık";"Adrese Dayalı Nüfus Kayıt Sistemi";"Şanlıurfa";"Toplam";"Hanehalkı sayısı";"2021";"411421";"";"";"";"";""
"Türkiye";"Yıllık";"Adrese Dayalı Nüfus Kayıt Sistemi";"Şanlıurfa";"Toplam";"Hanehalkı sayısı";"2022";"444259";"";"";"";"";""
"Türkiye";"Yıllık";"Adrese Dayalı Nüfus Kayıt Sistemi";"Şanlıurfa";"Toplam";"Hanehalkı sayısı";"2023";"466382";"";"";"";"";""
"Türkiye";"Yıllık";"Adrese Dayalı Nüfus Kayıt Sistemi";"Şanlıurfa";"Toplam";"Hanehalkı sayısı";"2024";"476318";"";"";"";"";""
"Türkiye";"Yıllık";"Adrese Dayalı Nüfus Kayıt Sistemi";"Şanlıurfa";"Toplam";"Hanehalkı sayısı";"2025";"480594";"";"";"";"";""
"Türkiye";"Yıllık";"Adrese Dayalı Nüfus Kayıt Sistemi";"Batman";"Tek Kişilik Hanehalkı";"Hanehalkı sayısı";"2014";"6881";"";"";"";"";""
"Türkiye";"Yıllık";"Adrese Dayalı Nüfus Kayıt Sistemi";"Batman";"Tek Kişilik Hanehalkı";"Hanehalkı sayısı";"2015";"7474";"";"";"";"";""
"Türkiye";"Yıllık";"Adrese Dayalı Nüfus Kayıt Sistemi";"Batman";"Tek Kişilik Hanehalkı";"Hanehalkı sayısı";"2016";"8543";"";"";"";"";""
"Türkiye";"Yıllık";"Adrese Dayalı Nüfus Kayıt Sistemi";"Batman";"Tek Kişilik Hanehalkı";"Hanehalkı sayısı";"2017";"9396";"";"";"";"";""
"Türkiye";"Yıllık";"Adrese Dayalı Nüfus Kayıt Sistemi";"Batman";"Tek Kişilik Hanehalkı";"Hanehalkı sayısı";"2018";"10111";"";"";"";"";""
"Türkiye";"Yıllık";"Adrese Dayalı Nüfus Kayıt Sistemi";"Batman";"Tek Kişilik Hanehalkı";"Hanehalkı sayısı";"2019";"11195";"";"";"";"";""
"Türkiye";"Yıllık";"Adrese Dayalı Nüfus Kayıt Sistemi";"Batman";"Tek Kişilik Hanehalkı";"Hanehalkı sayısı";"2020";"12555";"";"";"";"";""
"Türkiye";"Yıllık";"Adrese Dayalı Nüfus Kayıt Sistemi";"Batman";"Tek Kişilik Hanehalkı";"Hanehalkı sayısı";"2021";"13485";"";"";"";"";""
"Türkiye";"Yıllık";"Adrese Dayalı Nüfus Kayıt Sistemi";"Batman";"Tek Kişilik Hanehalkı";"Hanehalkı sayısı";"2022";"14794";"";"";"";"";""
"Türkiye";"Yıllık";"Adrese Dayalı Nüfus Kayıt Sistemi";"Batman";"Tek Kişilik Hanehalkı";"Hanehalkı sayısı";"2023";"15273";"";"";"";"";""
"Türkiye";"Yıllık";"Adrese Dayalı Nüfus Kayıt Sistemi";"Batman";"Tek Kişilik Hanehalkı";"Hanehalkı sayısı";"2024";"15752";"";"";"";"";""
"Türkiye";"Yıllık";"Adrese Dayalı Nüfus Kayıt Sistemi";"Batman";"Tek Kişilik Hanehalkı";"Hanehalkı sayısı";"2025";"16849";"";"";"";"";""
"Türkiye";"Yıllık";"Adrese Dayalı Nüfus Kayıt Sistemi";"Batman";"Tek Çekirdek Aileden Oluşan Hanehalkı";"Hanehalkı sayısı";"2014";"57514";"";"";"";"";""
"Türkiye";"Yıllık";"Adrese Dayalı Nüfus Kayıt Sistemi";"Batman";"Tek Çekirdek Aileden Oluşan Hanehalkı";"Hanehalkı sayısı";"2015";"60392";"";"";"";"";""
"Türkiye";"Yıllık";"Adrese Dayalı Nüfus Kayıt Sistemi";"Batman";"Tek Çekirdek Aileden Oluşan Hanehalkı";"Hanehalkı sayısı";"2016";"62630";"";"";"";"";""
"Türkiye";"Yıllık";"Adrese Dayalı Nüfus Kayıt Sistemi";"Batman";"Tek Çekirdek Aileden Oluşan Hanehalkı";"Hanehalkı sayısı";"2017";"65582";"";"";"";"";""
"Türkiye";"Yıllık";"Adrese Dayalı Nüfus Kayıt Sistemi";"Batman";"Tek Çekirdek Aileden Oluşan Hanehalkı";"Hanehalkı sayısı";"2018";"68152";"";"";"";"";""
"Türkiye";"Yıllık";"Adrese Dayalı Nüfus Kayıt Sistemi";"Batman";"Tek Çekirdek Aileden Oluşan Hanehalkı";"Hanehalkı sayısı";"2019";"74247";"";"";"";"";""
"Türkiye";"Yıllık";"Adrese Dayalı Nüfus Kayıt Sistemi";"Batman";"Tek Çekirdek Aileden Oluşan Hanehalkı";"Hanehalkı sayısı";"2020";"79231";"";"";"";"";""
"Türkiye";"Yıllık";"Adrese Dayalı Nüfus Kayıt Sistemi";"Batman";"Tek Çekirdek Aileden Oluşan Hanehalkı";"Hanehalkı sayısı";"2021";"81948";"";"";"";"";""
"Türkiye";"Yıllık";"Adrese Dayalı Nüfus Kayıt Sistemi";"Batman";"Tek Çekirdek Aileden Oluşan Hanehalkı";"Hanehalkı sayısı";"2022";"90457";"";"";"";"";""
"Türkiye";"Yıllık";"Adrese Dayalı Nüfus Kayıt Sistemi";"Batman";"Tek Çekirdek Aileden Oluşan Hanehalkı";"Hanehalkı sayısı";"2023";"93282";"";"";"";"";""
"Türkiye";"Yıllık";"Adrese Dayalı Nüfus Kayıt Sistemi";"Batman";"Tek Çekirdek Aileden Oluşan Hanehalkı";"Hanehalkı sayısı";"2024";"96121";"";"";"";"";""
"Türkiye";"Yıllık";"Adrese Dayalı Nüfus Kayıt Sistemi";"Batman";"Tek Çekirdek Aileden Oluşan Hanehalkı";"Hanehalkı sayısı";"2025";"97577";"";"";"";"";""
"Türkiye";"Yıllık";"Adrese Dayalı Nüfus Kayıt Sistemi";"Batman";"En Az Bir Çekirdek Aile Ve Diğer Kişilerden Oluşan Hanehalkı";"Hanehalkı sayısı";"2014";"24288";"";"";"";"";""
"Türkiye";"Yıllık";"Adrese Dayalı Nüfus Kayıt Sistemi";"Batman";"En Az Bir Çekirdek Aile Ve Diğer Kişilerden Oluşan Hanehalkı";"Hanehalkı sayısı";"2015";"24920";"";"";"";"";""
"Türkiye";"Yıllık";"Adrese Dayalı Nüfus Kayıt Sistemi";"Batman";"En Az Bir Çekirdek Aile Ve Diğer Kişilerden Oluşan Hanehalkı";"Hanehalkı sayısı";"2016";"25573";"";"";"";"";""
"Türkiye";"Yıllık";"Adrese Dayalı Nüfus Kayıt Sistemi";"Batman";"En Az Bir Çekirdek Aile Ve Diğer Kişilerden Oluşan Hanehalkı";"Hanehalkı sayısı";"2017";"26053";"";"";"";"";""
"Türkiye";"Yıllık";"Adrese Dayalı Nüfus Kayıt Sistemi";"Batman";"En Az Bir Çekirdek Aile Ve Diğer Kişilerden Oluşan Hanehalkı";"Hanehalkı sayısı";"2018";"27019";"";"";"";"";""
"Türkiye";"Yıllık";"Adrese Dayalı Nüfus Kayıt Sistemi";"Batman";"En Az Bir Çekirdek Aile Ve Diğer Kişilerden Oluşan Hanehalkı";"Hanehalkı sayısı";"2019";"26372";"";"";"";"";""
"Türkiye";"Yıllık";"Adrese Dayalı Nüfus Kayıt Sistemi";"Batman";"En Az Bir Çekirdek Aile Ve Diğer Kişilerden Oluşan Hanehalkı";"Hanehalkı sayısı";"2020";"25794";"";"";"";"";""
"Türkiye";"Yıllık";"Adrese Dayalı Nüfus Kayıt Sistemi";"Batman";"En Az Bir Çekirdek Aile Ve Diğer Kişilerden Oluşan Hanehalkı";"Hanehalkı sayısı";"2021";"26496";"";"";"";"";""
"Türkiye";"Yıllık";"Adrese Dayalı Nüfus Kayıt Sistemi";"Batman";"En Az Bir Çekirdek Aile Ve Diğer Kişilerden Oluşan Hanehalkı";"Hanehalkı sayısı";"2022";"24891";"";"";"";"";""
"Türkiye";"Yıllık";"Adrese Dayalı Nüfus Kayıt Sistemi";"Batman";"En Az Bir Çekirdek Aile Ve Diğer Kişilerden Oluşan Hanehalkı";"Hanehalkı sayısı";"2023";"25925";"";"";"";"";""
"Türkiye";"Yıllık";"Adrese Dayalı Nüfus Kayıt Sistemi";"Batman";"En Az Bir Çekirdek Aile Ve Diğer Kişilerden Oluşan Hanehalkı";"Hanehalkı sayısı";"2024";"26533";"";"";"";"";""
"Türkiye";"Yıllık";"Adrese Dayalı Nüfus Kayıt Sistemi";"Batman";"En Az Bir Çekirdek Aile Ve Diğer Kişilerden Oluşan Hanehalkı";"Hanehalkı sayısı";"2025";"28000";"";"";"";"";""
"Türkiye";"Yıllık";"Adrese Dayalı Nüfus Kayıt Sistemi";"Batman";"Çekirdek Aile Bulunmayan Birden Fazla Kişiden Oluşan Hanehalkı";"Hanehalkı sayısı";"2014";"1668";"";"";"";"";""
"Türkiye";"Yıllık";"Adrese Dayalı Nüfus Kayıt Sistemi";"Batman";"Çekirdek Aile Bulunmayan Birden Fazla Kişiden Oluşan Hanehalkı";"Hanehalkı sayısı";"2015";"1838";"";"";"";"";""
"Türkiye";"Yıllık";"Adrese Dayalı Nüfus Kayıt Sistemi";"Batman";"Çekirdek Aile Bulunmayan Birden Fazla Kişiden Oluşan Hanehalkı";"Hanehalkı sayısı";"2016";"1823";"";"";"";"";""
"Türkiye";"Yıllık";"Adrese Dayalı Nüfus Kayıt Sistemi";"Batman";"Çekirdek Aile Bulunmayan Birden Fazla Kişiden Oluşan Hanehalkı";"Hanehalkı sayısı";"2017";"1814";"";"";"";"";""
"Türkiye";"Yıllık";"Adrese Dayalı Nüfus Kayıt Sistemi";"Batman";"Çekirdek Aile Bulunmayan Birden Fazla Kişiden Oluşan Hanehalkı";"Hanehalkı sayısı";"2018";"2020";"";"";"";"";""
"Türkiye";"Yıllık";"Adrese Dayalı Nüfus Kayıt Sistemi";"Batman";"Çekirdek Aile Bulunmayan Birden Fazla Kişiden Oluşan Hanehalkı";"Hanehalkı sayısı";"2019";"2186";"";"";"";"";""
"Türkiye";"Yıllık";"Adrese Dayalı Nüfus Kayıt Sistemi";"Batman";"Çekirdek Aile Bulunmayan Birden Fazla Kişiden Oluşan Hanehalkı";"Hanehalkı sayısı";"2020";"2355";"";"";"";"";""
"Türkiye";"Yıllık";"Adrese Dayalı Nüfus Kayıt Sistemi";"Batman";"Çekirdek Aile Bulunmayan Birden Fazla Kişiden Oluşan Hanehalkı";"Hanehalkı sayısı";"2021";"2459";"";"";"";"";""
"Türkiye";"Yıllık";"Adrese Dayalı Nüfus Kayıt Sistemi";"Batman";"Çekirdek Aile Bulunmayan Birden Fazla Kişiden Oluşan Hanehalkı";"Hanehalkı sayısı";"2022";"2668";"";"";"";"";""
"Türkiye";"Yıllık";"Adrese Dayalı Nüfus Kayıt Sistemi";"Batman";"Çekirdek Aile Bulunmayan Birden Fazla Kişiden Oluşan Hanehalkı";"Hanehalkı sayısı";"2023";"2957";"";"";"";"";""
"Türkiye";"Yıllık";"Adrese Dayalı Nüfus Kayıt Sistemi";"Batman";"Çekirdek Aile Bulunmayan Birden Fazla Kişiden Oluşan Hanehalkı";"Hanehalkı sayısı";"2024";"3135";"";"";"";"";""
"Türkiye";"Yıllık";"Adrese Dayalı Nüfus Kayıt Sistemi";"Batman";"Çekirdek Aile Bulunmayan Birden Fazla Kişiden Oluşan Hanehalkı";"Hanehalkı sayısı";"2025";"3484";"";"";"";"";""
"Türkiye";"Yıllık";"Adrese Dayalı Nüfus Kayıt Sistemi";"Batman";"Toplam";"Hanehalkı sayısı";"2014";"90351";"";"";"";"";""
"Türkiye";"Yıllık";"Adrese Dayalı Nüfus Kayıt Sistemi";"Batman";"Toplam";"Hanehalkı sayısı";"2015";"94624";"";"";"";"";""
"Türkiye";"Yıllık";"Adrese Dayalı Nüfus Kayıt Sistemi";"Batman";"Toplam";"Hanehalkı sayısı";"2016";"98569";"";"";"";"";""
"Türkiye";"Yıllık";"Adrese Dayalı Nüfus Kayıt Sistemi";"Batman";"Toplam";"Hanehalkı sayısı";"2017";"102845";"";"";"";"";""
"Türkiye";"Yıllık";"Adrese Dayalı Nüfus Kayıt Sistemi";"Batman";"Toplam";"Hanehalkı sayısı";"2018";"107302";"";"";"";"";""
"Türkiye";"Yıllık";"Adrese Dayalı Nüfus Kayıt Sistemi";"Batman";"Toplam";"Hanehalkı sayısı";"2019";"114000";"";"";"";"";""
"Türkiye";"Yıllık";"Adrese Dayalı Nüfus Kayıt Sistemi";"Batman";"Toplam";"Hanehalkı sayısı";"2020";"119935";"";"";"";"";""
"Türkiye";"Yıllık";"Adrese Dayalı Nüfus Kayıt Sistemi";"Batman";"Toplam";"Hanehalkı sayısı";"2021";"124388";"";"";"";"";""
"Türkiye";"Yıllık";"Adrese Dayalı Nüfus Kayıt Sistemi";"Batman";"Toplam";"Hanehalkı sayısı";"2022";"132810";"";"";"";"";""
"Türkiye";"Yıllık";"Adrese Dayalı Nüfus Kayıt Sistemi";"Batman";"Toplam";"Hanehalkı sayısı";"2023";"137437";"";"";"";"";""
"Türkiye";"Yıllık";"Adrese Dayalı Nüfus Kayıt Sistemi";"Batman";"Toplam";"Hanehalkı sayısı";"2024";"141541";"";"";"";"";""
"Türkiye";"Yıllık";"Adrese Dayalı Nüfus Kayıt Sistemi";"Batman";"Toplam";"Hanehalkı sayısı";"2025";"145910";"";"";"";"";""
"Türkiye";"Yıllık";"Adrese Dayalı Nüfus Kayıt Sistemi";"Mardin";"Tek Kişilik Hanehalkı";"Hanehalkı sayısı";"2014";"12425";"";"";"";"";""
"Türkiye";"Yıllık";"Adrese Dayalı Nüfus Kayıt Sistemi";"Mardin";"Tek Kişilik Hanehalkı";"Hanehalkı sayısı";"2015";"13960";"";"";"";"";""
"Türkiye";"Yıllık";"Adrese Dayalı Nüfus Kayıt Sistemi";"Mardin";"Tek Kişilik Hanehalkı";"Hanehalkı sayısı";"2016";"15633";"";"";"";"";""
"Türkiye";"Yıllık";"Adrese Dayalı Nüfus Kayıt Sistemi";"Mardin";"Tek Kişilik Hanehalkı";"Hanehalkı sayısı";"2017";"16793";"";"";"";"";""
"Türkiye";"Yıllık";"Adrese Dayalı Nüfus Kayıt Sistemi";"Mardin";"Tek Kişilik Hanehalkı";"Hanehalkı sayısı";"2018";"17774";"";"";"";"";""
"Türkiye";"Yıllık";"Adrese Dayalı Nüfus Kayıt Sistemi";"Mardin";"Tek Kişilik Hanehalkı";"Hanehalkı sayısı";"2019";"19008";"";"";"";"";""
"Türkiye";"Yıllık";"Adrese Dayalı Nüfus Kayıt Sistemi";"Mardin";"Tek Kişilik Hanehalkı";"Hanehalkı sayısı";"2020";"21190";"";"";"";"";""
"Türkiye";"Yıllık";"Adrese Dayalı Nüfus Kayıt Sistemi";"Mardin";"Tek Kişilik Hanehalkı";"Hanehalkı sayısı";"2021";"23113";"";"";"";"";""
"Türkiye";"Yıllık";"Adrese Dayalı Nüfus Kayıt Sistemi";"Mardin";"Tek Kişilik Hanehalkı";"Hanehalkı sayısı";"2022";"25266";"";"";"";"";""
"Türkiye";"Yıllık";"Adrese Dayalı Nüfus Kayıt Sistemi";"Mardin";"Tek Kişilik Hanehalkı";"Hanehalkı sayısı";"2023";"25876";"";"";"";"";""
"Türkiye";"Yıllık";"Adrese Dayalı Nüfus Kayıt Sistemi";"Mardin";"Tek Kişilik Hanehalkı";"Hanehalkı sayısı";"2024";"26428";"";"";"";"";""
"Türkiye";"Yıllık";"Adrese Dayalı Nüfus Kayıt Sistemi";"Mardin";"Tek Kişilik Hanehalkı";"Hanehalkı sayısı";"2025";"28016";"";"";"";"";""
"Türkiye";"Yıllık";"Adrese Dayalı Nüfus Kayıt Sistemi";"Mardin";"Tek Çekirdek Aileden Oluşan Hanehalkı";"Hanehalkı sayısı";"2014";"78124";"";"";"";"";""
"Türkiye";"Yıllık";"Adrese Dayalı Nüfus Kayıt Sistemi";"Mardin";"Tek Çekirdek Aileden Oluşan Hanehalkı";"Hanehalkı sayısı";"2015";"84431";"";"";"";"";""
"Türkiye";"Yıllık";"Adrese Dayalı Nüfus Kayıt Sistemi";"Mardin";"Tek Çekirdek Aileden Oluşan Hanehalkı";"Hanehalkı sayısı";"2016";"89585";"";"";"";"";""
"Türkiye";"Yıllık";"Adrese Dayalı Nüfus Kayıt Sistemi";"Mardin";"Tek Çekirdek Aileden Oluşan Hanehalkı";"Hanehalkı sayısı";"2017";"95500";"";"";"";"";""
"Türkiye";"Yıllık";"Adrese Dayalı Nüfus Kayıt Sistemi";"Mardin";"Tek Çekirdek Aileden Oluşan Hanehalkı";"Hanehalkı sayısı";"2018";"100242";"";"";"";"";""
"Türkiye";"Yıllık";"Adrese Dayalı Nüfus Kayıt Sistemi";"Mardin";"Tek Çekirdek Aileden Oluşan Hanehalkı";"Hanehalkı sayısı";"2019";"105740";"";"";"";"";""
"Türkiye";"Yıllık";"Adrese Dayalı Nüfus Kayıt Sistemi";"Mardin";"Tek Çekirdek Aileden Oluşan Hanehalkı";"Hanehalkı sayısı";"2020";"114283";"";"";"";"";""
"Türkiye";"Yıllık";"Adrese Dayalı Nüfus Kayıt Sistemi";"Mardin";"Tek Çekirdek Aileden Oluşan Hanehalkı";"Hanehalkı sayısı";"2021";"119505";"";"";"";"";""
"Türkiye";"Yıllık";"Adrese Dayalı Nüfus Kayıt Sistemi";"Mardin";"Tek Çekirdek Aileden Oluşan Hanehalkı";"Hanehalkı sayısı";"2022";"130189";"";"";"";"";""
"Türkiye";"Yıllık";"Adrese Dayalı Nüfus Kayıt Sistemi";"Mardin";"Tek Çekirdek Aileden Oluşan Hanehalkı";"Hanehalkı sayısı";"2023";"134402";"";"";"";"";""
"Türkiye";"Yıllık";"Adrese Dayalı Nüfus Kayıt Sistemi";"Mardin";"Tek Çekirdek Aileden Oluşan Hanehalkı";"Hanehalkı sayısı";"2024";"136118";"";"";"";"";""
"Türkiye";"Yıllık";"Adrese Dayalı Nüfus Kayıt Sistemi";"Mardin";"Tek Çekirdek Aileden Oluşan Hanehalkı";"Hanehalkı sayısı";"2025";"136503";"";"";"";"";""
"Türkiye";"Yıllık";"Adrese Dayalı Nüfus Kayıt Sistemi";"Mardin";"En Az Bir Çekirdek Aile Ve Diğer Kişilerden Oluşan Hanehalkı";"Hanehalkı sayısı";"2014";"36996";"";"";"";"";""
"Türkiye";"Yıllık";"Adrese Dayalı Nüfus Kayıt Sistemi";"Mardin";"En Az Bir Çekirdek Aile Ve Diğer Kişilerden Oluşan Hanehalkı";"Hanehalkı sayısı";"2015";"36712";"";"";"";"";""
"Türkiye";"Yıllık";"Adrese Dayalı Nüfus Kayıt Sistemi";"Mardin";"En Az Bir Çekirdek Aile Ve Diğer Kişilerden Oluşan Hanehalkı";"Hanehalkı sayısı";"2016";"35615";"";"";"";"";""
"Türkiye";"Yıllık";"Adrese Dayalı Nüfus Kayıt Sistemi";"Mardin";"En Az Bir Çekirdek Aile Ve Diğer Kişilerden Oluşan Hanehalkı";"Hanehalkı sayısı";"2017";"35457";"";"";"";"";""
"Türkiye";"Yıllık";"Adrese Dayalı Nüfus Kayıt Sistemi";"Mardin";"En Az Bir Çekirdek Aile Ve Diğer Kişilerden Oluşan Hanehalkı";"Hanehalkı sayısı";"2018";"35900";"";"";"";"";""
"Türkiye";"Yıllık";"Adrese Dayalı Nüfus Kayıt Sistemi";"Mardin";"En Az Bir Çekirdek Aile Ve Diğer Kişilerden Oluşan Hanehalkı";"Hanehalkı sayısı";"2019";"35896";"";"";"";"";""
"Türkiye";"Yıllık";"Adrese Dayalı Nüfus Kayıt Sistemi";"Mardin";"En Az Bir Çekirdek Aile Ve Diğer Kişilerden Oluşan Hanehalkı";"Hanehalkı sayısı";"2020";"34002";"";"";"";"";""
"Türkiye";"Yıllık";"Adrese Dayalı Nüfus Kayıt Sistemi";"Mardin";"En Az Bir Çekirdek Aile Ve Diğer Kişilerden Oluşan Hanehalkı";"Hanehalkı sayısı";"2021";"33744";"";"";"";"";""
"Türkiye";"Yıllık";"Adrese Dayalı Nüfus Kayıt Sistemi";"Mardin";"En Az Bir Çekirdek Aile Ve Diğer Kişilerden Oluşan Hanehalkı";"Hanehalkı sayısı";"2022";"31578";"";"";"";"";""
"Türkiye";"Yıllık";"Adrese Dayalı Nüfus Kayıt Sistemi";"Mardin";"En Az Bir Çekirdek Aile Ve Diğer Kişilerden Oluşan Hanehalkı";"Hanehalkı sayısı";"2023";"32680";"";"";"";"";""
"Türkiye";"Yıllık";"Adrese Dayalı Nüfus Kayıt Sistemi";"Mardin";"En Az Bir Çekirdek Aile Ve Diğer Kişilerden Oluşan Hanehalkı";"Hanehalkı sayısı";"2024";"33759";"";"";"";"";""
"Türkiye";"Yıllık";"Adrese Dayalı Nüfus Kayıt Sistemi";"Mardin";"En Az Bir Çekirdek Aile Ve Diğer Kişilerden Oluşan Hanehalkı";"Hanehalkı sayısı";"2025";"35939";"";"";"";"";""
"Türkiye";"Yıllık";"Adrese Dayalı Nüfus Kayıt Sistemi";"Mardin";"Çekirdek Aile Bulunmayan Birden Fazla Kişiden Oluşan Hanehalkı";"Hanehalkı sayısı";"2014";"2900";"";"";"";"";""
"Türkiye";"Yıllık";"Adrese Dayalı Nüfus Kayıt Sistemi";"Mardin";"Çekirdek Aile Bulunmayan Birden Fazla Kişiden Oluşan Hanehalkı";"Hanehalkı sayısı";"2015";"3242";"";"";"";"";""
"Türkiye";"Yıllık";"Adrese Dayalı Nüfus Kayıt Sistemi";"Mardin";"Çekirdek Aile Bulunmayan Birden Fazla Kişiden Oluşan Hanehalkı";"Hanehalkı sayısı";"2016";"3236";"";"";"";"";""
"Türkiye";"Yıllık";"Adrese Dayalı Nüfus Kayıt Sistemi";"Mardin";"Çekirdek Aile Bulunmayan Birden Fazla Kişiden Oluşan Hanehalkı";"Hanehalkı sayısı";"2017";"3411";"";"";"";"";""
"Türkiye";"Yıllık";"Adrese Dayalı Nüfus Kayıt Sistemi";"Mardin";"Çekirdek Aile Bulunmayan Birden Fazla Kişiden Oluşan Hanehalkı";"Hanehalkı sayısı";"2018";"3616";"";"";"";"";""
"Türkiye";"Yıllık";"Adrese Dayalı Nüfus Kayıt Sistemi";"Mardin";"Çekirdek Aile Bulunmayan Birden Fazla Kişiden Oluşan Hanehalkı";"Hanehalkı sayısı";"2019";"3722";"";"";"";"";""
"Türkiye";"Yıllık";"Adrese Dayalı Nüfus Kayıt Sistemi";"Mardin";"Çekirdek Aile Bulunmayan Birden Fazla Kişiden Oluşan Hanehalkı";"Hanehalkı sayısı";"2020";"3730";"";"";"";"";""
"Türkiye";"Yıllık";"Adrese Dayalı Nüfus Kayıt Sistemi";"Mardin";"Çekirdek Aile Bulunmayan Birden Fazla Kişiden Oluşan Hanehalkı";"Hanehalkı sayısı";"2021";"3993";"";"";"";"";""
"Türkiye";"Yıllık";"Adrese Dayalı Nüfus Kayıt Sistemi";"Mardin";"Çekirdek Aile Bulunmayan Birden Fazla Kişiden Oluşan Hanehalkı";"Hanehalkı sayısı";"2022";"4395";"";"";"";"";""
"Türkiye";"Yıllık";"Adrese Dayalı Nüfus Kayıt Sistemi";"Mardin";"Çekirdek Aile Bulunmayan Birden Fazla Kişiden Oluşan Hanehalkı";"Hanehalkı sayısı";"2023";"4714";"";"";"";"";""
"Türkiye";"Yıllık";"Adrese Dayalı Nüfus Kayıt Sistemi";"Mardin";"Çekirdek Aile Bulunmayan Birden Fazla Kişiden Oluşan Hanehalkı";"Hanehalkı sayısı";"2024";"4820";"";"";"";"";""
"Türkiye";"Yıllık";"Adrese Dayalı Nüfus Kayıt Sistemi";"Mardin";"Çekirdek Aile Bulunmayan Birden Fazla Kişiden Oluşan Hanehalkı";"Hanehalkı sayısı";"2025";"5237";"";"";"";"";""
"Türkiye";"Yıllık";"Adrese Dayalı Nüfus Kayıt Sistemi";"Mardin";"Toplam";"Hanehalkı sayısı";"2014";"130445";"";"";"";"";""
"Türkiye";"Yıllık";"Adrese Dayalı Nüfus Kayıt Sistemi";"Mardin";"Toplam";"Hanehalkı sayısı";"2015";"138345";"";"";"";"";""
"Türkiye";"Yıllık";"Adrese Dayalı Nüfus Kayıt Sistemi";"Mardin";"Toplam";"Hanehalkı sayısı";"2016";"144069";"";"";"";"";""
"Türkiye";"Yıllık";"Adrese Dayalı Nüfus Kayıt Sistemi";"Mardin";"Toplam";"Hanehalkı sayısı";"2017";"151161";"";"";"";"";""
"Türkiye";"Yıllık";"Adrese Dayalı Nüfus Kayıt Sistemi";"Mardin";"Toplam";"Hanehalkı sayısı";"2018";"157532";"";"";"";"";""
"Türkiye";"Yıllık";"Adrese Dayalı Nüfus Kayıt Sistemi";"Mardin";"Toplam";"Hanehalkı sayısı";"2019";"164366";"";"";"";"";""
"Türkiye";"Yıllık";"Adrese Dayalı Nüfus Kayıt Sistemi";"Mardin";"Toplam";"Hanehalkı sayısı";"2020";"173205";"";"";"";"";""
"Türkiye";"Yıllık";"Adrese Dayalı Nüfus Kayıt Sistemi";"Mardin";"Toplam";"Hanehalkı sayısı";"2021";"180355";"";"";"";"";""
"Türkiye";"Yıllık";"Adrese Dayalı Nüfus Kayıt Sistemi";"Mardin";"Toplam";"Hanehalkı sayısı";"2022";"191428";"";"";"";"";""
"Türkiye";"Yıllık";"Adrese Dayalı Nüfus Kayıt Sistemi";"Mardin";"Toplam";"Hanehalkı sayısı";"2023";"197672";"";"";"";"";""
"Türkiye";"Yıllık";"Adrese Dayalı Nüfus Kayıt Sistemi";"Mardin";"Toplam";"Hanehalkı sayısı";"2024";"201125";"";"";"";"";""
"Türkiye";"Yıllık";"Adrese Dayalı Nüfus Kayıt Sistemi";"Mardin";"Toplam";"Hanehalkı sayısı";"2025";"205695";"";"";"";"";""
"Türkiye";"Yıllık";"Adrese Dayalı Nüfus Kayıt Sistemi";"Siirt";"Tek Kişilik Hanehalkı";"Hanehalkı sayısı";"2014";"4326";"";"";"";"";""
"Türkiye";"Yıllık";"Adrese Dayalı Nüfus Kayıt Sistemi";"Siirt";"Tek Kişilik Hanehalkı";"Hanehalkı sayısı";"2015";"5130";"";"";"";"";""
"Türkiye";"Yıllık";"Adrese Dayalı Nüfus Kayıt Sistemi";"Siirt";"Tek Kişilik Hanehalkı";"Hanehalkı sayısı";"2016";"5633";"";"";"";"";""
"Türkiye";"Yıllık";"Adrese Dayalı Nüfus Kayıt Sistemi";"Siirt";"Tek Kişilik Hanehalkı";"Hanehalkı sayısı";"2017";"6003";"";"";"";"";""
"Türkiye";"Yıllık";"Adrese Dayalı Nüfus Kayıt Sistemi";"Siirt";"Tek Kişilik Hanehalkı";"Hanehalkı sayısı";"2018";"6516";"";"";"";"";""
"Türkiye";"Yıllık";"Adrese Dayalı Nüfus Kayıt Sistemi";"Siirt";"Tek Kişilik Hanehalkı";"Hanehalkı sayısı";"2019";"7103";"";"";"";"";""
"Türkiye";"Yıllık";"Adrese Dayalı Nüfus Kayıt Sistemi";"Siirt";"Tek Kişilik Hanehalkı";"Hanehalkı sayısı";"2020";"7834";"";"";"";"";""
"Türkiye";"Yıllık";"Adrese Dayalı Nüfus Kayıt Sistemi";"Siirt";"Tek Kişilik Hanehalkı";"Hanehalkı sayısı";"2021";"8401";"";"";"";"";""
"Türkiye";"Yıllık";"Adrese Dayalı Nüfus Kayıt Sistemi";"Siirt";"Tek Kişilik Hanehalkı";"Hanehalkı sayısı";"2022";"9319";"";"";"";"";""
"Türkiye";"Yıllık";"Adrese Dayalı Nüfus Kayıt Sistemi";"Siirt";"Tek Kişilik Hanehalkı";"Hanehalkı sayısı";"2023";"9712";"";"";"";"";""
"Türkiye";"Yıllık";"Adrese Dayalı Nüfus Kayıt Sistemi";"Siirt";"Tek Kişilik Hanehalkı";"Hanehalkı sayısı";"2024";"9737";"";"";"";"";""
"Türkiye";"Yıllık";"Adrese Dayalı Nüfus Kayıt Sistemi";"Siirt";"Tek Kişilik Hanehalkı";"Hanehalkı sayısı";"2025";"10151";"";"";"";"";""
"Türkiye";"Yıllık";"Adrese Dayalı Nüfus Kayıt Sistemi";"Siirt";"Tek Çekirdek Aileden Oluşan Hanehalkı";"Hanehalkı sayısı";"2014";"31183";"";"";"";"";""
"Türkiye";"Yıllık";"Adrese Dayalı Nüfus Kayıt Sistemi";"Siirt";"Tek Çekirdek Aileden Oluşan Hanehalkı";"Hanehalkı sayısı";"2015";"33116";"";"";"";"";""
"Türkiye";"Yıllık";"Adrese Dayalı Nüfus Kayıt Sistemi";"Siirt";"Tek Çekirdek Aileden Oluşan Hanehalkı";"Hanehalkı sayısı";"2016";"34958";"";"";"";"";""
"Türkiye";"Yıllık";"Adrese Dayalı Nüfus Kayıt Sistemi";"Siirt";"Tek Çekirdek Aileden Oluşan Hanehalkı";"Hanehalkı sayısı";"2017";"36388";"";"";"";"";""
"Türkiye";"Yıllık";"Adrese Dayalı Nüfus Kayıt Sistemi";"Siirt";"Tek Çekirdek Aileden Oluşan Hanehalkı";"Hanehalkı sayısı";"2018";"38090";"";"";"";"";""
"Türkiye";"Yıllık";"Adrese Dayalı Nüfus Kayıt Sistemi";"Siirt";"Tek Çekirdek Aileden Oluşan Hanehalkı";"Hanehalkı sayısı";"2019";"41039";"";"";"";"";""
"Türkiye";"Yıllık";"Adrese Dayalı Nüfus Kayıt Sistemi";"Siirt";"Tek Çekirdek Aileden Oluşan Hanehalkı";"Hanehalkı sayısı";"2020";"44074";"";"";"";"";""
"Türkiye";"Yıllık";"Adrese Dayalı Nüfus Kayıt Sistemi";"Siirt";"Tek Çekirdek Aileden Oluşan Hanehalkı";"Hanehalkı sayısı";"2021";"45443";"";"";"";"";""
"Türkiye";"Yıllık";"Adrese Dayalı Nüfus Kayıt Sistemi";"Siirt";"Tek Çekirdek Aileden Oluşan Hanehalkı";"Hanehalkı sayısı";"2022";"49361";"";"";"";"";""
"Türkiye";"Yıllık";"Adrese Dayalı Nüfus Kayıt Sistemi";"Siirt";"Tek Çekirdek Aileden Oluşan Hanehalkı";"Hanehalkı sayısı";"2023";"50249";"";"";"";"";""
"Türkiye";"Yıllık";"Adrese Dayalı Nüfus Kayıt Sistemi";"Siirt";"Tek Çekirdek Aileden Oluşan Hanehalkı";"Hanehalkı sayısı";"2024";"51082";"";"";"";"";""
"Türkiye";"Yıllık";"Adrese Dayalı Nüfus Kayıt Sistemi";"Siirt";"Tek Çekirdek Aileden Oluşan Hanehalkı";"Hanehalkı sayısı";"2025";"50528";"";"";"";"";""
"Türkiye";"Yıllık";"Adrese Dayalı Nüfus Kayıt Sistemi";"Siirt";"En Az Bir Çekirdek Aile Ve Diğer Kişilerden Oluşan Hanehalkı";"Hanehalkı sayısı";"2014";"14173";"";"";"";"";""
"Türkiye";"Yıllık";"Adrese Dayalı Nüfus Kayıt Sistemi";"Siirt";"En Az Bir Çekirdek Aile Ve Diğer Kişilerden Oluşan Hanehalkı";"Hanehalkı sayısı";"2015";"14031";"";"";"";"";""
"Türkiye";"Yıllık";"Adrese Dayalı Nüfus Kayıt Sistemi";"Siirt";"En Az Bir Çekirdek Aile Ve Diğer Kişilerden Oluşan Hanehalkı";"Hanehalkı sayısı";"2016";"13786";"";"";"";"";""
"Türkiye";"Yıllık";"Adrese Dayalı Nüfus Kayıt Sistemi";"Siirt";"En Az Bir Çekirdek Aile Ve Diğer Kişilerden Oluşan Hanehalkı";"Hanehalkı sayısı";"2017";"13628";"";"";"";"";""
"Türkiye";"Yıllık";"Adrese Dayalı Nüfus Kayıt Sistemi";"Siirt";"En Az Bir Çekirdek Aile Ve Diğer Kişilerden Oluşan Hanehalkı";"Hanehalkı sayısı";"2018";"13318";"";"";"";"";""
"Türkiye";"Yıllık";"Adrese Dayalı Nüfus Kayıt Sistemi";"Siirt";"En Az Bir Çekirdek Aile Ve Diğer Kişilerden Oluşan Hanehalkı";"Hanehalkı sayısı";"2019";"13193";"";"";"";"";""
"Türkiye";"Yıllık";"Adrese Dayalı Nüfus Kayıt Sistemi";"Siirt";"En Az Bir Çekirdek Aile Ve Diğer Kişilerden Oluşan Hanehalkı";"Hanehalkı sayısı";"2020";"12435";"";"";"";"";""
"Türkiye";"Yıllık";"Adrese Dayalı Nüfus Kayıt Sistemi";"Siirt";"En Az Bir Çekirdek Aile Ve Diğer Kişilerden Oluşan Hanehalkı";"Hanehalkı sayısı";"2021";"12411";"";"";"";"";""
"Türkiye";"Yıllık";"Adrese Dayalı Nüfus Kayıt Sistemi";"Siirt";"En Az Bir Çekirdek Aile Ve Diğer Kişilerden Oluşan Hanehalkı";"Hanehalkı sayısı";"2022";"11216";"";"";"";"";""
"Türkiye";"Yıllık";"Adrese Dayalı Nüfus Kayıt Sistemi";"Siirt";"En Az Bir Çekirdek Aile Ve Diğer Kişilerden Oluşan Hanehalkı";"Hanehalkı sayısı";"2023";"11991";"";"";"";"";""
"Türkiye";"Yıllık";"Adrese Dayalı Nüfus Kayıt Sistemi";"Siirt";"En Az Bir Çekirdek Aile Ve Diğer Kişilerden Oluşan Hanehalkı";"Hanehalkı sayısı";"2024";"11685";"";"";"";"";""
"Türkiye";"Yıllık";"Adrese Dayalı Nüfus Kayıt Sistemi";"Siirt";"En Az Bir Çekirdek Aile Ve Diğer Kişilerden Oluşan Hanehalkı";"Hanehalkı sayısı";"2025";"12380";"";"";"";"";""
"Türkiye";"Yıllık";"Adrese Dayalı Nüfus Kayıt Sistemi";"Siirt";"Çekirdek Aile Bulunmayan Birden Fazla Kişiden Oluşan Hanehalkı";"Hanehalkı sayısı";"2014";"1131";"";"";"";"";""
"Türkiye";"Yıllık";"Adrese Dayalı Nüfus Kayıt Sistemi";"Siirt";"Çekirdek Aile Bulunmayan Birden Fazla Kişiden Oluşan Hanehalkı";"Hanehalkı sayısı";"2015";"1236";"";"";"";"";""
"Türkiye";"Yıllık";"Adrese Dayalı Nüfus Kayıt Sistemi";"Siirt";"Çekirdek Aile Bulunmayan Birden Fazla Kişiden Oluşan Hanehalkı";"Hanehalkı sayısı";"2016";"1232";"";"";"";"";""
"Türkiye";"Yıllık";"Adrese Dayalı Nüfus Kayıt Sistemi";"Siirt";"Çekirdek Aile Bulunmayan Birden Fazla Kişiden Oluşan Hanehalkı";"Hanehalkı sayısı";"2017";"1176";"";"";"";"";""
"Türkiye";"Yıllık";"Adrese Dayalı Nüfus Kayıt Sistemi";"Siirt";"Çekirdek Aile Bulunmayan Birden Fazla Kişiden Oluşan Hanehalkı";"Hanehalkı sayısı";"2018";"1272";"";"";"";"";""
"Türkiye";"Yıllık";"Adrese Dayalı Nüfus Kayıt Sistemi";"Siirt";"Çekirdek Aile Bulunmayan Birden Fazla Kişiden Oluşan Hanehalkı";"Hanehalkı sayısı";"2019";"1352";"";"";"";"";""
"Türkiye";"Yıllık";"Adrese Dayalı Nüfus Kayıt Sistemi";"Siirt";"Çekirdek Aile Bulunmayan Birden Fazla Kişiden Oluşan Hanehalkı";"Hanehalkı sayısı";"2020";"1410";"";"";"";"";""
"Türkiye";"Yıllık";"Adrese Dayalı Nüfus Kayıt Sistemi";"Siirt";"Çekirdek Aile Bulunmayan Birden Fazla Kişiden Oluşan Hanehalkı";"Hanehalkı sayısı";"2021";"1323";"";"";"";"";""
"Türkiye";"Yıllık";"Adrese Dayalı Nüfus Kayıt Sistemi";"Siirt";"Çekirdek Aile Bulunmayan Birden Fazla Kişiden Oluşan Hanehalkı";"Hanehalkı sayısı";"2022";"1476";"";"";"";"";""
"Türkiye";"Yıllık";"Adrese Dayalı Nüfus Kayıt Sistemi";"Siirt";"Çekirdek Aile Bulunmayan Birden Fazla Kişiden Oluşan Hanehalkı";"Hanehalkı sayısı";"2023";"1537";"";"";"";"";""
"Türkiye";"Yıllık";"Adrese Dayalı Nüfus Kayıt Sistemi";"Siirt";"Çekirdek Aile Bulunmayan Birden Fazla Kişiden Oluşan Hanehalkı";"Hanehalkı sayısı";"2024";"1513";"";"";"";"";""
"Türkiye";"Yıllık";"Adrese Dayalı Nüfus Kayıt Sistemi";"Siirt";"Çekirdek Aile Bulunmayan Birden Fazla Kişiden Oluşan Hanehalkı";"Hanehalkı sayısı";"2025";"1632";"";"";"";"";""
"Türkiye";"Yıllık";"Adrese Dayalı Nüfus Kayıt Sistemi";"Siirt";"Toplam";"Hanehalkı sayısı";"2014";"50813";"";"";"";"";""
"Türkiye";"Yıllık";"Adrese Dayalı Nüfus Kayıt Sistemi";"Siirt";"Toplam";"Hanehalkı sayısı";"2015";"53513";"";"";"";"";""
"Türkiye";"Yıllık";"Adrese Dayalı Nüfus Kayıt Sistemi";"Siirt";"Toplam";"Hanehalkı sayısı";"2016";"55609";"";"";"";"";""
"Türkiye";"Yıllık";"Adrese Dayalı Nüfus Kayıt Sistemi";"Siirt";"Toplam";"Hanehalkı sayısı";"2017";"57195";"";"";"";"";""
"Türkiye";"Yıllık";"Adrese Dayalı Nüfus Kayıt Sistemi";"Siirt";"Toplam";"Hanehalkı sayısı";"2018";"59196";"";"";"";"";""
"Türkiye";"Yıllık";"Adrese Dayalı Nüfus Kayıt Sistemi";"Siirt";"Toplam";"Hanehalkı sayısı";"2019";"62687";"";"";"";"";""
"Türkiye";"Yıllık";"Adrese Dayalı Nüfus Kayıt Sistemi";"Siirt";"Toplam";"Hanehalkı sayısı";"2020";"65753";"";"";"";"";""
"Türkiye";"Yıllık";"Adrese Dayalı Nüfus Kayıt Sistemi";"Siirt";"Toplam";"Hanehalkı sayısı";"2021";"67578";"";"";"";"";""
"Türkiye";"Yıllık";"Adrese Dayalı Nüfus Kayıt Sistemi";"Siirt";"Toplam";"Hanehalkı sayısı";"2022";"71372";"";"";"";"";""
"Türkiye";"Yıllık";"Adrese Dayalı Nüfus Kayıt Sistemi";"Siirt";"Toplam";"Hanehalkı sayısı";"2023";"73489";"";"";"";"";""
"Türkiye";"Yıllık";"Adrese Dayalı Nüfus Kayıt Sistemi";"Siirt";"Toplam";"Hanehalkı sayısı";"2024";"74017";"";"";"";"";""
"Türkiye";"Yıllık";"Adrese Dayalı Nüfus Kayıt Sistemi";"Siirt";"Toplam";"Hanehalkı sayısı";"2025";"74691";"";"";"";"";""
"Türkiye";"Yıllık";"Adrese Dayalı Nüfus Kayıt Sistemi";"Şırnak";"Tek Kişilik Hanehalkı";"Hanehalkı sayısı";"2014";"5734";"";"";"";"";""
"Türkiye";"Yıllık";"Adrese Dayalı Nüfus Kayıt Sistemi";"Şırnak";"Tek Kişilik Hanehalkı";"Hanehalkı sayısı";"2015";"6792";"";"";"";"";""
"Türkiye";"Yıllık";"Adrese Dayalı Nüfus Kayıt Sistemi";"Şırnak";"Tek Kişilik Hanehalkı";"Hanehalkı sayısı";"2016";"8022";"";"";"";"";""
"Türkiye";"Yıllık";"Adrese Dayalı Nüfus Kayıt Sistemi";"Şırnak";"Tek Kişilik Hanehalkı";"Hanehalkı sayısı";"2017";"8580";"";"";"";"";""
"Türkiye";"Yıllık";"Adrese Dayalı Nüfus Kayıt Sistemi";"Şırnak";"Tek Kişilik Hanehalkı";"Hanehalkı sayısı";"2018";"8654";"";"";"";"";""
"Türkiye";"Yıllık";"Adrese Dayalı Nüfus Kayıt Sistemi";"Şırnak";"Tek Kişilik Hanehalkı";"Hanehalkı sayısı";"2019";"9477";"";"";"";"";""
"Türkiye";"Yıllık";"Adrese Dayalı Nüfus Kayıt Sistemi";"Şırnak";"Tek Kişilik Hanehalkı";"Hanehalkı sayısı";"2020";"11357";"";"";"";"";""
"Türkiye";"Yıllık";"Adrese Dayalı Nüfus Kayıt Sistemi";"Şırnak";"Tek Kişilik Hanehalkı";"Hanehalkı sayısı";"2021";"13480";"";"";"";"";""
"Türkiye";"Yıllık";"Adrese Dayalı Nüfus Kayıt Sistemi";"Şırnak";"Tek Kişilik Hanehalkı";"Hanehalkı sayısı";"2022";"16591";"";"";"";"";""
"Türkiye";"Yıllık";"Adrese Dayalı Nüfus Kayıt Sistemi";"Şırnak";"Tek Kişilik Hanehalkı";"Hanehalkı sayısı";"2023";"16460";"";"";"";"";""
"Türkiye";"Yıllık";"Adrese Dayalı Nüfus Kayıt Sistemi";"Şırnak";"Tek Kişilik Hanehalkı";"Hanehalkı sayısı";"2024";"15899";"";"";"";"";""
"Türkiye";"Yıllık";"Adrese Dayalı Nüfus Kayıt Sistemi";"Şırnak";"Tek Kişilik Hanehalkı";"Hanehalkı sayısı";"2025";"16023";"";"";"";"";""
"Türkiye";"Yıllık";"Adrese Dayalı Nüfus Kayıt Sistemi";"Şırnak";"Tek Çekirdek Aileden Oluşan Hanehalkı";"Hanehalkı sayısı";"2014";"33847";"";"";"";"";""
"Türkiye";"Yıllık";"Adrese Dayalı Nüfus Kayıt Sistemi";"Şırnak";"Tek Çekirdek Aileden Oluşan Hanehalkı";"Hanehalkı sayısı";"2015";"35547";"";"";"";"";""
"Türkiye";"Yıllık";"Adrese Dayalı Nüfus Kayıt Sistemi";"Şırnak";"Tek Çekirdek Aileden Oluşan Hanehalkı";"Hanehalkı sayısı";"2016";"38306";"";"";"";"";""
"Türkiye";"Yıllık";"Adrese Dayalı Nüfus Kayıt Sistemi";"Şırnak";"Tek Çekirdek Aileden Oluşan Hanehalkı";"Hanehalkı sayısı";"2017";"41526";"";"";"";"";""
"Türkiye";"Yıllık";"Adrese Dayalı Nüfus Kayıt Sistemi";"Şırnak";"Tek Çekirdek Aileden Oluşan Hanehalkı";"Hanehalkı sayısı";"2018";"42500";"";"";"";"";""
"Türkiye";"Yıllık";"Adrese Dayalı Nüfus Kayıt Sistemi";"Şırnak";"Tek Çekirdek Aileden Oluşan Hanehalkı";"Hanehalkı sayısı";"2019";"47062";"";"";"";"";""
"Türkiye";"Yıllık";"Adrese Dayalı Nüfus Kayıt Sistemi";"Şırnak";"Tek Çekirdek Aileden Oluşan Hanehalkı";"Hanehalkı sayısı";"2020";"53716";"";"";"";"";""
"Türkiye";"Yıllık";"Adrese Dayalı Nüfus Kayıt Sistemi";"Şırnak";"Tek Çekirdek Aileden Oluşan Hanehalkı";"Hanehalkı sayısı";"2021";"57715";"";"";"";"";""
"Türkiye";"Yıllık";"Adrese Dayalı Nüfus Kayıt Sistemi";"Şırnak";"Tek Çekirdek Aileden Oluşan Hanehalkı";"Hanehalkı sayısı";"2022";"69556";"";"";"";"";""
"Türkiye";"Yıllık";"Adrese Dayalı Nüfus Kayıt Sistemi";"Şırnak";"Tek Çekirdek Aileden Oluşan Hanehalkı";"Hanehalkı sayısı";"2023";"72285";"";"";"";"";""
"Türkiye";"Yıllık";"Adrese Dayalı Nüfus Kayıt Sistemi";"Şırnak";"Tek Çekirdek Aileden Oluşan Hanehalkı";"Hanehalkı sayısı";"2024";"73545";"";"";"";"";""
"Türkiye";"Yıllık";"Adrese Dayalı Nüfus Kayıt Sistemi";"Şırnak";"Tek Çekirdek Aileden Oluşan Hanehalkı";"Hanehalkı sayısı";"2025";"73262";"";"";"";"";""
"Türkiye";"Yıllık";"Adrese Dayalı Nüfus Kayıt Sistemi";"Şırnak";"En Az Bir Çekirdek Aile Ve Diğer Kişilerden Oluşan Hanehalkı";"Hanehalkı sayısı";"2014";"21583";"";"";"";"";""
"Türkiye";"Yıllık";"Adrese Dayalı Nüfus Kayıt Sistemi";"Şırnak";"En Az Bir Çekirdek Aile Ve Diğer Kişilerden Oluşan Hanehalkı";"Hanehalkı sayısı";"2015";"21493";"";"";"";"";""
"Türkiye";"Yıllık";"Adrese Dayalı Nüfus Kayıt Sistemi";"Şırnak";"En Az Bir Çekirdek Aile Ve Diğer Kişilerden Oluşan Hanehalkı";"Hanehalkı sayısı";"2016";"20734";"";"";"";"";""
"Türkiye";"Yıllık";"Adrese Dayalı Nüfus Kayıt Sistemi";"Şırnak";"En Az Bir Çekirdek Aile Ve Diğer Kişilerden Oluşan Hanehalkı";"Hanehalkı sayısı";"2017";"21460";"";"";"";"";""
"Türkiye";"Yıllık";"Adrese Dayalı Nüfus Kayıt Sistemi";"Şırnak";"En Az Bir Çekirdek Aile Ve Diğer Kişilerden Oluşan Hanehalkı";"Hanehalkı sayısı";"2018";"22782";"";"";"";"";""
"Türkiye";"Yıllık";"Adrese Dayalı Nüfus Kayıt Sistemi";"Şırnak";"En Az Bir Çekirdek Aile Ve Diğer Kişilerden Oluşan Hanehalkı";"Hanehalkı sayısı";"2019";"22966";"";"";"";"";""
"Türkiye";"Yıllık";"Adrese Dayalı Nüfus Kayıt Sistemi";"Şırnak";"En Az Bir Çekirdek Aile Ve Diğer Kişilerden Oluşan Hanehalkı";"Hanehalkı sayısı";"2020";"21624";"";"";"";"";""
"Türkiye";"Yıllık";"Adrese Dayalı Nüfus Kayıt Sistemi";"Şırnak";"En Az Bir Çekirdek Aile Ve Diğer Kişilerden Oluşan Hanehalkı";"Hanehalkı sayısı";"2021";"21529";"";"";"";"";""
"Türkiye";"Yıllık";"Adrese Dayalı Nüfus Kayıt Sistemi";"Şırnak";"En Az Bir Çekirdek Aile Ve Diğer Kişilerden Oluşan Hanehalkı";"Hanehalkı sayısı";"2022";"18668";"";"";"";"";""
"Türkiye";"Yıllık";"Adrese Dayalı Nüfus Kayıt Sistemi";"Şırnak";"En Az Bir Çekirdek Aile Ve Diğer Kişilerden Oluşan Hanehalkı";"Hanehalkı sayısı";"2023";"19061";"";"";"";"";""
"Türkiye";"Yıllık";"Adrese Dayalı Nüfus Kayıt Sistemi";"Şırnak";"En Az Bir Çekirdek Aile Ve Diğer Kişilerden Oluşan Hanehalkı";"Hanehalkı sayısı";"2024";"19705";"";"";"";"";""
"Türkiye";"Yıllık";"Adrese Dayalı Nüfus Kayıt Sistemi";"Şırnak";"En Az Bir Çekirdek Aile Ve Diğer Kişilerden Oluşan Hanehalkı";"Hanehalkı sayısı";"2025";"21054";"";"";"";"";""
"Türkiye";"Yıllık";"Adrese Dayalı Nüfus Kayıt Sistemi";"Şırnak";"Çekirdek Aile Bulunmayan Birden Fazla Kişiden Oluşan Hanehalkı";"Hanehalkı sayısı";"2014";"2050";"";"";"";"";""
"Türkiye";"Yıllık";"Adrese Dayalı Nüfus Kayıt Sistemi";"Şırnak";"Çekirdek Aile Bulunmayan Birden Fazla Kişiden Oluşan Hanehalkı";"Hanehalkı sayısı";"2015";"2298";"";"";"";"";""
"Türkiye";"Yıllık";"Adrese Dayalı Nüfus Kayıt Sistemi";"Şırnak";"Çekirdek Aile Bulunmayan Birden Fazla Kişiden Oluşan Hanehalkı";"Hanehalkı sayısı";"2016";"2232";"";"";"";"";""
"Türkiye";"Yıllık";"Adrese Dayalı Nüfus Kayıt Sistemi";"Şırnak";"Çekirdek Aile Bulunmayan Birden Fazla Kişiden Oluşan Hanehalkı";"Hanehalkı sayısı";"2017";"2810";"";"";"";"";""
"Türkiye";"Yıllık";"Adrese Dayalı Nüfus Kayıt Sistemi";"Şırnak";"Çekirdek Aile Bulunmayan Birden Fazla Kişiden Oluşan Hanehalkı";"Hanehalkı sayısı";"2018";"2629";"";"";"";"";""
"Türkiye";"Yıllık";"Adrese Dayalı Nüfus Kayıt Sistemi";"Şırnak";"Çekirdek Aile Bulunmayan Birden Fazla Kişiden Oluşan Hanehalkı";"Hanehalkı sayısı";"2019";"2479";"";"";"";"";""
"Türkiye";"Yıllık";"Adrese Dayalı Nüfus Kayıt Sistemi";"Şırnak";"Çekirdek Aile Bulunmayan Birden Fazla Kişiden Oluşan Hanehalkı";"Hanehalkı sayısı";"2020";"2513";"";"";"";"";""
"Türkiye";"Yıllık";"Adrese Dayalı Nüfus Kayıt Sistemi";"Şırnak";"Çekirdek Aile Bulunmayan Birden Fazla Kişiden Oluşan Hanehalkı";"Hanehalkı sayısı";"2021";"2688";"";"";"";"";""
"Türkiye";"Yıllık";"Adrese Dayalı Nüfus Kayıt Sistemi";"Şırnak";"Çekirdek Aile Bulunmayan Birden Fazla Kişiden Oluşan Hanehalkı";"Hanehalkı sayısı";"2022";"3124";"";"";"";"";""
"Türkiye";"Yıllık";"Adrese Dayalı Nüfus Kayıt Sistemi";"Şırnak";"Çekirdek Aile Bulunmayan Birden Fazla Kişiden Oluşan Hanehalkı";"Hanehalkı sayısı";"2023";"3063";"";"";"";"";""
"Türkiye";"Yıllık";"Adrese Dayalı Nüfus Kayıt Sistemi";"Şırnak";"Çekirdek Aile Bulunmayan Birden Fazla Kişiden Oluşan Hanehalkı";"Hanehalkı sayısı";"2024";"2984";"";"";"";"";""
"Türkiye";"Yıllık";"Adrese Dayalı Nüfus Kayıt Sistemi";"Şırnak";"Çekirdek Aile Bulunmayan Birden Fazla Kişiden Oluşan Hanehalkı";"Hanehalkı sayısı";"2025";"2931";"";"";"";"";""
"Türkiye";"Yıllık";"Adrese Dayalı Nüfus Kayıt Sistemi";"Şırnak";"Toplam";"Hanehalkı sayısı";"2014";"63214";"";"";"";"";""
"Türkiye";"Yıllık";"Adrese Dayalı Nüfus Kayıt Sistemi";"Şırnak";"Toplam";"Hanehalkı sayısı";"2015";"66130";"";"";"";"";""
"Türkiye";"Yıllık";"Adrese Dayalı Nüfus Kayıt Sistemi";"Şırnak";"Toplam";"Hanehalkı sayısı";"2016";"69294";"";"";"";"";""
"Türkiye";"Yıllık";"Adrese Dayalı Nüfus Kayıt Sistemi";"Şırnak";"Toplam";"Hanehalkı sayısı";"2017";"74376";"";"";"";"";""
"Türkiye";"Yıllık";"Adrese Dayalı Nüfus Kayıt Sistemi";"Şırnak";"Toplam";"Hanehalkı sayısı";"2018";"76565";"";"";"";"";""
"Türkiye";"Yıllık";"Adrese Dayalı Nüfus Kayıt Sistemi";"Şırnak";"Toplam";"Hanehalkı sayısı";"2019";"81984";"";"";"";"";""
"Türkiye";"Yıllık";"Adrese Dayalı Nüfus Kayıt Sistemi";"Şırnak";"Toplam";"Hanehalkı sayısı";"2020";"89210";"";"";"";"";""
"Türkiye";"Yıllık";"Adrese Dayalı Nüfus Kayıt Sistemi";"Şırnak";"Toplam";"Hanehalkı sayısı";"2021";"95412";"";"";"";"";""
"Türkiye";"Yıllık";"Adrese Dayalı Nüfus Kayıt Sistemi";"Şırnak";"Toplam";"Hanehalkı sayısı";"2022";"107939";"";"";"";"";""
"Türkiye";"Yıllık";"Adrese Dayalı Nüfus Kayıt Sistemi";"Şırnak";"Toplam";"Hanehalkı sayısı";"2023";"110869";"";"";"";"";""
"Türkiye";"Yıllık";"Adrese Dayalı Nüfus Kayıt Sistemi";"Şırnak";"Toplam";"Hanehalkı sayısı";"2024";"112133";"";"";"";"";""
"Türkiye";"Yıllık";"Adrese Dayalı Nüfus Kayıt Sistemi";"Şırnak";"Toplam";"Hanehalkı sayısı";"2025";"113270";"";"";"";"";""
