"Coğrafi Kapsam (TR)";"Gözlem Sıklığı (A)";"İstatistiksel Gösterge (NG_ADNKS)";"Hanehalkı tipi (1)";"Hanehalkı büyüklüğü (_T)";"ADNKS Gösterge (HH_SAY)";"Zaman (2014)";"Gözlem";"Gözlem Durumu";"Zaman Formatı";"Ondalık Basamak Sayısı";"Ölçü Birimi";"Birim Çarpanı"
"Türkiye";"Yıllık";"Adrese Dayalı Nüfus Kayıt Sistemi";"Tek Kişilik Hanehalkı";"Toplam";"Hanehalkı sayısı";"2014";"2931085";"";"";"";"";""
"Türkiye";"Yıllık";"Adrese Dayalı Nüfus Kayıt Sistemi";"Tek Kişilik Hanehalkı";"Toplam";"Hanehalkı sayısı";"2015";"3113496";"";"";"";"";""
"Türkiye";"Yıllık";"Adrese Dayalı Nüfus Kayıt Sistemi";"Tek Kişilik Hanehalkı";"Toplam";"Hanehalkı sayısı";"2016";"3316894";"";"";"";"";""
"Türkiye";"Yıllık";"Adrese Dayalı Nüfus Kayıt Sistemi";"Tek Kişilik Hanehalkı";"Toplam";"Hanehalkı sayısı";"2017";"3491148";"";"";"";"";""
"Türkiye";"Yıllık";"Adrese Dayalı Nüfus Kayıt Sistemi";"Tek Kişilik Hanehalkı";"Toplam";"Hanehalkı sayısı";"2018";"3730505";"";"";"";"";""
"Türkiye";"Yıllık";"Adrese Dayalı Nüfus Kayıt Sistemi";"Tek Kişilik Hanehalkı";"Toplam";"Hanehalkı sayısı";"2019";"4062576";"";"";"";"";""
"Türkiye";"Yıllık";"Adrese Dayalı Nüfus Kayıt Sistemi";"Tek Kişilik Hanehalkı";"Toplam";"Hanehalkı sayısı";"2020";"4404997";"";"";"";"";""
"Türkiye";"Yıllık";"Adrese Dayalı Nüfus Kayıt Sistemi";"Tek Kişilik Hanehalkı";"Toplam";"Hanehalkı sayısı";"2021";"4781600";"";"";"";"";""
"Türkiye";"Yıllık";"Adrese Dayalı Nüfus Kayıt Sistemi";"Tek Kişilik Hanehalkı";"Toplam";"Hanehalkı sayısı";"2022";"5067331";"";"";"";"";""
"Türkiye";"Yıllık";"Adrese Dayalı Nüfus Kayıt Sistemi";"Tek Kişilik Hanehalkı";"Toplam";"Hanehalkı sayısı";"2023";"5192825";"";"";"";"";""
"Türkiye";"Yıllık";"Adrese Dayalı Nüfus Kayıt Sistemi";"Tek Kişilik Hanehalkı";"Toplam";"Hanehalkı sayısı";"2024";"5321540";"";"";"";"";""
"Türkiye";"Yıllık";"Adrese Dayalı Nüfus Kayıt Sistemi";"Tek Kişilik Hanehalkı";"Toplam";"Hanehalkı sayısı";"2025";"5523321";"";"";"";"";""
"Türkiye";"Yıllık";"Adrese Dayalı Nüfus Kayıt Sistemi";"Tek Kişilik Hanehalkı";"1";"Hanehalkı sayısı";"2014";"2931085";"";"";"";"";""
"Türkiye";"Yıllık";"Adrese Dayalı Nüfus Kayıt Sistemi";"Tek Kişilik Hanehalkı";"1";"Hanehalkı sayısı";"2015";"3113496";"";"";"";"";""
"Türkiye";"Yıllık";"Adrese Dayalı Nüfus Kayıt Sistemi";"Tek Kişilik Hanehalkı";"1";"Hanehalkı sayısı";"2016";"3316894";"";"";"";"";""
"Türkiye";"Yıllık";"Adrese Dayalı Nüfus Kayıt Sistemi";"Tek Kişilik Hanehalkı";"1";"Hanehalkı sayısı";"2017";"3491148";"";"";"";"";""
"Türkiye";"Yıllık";"Adrese Dayalı Nüfus Kayıt Sistemi";"Tek Kişilik Hanehalkı";"1";"Hanehalkı sayısı";"2018";"3730505";"";"";"";"";""
"Türkiye";"Yıllık";"Adrese Dayalı Nüfus Kayıt Sistemi";"Tek Kişilik Hanehalkı";"1";"Hanehalkı sayısı";"2019";"4062576";"";"";"";"";""
"Türkiye";"Yıllık";"Adrese Dayalı Nüfus Kayıt Sistemi";"Tek Kişilik Hanehalkı";"1";"Hanehalkı sayısı";"2020";"4404997";"";"";"";"";""
"Türkiye";"Yıllık";"Adrese Dayalı Nüfus Kayıt Sistemi";"Tek Kişilik Hanehalkı";"1";"Hanehalkı sayısı";"2021";"4781600";"";"";"";"";""
"Türkiye";"Yıllık";"Adrese Dayalı Nüfus Kayıt Sistemi";"Tek Kişilik Hanehalkı";"1";"Hanehalkı sayısı";"2022";"5067331";"";"";"";"";""
"Türkiye";"Yıllık";"Adrese Dayalı Nüfus Kayıt Sistemi";"Tek Kişilik Hanehalkı";"1";"Hanehalkı sayısı";"2023";"5192825";"";"";"";"";""
"Türkiye";"Yıllık";"Adrese Dayalı Nüfus Kayıt Sistemi";"Tek Kişilik Hanehalkı";"1";"Hanehalkı sayısı";"2024";"5321540";"";"";"";"";""
"Türkiye";"Yıllık";"Adrese Dayalı Nüfus Kayıt Sistemi";"Tek Kişilik Hanehalkı";"1";"Hanehalkı sayısı";"2025";"5523321";"";"";"";"";""
"Türkiye";"Yıllık";"Adrese Dayalı Nüfus Kayıt Sistemi";"Tek Çekirdek Aileden Oluşan Hanehalkı";"Toplam";"Hanehalkı sayısı";"2014";"14212489";"";"";"";"";""
"Türkiye";"Yıllık";"Adrese Dayalı Nüfus Kayıt Sistemi";"Tek Çekirdek Aileden Oluşan Hanehalkı";"Toplam";"Hanehalkı sayısı";"2015";"14497539";"";"";"";"";""
"Türkiye";"Yıllık";"Adrese Dayalı Nüfus Kayıt Sistemi";"Tek Çekirdek Aileden Oluşan Hanehalkı";"Toplam";"Hanehalkı sayısı";"2016";"14738394";"";"";"";"";""
"Türkiye";"Yıllık";"Adrese Dayalı Nüfus Kayıt Sistemi";"Tek Çekirdek Aileden Oluşan Hanehalkı";"Toplam";"Hanehalkı sayısı";"2017";"14993563";"";"";"";"";""
"Türkiye";"Yıllık";"Adrese Dayalı Nüfus Kayıt Sistemi";"Tek Çekirdek Aileden Oluşan Hanehalkı";"Toplam";"Hanehalkı sayısı";"2018";"15173997";"";"";"";"";""
"Türkiye";"Yıllık";"Adrese Dayalı Nüfus Kayıt Sistemi";"Tek Çekirdek Aileden Oluşan Hanehalkı";"Toplam";"Hanehalkı sayısı";"2019";"15623302";"";"";"";"";""
"Türkiye";"Yıllık";"Adrese Dayalı Nüfus Kayıt Sistemi";"Tek Çekirdek Aileden Oluşan Hanehalkı";"Toplam";"Hanehalkı sayısı";"2020";"16050444";"";"";"";"";""
"Türkiye";"Yıllık";"Adrese Dayalı Nüfus Kayıt Sistemi";"Tek Çekirdek Aileden Oluşan Hanehalkı";"Toplam";"Hanehalkı sayısı";"2021";"16323612";"";"";"";"";""
"Türkiye";"Yıllık";"Adrese Dayalı Nüfus Kayıt Sistemi";"Tek Çekirdek Aileden Oluşan Hanehalkı";"Toplam";"Hanehalkı sayısı";"2022";"16816288";"";"";"";"";""
"Türkiye";"Yıllık";"Adrese Dayalı Nüfus Kayıt Sistemi";"Tek Çekirdek Aileden Oluşan Hanehalkı";"Toplam";"Hanehalkı sayısı";"2023";"16779240";"";"";"";"";""
"Türkiye";"Yıllık";"Adrese Dayalı Nüfus Kayıt Sistemi";"Tek Çekirdek Aileden Oluşan Hanehalkı";"Toplam";"Hanehalkı sayısı";"2024";"16891489";"";"";"";"";""
"Türkiye";"Yıllık";"Adrese Dayalı Nüfus Kayıt Sistemi";"Tek Çekirdek Aileden Oluşan Hanehalkı";"Toplam";"Hanehalkı sayısı";"2025";"16928026";"";"";"";"";""
"Türkiye";"Yıllık";"Adrese Dayalı Nüfus Kayıt Sistemi";"Tek Çekirdek Aileden Oluşan Hanehalkı";"2";"Hanehalkı sayısı";"2014";"3892244";"";"";"";"";""
"Türkiye";"Yıllık";"Adrese Dayalı Nüfus Kayıt Sistemi";"Tek Çekirdek Aileden Oluşan Hanehalkı";"2";"Hanehalkı sayısı";"2015";"4075386";"";"";"";"";""
"Türkiye";"Yıllık";"Adrese Dayalı Nüfus Kayıt Sistemi";"Tek Çekirdek Aileden Oluşan Hanehalkı";"2";"Hanehalkı sayısı";"2016";"4200297";"";"";"";"";""
"Türkiye";"Yıllık";"Adrese Dayalı Nüfus Kayıt Sistemi";"Tek Çekirdek Aileden Oluşan Hanehalkı";"2";"Hanehalkı sayısı";"2017";"4333668";"";"";"";"";""
"Türkiye";"Yıllık";"Adrese Dayalı Nüfus Kayıt Sistemi";"Tek Çekirdek Aileden Oluşan Hanehalkı";"2";"Hanehalkı sayısı";"2018";"4467438";"";"";"";"";""
"Türkiye";"Yıllık";"Adrese Dayalı Nüfus Kayıt Sistemi";"Tek Çekirdek Aileden Oluşan Hanehalkı";"2";"Hanehalkı sayısı";"2019";"4622565";"";"";"";"";""
"Türkiye";"Yıllık";"Adrese Dayalı Nüfus Kayıt Sistemi";"Tek Çekirdek Aileden Oluşan Hanehalkı";"2";"Hanehalkı sayısı";"2020";"4705351";"";"";"";"";""
"Türkiye";"Yıllık";"Adrese Dayalı Nüfus Kayıt Sistemi";"Tek Çekirdek Aileden Oluşan Hanehalkı";"2";"Hanehalkı sayısı";"2021";"4914049";"";"";"";"";""
"Türkiye";"Yıllık";"Adrese Dayalı Nüfus Kayıt Sistemi";"Tek Çekirdek Aileden Oluşan Hanehalkı";"2";"Hanehalkı sayısı";"2022";"5179135";"";"";"";"";""
"Türkiye";"Yıllık";"Adrese Dayalı Nüfus Kayıt Sistemi";"Tek Çekirdek Aileden Oluşan Hanehalkı";"2";"Hanehalkı sayısı";"2023";"5311544";"";"";"";"";""
"Türkiye";"Yıllık";"Adrese Dayalı Nüfus Kayıt Sistemi";"Tek Çekirdek Aileden Oluşan Hanehalkı";"2";"Hanehalkı sayısı";"2024";"5437913";"";"";"";"";""
"Türkiye";"Yıllık";"Adrese Dayalı Nüfus Kayıt Sistemi";"Tek Çekirdek Aileden Oluşan Hanehalkı";"2";"Hanehalkı sayısı";"2025";"5583389";"";"";"";"";""
"Türkiye";"Yıllık";"Adrese Dayalı Nüfus Kayıt Sistemi";"Tek Çekirdek Aileden Oluşan Hanehalkı";"3";"Hanehalkı sayısı";"2014";"3772436";"";"";"";"";""
"Türkiye";"Yıllık";"Adrese Dayalı Nüfus Kayıt Sistemi";"Tek Çekirdek Aileden Oluşan Hanehalkı";"3";"Hanehalkı sayısı";"2015";"3858950";"";"";"";"";""
"Türkiye";"Yıllık";"Adrese Dayalı Nüfus Kayıt Sistemi";"Tek Çekirdek Aileden Oluşan Hanehalkı";"3";"Hanehalkı sayısı";"2016";"3935855";"";"";"";"";""
"Türkiye";"Yıllık";"Adrese Dayalı Nüfus Kayıt Sistemi";"Tek Çekirdek Aileden Oluşan Hanehalkı";"3";"Hanehalkı sayısı";"2017";"4026667";"";"";"";"";""
"Türkiye";"Yıllık";"Adrese Dayalı Nüfus Kayıt Sistemi";"Tek Çekirdek Aileden Oluşan Hanehalkı";"3";"Hanehalkı sayısı";"2018";"4083809";"";"";"";"";""
"Türkiye";"Yıllık";"Adrese Dayalı Nüfus Kayıt Sistemi";"Tek Çekirdek Aileden Oluşan Hanehalkı";"3";"Hanehalkı sayısı";"2019";"4201959";"";"";"";"";""
"Türkiye";"Yıllık";"Adrese Dayalı Nüfus Kayıt Sistemi";"Tek Çekirdek Aileden Oluşan Hanehalkı";"3";"Hanehalkı sayısı";"2020";"4261670";"";"";"";"";""
"Türkiye";"Yıllık";"Adrese Dayalı Nüfus Kayıt Sistemi";"Tek Çekirdek Aileden Oluşan Hanehalkı";"3";"Hanehalkı sayısı";"2021";"4397493";"";"";"";"";""
"Türkiye";"Yıllık";"Adrese Dayalı Nüfus Kayıt Sistemi";"Tek Çekirdek Aileden Oluşan Hanehalkı";"3";"Hanehalkı sayısı";"2022";"4538547";"";"";"";"";""
"Türkiye";"Yıllık";"Adrese Dayalı Nüfus Kayıt Sistemi";"Tek Çekirdek Aileden Oluşan Hanehalkı";"3";"Hanehalkı sayısı";"2023";"4589212";"";"";"";"";""
"Türkiye";"Yıllık";"Adrese Dayalı Nüfus Kayıt Sistemi";"Tek Çekirdek Aileden Oluşan Hanehalkı";"3";"Hanehalkı sayısı";"2024";"4647020";"";"";"";"";""
"Türkiye";"Yıllık";"Adrese Dayalı Nüfus Kayıt Sistemi";"Tek Çekirdek Aileden Oluşan Hanehalkı";"3";"Hanehalkı sayısı";"2025";"4703530";"";"";"";"";""
"Türkiye";"Yıllık";"Adrese Dayalı Nüfus Kayıt Sistemi";"Tek Çekirdek Aileden Oluşan Hanehalkı";"4";"Hanehalkı sayısı";"2014";"3924574";"";"";"";"";""
"Türkiye";"Yıllık";"Adrese Dayalı Nüfus Kayıt Sistemi";"Tek Çekirdek Aileden Oluşan Hanehalkı";"4";"Hanehalkı sayısı";"2015";"3941503";"";"";"";"";""
"Türkiye";"Yıllık";"Adrese Dayalı Nüfus Kayıt Sistemi";"Tek Çekirdek Aileden Oluşan Hanehalkı";"4";"Hanehalkı sayısı";"2016";"3960838";"";"";"";"";""
"Türkiye";"Yıllık";"Adrese Dayalı Nüfus Kayıt Sistemi";"Tek Çekirdek Aileden Oluşan Hanehalkı";"4";"Hanehalkı sayısı";"2017";"3984910";"";"";"";"";""
"Türkiye";"Yıllık";"Adrese Dayalı Nüfus Kayıt Sistemi";"Tek Çekirdek Aileden Oluşan Hanehalkı";"4";"Hanehalkı sayısı";"2018";"3983440";"";"";"";"";""
"Türkiye";"Yıllık";"Adrese Dayalı Nüfus Kayıt Sistemi";"Tek Çekirdek Aileden Oluşan Hanehalkı";"4";"Hanehalkı sayısı";"2019";"4079918";"";"";"";"";""
"Türkiye";"Yıllık";"Adrese Dayalı Nüfus Kayıt Sistemi";"Tek Çekirdek Aileden Oluşan Hanehalkı";"4";"Hanehalkı sayısı";"2020";"4216300";"";"";"";"";""
"Türkiye";"Yıllık";"Adrese Dayalı Nüfus Kayıt Sistemi";"Tek Çekirdek Aileden Oluşan Hanehalkı";"4";"Hanehalkı sayısı";"2021";"4209961";"";"";"";"";""
"Türkiye";"Yıllık";"Adrese Dayalı Nüfus Kayıt Sistemi";"Tek Çekirdek Aileden Oluşan Hanehalkı";"4";"Hanehalkı sayısı";"2022";"4256497";"";"";"";"";""
"Türkiye";"Yıllık";"Adrese Dayalı Nüfus Kayıt Sistemi";"Tek Çekirdek Aileden Oluşan Hanehalkı";"4";"Hanehalkı sayısı";"2023";"4141784";"";"";"";"";""
"Türkiye";"Yıllık";"Adrese Dayalı Nüfus Kayıt Sistemi";"Tek Çekirdek Aileden Oluşan Hanehalkı";"4";"Hanehalkı sayısı";"2024";"4115168";"";"";"";"";""
"Türkiye";"Yıllık";"Adrese Dayalı Nüfus Kayıt Sistemi";"Tek Çekirdek Aileden Oluşan Hanehalkı";"4";"Hanehalkı sayısı";"2025";"4040199";"";"";"";"";""
"Türkiye";"Yıllık";"Adrese Dayalı Nüfus Kayıt Sistemi";"Tek Çekirdek Aileden Oluşan Hanehalkı";"5";"Hanehalkı sayısı";"2014";"1658713";"";"";"";"";""
"Türkiye";"Yıllık";"Adrese Dayalı Nüfus Kayıt Sistemi";"Tek Çekirdek Aileden Oluşan Hanehalkı";"5";"Hanehalkı sayısı";"2015";"1673548";"";"";"";"";""
"Türkiye";"Yıllık";"Adrese Dayalı Nüfus Kayıt Sistemi";"Tek Çekirdek Aileden Oluşan Hanehalkı";"5";"Hanehalkı sayısı";"2016";"1698403";"";"";"";"";""
"Türkiye";"Yıllık";"Adrese Dayalı Nüfus Kayıt Sistemi";"Tek Çekirdek Aileden Oluşan Hanehalkı";"5";"Hanehalkı sayısı";"2017";"1716515";"";"";"";"";""
"Türkiye";"Yıllık";"Adrese Dayalı Nüfus Kayıt Sistemi";"Tek Çekirdek Aileden Oluşan Hanehalkı";"5";"Hanehalkı sayısı";"2018";"1718818";"";"";"";"";""
"Türkiye";"Yıllık";"Adrese Dayalı Nüfus Kayıt Sistemi";"Tek Çekirdek Aileden Oluşan Hanehalkı";"5";"Hanehalkı sayısı";"2019";"1776246";"";"";"";"";""
"Türkiye";"Yıllık";"Adrese Dayalı Nüfus Kayıt Sistemi";"Tek Çekirdek Aileden Oluşan Hanehalkı";"5";"Hanehalkı sayısı";"2020";"1872358";"";"";"";"";""
"Türkiye";"Yıllık";"Adrese Dayalı Nüfus Kayıt Sistemi";"Tek Çekirdek Aileden Oluşan Hanehalkı";"5";"Hanehalkı sayısı";"2021";"1839005";"";"";"";"";""
"Türkiye";"Yıllık";"Adrese Dayalı Nüfus Kayıt Sistemi";"Tek Çekirdek Aileden Oluşan Hanehalkı";"5";"Hanehalkı sayısı";"2022";"1867502";"";"";"";"";""
"Türkiye";"Yıllık";"Adrese Dayalı Nüfus Kayıt Sistemi";"Tek Çekirdek Aileden Oluşan Hanehalkı";"5";"Hanehalkı sayısı";"2023";"1799312";"";"";"";"";""
"Türkiye";"Yıllık";"Adrese Dayalı Nüfus Kayıt Sistemi";"Tek Çekirdek Aileden Oluşan Hanehalkı";"5";"Hanehalkı sayısı";"2024";"1776231";"";"";"";"";""
"Türkiye";"Yıllık";"Adrese Dayalı Nüfus Kayıt Sistemi";"Tek Çekirdek Aileden Oluşan Hanehalkı";"5";"Hanehalkı sayısı";"2025";"1724341";"";"";"";"";""
"Türkiye";"Yıllık";"Adrese Dayalı Nüfus Kayıt Sistemi";"Tek Çekirdek Aileden Oluşan Hanehalkı";"6";"Hanehalkı sayısı";"2014";"551014";"";"";"";"";""
"Türkiye";"Yıllık";"Adrese Dayalı Nüfus Kayıt Sistemi";"Tek Çekirdek Aileden Oluşan Hanehalkı";"6";"Hanehalkı sayısı";"2015";"550681";"";"";"";"";""
"Türkiye";"Yıllık";"Adrese Dayalı Nüfus Kayıt Sistemi";"Tek Çekirdek Aileden Oluşan Hanehalkı";"6";"Hanehalkı sayısı";"2016";"557119";"";"";"";"";""
"Türkiye";"Yıllık";"Adrese Dayalı Nüfus Kayıt Sistemi";"Tek Çekirdek Aileden Oluşan Hanehalkı";"6";"Hanehalkı sayısı";"2017";"560401";"";"";"";"";""
"Türkiye";"Yıllık";"Adrese Dayalı Nüfus Kayıt Sistemi";"Tek Çekirdek Aileden Oluşan Hanehalkı";"6";"Hanehalkı sayısı";"2018";"561543";"";"";"";"";""
"Türkiye";"Yıllık";"Adrese Dayalı Nüfus Kayıt Sistemi";"Tek Çekirdek Aileden Oluşan Hanehalkı";"6";"Hanehalkı sayısı";"2019";"583479";"";"";"";"";""
"Türkiye";"Yıllık";"Adrese Dayalı Nüfus Kayıt Sistemi";"Tek Çekirdek Aileden Oluşan Hanehalkı";"6";"Hanehalkı sayısı";"2020";"620079";"";"";"";"";""
"Türkiye";"Yıllık";"Adrese Dayalı Nüfus Kayıt Sistemi";"Tek Çekirdek Aileden Oluşan Hanehalkı";"6";"Hanehalkı sayısı";"2021";"608621";"";"";"";"";""
"Türkiye";"Yıllık";"Adrese Dayalı Nüfus Kayıt Sistemi";"Tek Çekirdek Aileden Oluşan Hanehalkı";"6";"Hanehalkı sayısı";"2022";"621831";"";"";"";"";""
"Türkiye";"Yıllık";"Adrese Dayalı Nüfus Kayıt Sistemi";"Tek Çekirdek Aileden Oluşan Hanehalkı";"6";"Hanehalkı sayısı";"2023";"602152";"";"";"";"";""
"Türkiye";"Yıllık";"Adrese Dayalı Nüfus Kayıt Sistemi";"Tek Çekirdek Aileden Oluşan Hanehalkı";"6";"Hanehalkı sayısı";"2024";"594791";"";"";"";"";""
"Türkiye";"Yıllık";"Adrese Dayalı Nüfus Kayıt Sistemi";"Tek Çekirdek Aileden Oluşan Hanehalkı";"6";"Hanehalkı sayısı";"2025";"574883";"";"";"";"";""
"Türkiye";"Yıllık";"Adrese Dayalı Nüfus Kayıt Sistemi";"Tek Çekirdek Aileden Oluşan Hanehalkı";"7+";"Hanehalkı sayısı";"2014";"413508";"";"";"";"";""
"Türkiye";"Yıllık";"Adrese Dayalı Nüfus Kayıt Sistemi";"Tek Çekirdek Aileden Oluşan Hanehalkı";"7+";"Hanehalkı sayısı";"2015";"397471";"";"";"";"";""
"Türkiye";"Yıllık";"Adrese Dayalı Nüfus Kayıt Sistemi";"Tek Çekirdek Aileden Oluşan Hanehalkı";"7+";"Hanehalkı sayısı";"2016";"385882";"";"";"";"";""
"Türkiye";"Yıllık";"Adrese Dayalı Nüfus Kayıt Sistemi";"Tek Çekirdek Aileden Oluşan Hanehalkı";"7+";"Hanehalkı sayısı";"2017";"371402";"";"";"";"";""
"Türkiye";"Yıllık";"Adrese Dayalı Nüfus Kayıt Sistemi";"Tek Çekirdek Aileden Oluşan Hanehalkı";"7+";"Hanehalkı sayısı";"2018";"358949";"";"";"";"";""
"Türkiye";"Yıllık";"Adrese Dayalı Nüfus Kayıt Sistemi";"Tek Çekirdek Aileden Oluşan Hanehalkı";"7+";"Hanehalkı sayısı";"2019";"359135";"";"";"";"";""
"Türkiye";"Yıllık";"Adrese Dayalı Nüfus Kayıt Sistemi";"Tek Çekirdek Aileden Oluşan Hanehalkı";"7+";"Hanehalkı sayısı";"2020";"374686";"";"";"";"";""
"Türkiye";"Yıllık";"Adrese Dayalı Nüfus Kayıt Sistemi";"Tek Çekirdek Aileden Oluşan Hanehalkı";"7+";"Hanehalkı sayısı";"2021";"354483";"";"";"";"";""
"Türkiye";"Yıllık";"Adrese Dayalı Nüfus Kayıt Sistemi";"Tek Çekirdek Aileden Oluşan Hanehalkı";"7+";"Hanehalkı sayısı";"2022";"352776";"";"";"";"";""
"Türkiye";"Yıllık";"Adrese Dayalı Nüfus Kayıt Sistemi";"Tek Çekirdek Aileden Oluşan Hanehalkı";"7+";"Hanehalkı sayısı";"2023";"335236";"";"";"";"";""
"Türkiye";"Yıllık";"Adrese Dayalı Nüfus Kayıt Sistemi";"Tek Çekirdek Aileden Oluşan Hanehalkı";"7+";"Hanehalkı sayısı";"2024";"320366";"";"";"";"";""
"Türkiye";"Yıllık";"Adrese Dayalı Nüfus Kayıt Sistemi";"Tek Çekirdek Aileden Oluşan Hanehalkı";"7+";"Hanehalkı sayısı";"2025";"301684";"";"";"";"";""
"Türkiye";"Yıllık";"Adrese Dayalı Nüfus Kayıt Sistemi";"Sadece Eşlerden Oluşan Çekirdek Aile";"Toplam";"Hanehalkı sayısı";"2014";"2970130";"";"";"";"";""
"Türkiye";"Yıllık";"Adrese Dayalı Nüfus Kayıt Sistemi";"Sadece Eşlerden Oluşan Çekirdek Aile";"Toplam";"Hanehalkı sayısı";"2015";"3095982";"";"";"";"";""
"Türkiye";"Yıllık";"Adrese Dayalı Nüfus Kayıt Sistemi";"Sadece Eşlerden Oluşan Çekirdek Aile";"Toplam";"Hanehalkı sayısı";"2016";"3148643";"";"";"";"";""
"Türkiye";"Yıllık";"Adrese Dayalı Nüfus Kayıt Sistemi";"Sadece Eşlerden Oluşan Çekirdek Aile";"Toplam";"Hanehalkı sayısı";"2017";"3212759";"";"";"";"";""
"Türkiye";"Yıllık";"Adrese Dayalı Nüfus Kayıt Sistemi";"Sadece Eşlerden Oluşan Çekirdek Aile";"Toplam";"Hanehalkı sayısı";"2018";"3262746";"";"";"";"";""
"Türkiye";"Yıllık";"Adrese Dayalı Nüfus Kayıt Sistemi";"Sadece Eşlerden Oluşan Çekirdek Aile";"Toplam";"Hanehalkı sayısı";"2019";"3339792";"";"";"";"";""
"Türkiye";"Yıllık";"Adrese Dayalı Nüfus Kayıt Sistemi";"Sadece Eşlerden Oluşan Çekirdek Aile";"Toplam";"Hanehalkı sayısı";"2020";"3327655";"";"";"";"";""
"Türkiye";"Yıllık";"Adrese Dayalı Nüfus Kayıt Sistemi";"Sadece Eşlerden Oluşan Çekirdek Aile";"Toplam";"Hanehalkı sayısı";"2021";"3429705";"";"";"";"";""
"Türkiye";"Yıllık";"Adrese Dayalı Nüfus Kayıt Sistemi";"Sadece Eşlerden Oluşan Çekirdek Aile";"Toplam";"Hanehalkı sayısı";"2022";"3610454";"";"";"";"";""
"Türkiye";"Yıllık";"Adrese Dayalı Nüfus Kayıt Sistemi";"Sadece Eşlerden Oluşan Çekirdek Aile";"Toplam";"Hanehalkı sayısı";"2023";"3673768";"";"";"";"";""
"Türkiye";"Yıllık";"Adrese Dayalı Nüfus Kayıt Sistemi";"Sadece Eşlerden Oluşan Çekirdek Aile";"Toplam";"Hanehalkı sayısı";"2024";"3717906";"";"";"";"";""
"Türkiye";"Yıllık";"Adrese Dayalı Nüfus Kayıt Sistemi";"Sadece Eşlerden Oluşan Çekirdek Aile";"Toplam";"Hanehalkı sayısı";"2025";"3767993";"";"";"";"";""
"Türkiye";"Yıllık";"Adrese Dayalı Nüfus Kayıt Sistemi";"Sadece Eşlerden Oluşan Çekirdek Aile";"2";"Hanehalkı sayısı";"2014";"2970130";"";"";"";"";""
"Türkiye";"Yıllık";"Adrese Dayalı Nüfus Kayıt Sistemi";"Sadece Eşlerden Oluşan Çekirdek Aile";"2";"Hanehalkı sayısı";"2015";"3095982";"";"";"";"";""
"Türkiye";"Yıllık";"Adrese Dayalı Nüfus Kayıt Sistemi";"Sadece Eşlerden Oluşan Çekirdek Aile";"2";"Hanehalkı sayısı";"2016";"3148643";"";"";"";"";""
"Türkiye";"Yıllık";"Adrese Dayalı Nüfus Kayıt Sistemi";"Sadece Eşlerden Oluşan Çekirdek Aile";"2";"Hanehalkı sayısı";"2017";"3212759";"";"";"";"";""
"Türkiye";"Yıllık";"Adrese Dayalı Nüfus Kayıt Sistemi";"Sadece Eşlerden Oluşan Çekirdek Aile";"2";"Hanehalkı sayısı";"2018";"3262746";"";"";"";"";""
"Türkiye";"Yıllık";"Adrese Dayalı Nüfus Kayıt Sistemi";"Sadece Eşlerden Oluşan Çekirdek Aile";"2";"Hanehalkı sayısı";"2019";"3339792";"";"";"";"";""
"Türkiye";"Yıllık";"Adrese Dayalı Nüfus Kayıt Sistemi";"Sadece Eşlerden Oluşan Çekirdek Aile";"2";"Hanehalkı sayısı";"2020";"3327655";"";"";"";"";""
"Türkiye";"Yıllık";"Adrese Dayalı Nüfus Kayıt Sistemi";"Sadece Eşlerden Oluşan Çekirdek Aile";"2";"Hanehalkı sayısı";"2021";"3429705";"";"";"";"";""
"Türkiye";"Yıllık";"Adrese Dayalı Nüfus Kayıt Sistemi";"Sadece Eşlerden Oluşan Çekirdek Aile";"2";"Hanehalkı sayısı";"2022";"3610454";"";"";"";"";""
"Türkiye";"Yıllık";"Adrese Dayalı Nüfus Kayıt Sistemi";"Sadece Eşlerden Oluşan Çekirdek Aile";"2";"Hanehalkı sayısı";"2023";"3673768";"";"";"";"";""
"Türkiye";"Yıllık";"Adrese Dayalı Nüfus Kayıt Sistemi";"Sadece Eşlerden Oluşan Çekirdek Aile";"2";"Hanehalkı sayısı";"2024";"3717906";"";"";"";"";""
"Türkiye";"Yıllık";"Adrese Dayalı Nüfus Kayıt Sistemi";"Sadece Eşlerden Oluşan Çekirdek Aile";"2";"Hanehalkı sayısı";"2025";"3767993";"";"";"";"";""
"Türkiye";"Yıllık";"Adrese Dayalı Nüfus Kayıt Sistemi";"Eşler Ve Çocuklardan Oluşan Çekirdek Aile";"Toplam";"Hanehalkı sayısı";"2014";"9637992";"";"";"";"";""
"Türkiye";"Yıllık";"Adrese Dayalı Nüfus Kayıt Sistemi";"Eşler Ve Çocuklardan Oluşan Çekirdek Aile";"Toplam";"Hanehalkı sayısı";"2015";"9711356";"";"";"";"";""
"Türkiye";"Yıllık";"Adrese Dayalı Nüfus Kayıt Sistemi";"Eşler Ve Çocuklardan Oluşan Çekirdek Aile";"Toplam";"Hanehalkı sayısı";"2016";"9772869";"";"";"";"";""
"Türkiye";"Yıllık";"Adrese Dayalı Nüfus Kayıt Sistemi";"Eşler Ve Çocuklardan Oluşan Çekirdek Aile";"Toplam";"Hanehalkı sayısı";"2017";"9853456";"";"";"";"";""
"Türkiye";"Yıllık";"Adrese Dayalı Nüfus Kayıt Sistemi";"Eşler Ve Çocuklardan Oluşan Çekirdek Aile";"Toplam";"Hanehalkı sayısı";"2018";"9833064";"";"";"";"";""
"Türkiye";"Yıllık";"Adrese Dayalı Nüfus Kayıt Sistemi";"Eşler Ve Çocuklardan Oluşan Çekirdek Aile";"Toplam";"Hanehalkı sayısı";"2019";"10074239";"";"";"";"";""
"Türkiye";"Yıllık";"Adrese Dayalı Nüfus Kayıt Sistemi";"Eşler Ve Çocuklardan Oluşan Çekirdek Aile";"Toplam";"Hanehalkı sayısı";"2020";"10341665";"";"";"";"";""
"Türkiye";"Yıllık";"Adrese Dayalı Nüfus Kayıt Sistemi";"Eşler Ve Çocuklardan Oluşan Çekirdek Aile";"Toplam";"Hanehalkı sayısı";"2021";"10344507";"";"";"";"";""
"Türkiye";"Yıllık";"Adrese Dayalı Nüfus Kayıt Sistemi";"Eşler Ve Çocuklardan Oluşan Çekirdek Aile";"Toplam";"Hanehalkı sayısı";"2022";"10522376";"";"";"";"";""
"Türkiye";"Yıllık";"Adrese Dayalı Nüfus Kayıt Sistemi";"Eşler Ve Çocuklardan Oluşan Çekirdek Aile";"Toplam";"Hanehalkı sayısı";"2023";"10310726";"";"";"";"";""
"Türkiye";"Yıllık";"Adrese Dayalı Nüfus Kayıt Sistemi";"Eşler Ve Çocuklardan Oluşan Çekirdek Aile";"Toplam";"Hanehalkı sayısı";"2024";"10261499";"";"";"";"";""
"Türkiye";"Yıllık";"Adrese Dayalı Nüfus Kayıt Sistemi";"Eşler Ve Çocuklardan Oluşan Çekirdek Aile";"Toplam";"Hanehalkı sayısı";"2025";"10109727";"";"";"";"";""
"Türkiye";"Yıllık";"Adrese Dayalı Nüfus Kayıt Sistemi";"Eşler Ve Çocuklardan Oluşan Çekirdek Aile";"3";"Hanehalkı sayısı";"2014";"3317494";"";"";"";"";""
"Türkiye";"Yıllık";"Adrese Dayalı Nüfus Kayıt Sistemi";"Eşler Ve Çocuklardan Oluşan Çekirdek Aile";"3";"Hanehalkı sayısı";"2015";"3382331";"";"";"";"";""
"Türkiye";"Yıllık";"Adrese Dayalı Nüfus Kayıt Sistemi";"Eşler Ve Çocuklardan Oluşan Çekirdek Aile";"3";"Hanehalkı sayısı";"2016";"3420592";"";"";"";"";""
"Türkiye";"Yıllık";"Adrese Dayalı Nüfus Kayıt Sistemi";"Eşler Ve Çocuklardan Oluşan Çekirdek Aile";"3";"Hanehalkı sayısı";"2017";"3480773";"";"";"";"";""
"Türkiye";"Yıllık";"Adrese Dayalı Nüfus Kayıt Sistemi";"Eşler Ve Çocuklardan Oluşan Çekirdek Aile";"3";"Hanehalkı sayısı";"2018";"3490315";"";"";"";"";""
"Türkiye";"Yıllık";"Adrese Dayalı Nüfus Kayıt Sistemi";"Eşler Ve Çocuklardan Oluşan Çekirdek Aile";"3";"Hanehalkı sayısı";"2019";"3572025";"";"";"";"";""
"Türkiye";"Yıllık";"Adrese Dayalı Nüfus Kayıt Sistemi";"Eşler Ve Çocuklardan Oluşan Çekirdek Aile";"3";"Hanehalkı sayısı";"2020";"3580530";"";"";"";"";""
"Türkiye";"Yıllık";"Adrese Dayalı Nüfus Kayıt Sistemi";"Eşler Ve Çocuklardan Oluşan Çekirdek Aile";"3";"Hanehalkı sayısı";"2021";"3670767";"";"";"";"";""
"Türkiye";"Yıllık";"Adrese Dayalı Nüfus Kayıt Sistemi";"Eşler Ve Çocuklardan Oluşan Çekirdek Aile";"3";"Hanehalkı sayısı";"2022";"3777117";"";"";"";"";""
"Türkiye";"Yıllık";"Adrese Dayalı Nüfus Kayıt Sistemi";"Eşler Ve Çocuklardan Oluşan Çekirdek Aile";"3";"Hanehalkı sayısı";"2023";"3796063";"";"";"";"";""
"Türkiye";"Yıllık";"Adrese Dayalı Nüfus Kayıt Sistemi";"Eşler Ve Çocuklardan Oluşan Çekirdek Aile";"3";"Hanehalkı sayısı";"2024";"3828635";"";"";"";"";""
"Türkiye";"Yıllık";"Adrese Dayalı Nüfus Kayıt Sistemi";"Eşler Ve Çocuklardan Oluşan Çekirdek Aile";"3";"Hanehalkı sayısı";"2025";"3852110";"";"";"";"";""
"Türkiye";"Yıllık";"Adrese Dayalı Nüfus Kayıt Sistemi";"Eşler Ve Çocuklardan Oluşan Çekirdek Aile";"4";"Hanehalkı sayısı";"2014";"3774438";"";"";"";"";""
"Türkiye";"Yıllık";"Adrese Dayalı Nüfus Kayıt Sistemi";"Eşler Ve Çocuklardan Oluşan Çekirdek Aile";"4";"Hanehalkı sayısı";"2015";"3785281";"";"";"";"";""
"Türkiye";"Yıllık";"Adrese Dayalı Nüfus Kayıt Sistemi";"Eşler Ve Çocuklardan Oluşan Çekirdek Aile";"4";"Hanehalkı sayısı";"2016";"3792030";"";"";"";"";""
"Türkiye";"Yıllık";"Adrese Dayalı Nüfus Kayıt Sistemi";"Eşler Ve Çocuklardan Oluşan Çekirdek Aile";"4";"Hanehalkı sayısı";"2017";"3807515";"";"";"";"";""
"Türkiye";"Yıllık";"Adrese Dayalı Nüfus Kayıt Sistemi";"Eşler Ve Çocuklardan Oluşan Çekirdek Aile";"4";"Hanehalkı sayısı";"2018";"3790849";"";"";"";"";""
"Türkiye";"Yıllık";"Adrese Dayalı Nüfus Kayıt Sistemi";"Eşler Ve Çocuklardan Oluşan Çekirdek Aile";"4";"Hanehalkı sayısı";"2019";"3874963";"";"";"";"";""
"Türkiye";"Yıllık";"Adrese Dayalı Nüfus Kayıt Sistemi";"Eşler Ve Çocuklardan Oluşan Çekirdek Aile";"4";"Hanehalkı sayısı";"2020";"3992711";"";"";"";"";""
"Türkiye";"Yıllık";"Adrese Dayalı Nüfus Kayıt Sistemi";"Eşler Ve Çocuklardan Oluşan Çekirdek Aile";"4";"Hanehalkı sayısı";"2021";"3973850";"";"";"";"";""
"Türkiye";"Yıllık";"Adrese Dayalı Nüfus Kayıt Sistemi";"Eşler Ve Çocuklardan Oluşan Çekirdek Aile";"4";"Hanehalkı sayısı";"2022";"4008936";"";"";"";"";""
"Türkiye";"Yıllık";"Adrese Dayalı Nüfus Kayıt Sistemi";"Eşler Ve Çocuklardan Oluşan Çekirdek Aile";"4";"Hanehalkı sayısı";"2023";"3884721";"";"";"";"";""
"Türkiye";"Yıllık";"Adrese Dayalı Nüfus Kayıt Sistemi";"Eşler Ve Çocuklardan Oluşan Çekirdek Aile";"4";"Hanehalkı sayısı";"2024";"3851010";"";"";"";"";""
"Türkiye";"Yıllık";"Adrese Dayalı Nüfus Kayıt Sistemi";"Eşler Ve Çocuklardan Oluşan Çekirdek Aile";"4";"Hanehalkı sayısı";"2025";"3768233";"";"";"";"";""
"Türkiye";"Yıllık";"Adrese Dayalı Nüfus Kayıt Sistemi";"Eşler Ve Çocuklardan Oluşan Çekirdek Aile";"5";"Hanehalkı sayısı";"2014";"1611664";"";"";"";"";""
"Türkiye";"Yıllık";"Adrese Dayalı Nüfus Kayıt Sistemi";"Eşler Ve Çocuklardan Oluşan Çekirdek Aile";"5";"Hanehalkı sayısı";"2015";"1625758";"";"";"";"";""
"Türkiye";"Yıllık";"Adrese Dayalı Nüfus Kayıt Sistemi";"Eşler Ve Çocuklardan Oluşan Çekirdek Aile";"5";"Hanehalkı sayısı";"2016";"1647617";"";"";"";"";""
"Türkiye";"Yıllık";"Adrese Dayalı Nüfus Kayıt Sistemi";"Eşler Ve Çocuklardan Oluşan Çekirdek Aile";"5";"Hanehalkı sayısı";"2017";"1663823";"";"";"";"";""
"Türkiye";"Yıllık";"Adrese Dayalı Nüfus Kayıt Sistemi";"Eşler Ve Çocuklardan Oluşan Çekirdek Aile";"5";"Hanehalkı sayısı";"2018";"1662697";"";"";"";"";""
"Türkiye";"Yıllık";"Adrese Dayalı Nüfus Kayıt Sistemi";"Eşler Ve Çocuklardan Oluşan Çekirdek Aile";"5";"Hanehalkı sayısı";"2019";"1716845";"";"";"";"";""
"Türkiye";"Yıllık";"Adrese Dayalı Nüfus Kayıt Sistemi";"Eşler Ve Çocuklardan Oluşan Çekirdek Aile";"5";"Hanehalkı sayısı";"2020";"1807740";"";"";"";"";""
"Türkiye";"Yıllık";"Adrese Dayalı Nüfus Kayıt Sistemi";"Eşler Ve Çocuklardan Oluşan Çekirdek Aile";"5";"Hanehalkı sayısı";"2021";"1771080";"";"";"";"";""
"Türkiye";"Yıllık";"Adrese Dayalı Nüfus Kayıt Sistemi";"Eşler Ve Çocuklardan Oluşan Çekirdek Aile";"5";"Hanehalkı sayısı";"2022";"1796333";"";"";"";"";""
"Türkiye";"Yıllık";"Adrese Dayalı Nüfus Kayıt Sistemi";"Eşler Ve Çocuklardan Oluşan Çekirdek Aile";"5";"Hanehalkı sayısı";"2023";"1726673";"";"";"";"";""
"Türkiye";"Yıllık";"Adrese Dayalı Nüfus Kayıt Sistemi";"Eşler Ve Çocuklardan Oluşan Çekirdek Aile";"5";"Hanehalkı sayısı";"2024";"1701147";"";"";"";"";""
"Türkiye";"Yıllık";"Adrese Dayalı Nüfus Kayıt Sistemi";"Eşler Ve Çocuklardan Oluşan Çekirdek Aile";"5";"Hanehalkı sayısı";"2025";"1647466";"";"";"";"";""
"Türkiye";"Yıllık";"Adrese Dayalı Nüfus Kayıt Sistemi";"Eşler Ve Çocuklardan Oluşan Çekirdek Aile";"6";"Hanehalkı sayısı";"2014";"533641";"";"";"";"";""
"Türkiye";"Yıllık";"Adrese Dayalı Nüfus Kayıt Sistemi";"Eşler Ve Çocuklardan Oluşan Çekirdek Aile";"6";"Hanehalkı sayısı";"2015";"533231";"";"";"";"";""
"Türkiye";"Yıllık";"Adrese Dayalı Nüfus Kayıt Sistemi";"Eşler Ve Çocuklardan Oluşan Çekirdek Aile";"6";"Hanehalkı sayısı";"2016";"539308";"";"";"";"";""
"Türkiye";"Yıllık";"Adrese Dayalı Nüfus Kayıt Sistemi";"Eşler Ve Çocuklardan Oluşan Çekirdek Aile";"6";"Hanehalkı sayısı";"2017";"542355";"";"";"";"";""
"Türkiye";"Yıllık";"Adrese Dayalı Nüfus Kayıt Sistemi";"Eşler Ve Çocuklardan Oluşan Çekirdek Aile";"6";"Hanehalkı sayısı";"2018";"542847";"";"";"";"";""
"Türkiye";"Yıllık";"Adrese Dayalı Nüfus Kayıt Sistemi";"Eşler Ve Çocuklardan Oluşan Çekirdek Aile";"6";"Hanehalkı sayısı";"2019";"564021";"";"";"";"";""
"Türkiye";"Yıllık";"Adrese Dayalı Nüfus Kayıt Sistemi";"Eşler Ve Çocuklardan Oluşan Çekirdek Aile";"6";"Hanehalkı sayısı";"2020";"599328";"";"";"";"";""
"Türkiye";"Yıllık";"Adrese Dayalı Nüfus Kayıt Sistemi";"Eşler Ve Çocuklardan Oluşan Çekirdek Aile";"6";"Hanehalkı sayısı";"2021";"587234";"";"";"";"";""
"Türkiye";"Yıllık";"Adrese Dayalı Nüfus Kayıt Sistemi";"Eşler Ve Çocuklardan Oluşan Çekirdek Aile";"6";"Hanehalkı sayısı";"2022";"599984";"";"";"";"";""
"Türkiye";"Yıllık";"Adrese Dayalı Nüfus Kayıt Sistemi";"Eşler Ve Çocuklardan Oluşan Çekirdek Aile";"6";"Hanehalkı sayısı";"2023";"580334";"";"";"";"";""
"Türkiye";"Yıllık";"Adrese Dayalı Nüfus Kayıt Sistemi";"Eşler Ve Çocuklardan Oluşan Çekirdek Aile";"6";"Hanehalkı sayısı";"2024";"572498";"";"";"";"";""
"Türkiye";"Yıllık";"Adrese Dayalı Nüfus Kayıt Sistemi";"Eşler Ve Çocuklardan Oluşan Çekirdek Aile";"6";"Hanehalkı sayısı";"2025";"552247";"";"";"";"";""
"Türkiye";"Yıllık";"Adrese Dayalı Nüfus Kayıt Sistemi";"Eşler Ve Çocuklardan Oluşan Çekirdek Aile";"7+";"Hanehalkı sayısı";"2014";"400755";"";"";"";"";""
"Türkiye";"Yıllık";"Adrese Dayalı Nüfus Kayıt Sistemi";"Eşler Ve Çocuklardan Oluşan Çekirdek Aile";"7+";"Hanehalkı sayısı";"2015";"384755";"";"";"";"";""
"Türkiye";"Yıllık";"Adrese Dayalı Nüfus Kayıt Sistemi";"Eşler Ve Çocuklardan Oluşan Çekirdek Aile";"7+";"Hanehalkı sayısı";"2016";"373322";"";"";"";"";""
"Türkiye";"Yıllık";"Adrese Dayalı Nüfus Kayıt Sistemi";"Eşler Ve Çocuklardan Oluşan Çekirdek Aile";"7+";"Hanehalkı sayısı";"2017";"358990";"";"";"";"";""
"Türkiye";"Yıllık";"Adrese Dayalı Nüfus Kayıt Sistemi";"Eşler Ve Çocuklardan Oluşan Çekirdek Aile";"7+";"Hanehalkı sayısı";"2018";"346356";"";"";"";"";""
"Türkiye";"Yıllık";"Adrese Dayalı Nüfus Kayıt Sistemi";"Eşler Ve Çocuklardan Oluşan Çekirdek Aile";"7+";"Hanehalkı sayısı";"2019";"346385";"";"";"";"";""
"Türkiye";"Yıllık";"Adrese Dayalı Nüfus Kayıt Sistemi";"Eşler Ve Çocuklardan Oluşan Çekirdek Aile";"7+";"Hanehalkı sayısı";"2020";"361356";"";"";"";"";""
"Türkiye";"Yıllık";"Adrese Dayalı Nüfus Kayıt Sistemi";"Eşler Ve Çocuklardan Oluşan Çekirdek Aile";"7+";"Hanehalkı sayısı";"2021";"341576";"";"";"";"";""
"Türkiye";"Yıllık";"Adrese Dayalı Nüfus Kayıt Sistemi";"Eşler Ve Çocuklardan Oluşan Çekirdek Aile";"7+";"Hanehalkı sayısı";"2022";"340006";"";"";"";"";""
"Türkiye";"Yıllık";"Adrese Dayalı Nüfus Kayıt Sistemi";"Eşler Ve Çocuklardan Oluşan Çekirdek Aile";"7+";"Hanehalkı sayısı";"2023";"322935";"";"";"";"";""
"Türkiye";"Yıllık";"Adrese Dayalı Nüfus Kayıt Sistemi";"Eşler Ve Çocuklardan Oluşan Çekirdek Aile";"7+";"Hanehalkı sayısı";"2024";"308209";"";"";"";"";""
"Türkiye";"Yıllık";"Adrese Dayalı Nüfus Kayıt Sistemi";"Eşler Ve Çocuklardan Oluşan Çekirdek Aile";"7+";"Hanehalkı sayısı";"2025";"289671";"";"";"";"";""
"Türkiye";"Yıllık";"Adrese Dayalı Nüfus Kayıt Sistemi";"Tek Ebeveyn Ve Çocuklardan Oluşan Çekirdek Aile";"Toplam";"Hanehalkı sayısı";"2014";"1604367";"";"";"";"";""
"Türkiye";"Yıllık";"Adrese Dayalı Nüfus Kayıt Sistemi";"Tek Ebeveyn Ve Çocuklardan Oluşan Çekirdek Aile";"Toplam";"Hanehalkı sayısı";"2015";"1690201";"";"";"";"";""
"Türkiye";"Yıllık";"Adrese Dayalı Nüfus Kayıt Sistemi";"Tek Ebeveyn Ve Çocuklardan Oluşan Çekirdek Aile";"Toplam";"Hanehalkı sayısı";"2016";"1816882";"";"";"";"";""
"Türkiye";"Yıllık";"Adrese Dayalı Nüfus Kayıt Sistemi";"Tek Ebeveyn Ve Çocuklardan Oluşan Çekirdek Aile";"Toplam";"Hanehalkı sayısı";"2017";"1927348";"";"";"";"";""
"Türkiye";"Yıllık";"Adrese Dayalı Nüfus Kayıt Sistemi";"Tek Ebeveyn Ve Çocuklardan Oluşan Çekirdek Aile";"Toplam";"Hanehalkı sayısı";"2018";"2078187";"";"";"";"";""
"Türkiye";"Yıllık";"Adrese Dayalı Nüfus Kayıt Sistemi";"Tek Ebeveyn Ve Çocuklardan Oluşan Çekirdek Aile";"Toplam";"Hanehalkı sayısı";"2019";"2209271";"";"";"";"";""
"Türkiye";"Yıllık";"Adrese Dayalı Nüfus Kayıt Sistemi";"Tek Ebeveyn Ve Çocuklardan Oluşan Çekirdek Aile";"Toplam";"Hanehalkı sayısı";"2020";"2381124";"";"";"";"";""
"Türkiye";"Yıllık";"Adrese Dayalı Nüfus Kayıt Sistemi";"Tek Ebeveyn Ve Çocuklardan Oluşan Çekirdek Aile";"Toplam";"Hanehalkı sayısı";"2021";"2549400";"";"";"";"";""
"Türkiye";"Yıllık";"Adrese Dayalı Nüfus Kayıt Sistemi";"Tek Ebeveyn Ve Çocuklardan Oluşan Çekirdek Aile";"Toplam";"Hanehalkı sayısı";"2022";"2683458";"";"";"";"";""
"Türkiye";"Yıllık";"Adrese Dayalı Nüfus Kayıt Sistemi";"Tek Ebeveyn Ve Çocuklardan Oluşan Çekirdek Aile";"Toplam";"Hanehalkı sayısı";"2023";"2794746";"";"";"";"";""
"Türkiye";"Yıllık";"Adrese Dayalı Nüfus Kayıt Sistemi";"Tek Ebeveyn Ve Çocuklardan Oluşan Çekirdek Aile";"Toplam";"Hanehalkı sayısı";"2024";"2912084";"";"";"";"";""
"Türkiye";"Yıllık";"Adrese Dayalı Nüfus Kayıt Sistemi";"Tek Ebeveyn Ve Çocuklardan Oluşan Çekirdek Aile";"Toplam";"Hanehalkı sayısı";"2025";"3050306";"";"";"";"";""
"Türkiye";"Yıllık";"Adrese Dayalı Nüfus Kayıt Sistemi";"Tek Ebeveyn Ve Çocuklardan Oluşan Çekirdek Aile";"2";"Hanehalkı sayısı";"2014";"922114";"";"";"";"";""
"Türkiye";"Yıllık";"Adrese Dayalı Nüfus Kayıt Sistemi";"Tek Ebeveyn Ve Çocuklardan Oluşan Çekirdek Aile";"2";"Hanehalkı sayısı";"2015";"979404";"";"";"";"";""
"Türkiye";"Yıllık";"Adrese Dayalı Nüfus Kayıt Sistemi";"Tek Ebeveyn Ve Çocuklardan Oluşan Çekirdek Aile";"2";"Hanehalkı sayısı";"2016";"1051654";"";"";"";"";""
"Türkiye";"Yıllık";"Adrese Dayalı Nüfus Kayıt Sistemi";"Tek Ebeveyn Ve Çocuklardan Oluşan Çekirdek Aile";"2";"Hanehalkı sayısı";"2017";"1120909";"";"";"";"";""
"Türkiye";"Yıllık";"Adrese Dayalı Nüfus Kayıt Sistemi";"Tek Ebeveyn Ve Çocuklardan Oluşan Çekirdek Aile";"2";"Hanehalkı sayısı";"2018";"1204692";"";"";"";"";""
"Türkiye";"Yıllık";"Adrese Dayalı Nüfus Kayıt Sistemi";"Tek Ebeveyn Ve Çocuklardan Oluşan Çekirdek Aile";"2";"Hanehalkı sayısı";"2019";"1282773";"";"";"";"";""
"Türkiye";"Yıllık";"Adrese Dayalı Nüfus Kayıt Sistemi";"Tek Ebeveyn Ve Çocuklardan Oluşan Çekirdek Aile";"2";"Hanehalkı sayısı";"2020";"1377696";"";"";"";"";""
"Türkiye";"Yıllık";"Adrese Dayalı Nüfus Kayıt Sistemi";"Tek Ebeveyn Ve Çocuklardan Oluşan Çekirdek Aile";"2";"Hanehalkı sayısı";"2021";"1484344";"";"";"";"";""
"Türkiye";"Yıllık";"Adrese Dayalı Nüfus Kayıt Sistemi";"Tek Ebeveyn Ve Çocuklardan Oluşan Çekirdek Aile";"2";"Hanehalkı sayısı";"2022";"1568681";"";"";"";"";""
"Türkiye";"Yıllık";"Adrese Dayalı Nüfus Kayıt Sistemi";"Tek Ebeveyn Ve Çocuklardan Oluşan Çekirdek Aile";"2";"Hanehalkı sayısı";"2023";"1637776";"";"";"";"";""
"Türkiye";"Yıllık";"Adrese Dayalı Nüfus Kayıt Sistemi";"Tek Ebeveyn Ve Çocuklardan Oluşan Çekirdek Aile";"2";"Hanehalkı sayısı";"2024";"1720007";"";"";"";"";""
"Türkiye";"Yıllık";"Adrese Dayalı Nüfus Kayıt Sistemi";"Tek Ebeveyn Ve Çocuklardan Oluşan Çekirdek Aile";"2";"Hanehalkı sayısı";"2025";"1815396";"";"";"";"";""
"Türkiye";"Yıllık";"Adrese Dayalı Nüfus Kayıt Sistemi";"Tek Ebeveyn Ve Çocuklardan Oluşan Çekirdek Aile";"3";"Hanehalkı sayısı";"2014";"454942";"";"";"";"";""
"Türkiye";"Yıllık";"Adrese Dayalı Nüfus Kayıt Sistemi";"Tek Ebeveyn Ve Çocuklardan Oluşan Çekirdek Aile";"3";"Hanehalkı sayısı";"2015";"476619";"";"";"";"";""
"Türkiye";"Yıllık";"Adrese Dayalı Nüfus Kayıt Sistemi";"Tek Ebeveyn Ve Çocuklardan Oluşan Çekirdek Aile";"3";"Hanehalkı sayısı";"2016";"515263";"";"";"";"";""
"Türkiye";"Yıllık";"Adrese Dayalı Nüfus Kayıt Sistemi";"Tek Ebeveyn Ve Çocuklardan Oluşan Çekirdek Aile";"3";"Hanehalkı sayısı";"2017";"545894";"";"";"";"";""
"Türkiye";"Yıllık";"Adrese Dayalı Nüfus Kayıt Sistemi";"Tek Ebeveyn Ve Çocuklardan Oluşan Çekirdek Aile";"3";"Hanehalkı sayısı";"2018";"593494";"";"";"";"";""
"Türkiye";"Yıllık";"Adrese Dayalı Nüfus Kayıt Sistemi";"Tek Ebeveyn Ve Çocuklardan Oluşan Çekirdek Aile";"3";"Hanehalkı sayısı";"2019";"629934";"";"";"";"";""
"Türkiye";"Yıllık";"Adrese Dayalı Nüfus Kayıt Sistemi";"Tek Ebeveyn Ve Çocuklardan Oluşan Çekirdek Aile";"3";"Hanehalkı sayısı";"2020";"681140";"";"";"";"";""
"Türkiye";"Yıllık";"Adrese Dayalı Nüfus Kayıt Sistemi";"Tek Ebeveyn Ve Çocuklardan Oluşan Çekirdek Aile";"3";"Hanehalkı sayısı";"2021";"726726";"";"";"";"";""
"Türkiye";"Yıllık";"Adrese Dayalı Nüfus Kayıt Sistemi";"Tek Ebeveyn Ve Çocuklardan Oluşan Çekirdek Aile";"3";"Hanehalkı sayısı";"2022";"761430";"";"";"";"";""
"Türkiye";"Yıllık";"Adrese Dayalı Nüfus Kayıt Sistemi";"Tek Ebeveyn Ve Çocuklardan Oluşan Çekirdek Aile";"3";"Hanehalkı sayısı";"2023";"793149";"";"";"";"";""
"Türkiye";"Yıllık";"Adrese Dayalı Nüfus Kayıt Sistemi";"Tek Ebeveyn Ve Çocuklardan Oluşan Çekirdek Aile";"3";"Hanehalkı sayısı";"2024";"818385";"";"";"";"";""
"Türkiye";"Yıllık";"Adrese Dayalı Nüfus Kayıt Sistemi";"Tek Ebeveyn Ve Çocuklardan Oluşan Çekirdek Aile";"3";"Hanehalkı sayısı";"2025";"851420";"";"";"";"";""
"Türkiye";"Yıllık";"Adrese Dayalı Nüfus Kayıt Sistemi";"Tek Ebeveyn Ve Çocuklardan Oluşan Çekirdek Aile";"4";"Hanehalkı sayısı";"2014";"150136";"";"";"";"";""
"Türkiye";"Yıllık";"Adrese Dayalı Nüfus Kayıt Sistemi";"Tek Ebeveyn Ve Çocuklardan Oluşan Çekirdek Aile";"4";"Hanehalkı sayısı";"2015";"156222";"";"";"";"";""
"Türkiye";"Yıllık";"Adrese Dayalı Nüfus Kayıt Sistemi";"Tek Ebeveyn Ve Çocuklardan Oluşan Çekirdek Aile";"4";"Hanehalkı sayısı";"2016";"168808";"";"";"";"";""
"Türkiye";"Yıllık";"Adrese Dayalı Nüfus Kayıt Sistemi";"Tek Ebeveyn Ve Çocuklardan Oluşan Çekirdek Aile";"4";"Hanehalkı sayısı";"2017";"177395";"";"";"";"";""
"Türkiye";"Yıllık";"Adrese Dayalı Nüfus Kayıt Sistemi";"Tek Ebeveyn Ve Çocuklardan Oluşan Çekirdek Aile";"4";"Hanehalkı sayısı";"2018";"192591";"";"";"";"";""
"Türkiye";"Yıllık";"Adrese Dayalı Nüfus Kayıt Sistemi";"Tek Ebeveyn Ve Çocuklardan Oluşan Çekirdek Aile";"4";"Hanehalkı sayısı";"2019";"204955";"";"";"";"";""
"Türkiye";"Yıllık";"Adrese Dayalı Nüfus Kayıt Sistemi";"Tek Ebeveyn Ve Çocuklardan Oluşan Çekirdek Aile";"4";"Hanehalkı sayısı";"2020";"223589";"";"";"";"";""
"Türkiye";"Yıllık";"Adrese Dayalı Nüfus Kayıt Sistemi";"Tek Ebeveyn Ve Çocuklardan Oluşan Çekirdek Aile";"4";"Hanehalkı sayısı";"2021";"236111";"";"";"";"";""
"Türkiye";"Yıllık";"Adrese Dayalı Nüfus Kayıt Sistemi";"Tek Ebeveyn Ve Çocuklardan Oluşan Çekirdek Aile";"4";"Hanehalkı sayısı";"2022";"247561";"";"";"";"";""
"Türkiye";"Yıllık";"Adrese Dayalı Nüfus Kayıt Sistemi";"Tek Ebeveyn Ve Çocuklardan Oluşan Çekirdek Aile";"4";"Hanehalkı sayısı";"2023";"257063";"";"";"";"";""
"Türkiye";"Yıllık";"Adrese Dayalı Nüfus Kayıt Sistemi";"Tek Ebeveyn Ve Çocuklardan Oluşan Çekirdek Aile";"4";"Hanehalkı sayısı";"2024";"264158";"";"";"";"";""
"Türkiye";"Yıllık";"Adrese Dayalı Nüfus Kayıt Sistemi";"Tek Ebeveyn Ve Çocuklardan Oluşan Çekirdek Aile";"4";"Hanehalkı sayısı";"2025";"271966";"";"";"";"";""
"Türkiye";"Yıllık";"Adrese Dayalı Nüfus Kayıt Sistemi";"Tek Ebeveyn Ve Çocuklardan Oluşan Çekirdek Aile";"5";"Hanehalkı sayısı";"2014";"47049";"";"";"";"";""
"Türkiye";"Yıllık";"Adrese Dayalı Nüfus Kayıt Sistemi";"Tek Ebeveyn Ve Çocuklardan Oluşan Çekirdek Aile";"5";"Hanehalkı sayısı";"2015";"47790";"";"";"";"";""
"Türkiye";"Yıllık";"Adrese Dayalı Nüfus Kayıt Sistemi";"Tek Ebeveyn Ve Çocuklardan Oluşan Çekirdek Aile";"5";"Hanehalkı sayısı";"2016";"50786";"";"";"";"";""
"Türkiye";"Yıllık";"Adrese Dayalı Nüfus Kayıt Sistemi";"Tek Ebeveyn Ve Çocuklardan Oluşan Çekirdek Aile";"5";"Hanehalkı sayısı";"2017";"52692";"";"";"";"";""
"Türkiye";"Yıllık";"Adrese Dayalı Nüfus Kayıt Sistemi";"Tek Ebeveyn Ve Çocuklardan Oluşan Çekirdek Aile";"5";"Hanehalkı sayısı";"2018";"56121";"";"";"";"";""
"Türkiye";"Yıllık";"Adrese Dayalı Nüfus Kayıt Sistemi";"Tek Ebeveyn Ve Çocuklardan Oluşan Çekirdek Aile";"5";"Hanehalkı sayısı";"2019";"59401";"";"";"";"";""
"Türkiye";"Yıllık";"Adrese Dayalı Nüfus Kayıt Sistemi";"Tek Ebeveyn Ve Çocuklardan Oluşan Çekirdek Aile";"5";"Hanehalkı sayısı";"2020";"64618";"";"";"";"";""
"Türkiye";"Yıllık";"Adrese Dayalı Nüfus Kayıt Sistemi";"Tek Ebeveyn Ve Çocuklardan Oluşan Çekirdek Aile";"5";"Hanehalkı sayısı";"2021";"67925";"";"";"";"";""
"Türkiye";"Yıllık";"Adrese Dayalı Nüfus Kayıt Sistemi";"Tek Ebeveyn Ve Çocuklardan Oluşan Çekirdek Aile";"5";"Hanehalkı sayısı";"2022";"71169";"";"";"";"";""
"Türkiye";"Yıllık";"Adrese Dayalı Nüfus Kayıt Sistemi";"Tek Ebeveyn Ve Çocuklardan Oluşan Çekirdek Aile";"5";"Hanehalkı sayısı";"2023";"72639";"";"";"";"";""
"Türkiye";"Yıllık";"Adrese Dayalı Nüfus Kayıt Sistemi";"Tek Ebeveyn Ve Çocuklardan Oluşan Çekirdek Aile";"5";"Hanehalkı sayısı";"2024";"75084";"";"";"";"";""
"Türkiye";"Yıllık";"Adrese Dayalı Nüfus Kayıt Sistemi";"Tek Ebeveyn Ve Çocuklardan Oluşan Çekirdek Aile";"5";"Hanehalkı sayısı";"2025";"76875";"";"";"";"";""
"Türkiye";"Yıllık";"Adrese Dayalı Nüfus Kayıt Sistemi";"Tek Ebeveyn Ve Çocuklardan Oluşan Çekirdek Aile";"6";"Hanehalkı sayısı";"2014";"17373";"";"";"";"";""
"Türkiye";"Yıllık";"Adrese Dayalı Nüfus Kayıt Sistemi";"Tek Ebeveyn Ve Çocuklardan Oluşan Çekirdek Aile";"6";"Hanehalkı sayısı";"2015";"17450";"";"";"";"";""
"Türkiye";"Yıllık";"Adrese Dayalı Nüfus Kayıt Sistemi";"Tek Ebeveyn Ve Çocuklardan Oluşan Çekirdek Aile";"6";"Hanehalkı sayısı";"2016";"17811";"";"";"";"";""
"Türkiye";"Yıllık";"Adrese Dayalı Nüfus Kayıt Sistemi";"Tek Ebeveyn Ve Çocuklardan Oluşan Çekirdek Aile";"6";"Hanehalkı sayısı";"2017";"18046";"";"";"";"";""
"Türkiye";"Yıllık";"Adrese Dayalı Nüfus Kayıt Sistemi";"Tek Ebeveyn Ve Çocuklardan Oluşan Çekirdek Aile";"6";"Hanehalkı sayısı";"2018";"18696";"";"";"";"";""
"Türkiye";"Yıllık";"Adrese Dayalı Nüfus Kayıt Sistemi";"Tek Ebeveyn Ve Çocuklardan Oluşan Çekirdek Aile";"6";"Hanehalkı sayısı";"2019";"19458";"";"";"";"";""
"Türkiye";"Yıllık";"Adrese Dayalı Nüfus Kayıt Sistemi";"Tek Ebeveyn Ve Çocuklardan Oluşan Çekirdek Aile";"6";"Hanehalkı sayısı";"2020";"20751";"";"";"";"";""
"Türkiye";"Yıllık";"Adrese Dayalı Nüfus Kayıt Sistemi";"Tek Ebeveyn Ve Çocuklardan Oluşan Çekirdek Aile";"6";"Hanehalkı sayısı";"2021";"21387";"";"";"";"";""
"Türkiye";"Yıllık";"Adrese Dayalı Nüfus Kayıt Sistemi";"Tek Ebeveyn Ve Çocuklardan Oluşan Çekirdek Aile";"6";"Hanehalkı sayısı";"2022";"21847";"";"";"";"";""
"Türkiye";"Yıllık";"Adrese Dayalı Nüfus Kayıt Sistemi";"Tek Ebeveyn Ve Çocuklardan Oluşan Çekirdek Aile";"6";"Hanehalkı sayısı";"2023";"21818";"";"";"";"";""
"Türkiye";"Yıllık";"Adrese Dayalı Nüfus Kayıt Sistemi";"Tek Ebeveyn Ve Çocuklardan Oluşan Çekirdek Aile";"6";"Hanehalkı sayısı";"2024";"22293";"";"";"";"";""
"Türkiye";"Yıllık";"Adrese Dayalı Nüfus Kayıt Sistemi";"Tek Ebeveyn Ve Çocuklardan Oluşan Çekirdek Aile";"6";"Hanehalkı sayısı";"2025";"22636";"";"";"";"";""
"Türkiye";"Yıllık";"Adrese Dayalı Nüfus Kayıt Sistemi";"Tek Ebeveyn Ve Çocuklardan Oluşan Çekirdek Aile";"7+";"Hanehalkı sayısı";"2014";"12753";"";"";"";"";""
"Türkiye";"Yıllık";"Adrese Dayalı Nüfus Kayıt Sistemi";"Tek Ebeveyn Ve Çocuklardan Oluşan Çekirdek Aile";"7+";"Hanehalkı sayısı";"2015";"12716";"";"";"";"";""
"Türkiye";"Yıllık";"Adrese Dayalı Nüfus Kayıt Sistemi";"Tek Ebeveyn Ve Çocuklardan Oluşan Çekirdek Aile";"7+";"Hanehalkı sayısı";"2016";"12560";"";"";"";"";""
"Türkiye";"Yıllık";"Adrese Dayalı Nüfus Kayıt Sistemi";"Tek Ebeveyn Ve Çocuklardan Oluşan Çekirdek Aile";"7+";"Hanehalkı sayısı";"2017";"12412";"";"";"";"";""
"Türkiye";"Yıllık";"Adrese Dayalı Nüfus Kayıt Sistemi";"Tek Ebeveyn Ve Çocuklardan Oluşan Çekirdek Aile";"7+";"Hanehalkı sayısı";"2018";"12593";"";"";"";"";""
"Türkiye";"Yıllık";"Adrese Dayalı Nüfus Kayıt Sistemi";"Tek Ebeveyn Ve Çocuklardan Oluşan Çekirdek Aile";"7+";"Hanehalkı sayısı";"2019";"12750";"";"";"";"";""
"Türkiye";"Yıllık";"Adrese Dayalı Nüfus Kayıt Sistemi";"Tek Ebeveyn Ve Çocuklardan Oluşan Çekirdek Aile";"7+";"Hanehalkı sayısı";"2020";"13330";"";"";"";"";""
"Türkiye";"Yıllık";"Adrese Dayalı Nüfus Kayıt Sistemi";"Tek Ebeveyn Ve Çocuklardan Oluşan Çekirdek Aile";"7+";"Hanehalkı sayısı";"2021";"12907";"";"";"";"";""
"Türkiye";"Yıllık";"Adrese Dayalı Nüfus Kayıt Sistemi";"Tek Ebeveyn Ve Çocuklardan Oluşan Çekirdek Aile";"7+";"Hanehalkı sayısı";"2022";"12770";"";"";"";"";""
"Türkiye";"Yıllık";"Adrese Dayalı Nüfus Kayıt Sistemi";"Tek Ebeveyn Ve Çocuklardan Oluşan Çekirdek Aile";"7+";"Hanehalkı sayısı";"2023";"12301";"";"";"";"";""
"Türkiye";"Yıllık";"Adrese Dayalı Nüfus Kayıt Sistemi";"Tek Ebeveyn Ve Çocuklardan Oluşan Çekirdek Aile";"7+";"Hanehalkı sayısı";"2024";"12157";"";"";"";"";""
"Türkiye";"Yıllık";"Adrese Dayalı Nüfus Kayıt Sistemi";"Tek Ebeveyn Ve Çocuklardan Oluşan Çekirdek Aile";"7+";"Hanehalkı sayısı";"2025";"12013";"";"";"";"";""
"Türkiye";"Yıllık";"Adrese Dayalı Nüfus Kayıt Sistemi";"Baba Ve Çocuklardan Oluşan Çekirdek Aile";"Toplam";"Hanehalkı sayısı";"2014";"317398";"";"";"";"";""
"Türkiye";"Yıllık";"Adrese Dayalı Nüfus Kayıt Sistemi";"Baba Ve Çocuklardan Oluşan Çekirdek Aile";"Toplam";"Hanehalkı sayısı";"2015";"337416";"";"";"";"";""
"Türkiye";"Yıllık";"Adrese Dayalı Nüfus Kayıt Sistemi";"Baba Ve Çocuklardan Oluşan Çekirdek Aile";"Toplam";"Hanehalkı sayısı";"2016";"375424";"";"";"";"";""
"Türkiye";"Yıllık";"Adrese Dayalı Nüfus Kayıt Sistemi";"Baba Ve Çocuklardan Oluşan Çekirdek Aile";"Toplam";"Hanehalkı sayısı";"2017";"407295";"";"";"";"";""
"Türkiye";"Yıllık";"Adrese Dayalı Nüfus Kayıt Sistemi";"Baba Ve Çocuklardan Oluşan Çekirdek Aile";"Toplam";"Hanehalkı sayısı";"2018";"447751";"";"";"";"";""
"Türkiye";"Yıllık";"Adrese Dayalı Nüfus Kayıt Sistemi";"Baba Ve Çocuklardan Oluşan Çekirdek Aile";"Toplam";"Hanehalkı sayısı";"2019";"482739";"";"";"";"";""
"Türkiye";"Yıllık";"Adrese Dayalı Nüfus Kayıt Sistemi";"Baba Ve Çocuklardan Oluşan Çekirdek Aile";"Toplam";"Hanehalkı sayısı";"2020";"533335";"";"";"";"";""
"Türkiye";"Yıllık";"Adrese Dayalı Nüfus Kayıt Sistemi";"Baba Ve Çocuklardan Oluşan Çekirdek Aile";"Toplam";"Hanehalkı sayısı";"2021";"585315";"";"";"";"";""
"Türkiye";"Yıllık";"Adrese Dayalı Nüfus Kayıt Sistemi";"Baba Ve Çocuklardan Oluşan Çekirdek Aile";"Toplam";"Hanehalkı sayısı";"2022";"609124";"";"";"";"";""
"Türkiye";"Yıllık";"Adrese Dayalı Nüfus Kayıt Sistemi";"Baba Ve Çocuklardan Oluşan Çekirdek Aile";"Toplam";"Hanehalkı sayısı";"2023";"629921";"";"";"";"";""
"Türkiye";"Yıllık";"Adrese Dayalı Nüfus Kayıt Sistemi";"Baba Ve Çocuklardan Oluşan Çekirdek Aile";"Toplam";"Hanehalkı sayısı";"2024";"683020";"";"";"";"";""
"Türkiye";"Yıllık";"Adrese Dayalı Nüfus Kayıt Sistemi";"Baba Ve Çocuklardan Oluşan Çekirdek Aile";"Toplam";"Hanehalkı sayısı";"2025";"746447";"";"";"";"";""
"Türkiye";"Yıllık";"Adrese Dayalı Nüfus Kayıt Sistemi";"Baba Ve Çocuklardan Oluşan Çekirdek Aile";"2";"Hanehalkı sayısı";"2014";"202115";"";"";"";"";""
"Türkiye";"Yıllık";"Adrese Dayalı Nüfus Kayıt Sistemi";"Baba Ve Çocuklardan Oluşan Çekirdek Aile";"2";"Hanehalkı sayısı";"2015";"216968";"";"";"";"";""
"Türkiye";"Yıllık";"Adrese Dayalı Nüfus Kayıt Sistemi";"Baba Ve Çocuklardan Oluşan Çekirdek Aile";"2";"Hanehalkı sayısı";"2016";"241064";"";"";"";"";""
"Türkiye";"Yıllık";"Adrese Dayalı Nüfus Kayıt Sistemi";"Baba Ve Çocuklardan Oluşan Çekirdek Aile";"2";"Hanehalkı sayısı";"2017";"261642";"";"";"";"";""
"Türkiye";"Yıllık";"Adrese Dayalı Nüfus Kayıt Sistemi";"Baba Ve Çocuklardan Oluşan Çekirdek Aile";"2";"Hanehalkı sayısı";"2018";"286091";"";"";"";"";""
"Türkiye";"Yıllık";"Adrese Dayalı Nüfus Kayıt Sistemi";"Baba Ve Çocuklardan Oluşan Çekirdek Aile";"2";"Hanehalkı sayısı";"2019";"309907";"";"";"";"";""
"Türkiye";"Yıllık";"Adrese Dayalı Nüfus Kayıt Sistemi";"Baba Ve Çocuklardan Oluşan Çekirdek Aile";"2";"Hanehalkı sayısı";"2020";"341911";"";"";"";"";""
"Türkiye";"Yıllık";"Adrese Dayalı Nüfus Kayıt Sistemi";"Baba Ve Çocuklardan Oluşan Çekirdek Aile";"2";"Hanehalkı sayısı";"2021";"375997";"";"";"";"";""
"Türkiye";"Yıllık";"Adrese Dayalı Nüfus Kayıt Sistemi";"Baba Ve Çocuklardan Oluşan Çekirdek Aile";"2";"Hanehalkı sayısı";"2022";"393807";"";"";"";"";""
"Türkiye";"Yıllık";"Adrese Dayalı Nüfus Kayıt Sistemi";"Baba Ve Çocuklardan Oluşan Çekirdek Aile";"2";"Hanehalkı sayısı";"2023";"406385";"";"";"";"";""
"Türkiye";"Yıllık";"Adrese Dayalı Nüfus Kayıt Sistemi";"Baba Ve Çocuklardan Oluşan Çekirdek Aile";"2";"Hanehalkı sayısı";"2024";"442144";"";"";"";"";""
"Türkiye";"Yıllık";"Adrese Dayalı Nüfus Kayıt Sistemi";"Baba Ve Çocuklardan Oluşan Çekirdek Aile";"2";"Hanehalkı sayısı";"2025";"481695";"";"";"";"";""
"Türkiye";"Yıllık";"Adrese Dayalı Nüfus Kayıt Sistemi";"Baba Ve Çocuklardan Oluşan Çekirdek Aile";"3";"Hanehalkı sayısı";"2014";"80235";"";"";"";"";""
"Türkiye";"Yıllık";"Adrese Dayalı Nüfus Kayıt Sistemi";"Baba Ve Çocuklardan Oluşan Çekirdek Aile";"3";"Hanehalkı sayısı";"2015";"84832";"";"";"";"";""
"Türkiye";"Yıllık";"Adrese Dayalı Nüfus Kayıt Sistemi";"Baba Ve Çocuklardan Oluşan Çekirdek Aile";"3";"Hanehalkı sayısı";"2016";"95602";"";"";"";"";""
"Türkiye";"Yıllık";"Adrese Dayalı Nüfus Kayıt Sistemi";"Baba Ve Çocuklardan Oluşan Çekirdek Aile";"3";"Hanehalkı sayısı";"2017";"104235";"";"";"";"";""
"Türkiye";"Yıllık";"Adrese Dayalı Nüfus Kayıt Sistemi";"Baba Ve Çocuklardan Oluşan Çekirdek Aile";"3";"Hanehalkı sayısı";"2018";"116223";"";"";"";"";""
"Türkiye";"Yıllık";"Adrese Dayalı Nüfus Kayıt Sistemi";"Baba Ve Çocuklardan Oluşan Çekirdek Aile";"3";"Hanehalkı sayısı";"2019";"124583";"";"";"";"";""
"Türkiye";"Yıllık";"Adrese Dayalı Nüfus Kayıt Sistemi";"Baba Ve Çocuklardan Oluşan Çekirdek Aile";"3";"Hanehalkı sayısı";"2020";"137430";"";"";"";"";""
"Türkiye";"Yıllık";"Adrese Dayalı Nüfus Kayıt Sistemi";"Baba Ve Çocuklardan Oluşan Çekirdek Aile";"3";"Hanehalkı sayısı";"2021";"150426";"";"";"";"";""
"Türkiye";"Yıllık";"Adrese Dayalı Nüfus Kayıt Sistemi";"Baba Ve Çocuklardan Oluşan Çekirdek Aile";"3";"Hanehalkı sayısı";"2022";"155281";"";"";"";"";""
"Türkiye";"Yıllık";"Adrese Dayalı Nüfus Kayıt Sistemi";"Baba Ve Çocuklardan Oluşan Çekirdek Aile";"3";"Hanehalkı sayısı";"2023";"160871";"";"";"";"";""
"Türkiye";"Yıllık";"Adrese Dayalı Nüfus Kayıt Sistemi";"Baba Ve Çocuklardan Oluşan Çekirdek Aile";"3";"Hanehalkı sayısı";"2024";"173149";"";"";"";"";""
"Türkiye";"Yıllık";"Adrese Dayalı Nüfus Kayıt Sistemi";"Baba Ve Çocuklardan Oluşan Çekirdek Aile";"3";"Hanehalkı sayısı";"2025";"189523";"";"";"";"";""
"Türkiye";"Yıllık";"Adrese Dayalı Nüfus Kayıt Sistemi";"Baba Ve Çocuklardan Oluşan Çekirdek Aile";"4";"Hanehalkı sayısı";"2014";"23248";"";"";"";"";""
"Türkiye";"Yıllık";"Adrese Dayalı Nüfus Kayıt Sistemi";"Baba Ve Çocuklardan Oluşan Çekirdek Aile";"4";"Hanehalkı sayısı";"2015";"23920";"";"";"";"";""
"Türkiye";"Yıllık";"Adrese Dayalı Nüfus Kayıt Sistemi";"Baba Ve Çocuklardan Oluşan Çekirdek Aile";"4";"Hanehalkı sayısı";"2016";"26484";"";"";"";"";""
"Türkiye";"Yıllık";"Adrese Dayalı Nüfus Kayıt Sistemi";"Baba Ve Çocuklardan Oluşan Çekirdek Aile";"4";"Hanehalkı sayısı";"2017";"28792";"";"";"";"";""
"Türkiye";"Yıllık";"Adrese Dayalı Nüfus Kayıt Sistemi";"Baba Ve Çocuklardan Oluşan Çekirdek Aile";"4";"Hanehalkı sayısı";"2018";"31990";"";"";"";"";""
"Türkiye";"Yıllık";"Adrese Dayalı Nüfus Kayıt Sistemi";"Baba Ve Çocuklardan Oluşan Çekirdek Aile";"4";"Hanehalkı sayısı";"2019";"34185";"";"";"";"";""
"Türkiye";"Yıllık";"Adrese Dayalı Nüfus Kayıt Sistemi";"Baba Ve Çocuklardan Oluşan Çekirdek Aile";"4";"Hanehalkı sayısı";"2020";"38477";"";"";"";"";""
"Türkiye";"Yıllık";"Adrese Dayalı Nüfus Kayıt Sistemi";"Baba Ve Çocuklardan Oluşan Çekirdek Aile";"4";"Hanehalkı sayısı";"2021";"42284";"";"";"";"";""
"Türkiye";"Yıllık";"Adrese Dayalı Nüfus Kayıt Sistemi";"Baba Ve Çocuklardan Oluşan Çekirdek Aile";"4";"Hanehalkı sayısı";"2022";"43232";"";"";"";"";""
"Türkiye";"Yıllık";"Adrese Dayalı Nüfus Kayıt Sistemi";"Baba Ve Çocuklardan Oluşan Çekirdek Aile";"4";"Hanehalkı sayısı";"2023";"45307";"";"";"";"";""
"Türkiye";"Yıllık";"Adrese Dayalı Nüfus Kayıt Sistemi";"Baba Ve Çocuklardan Oluşan Çekirdek Aile";"4";"Hanehalkı sayısı";"2024";"48920";"";"";"";"";""
"Türkiye";"Yıllık";"Adrese Dayalı Nüfus Kayıt Sistemi";"Baba Ve Çocuklardan Oluşan Çekirdek Aile";"4";"Hanehalkı sayısı";"2025";"54194";"";"";"";"";""
"Türkiye";"Yıllık";"Adrese Dayalı Nüfus Kayıt Sistemi";"Baba Ve Çocuklardan Oluşan Çekirdek Aile";"5";"Hanehalkı sayısı";"2014";"7090";"";"";"";"";""
"Türkiye";"Yıllık";"Adrese Dayalı Nüfus Kayıt Sistemi";"Baba Ve Çocuklardan Oluşan Çekirdek Aile";"5";"Hanehalkı sayısı";"2015";"7075";"";"";"";"";""
"Türkiye";"Yıllık";"Adrese Dayalı Nüfus Kayıt Sistemi";"Baba Ve Çocuklardan Oluşan Çekirdek Aile";"5";"Hanehalkı sayısı";"2016";"7658";"";"";"";"";""
"Türkiye";"Yıllık";"Adrese Dayalı Nüfus Kayıt Sistemi";"Baba Ve Çocuklardan Oluşan Çekirdek Aile";"5";"Hanehalkı sayısı";"2017";"8056";"";"";"";"";""
"Türkiye";"Yıllık";"Adrese Dayalı Nüfus Kayıt Sistemi";"Baba Ve Çocuklardan Oluşan Çekirdek Aile";"5";"Hanehalkı sayısı";"2018";"8747";"";"";"";"";""
"Türkiye";"Yıllık";"Adrese Dayalı Nüfus Kayıt Sistemi";"Baba Ve Çocuklardan Oluşan Çekirdek Aile";"5";"Hanehalkı sayısı";"2019";"9210";"";"";"";"";""
"Türkiye";"Yıllık";"Adrese Dayalı Nüfus Kayıt Sistemi";"Baba Ve Çocuklardan Oluşan Çekirdek Aile";"5";"Hanehalkı sayısı";"2020";"10226";"";"";"";"";""
"Türkiye";"Yıllık";"Adrese Dayalı Nüfus Kayıt Sistemi";"Baba Ve Çocuklardan Oluşan Çekirdek Aile";"5";"Hanehalkı sayısı";"2021";"11020";"";"";"";"";""
"Türkiye";"Yıllık";"Adrese Dayalı Nüfus Kayıt Sistemi";"Baba Ve Çocuklardan Oluşan Çekirdek Aile";"5";"Hanehalkı sayısı";"2022";"11469";"";"";"";"";""
"Türkiye";"Yıllık";"Adrese Dayalı Nüfus Kayıt Sistemi";"Baba Ve Çocuklardan Oluşan Çekirdek Aile";"5";"Hanehalkı sayısı";"2023";"11920";"";"";"";"";""
"Türkiye";"Yıllık";"Adrese Dayalı Nüfus Kayıt Sistemi";"Baba Ve Çocuklardan Oluşan Çekirdek Aile";"5";"Hanehalkı sayısı";"2024";"12935";"";"";"";"";""
"Türkiye";"Yıllık";"Adrese Dayalı Nüfus Kayıt Sistemi";"Baba Ve Çocuklardan Oluşan Çekirdek Aile";"5";"Hanehalkı sayısı";"2025";"14628";"";"";"";"";""
"Türkiye";"Yıllık";"Adrese Dayalı Nüfus Kayıt Sistemi";"Baba Ve Çocuklardan Oluşan Çekirdek Aile";"6";"Hanehalkı sayısı";"2014";"2645";"";"";"";"";""
"Türkiye";"Yıllık";"Adrese Dayalı Nüfus Kayıt Sistemi";"Baba Ve Çocuklardan Oluşan Çekirdek Aile";"6";"Hanehalkı sayısı";"2015";"2608";"";"";"";"";""
"Türkiye";"Yıllık";"Adrese Dayalı Nüfus Kayıt Sistemi";"Baba Ve Çocuklardan Oluşan Çekirdek Aile";"6";"Hanehalkı sayısı";"2016";"2675";"";"";"";"";""
"Türkiye";"Yıllık";"Adrese Dayalı Nüfus Kayıt Sistemi";"Baba Ve Çocuklardan Oluşan Çekirdek Aile";"6";"Hanehalkı sayısı";"2017";"2675";"";"";"";"";""
"Türkiye";"Yıllık";"Adrese Dayalı Nüfus Kayıt Sistemi";"Baba Ve Çocuklardan Oluşan Çekirdek Aile";"6";"Hanehalkı sayısı";"2018";"2819";"";"";"";"";""
"Türkiye";"Yıllık";"Adrese Dayalı Nüfus Kayıt Sistemi";"Baba Ve Çocuklardan Oluşan Çekirdek Aile";"6";"Hanehalkı sayısı";"2019";"2943";"";"";"";"";""
"Türkiye";"Yıllık";"Adrese Dayalı Nüfus Kayıt Sistemi";"Baba Ve Çocuklardan Oluşan Çekirdek Aile";"6";"Hanehalkı sayısı";"2020";"3207";"";"";"";"";""
"Türkiye";"Yıllık";"Adrese Dayalı Nüfus Kayıt Sistemi";"Baba Ve Çocuklardan Oluşan Çekirdek Aile";"6";"Hanehalkı sayısı";"2021";"3524";"";"";"";"";""
"Türkiye";"Yıllık";"Adrese Dayalı Nüfus Kayıt Sistemi";"Baba Ve Çocuklardan Oluşan Çekirdek Aile";"6";"Hanehalkı sayısı";"2022";"3357";"";"";"";"";""
"Türkiye";"Yıllık";"Adrese Dayalı Nüfus Kayıt Sistemi";"Baba Ve Çocuklardan Oluşan Çekirdek Aile";"6";"Hanehalkı sayısı";"2023";"3447";"";"";"";"";""
"Türkiye";"Yıllık";"Adrese Dayalı Nüfus Kayıt Sistemi";"Baba Ve Çocuklardan Oluşan Çekirdek Aile";"6";"Hanehalkı sayısı";"2024";"3763";"";"";"";"";""
"Türkiye";"Yıllık";"Adrese Dayalı Nüfus Kayıt Sistemi";"Baba Ve Çocuklardan Oluşan Çekirdek Aile";"6";"Hanehalkı sayısı";"2025";"4177";"";"";"";"";""
"Türkiye";"Yıllık";"Adrese Dayalı Nüfus Kayıt Sistemi";"Baba Ve Çocuklardan Oluşan Çekirdek Aile";"7+";"Hanehalkı sayısı";"2014";"2065";"";"";"";"";""
"Türkiye";"Yıllık";"Adrese Dayalı Nüfus Kayıt Sistemi";"Baba Ve Çocuklardan Oluşan Çekirdek Aile";"7+";"Hanehalkı sayısı";"2015";"2013";"";"";"";"";""
"Türkiye";"Yıllık";"Adrese Dayalı Nüfus Kayıt Sistemi";"Baba Ve Çocuklardan Oluşan Çekirdek Aile";"7+";"Hanehalkı sayısı";"2016";"1941";"";"";"";"";""
"Türkiye";"Yıllık";"Adrese Dayalı Nüfus Kayıt Sistemi";"Baba Ve Çocuklardan Oluşan Çekirdek Aile";"7+";"Hanehalkı sayısı";"2017";"1895";"";"";"";"";""
"Türkiye";"Yıllık";"Adrese Dayalı Nüfus Kayıt Sistemi";"Baba Ve Çocuklardan Oluşan Çekirdek Aile";"7+";"Hanehalkı sayısı";"2018";"1881";"";"";"";"";""
"Türkiye";"Yıllık";"Adrese Dayalı Nüfus Kayıt Sistemi";"Baba Ve Çocuklardan Oluşan Çekirdek Aile";"7+";"Hanehalkı sayısı";"2019";"1911";"";"";"";"";""
"Türkiye";"Yıllık";"Adrese Dayalı Nüfus Kayıt Sistemi";"Baba Ve Çocuklardan Oluşan Çekirdek Aile";"7+";"Hanehalkı sayısı";"2020";"2084";"";"";"";"";""
"Türkiye";"Yıllık";"Adrese Dayalı Nüfus Kayıt Sistemi";"Baba Ve Çocuklardan Oluşan Çekirdek Aile";"7+";"Hanehalkı sayısı";"2021";"2064";"";"";"";"";""
"Türkiye";"Yıllık";"Adrese Dayalı Nüfus Kayıt Sistemi";"Baba Ve Çocuklardan Oluşan Çekirdek Aile";"7+";"Hanehalkı sayısı";"2022";"1978";"";"";"";"";""
"Türkiye";"Yıllık";"Adrese Dayalı Nüfus Kayıt Sistemi";"Baba Ve Çocuklardan Oluşan Çekirdek Aile";"7+";"Hanehalkı sayısı";"2023";"1991";"";"";"";"";""
"Türkiye";"Yıllık";"Adrese Dayalı Nüfus Kayıt Sistemi";"Baba Ve Çocuklardan Oluşan Çekirdek Aile";"7+";"Hanehalkı sayısı";"2024";"2109";"";"";"";"";""
"Türkiye";"Yıllık";"Adrese Dayalı Nüfus Kayıt Sistemi";"Baba Ve Çocuklardan Oluşan Çekirdek Aile";"7+";"Hanehalkı sayısı";"2025";"2230";"";"";"";"";""
"Türkiye";"Yıllık";"Adrese Dayalı Nüfus Kayıt Sistemi";"Anne Ve Çocuklardan Oluşan Çekirdek Aile";"Toplam";"Hanehalkı sayısı";"2014";"1286969";"";"";"";"";""
"Türkiye";"Yıllık";"Adrese Dayalı Nüfus Kayıt Sistemi";"Anne Ve Çocuklardan Oluşan Çekirdek Aile";"Toplam";"Hanehalkı sayısı";"2015";"1352785";"";"";"";"";""
"Türkiye";"Yıllık";"Adrese Dayalı Nüfus Kayıt Sistemi";"Anne Ve Çocuklardan Oluşan Çekirdek Aile";"Toplam";"Hanehalkı sayısı";"2016";"1441458";"";"";"";"";""
"Türkiye";"Yıllık";"Adrese Dayalı Nüfus Kayıt Sistemi";"Anne Ve Çocuklardan Oluşan Çekirdek Aile";"Toplam";"Hanehalkı sayısı";"2017";"1520053";"";"";"";"";""
"Türkiye";"Yıllık";"Adrese Dayalı Nüfus Kayıt Sistemi";"Anne Ve Çocuklardan Oluşan Çekirdek Aile";"Toplam";"Hanehalkı sayısı";"2018";"1630436";"";"";"";"";""
"Türkiye";"Yıllık";"Adrese Dayalı Nüfus Kayıt Sistemi";"Anne Ve Çocuklardan Oluşan Çekirdek Aile";"Toplam";"Hanehalkı sayısı";"2019";"1726532";"";"";"";"";""
"Türkiye";"Yıllık";"Adrese Dayalı Nüfus Kayıt Sistemi";"Anne Ve Çocuklardan Oluşan Çekirdek Aile";"Toplam";"Hanehalkı sayısı";"2020";"1847789";"";"";"";"";""
"Türkiye";"Yıllık";"Adrese Dayalı Nüfus Kayıt Sistemi";"Anne Ve Çocuklardan Oluşan Çekirdek Aile";"Toplam";"Hanehalkı sayısı";"2021";"1964085";"";"";"";"";""
"Türkiye";"Yıllık";"Adrese Dayalı Nüfus Kayıt Sistemi";"Anne Ve Çocuklardan Oluşan Çekirdek Aile";"Toplam";"Hanehalkı sayısı";"2022";"2074334";"";"";"";"";""
"Türkiye";"Yıllık";"Adrese Dayalı Nüfus Kayıt Sistemi";"Anne Ve Çocuklardan Oluşan Çekirdek Aile";"Toplam";"Hanehalkı sayısı";"2023";"2164825";"";"";"";"";""
"Türkiye";"Yıllık";"Adrese Dayalı Nüfus Kayıt Sistemi";"Anne Ve Çocuklardan Oluşan Çekirdek Aile";"Toplam";"Hanehalkı sayısı";"2024";"2229064";"";"";"";"";""
"Türkiye";"Yıllık";"Adrese Dayalı Nüfus Kayıt Sistemi";"Anne Ve Çocuklardan Oluşan Çekirdek Aile";"Toplam";"Hanehalkı sayısı";"2025";"2303859";"";"";"";"";""
"Türkiye";"Yıllık";"Adrese Dayalı Nüfus Kayıt Sistemi";"Anne Ve Çocuklardan Oluşan Çekirdek Aile";"2";"Hanehalkı sayısı";"2014";"719999";"";"";"";"";""
"Türkiye";"Yıllık";"Adrese Dayalı Nüfus Kayıt Sistemi";"Anne Ve Çocuklardan Oluşan Çekirdek Aile";"2";"Hanehalkı sayısı";"2015";"762436";"";"";"";"";""
"Türkiye";"Yıllık";"Adrese Dayalı Nüfus Kayıt Sistemi";"Anne Ve Çocuklardan Oluşan Çekirdek Aile";"2";"Hanehalkı sayısı";"2016";"810590";"";"";"";"";""
"Türkiye";"Yıllık";"Adrese Dayalı Nüfus Kayıt Sistemi";"Anne Ve Çocuklardan Oluşan Çekirdek Aile";"2";"Hanehalkı sayısı";"2017";"859267";"";"";"";"";""
"Türkiye";"Yıllık";"Adrese Dayalı Nüfus Kayıt Sistemi";"Anne Ve Çocuklardan Oluşan Çekirdek Aile";"2";"Hanehalkı sayısı";"2018";"918601";"";"";"";"";""
"Türkiye";"Yıllık";"Adrese Dayalı Nüfus Kayıt Sistemi";"Anne Ve Çocuklardan Oluşan Çekirdek Aile";"2";"Hanehalkı sayısı";"2019";"972866";"";"";"";"";""
"Türkiye";"Yıllık";"Adrese Dayalı Nüfus Kayıt Sistemi";"Anne Ve Çocuklardan Oluşan Çekirdek Aile";"2";"Hanehalkı sayısı";"2020";"1035785";"";"";"";"";""
"Türkiye";"Yıllık";"Adrese Dayalı Nüfus Kayıt Sistemi";"Anne Ve Çocuklardan Oluşan Çekirdek Aile";"2";"Hanehalkı sayısı";"2021";"1108347";"";"";"";"";""
"Türkiye";"Yıllık";"Adrese Dayalı Nüfus Kayıt Sistemi";"Anne Ve Çocuklardan Oluşan Çekirdek Aile";"2";"Hanehalkı sayısı";"2022";"1174874";"";"";"";"";""
"Türkiye";"Yıllık";"Adrese Dayalı Nüfus Kayıt Sistemi";"Anne Ve Çocuklardan Oluşan Çekirdek Aile";"2";"Hanehalkı sayısı";"2023";"1231391";"";"";"";"";""
"Türkiye";"Yıllık";"Adrese Dayalı Nüfus Kayıt Sistemi";"Anne Ve Çocuklardan Oluşan Çekirdek Aile";"2";"Hanehalkı sayısı";"2024";"1277863";"";"";"";"";""
"Türkiye";"Yıllık";"Adrese Dayalı Nüfus Kayıt Sistemi";"Anne Ve Çocuklardan Oluşan Çekirdek Aile";"2";"Hanehalkı sayısı";"2025";"1333701";"";"";"";"";""
"Türkiye";"Yıllık";"Adrese Dayalı Nüfus Kayıt Sistemi";"Anne Ve Çocuklardan Oluşan Çekirdek Aile";"3";"Hanehalkı sayısı";"2014";"374707";"";"";"";"";""
"Türkiye";"Yıllık";"Adrese Dayalı Nüfus Kayıt Sistemi";"Anne Ve Çocuklardan Oluşan Çekirdek Aile";"3";"Hanehalkı sayısı";"2015";"391787";"";"";"";"";""
"Türkiye";"Yıllık";"Adrese Dayalı Nüfus Kayıt Sistemi";"Anne Ve Çocuklardan Oluşan Çekirdek Aile";"3";"Hanehalkı sayısı";"2016";"419661";"";"";"";"";""
"Türkiye";"Yıllık";"Adrese Dayalı Nüfus Kayıt Sistemi";"Anne Ve Çocuklardan Oluşan Çekirdek Aile";"3";"Hanehalkı sayısı";"2017";"441659";"";"";"";"";""
"Türkiye";"Yıllık";"Adrese Dayalı Nüfus Kayıt Sistemi";"Anne Ve Çocuklardan Oluşan Çekirdek Aile";"3";"Hanehalkı sayısı";"2018";"477271";"";"";"";"";""
"Türkiye";"Yıllık";"Adrese Dayalı Nüfus Kayıt Sistemi";"Anne Ve Çocuklardan Oluşan Çekirdek Aile";"3";"Hanehalkı sayısı";"2019";"505351";"";"";"";"";""
"Türkiye";"Yıllık";"Adrese Dayalı Nüfus Kayıt Sistemi";"Anne Ve Çocuklardan Oluşan Çekirdek Aile";"3";"Hanehalkı sayısı";"2020";"543710";"";"";"";"";""
"Türkiye";"Yıllık";"Adrese Dayalı Nüfus Kayıt Sistemi";"Anne Ve Çocuklardan Oluşan Çekirdek Aile";"3";"Hanehalkı sayısı";"2021";"576300";"";"";"";"";""
"Türkiye";"Yıllık";"Adrese Dayalı Nüfus Kayıt Sistemi";"Anne Ve Çocuklardan Oluşan Çekirdek Aile";"3";"Hanehalkı sayısı";"2022";"606149";"";"";"";"";""
"Türkiye";"Yıllık";"Adrese Dayalı Nüfus Kayıt Sistemi";"Anne Ve Çocuklardan Oluşan Çekirdek Aile";"3";"Hanehalkı sayısı";"2023";"632278";"";"";"";"";""
"Türkiye";"Yıllık";"Adrese Dayalı Nüfus Kayıt Sistemi";"Anne Ve Çocuklardan Oluşan Çekirdek Aile";"3";"Hanehalkı sayısı";"2024";"645236";"";"";"";"";""
"Türkiye";"Yıllık";"Adrese Dayalı Nüfus Kayıt Sistemi";"Anne Ve Çocuklardan Oluşan Çekirdek Aile";"3";"Hanehalkı sayısı";"2025";"661897";"";"";"";"";""
"Türkiye";"Yıllık";"Adrese Dayalı Nüfus Kayıt Sistemi";"Anne Ve Çocuklardan Oluşan Çekirdek Aile";"4";"Hanehalkı sayısı";"2014";"126888";"";"";"";"";""
"Türkiye";"Yıllık";"Adrese Dayalı Nüfus Kayıt Sistemi";"Anne Ve Çocuklardan Oluşan Çekirdek Aile";"4";"Hanehalkı sayısı";"2015";"132302";"";"";"";"";""
"Türkiye";"Yıllık";"Adrese Dayalı Nüfus Kayıt Sistemi";"Anne Ve Çocuklardan Oluşan Çekirdek Aile";"4";"Hanehalkı sayısı";"2016";"142324";"";"";"";"";""
"Türkiye";"Yıllık";"Adrese Dayalı Nüfus Kayıt Sistemi";"Anne Ve Çocuklardan Oluşan Çekirdek Aile";"4";"Hanehalkı sayısı";"2017";"148603";"";"";"";"";""
"Türkiye";"Yıllık";"Adrese Dayalı Nüfus Kayıt Sistemi";"Anne Ve Çocuklardan Oluşan Çekirdek Aile";"4";"Hanehalkı sayısı";"2018";"160601";"";"";"";"";""
"Türkiye";"Yıllık";"Adrese Dayalı Nüfus Kayıt Sistemi";"Anne Ve Çocuklardan Oluşan Çekirdek Aile";"4";"Hanehalkı sayısı";"2019";"170770";"";"";"";"";""
"Türkiye";"Yıllık";"Adrese Dayalı Nüfus Kayıt Sistemi";"Anne Ve Çocuklardan Oluşan Çekirdek Aile";"4";"Hanehalkı sayısı";"2020";"185112";"";"";"";"";""
"Türkiye";"Yıllık";"Adrese Dayalı Nüfus Kayıt Sistemi";"Anne Ve Çocuklardan Oluşan Çekirdek Aile";"4";"Hanehalkı sayısı";"2021";"193827";"";"";"";"";""
"Türkiye";"Yıllık";"Adrese Dayalı Nüfus Kayıt Sistemi";"Anne Ve Çocuklardan Oluşan Çekirdek Aile";"4";"Hanehalkı sayısı";"2022";"204329";"";"";"";"";""
"Türkiye";"Yıllık";"Adrese Dayalı Nüfus Kayıt Sistemi";"Anne Ve Çocuklardan Oluşan Çekirdek Aile";"4";"Hanehalkı sayısı";"2023";"211756";"";"";"";"";""
"Türkiye";"Yıllık";"Adrese Dayalı Nüfus Kayıt Sistemi";"Anne Ve Çocuklardan Oluşan Çekirdek Aile";"4";"Hanehalkı sayısı";"2024";"215238";"";"";"";"";""
"Türkiye";"Yıllık";"Adrese Dayalı Nüfus Kayıt Sistemi";"Anne Ve Çocuklardan Oluşan Çekirdek Aile";"4";"Hanehalkı sayısı";"2025";"217772";"";"";"";"";""
"Türkiye";"Yıllık";"Adrese Dayalı Nüfus Kayıt Sistemi";"Anne Ve Çocuklardan Oluşan Çekirdek Aile";"5";"Hanehalkı sayısı";"2014";"39959";"";"";"";"";""
"Türkiye";"Yıllık";"Adrese Dayalı Nüfus Kayıt Sistemi";"Anne Ve Çocuklardan Oluşan Çekirdek Aile";"5";"Hanehalkı sayısı";"2015";"40715";"";"";"";"";""
"Türkiye";"Yıllık";"Adrese Dayalı Nüfus Kayıt Sistemi";"Anne Ve Çocuklardan Oluşan Çekirdek Aile";"5";"Hanehalkı sayısı";"2016";"43128";"";"";"";"";""
"Türkiye";"Yıllık";"Adrese Dayalı Nüfus Kayıt Sistemi";"Anne Ve Çocuklardan Oluşan Çekirdek Aile";"5";"Hanehalkı sayısı";"2017";"44636";"";"";"";"";""
"Türkiye";"Yıllık";"Adrese Dayalı Nüfus Kayıt Sistemi";"Anne Ve Çocuklardan Oluşan Çekirdek Aile";"5";"Hanehalkı sayısı";"2018";"47374";"";"";"";"";""
"Türkiye";"Yıllık";"Adrese Dayalı Nüfus Kayıt Sistemi";"Anne Ve Çocuklardan Oluşan Çekirdek Aile";"5";"Hanehalkı sayısı";"2019";"50191";"";"";"";"";""
"Türkiye";"Yıllık";"Adrese Dayalı Nüfus Kayıt Sistemi";"Anne Ve Çocuklardan Oluşan Çekirdek Aile";"5";"Hanehalkı sayısı";"2020";"54392";"";"";"";"";""
"Türkiye";"Yıllık";"Adrese Dayalı Nüfus Kayıt Sistemi";"Anne Ve Çocuklardan Oluşan Çekirdek Aile";"5";"Hanehalkı sayısı";"2021";"56905";"";"";"";"";""
"Türkiye";"Yıllık";"Adrese Dayalı Nüfus Kayıt Sistemi";"Anne Ve Çocuklardan Oluşan Çekirdek Aile";"5";"Hanehalkı sayısı";"2022";"59700";"";"";"";"";""
"Türkiye";"Yıllık";"Adrese Dayalı Nüfus Kayıt Sistemi";"Anne Ve Çocuklardan Oluşan Çekirdek Aile";"5";"Hanehalkı sayısı";"2023";"60719";"";"";"";"";""
"Türkiye";"Yıllık";"Adrese Dayalı Nüfus Kayıt Sistemi";"Anne Ve Çocuklardan Oluşan Çekirdek Aile";"5";"Hanehalkı sayısı";"2024";"62149";"";"";"";"";""
"Türkiye";"Yıllık";"Adrese Dayalı Nüfus Kayıt Sistemi";"Anne Ve Çocuklardan Oluşan Çekirdek Aile";"5";"Hanehalkı sayısı";"2025";"62247";"";"";"";"";""
"Türkiye";"Yıllık";"Adrese Dayalı Nüfus Kayıt Sistemi";"Anne Ve Çocuklardan Oluşan Çekirdek Aile";"6";"Hanehalkı sayısı";"2014";"14728";"";"";"";"";""
"Türkiye";"Yıllık";"Adrese Dayalı Nüfus Kayıt Sistemi";"Anne Ve Çocuklardan Oluşan Çekirdek Aile";"6";"Hanehalkı sayısı";"2015";"14842";"";"";"";"";""
"Türkiye";"Yıllık";"Adrese Dayalı Nüfus Kayıt Sistemi";"Anne Ve Çocuklardan Oluşan Çekirdek Aile";"6";"Hanehalkı sayısı";"2016";"15136";"";"";"";"";""
"Türkiye";"Yıllık";"Adrese Dayalı Nüfus Kayıt Sistemi";"Anne Ve Çocuklardan Oluşan Çekirdek Aile";"6";"Hanehalkı sayısı";"2017";"15371";"";"";"";"";""
"Türkiye";"Yıllık";"Adrese Dayalı Nüfus Kayıt Sistemi";"Anne Ve Çocuklardan Oluşan Çekirdek Aile";"6";"Hanehalkı sayısı";"2018";"15877";"";"";"";"";""
"Türkiye";"Yıllık";"Adrese Dayalı Nüfus Kayıt Sistemi";"Anne Ve Çocuklardan Oluşan Çekirdek Aile";"6";"Hanehalkı sayısı";"2019";"16515";"";"";"";"";""
"Türkiye";"Yıllık";"Adrese Dayalı Nüfus Kayıt Sistemi";"Anne Ve Çocuklardan Oluşan Çekirdek Aile";"6";"Hanehalkı sayısı";"2020";"17544";"";"";"";"";""
"Türkiye";"Yıllık";"Adrese Dayalı Nüfus Kayıt Sistemi";"Anne Ve Çocuklardan Oluşan Çekirdek Aile";"6";"Hanehalkı sayısı";"2021";"17863";"";"";"";"";""
"Türkiye";"Yıllık";"Adrese Dayalı Nüfus Kayıt Sistemi";"Anne Ve Çocuklardan Oluşan Çekirdek Aile";"6";"Hanehalkı sayısı";"2022";"18490";"";"";"";"";""
"Türkiye";"Yıllık";"Adrese Dayalı Nüfus Kayıt Sistemi";"Anne Ve Çocuklardan Oluşan Çekirdek Aile";"6";"Hanehalkı sayısı";"2023";"18371";"";"";"";"";""
"Türkiye";"Yıllık";"Adrese Dayalı Nüfus Kayıt Sistemi";"Anne Ve Çocuklardan Oluşan Çekirdek Aile";"6";"Hanehalkı sayısı";"2024";"18530";"";"";"";"";""
"Türkiye";"Yıllık";"Adrese Dayalı Nüfus Kayıt Sistemi";"Anne Ve Çocuklardan Oluşan Çekirdek Aile";"6";"Hanehalkı sayısı";"2025";"18459";"";"";"";"";""
"Türkiye";"Yıllık";"Adrese Dayalı Nüfus Kayıt Sistemi";"Anne Ve Çocuklardan Oluşan Çekirdek Aile";"7+";"Hanehalkı sayısı";"2014";"10688";"";"";"";"";""
"Türkiye";"Yıllık";"Adrese Dayalı Nüfus Kayıt Sistemi";"Anne Ve Çocuklardan Oluşan Çekirdek Aile";"7+";"Hanehalkı sayısı";"2015";"10703";"";"";"";"";""
"Türkiye";"Yıllık";"Adrese Dayalı Nüfus Kayıt Sistemi";"Anne Ve Çocuklardan Oluşan Çekirdek Aile";"7+";"Hanehalkı sayısı";"2016";"10619";"";"";"";"";""
"Türkiye";"Yıllık";"Adrese Dayalı Nüfus Kayıt Sistemi";"Anne Ve Çocuklardan Oluşan Çekirdek Aile";"7+";"Hanehalkı sayısı";"2017";"10517";"";"";"";"";""
"Türkiye";"Yıllık";"Adrese Dayalı Nüfus Kayıt Sistemi";"Anne Ve Çocuklardan Oluşan Çekirdek Aile";"7+";"Hanehalkı sayısı";"2018";"10712";"";"";"";"";""
"Türkiye";"Yıllık";"Adrese Dayalı Nüfus Kayıt Sistemi";"Anne Ve Çocuklardan Oluşan Çekirdek Aile";"7+";"Hanehalkı sayısı";"2019";"10839";"";"";"";"";""
"Türkiye";"Yıllık";"Adrese Dayalı Nüfus Kayıt Sistemi";"Anne Ve Çocuklardan Oluşan Çekirdek Aile";"7+";"Hanehalkı sayısı";"2020";"11246";"";"";"";"";""
"Türkiye";"Yıllık";"Adrese Dayalı Nüfus Kayıt Sistemi";"Anne Ve Çocuklardan Oluşan Çekirdek Aile";"7+";"Hanehalkı sayısı";"2021";"10843";"";"";"";"";""
"Türkiye";"Yıllık";"Adrese Dayalı Nüfus Kayıt Sistemi";"Anne Ve Çocuklardan Oluşan Çekirdek Aile";"7+";"Hanehalkı sayısı";"2022";"10792";"";"";"";"";""
"Türkiye";"Yıllık";"Adrese Dayalı Nüfus Kayıt Sistemi";"Anne Ve Çocuklardan Oluşan Çekirdek Aile";"7+";"Hanehalkı sayısı";"2023";"10310";"";"";"";"";""
"Türkiye";"Yıllık";"Adrese Dayalı Nüfus Kayıt Sistemi";"Anne Ve Çocuklardan Oluşan Çekirdek Aile";"7+";"Hanehalkı sayısı";"2024";"10048";"";"";"";"";""
"Türkiye";"Yıllık";"Adrese Dayalı Nüfus Kayıt Sistemi";"Anne Ve Çocuklardan Oluşan Çekirdek Aile";"7+";"Hanehalkı sayısı";"2025";"9783";"";"";"";"";""
"Türkiye";"Yıllık";"Adrese Dayalı Nüfus Kayıt Sistemi";"En Az Bir Çekirdek Aile Ve Diğer Kişilerden Oluşan Hanehalkı";"Toplam";"Hanehalkı sayısı";"2014";"3512384";"";"";"";"";""
"Türkiye";"Yıllık";"Adrese Dayalı Nüfus Kayıt Sistemi";"En Az Bir Çekirdek Aile Ve Diğer Kişilerden Oluşan Hanehalkı";"Toplam";"Hanehalkı sayısı";"2015";"3578540";"";"";"";"";""
"Türkiye";"Yıllık";"Adrese Dayalı Nüfus Kayıt Sistemi";"En Az Bir Çekirdek Aile Ve Diğer Kişilerden Oluşan Hanehalkı";"Toplam";"Hanehalkı sayısı";"2016";"3616624";"";"";"";"";""
"Türkiye";"Yıllık";"Adrese Dayalı Nüfus Kayıt Sistemi";"En Az Bir Çekirdek Aile Ve Diğer Kişilerden Oluşan Hanehalkı";"Toplam";"Hanehalkı sayısı";"2017";"3623935";"";"";"";"";""
"Türkiye";"Yıllık";"Adrese Dayalı Nüfus Kayıt Sistemi";"En Az Bir Çekirdek Aile Ve Diğer Kişilerden Oluşan Hanehalkı";"Toplam";"Hanehalkı sayısı";"2018";"3667806";"";"";"";"";""
"Türkiye";"Yıllık";"Adrese Dayalı Nüfus Kayıt Sistemi";"En Az Bir Çekirdek Aile Ve Diğer Kişilerden Oluşan Hanehalkı";"Toplam";"Hanehalkı sayısı";"2019";"3601444";"";"";"";"";""
"Türkiye";"Yıllık";"Adrese Dayalı Nüfus Kayıt Sistemi";"En Az Bir Çekirdek Aile Ve Diğer Kişilerden Oluşan Hanehalkı";"Toplam";"Hanehalkı sayısı";"2020";"3456651";"";"";"";"";""
"Türkiye";"Yıllık";"Adrese Dayalı Nüfus Kayıt Sistemi";"En Az Bir Çekirdek Aile Ve Diğer Kişilerden Oluşan Hanehalkı";"Toplam";"Hanehalkı sayısı";"2021";"3425631";"";"";"";"";""
"Türkiye";"Yıllık";"Adrese Dayalı Nüfus Kayıt Sistemi";"En Az Bir Çekirdek Aile Ve Diğer Kişilerden Oluşan Hanehalkı";"Toplam";"Hanehalkı sayısı";"2022";"3342280";"";"";"";"";""
"Türkiye";"Yıllık";"Adrese Dayalı Nüfus Kayıt Sistemi";"En Az Bir Çekirdek Aile Ve Diğer Kişilerden Oluşan Hanehalkı";"Toplam";"Hanehalkı sayısı";"2023";"3476510";"";"";"";"";""
"Türkiye";"Yıllık";"Adrese Dayalı Nüfus Kayıt Sistemi";"En Az Bir Çekirdek Aile Ve Diğer Kişilerden Oluşan Hanehalkı";"Toplam";"Hanehalkı sayısı";"2024";"3528657";"";"";"";"";""
"Türkiye";"Yıllık";"Adrese Dayalı Nüfus Kayıt Sistemi";"En Az Bir Çekirdek Aile Ve Diğer Kişilerden Oluşan Hanehalkı";"Toplam";"Hanehalkı sayısı";"2025";"3640617";"";"";"";"";""
"Türkiye";"Yıllık";"Adrese Dayalı Nüfus Kayıt Sistemi";"En Az Bir Çekirdek Aile Ve Diğer Kişilerden Oluşan Hanehalkı";"3";"Hanehalkı sayısı";"2014";"356219";"";"";"";"";""
"Türkiye";"Yıllık";"Adrese Dayalı Nüfus Kayıt Sistemi";"En Az Bir Çekirdek Aile Ve Diğer Kişilerden Oluşan Hanehalkı";"3";"Hanehalkı sayısı";"2015";"397548";"";"";"";"";""
"Türkiye";"Yıllık";"Adrese Dayalı Nüfus Kayıt Sistemi";"En Az Bir Çekirdek Aile Ve Diğer Kişilerden Oluşan Hanehalkı";"3";"Hanehalkı sayısı";"2016";"415749";"";"";"";"";""
"Türkiye";"Yıllık";"Adrese Dayalı Nüfus Kayıt Sistemi";"En Az Bir Çekirdek Aile Ve Diğer Kişilerden Oluşan Hanehalkı";"3";"Hanehalkı sayısı";"2017";"429994";"";"";"";"";""
"Türkiye";"Yıllık";"Adrese Dayalı Nüfus Kayıt Sistemi";"En Az Bir Çekirdek Aile Ve Diğer Kişilerden Oluşan Hanehalkı";"3";"Hanehalkı sayısı";"2018";"449601";"";"";"";"";""
"Türkiye";"Yıllık";"Adrese Dayalı Nüfus Kayıt Sistemi";"En Az Bir Çekirdek Aile Ve Diğer Kişilerden Oluşan Hanehalkı";"3";"Hanehalkı sayısı";"2019";"461097";"";"";"";"";""
"Türkiye";"Yıllık";"Adrese Dayalı Nüfus Kayıt Sistemi";"En Az Bir Çekirdek Aile Ve Diğer Kişilerden Oluşan Hanehalkı";"3";"Hanehalkı sayısı";"2020";"459161";"";"";"";"";""
"Türkiye";"Yıllık";"Adrese Dayalı Nüfus Kayıt Sistemi";"En Az Bir Çekirdek Aile Ve Diğer Kişilerden Oluşan Hanehalkı";"3";"Hanehalkı sayısı";"2021";"480253";"";"";"";"";""
"Türkiye";"Yıllık";"Adrese Dayalı Nüfus Kayıt Sistemi";"En Az Bir Çekirdek Aile Ve Diğer Kişilerden Oluşan Hanehalkı";"3";"Hanehalkı sayısı";"2022";"506049";"";"";"";"";""
"Türkiye";"Yıllık";"Adrese Dayalı Nüfus Kayıt Sistemi";"En Az Bir Çekirdek Aile Ve Diğer Kişilerden Oluşan Hanehalkı";"3";"Hanehalkı sayısı";"2023";"540070";"";"";"";"";""
"Türkiye";"Yıllık";"Adrese Dayalı Nüfus Kayıt Sistemi";"En Az Bir Çekirdek Aile Ve Diğer Kişilerden Oluşan Hanehalkı";"3";"Hanehalkı sayısı";"2024";"567961";"";"";"";"";""
"Türkiye";"Yıllık";"Adrese Dayalı Nüfus Kayıt Sistemi";"En Az Bir Çekirdek Aile Ve Diğer Kişilerden Oluşan Hanehalkı";"3";"Hanehalkı sayısı";"2025";"603977";"";"";"";"";""
"Türkiye";"Yıllık";"Adrese Dayalı Nüfus Kayıt Sistemi";"En Az Bir Çekirdek Aile Ve Diğer Kişilerden Oluşan Hanehalkı";"4";"Hanehalkı sayısı";"2014";"577479";"";"";"";"";""
"Türkiye";"Yıllık";"Adrese Dayalı Nüfus Kayıt Sistemi";"En Az Bir Çekirdek Aile Ve Diğer Kişilerden Oluşan Hanehalkı";"4";"Hanehalkı sayısı";"2015";"617382";"";"";"";"";""
"Türkiye";"Yıllık";"Adrese Dayalı Nüfus Kayıt Sistemi";"En Az Bir Çekirdek Aile Ve Diğer Kişilerden Oluşan Hanehalkı";"4";"Hanehalkı sayısı";"2016";"635658";"";"";"";"";""
"Türkiye";"Yıllık";"Adrese Dayalı Nüfus Kayıt Sistemi";"En Az Bir Çekirdek Aile Ve Diğer Kişilerden Oluşan Hanehalkı";"4";"Hanehalkı sayısı";"2017";"649813";"";"";"";"";""
"Türkiye";"Yıllık";"Adrese Dayalı Nüfus Kayıt Sistemi";"En Az Bir Çekirdek Aile Ve Diğer Kişilerden Oluşan Hanehalkı";"4";"Hanehalkı sayısı";"2018";"664400";"";"";"";"";""
"Türkiye";"Yıllık";"Adrese Dayalı Nüfus Kayıt Sistemi";"En Az Bir Çekirdek Aile Ve Diğer Kişilerden Oluşan Hanehalkı";"4";"Hanehalkı sayısı";"2019";"668476";"";"";"";"";""
"Türkiye";"Yıllık";"Adrese Dayalı Nüfus Kayıt Sistemi";"En Az Bir Çekirdek Aile Ve Diğer Kişilerden Oluşan Hanehalkı";"4";"Hanehalkı sayısı";"2020";"652860";"";"";"";"";""
"Türkiye";"Yıllık";"Adrese Dayalı Nüfus Kayıt Sistemi";"En Az Bir Çekirdek Aile Ve Diğer Kişilerden Oluşan Hanehalkı";"4";"Hanehalkı sayısı";"2021";"671860";"";"";"";"";""
"Türkiye";"Yıllık";"Adrese Dayalı Nüfus Kayıt Sistemi";"En Az Bir Çekirdek Aile Ve Diğer Kişilerden Oluşan Hanehalkı";"4";"Hanehalkı sayısı";"2022";"690338";"";"";"";"";""
"Türkiye";"Yıllık";"Adrese Dayalı Nüfus Kayıt Sistemi";"En Az Bir Çekirdek Aile Ve Diğer Kişilerden Oluşan Hanehalkı";"4";"Hanehalkı sayısı";"2023";"729695";"";"";"";"";""
"Türkiye";"Yıllık";"Adrese Dayalı Nüfus Kayıt Sistemi";"En Az Bir Çekirdek Aile Ve Diğer Kişilerden Oluşan Hanehalkı";"4";"Hanehalkı sayısı";"2024";"759937";"";"";"";"";""
"Türkiye";"Yıllık";"Adrese Dayalı Nüfus Kayıt Sistemi";"En Az Bir Çekirdek Aile Ve Diğer Kişilerden Oluşan Hanehalkı";"4";"Hanehalkı sayısı";"2025";"799450";"";"";"";"";""
"Türkiye";"Yıllık";"Adrese Dayalı Nüfus Kayıt Sistemi";"En Az Bir Çekirdek Aile Ve Diğer Kişilerden Oluşan Hanehalkı";"5";"Hanehalkı sayısı";"2014";"762722";"";"";"";"";""
"Türkiye";"Yıllık";"Adrese Dayalı Nüfus Kayıt Sistemi";"En Az Bir Çekirdek Aile Ve Diğer Kişilerden Oluşan Hanehalkı";"5";"Hanehalkı sayısı";"2015";"774616";"";"";"";"";""
"Türkiye";"Yıllık";"Adrese Dayalı Nüfus Kayıt Sistemi";"En Az Bir Çekirdek Aile Ve Diğer Kişilerden Oluşan Hanehalkı";"5";"Hanehalkı sayısı";"2016";"782664";"";"";"";"";""
"Türkiye";"Yıllık";"Adrese Dayalı Nüfus Kayıt Sistemi";"En Az Bir Çekirdek Aile Ve Diğer Kişilerden Oluşan Hanehalkı";"5";"Hanehalkı sayısı";"2017";"783927";"";"";"";"";""
"Türkiye";"Yıllık";"Adrese Dayalı Nüfus Kayıt Sistemi";"En Az Bir Çekirdek Aile Ve Diğer Kişilerden Oluşan Hanehalkı";"5";"Hanehalkı sayısı";"2018";"787653";"";"";"";"";""
"Türkiye";"Yıllık";"Adrese Dayalı Nüfus Kayıt Sistemi";"En Az Bir Çekirdek Aile Ve Diğer Kişilerden Oluşan Hanehalkı";"5";"Hanehalkı sayısı";"2019";"781787";"";"";"";"";""
"Türkiye";"Yıllık";"Adrese Dayalı Nüfus Kayıt Sistemi";"En Az Bir Çekirdek Aile Ve Diğer Kişilerden Oluşan Hanehalkı";"5";"Hanehalkı sayısı";"2020";"755684";"";"";"";"";""
"Türkiye";"Yıllık";"Adrese Dayalı Nüfus Kayıt Sistemi";"En Az Bir Çekirdek Aile Ve Diğer Kişilerden Oluşan Hanehalkı";"5";"Hanehalkı sayısı";"2021";"753870";"";"";"";"";""
"Türkiye";"Yıllık";"Adrese Dayalı Nüfus Kayıt Sistemi";"En Az Bir Çekirdek Aile Ve Diğer Kişilerden Oluşan Hanehalkı";"5";"Hanehalkı sayısı";"2022";"747860";"";"";"";"";""
"Türkiye";"Yıllık";"Adrese Dayalı Nüfus Kayıt Sistemi";"En Az Bir Çekirdek Aile Ve Diğer Kişilerden Oluşan Hanehalkı";"5";"Hanehalkı sayısı";"2023";"771079";"";"";"";"";""
"Türkiye";"Yıllık";"Adrese Dayalı Nüfus Kayıt Sistemi";"En Az Bir Çekirdek Aile Ve Diğer Kişilerden Oluşan Hanehalkı";"5";"Hanehalkı sayısı";"2024";"787845";"";"";"";"";""
"Türkiye";"Yıllık";"Adrese Dayalı Nüfus Kayıt Sistemi";"En Az Bir Çekirdek Aile Ve Diğer Kişilerden Oluşan Hanehalkı";"5";"Hanehalkı sayısı";"2025";"814128";"";"";"";"";""
"Türkiye";"Yıllık";"Adrese Dayalı Nüfus Kayıt Sistemi";"En Az Bir Çekirdek Aile Ve Diğer Kişilerden Oluşan Hanehalkı";"6";"Hanehalkı sayısı";"2014";"654816";"";"";"";"";""
"Türkiye";"Yıllık";"Adrese Dayalı Nüfus Kayıt Sistemi";"En Az Bir Çekirdek Aile Ve Diğer Kişilerden Oluşan Hanehalkı";"6";"Hanehalkı sayısı";"2015";"657268";"";"";"";"";""
"Türkiye";"Yıllık";"Adrese Dayalı Nüfus Kayıt Sistemi";"En Az Bir Çekirdek Aile Ve Diğer Kişilerden Oluşan Hanehalkı";"6";"Hanehalkı sayısı";"2016";"662187";"";"";"";"";""
"Türkiye";"Yıllık";"Adrese Dayalı Nüfus Kayıt Sistemi";"En Az Bir Çekirdek Aile Ve Diğer Kişilerden Oluşan Hanehalkı";"6";"Hanehalkı sayısı";"2017";"661904";"";"";"";"";""
"Türkiye";"Yıllık";"Adrese Dayalı Nüfus Kayıt Sistemi";"En Az Bir Çekirdek Aile Ve Diğer Kişilerden Oluşan Hanehalkı";"6";"Hanehalkı sayısı";"2018";"661405";"";"";"";"";""
"Türkiye";"Yıllık";"Adrese Dayalı Nüfus Kayıt Sistemi";"En Az Bir Çekirdek Aile Ve Diğer Kişilerden Oluşan Hanehalkı";"6";"Hanehalkı sayısı";"2019";"651234";"";"";"";"";""
"Türkiye";"Yıllık";"Adrese Dayalı Nüfus Kayıt Sistemi";"En Az Bir Çekirdek Aile Ve Diğer Kişilerden Oluşan Hanehalkı";"6";"Hanehalkı sayısı";"2020";"626797";"";"";"";"";""
"Türkiye";"Yıllık";"Adrese Dayalı Nüfus Kayıt Sistemi";"En Az Bir Çekirdek Aile Ve Diğer Kişilerden Oluşan Hanehalkı";"6";"Hanehalkı sayısı";"2021";"609370";"";"";"";"";""
"Türkiye";"Yıllık";"Adrese Dayalı Nüfus Kayıt Sistemi";"En Az Bir Çekirdek Aile Ve Diğer Kişilerden Oluşan Hanehalkı";"6";"Hanehalkı sayısı";"2022";"587799";"";"";"";"";""
"Türkiye";"Yıllık";"Adrese Dayalı Nüfus Kayıt Sistemi";"En Az Bir Çekirdek Aile Ve Diğer Kişilerden Oluşan Hanehalkı";"6";"Hanehalkı sayısı";"2023";"599664";"";"";"";"";""
"Türkiye";"Yıllık";"Adrese Dayalı Nüfus Kayıt Sistemi";"En Az Bir Çekirdek Aile Ve Diğer Kişilerden Oluşan Hanehalkı";"6";"Hanehalkı sayısı";"2024";"605705";"";"";"";"";""
"Türkiye";"Yıllık";"Adrese Dayalı Nüfus Kayıt Sistemi";"En Az Bir Çekirdek Aile Ve Diğer Kişilerden Oluşan Hanehalkı";"6";"Hanehalkı sayısı";"2025";"616548";"";"";"";"";""
"Türkiye";"Yıllık";"Adrese Dayalı Nüfus Kayıt Sistemi";"En Az Bir Çekirdek Aile Ve Diğer Kişilerden Oluşan Hanehalkı";"7+";"Hanehalkı sayısı";"2014";"1161148";"";"";"";"";""
"Türkiye";"Yıllık";"Adrese Dayalı Nüfus Kayıt Sistemi";"En Az Bir Çekirdek Aile Ve Diğer Kişilerden Oluşan Hanehalkı";"7+";"Hanehalkı sayısı";"2015";"1131726";"";"";"";"";""
"Türkiye";"Yıllık";"Adrese Dayalı Nüfus Kayıt Sistemi";"En Az Bir Çekirdek Aile Ve Diğer Kişilerden Oluşan Hanehalkı";"7+";"Hanehalkı sayısı";"2016";"1120366";"";"";"";"";""
"Türkiye";"Yıllık";"Adrese Dayalı Nüfus Kayıt Sistemi";"En Az Bir Çekirdek Aile Ve Diğer Kişilerden Oluşan Hanehalkı";"7+";"Hanehalkı sayısı";"2017";"1098297";"";"";"";"";""
"Türkiye";"Yıllık";"Adrese Dayalı Nüfus Kayıt Sistemi";"En Az Bir Çekirdek Aile Ve Diğer Kişilerden Oluşan Hanehalkı";"7+";"Hanehalkı sayısı";"2018";"1104747";"";"";"";"";""
"Türkiye";"Yıllık";"Adrese Dayalı Nüfus Kayıt Sistemi";"En Az Bir Çekirdek Aile Ve Diğer Kişilerden Oluşan Hanehalkı";"7+";"Hanehalkı sayısı";"2019";"1038850";"";"";"";"";""
"Türkiye";"Yıllık";"Adrese Dayalı Nüfus Kayıt Sistemi";"En Az Bir Çekirdek Aile Ve Diğer Kişilerden Oluşan Hanehalkı";"7+";"Hanehalkı sayısı";"2020";"962149";"";"";"";"";""
"Türkiye";"Yıllık";"Adrese Dayalı Nüfus Kayıt Sistemi";"En Az Bir Çekirdek Aile Ve Diğer Kişilerden Oluşan Hanehalkı";"7+";"Hanehalkı sayısı";"2021";"910278";"";"";"";"";""
"Türkiye";"Yıllık";"Adrese Dayalı Nüfus Kayıt Sistemi";"En Az Bir Çekirdek Aile Ve Diğer Kişilerden Oluşan Hanehalkı";"7+";"Hanehalkı sayısı";"2022";"810234";"";"";"";"";""
"Türkiye";"Yıllık";"Adrese Dayalı Nüfus Kayıt Sistemi";"En Az Bir Çekirdek Aile Ve Diğer Kişilerden Oluşan Hanehalkı";"7+";"Hanehalkı sayısı";"2023";"836002";"";"";"";"";""
"Türkiye";"Yıllık";"Adrese Dayalı Nüfus Kayıt Sistemi";"En Az Bir Çekirdek Aile Ve Diğer Kişilerden Oluşan Hanehalkı";"7+";"Hanehalkı sayısı";"2024";"807209";"";"";"";"";""
"Türkiye";"Yıllık";"Adrese Dayalı Nüfus Kayıt Sistemi";"En Az Bir Çekirdek Aile Ve Diğer Kişilerden Oluşan Hanehalkı";"7+";"Hanehalkı sayısı";"2025";"806514";"";"";"";"";""
"Türkiye";"Yıllık";"Adrese Dayalı Nüfus Kayıt Sistemi";"Çekirdek Aile Bulunmayan Birden Fazla Kişiden Oluşan Hanehalkı";"Toplam";"Hanehalkı sayısı";"2014";"435117";"";"";"";"";""
"Türkiye";"Yıllık";"Adrese Dayalı Nüfus Kayıt Sistemi";"Çekirdek Aile Bulunmayan Birden Fazla Kişiden Oluşan Hanehalkı";"Toplam";"Hanehalkı sayısı";"2015";"472685";"";"";"";"";""
"Türkiye";"Yıllık";"Adrese Dayalı Nüfus Kayıt Sistemi";"Çekirdek Aile Bulunmayan Birden Fazla Kişiden Oluşan Hanehalkı";"Toplam";"Hanehalkı sayısı";"2016";"534864";"";"";"";"";""
"Türkiye";"Yıllık";"Adrese Dayalı Nüfus Kayıt Sistemi";"Çekirdek Aile Bulunmayan Birden Fazla Kişiden Oluşan Hanehalkı";"Toplam";"Hanehalkı sayısı";"2017";"567540";"";"";"";"";""
"Türkiye";"Yıllık";"Adrese Dayalı Nüfus Kayıt Sistemi";"Çekirdek Aile Bulunmayan Birden Fazla Kişiden Oluşan Hanehalkı";"Toplam";"Hanehalkı sayısı";"2018";"648910";"";"";"";"";""
"Türkiye";"Yıllık";"Adrese Dayalı Nüfus Kayıt Sistemi";"Çekirdek Aile Bulunmayan Birden Fazla Kişiden Oluşan Hanehalkı";"Toplam";"Hanehalkı sayısı";"2019";"714618";"";"";"";"";""
"Türkiye";"Yıllık";"Adrese Dayalı Nüfus Kayıt Sistemi";"Çekirdek Aile Bulunmayan Birden Fazla Kişiden Oluşan Hanehalkı";"Toplam";"Hanehalkı sayısı";"2020";"691994";"";"";"";"";""
"Türkiye";"Yıllık";"Adrese Dayalı Nüfus Kayıt Sistemi";"Çekirdek Aile Bulunmayan Birden Fazla Kişiden Oluşan Hanehalkı";"Toplam";"Hanehalkı sayısı";"2021";"798990";"";"";"";"";""
"Türkiye";"Yıllık";"Adrese Dayalı Nüfus Kayıt Sistemi";"Çekirdek Aile Bulunmayan Birden Fazla Kişiden Oluşan Hanehalkı";"Toplam";"Hanehalkı sayısı";"2022";"849466";"";"";"";"";""
"Türkiye";"Yıllık";"Adrese Dayalı Nüfus Kayıt Sistemi";"Çekirdek Aile Bulunmayan Birden Fazla Kişiden Oluşan Hanehalkı";"Toplam";"Hanehalkı sayısı";"2023";"860757";"";"";"";"";""
"Türkiye";"Yıllık";"Adrese Dayalı Nüfus Kayıt Sistemi";"Çekirdek Aile Bulunmayan Birden Fazla Kişiden Oluşan Hanehalkı";"Toplam";"Hanehalkı sayısı";"2024";"857575";"";"";"";"";""
"Türkiye";"Yıllık";"Adrese Dayalı Nüfus Kayıt Sistemi";"Çekirdek Aile Bulunmayan Birden Fazla Kişiden Oluşan Hanehalkı";"Toplam";"Hanehalkı sayısı";"2025";"885831";"";"";"";"";""
"Türkiye";"Yıllık";"Adrese Dayalı Nüfus Kayıt Sistemi";"Çekirdek Aile Bulunmayan Birden Fazla Kişiden Oluşan Hanehalkı";"2";"Hanehalkı sayısı";"2014";"333361";"";"";"";"";""
"Türkiye";"Yıllık";"Adrese Dayalı Nüfus Kayıt Sistemi";"Çekirdek Aile Bulunmayan Birden Fazla Kişiden Oluşan Hanehalkı";"2";"Hanehalkı sayısı";"2015";"354343";"";"";"";"";""
"Türkiye";"Yıllık";"Adrese Dayalı Nüfus Kayıt Sistemi";"Çekirdek Aile Bulunmayan Birden Fazla Kişiden Oluşan Hanehalkı";"2";"Hanehalkı sayısı";"2016";"383885";"";"";"";"";""
"Türkiye";"Yıllık";"Adrese Dayalı Nüfus Kayıt Sistemi";"Çekirdek Aile Bulunmayan Birden Fazla Kişiden Oluşan Hanehalkı";"2";"Hanehalkı sayısı";"2017";"401263";"";"";"";"";""
"Türkiye";"Yıllık";"Adrese Dayalı Nüfus Kayıt Sistemi";"Çekirdek Aile Bulunmayan Birden Fazla Kişiden Oluşan Hanehalkı";"2";"Hanehalkı sayısı";"2018";"441091";"";"";"";"";""
"Türkiye";"Yıllık";"Adrese Dayalı Nüfus Kayıt Sistemi";"Çekirdek Aile Bulunmayan Birden Fazla Kişiden Oluşan Hanehalkı";"2";"Hanehalkı sayısı";"2019";"478489";"";"";"";"";""
"Türkiye";"Yıllık";"Adrese Dayalı Nüfus Kayıt Sistemi";"Çekirdek Aile Bulunmayan Birden Fazla Kişiden Oluşan Hanehalkı";"2";"Hanehalkı sayısı";"2020";"481517";"";"";"";"";""
"Türkiye";"Yıllık";"Adrese Dayalı Nüfus Kayıt Sistemi";"Çekirdek Aile Bulunmayan Birden Fazla Kişiden Oluşan Hanehalkı";"2";"Hanehalkı sayısı";"2021";"533363";"";"";"";"";""
"Türkiye";"Yıllık";"Adrese Dayalı Nüfus Kayıt Sistemi";"Çekirdek Aile Bulunmayan Birden Fazla Kişiden Oluşan Hanehalkı";"2";"Hanehalkı sayısı";"2022";"575899";"";"";"";"";""
"Türkiye";"Yıllık";"Adrese Dayalı Nüfus Kayıt Sistemi";"Çekirdek Aile Bulunmayan Birden Fazla Kişiden Oluşan Hanehalkı";"2";"Hanehalkı sayısı";"2023";"607668";"";"";"";"";""
"Türkiye";"Yıllık";"Adrese Dayalı Nüfus Kayıt Sistemi";"Çekirdek Aile Bulunmayan Birden Fazla Kişiden Oluşan Hanehalkı";"2";"Hanehalkı sayısı";"2024";"620222";"";"";"";"";""
"Türkiye";"Yıllık";"Adrese Dayalı Nüfus Kayıt Sistemi";"Çekirdek Aile Bulunmayan Birden Fazla Kişiden Oluşan Hanehalkı";"2";"Hanehalkı sayısı";"2025";"650562";"";"";"";"";""
"Türkiye";"Yıllık";"Adrese Dayalı Nüfus Kayıt Sistemi";"Çekirdek Aile Bulunmayan Birden Fazla Kişiden Oluşan Hanehalkı";"3";"Hanehalkı sayısı";"2014";"63472";"";"";"";"";""
"Türkiye";"Yıllık";"Adrese Dayalı Nüfus Kayıt Sistemi";"Çekirdek Aile Bulunmayan Birden Fazla Kişiden Oluşan Hanehalkı";"3";"Hanehalkı sayısı";"2015";"69567";"";"";"";"";""
"Türkiye";"Yıllık";"Adrese Dayalı Nüfus Kayıt Sistemi";"Çekirdek Aile Bulunmayan Birden Fazla Kişiden Oluşan Hanehalkı";"3";"Hanehalkı sayısı";"2016";"79896";"";"";"";"";""
"Türkiye";"Yıllık";"Adrese Dayalı Nüfus Kayıt Sistemi";"Çekirdek Aile Bulunmayan Birden Fazla Kişiden Oluşan Hanehalkı";"3";"Hanehalkı sayısı";"2017";"84585";"";"";"";"";""
"Türkiye";"Yıllık";"Adrese Dayalı Nüfus Kayıt Sistemi";"Çekirdek Aile Bulunmayan Birden Fazla Kişiden Oluşan Hanehalkı";"3";"Hanehalkı sayısı";"2018";"97708";"";"";"";"";""
"Türkiye";"Yıllık";"Adrese Dayalı Nüfus Kayıt Sistemi";"Çekirdek Aile Bulunmayan Birden Fazla Kişiden Oluşan Hanehalkı";"3";"Hanehalkı sayısı";"2019";"108025";"";"";"";"";""
"Türkiye";"Yıllık";"Adrese Dayalı Nüfus Kayıt Sistemi";"Çekirdek Aile Bulunmayan Birden Fazla Kişiden Oluşan Hanehalkı";"3";"Hanehalkı sayısı";"2020";"100852";"";"";"";"";""
"Türkiye";"Yıllık";"Adrese Dayalı Nüfus Kayıt Sistemi";"Çekirdek Aile Bulunmayan Birden Fazla Kişiden Oluşan Hanehalkı";"3";"Hanehalkı sayısı";"2021";"122060";"";"";"";"";""
"Türkiye";"Yıllık";"Adrese Dayalı Nüfus Kayıt Sistemi";"Çekirdek Aile Bulunmayan Birden Fazla Kişiden Oluşan Hanehalkı";"3";"Hanehalkı sayısı";"2022";"131312";"";"";"";"";""
"Türkiye";"Yıllık";"Adrese Dayalı Nüfus Kayıt Sistemi";"Çekirdek Aile Bulunmayan Birden Fazla Kişiden Oluşan Hanehalkı";"3";"Hanehalkı sayısı";"2023";"130320";"";"";"";"";""
"Türkiye";"Yıllık";"Adrese Dayalı Nüfus Kayıt Sistemi";"Çekirdek Aile Bulunmayan Birden Fazla Kişiden Oluşan Hanehalkı";"3";"Hanehalkı sayısı";"2024";"127497";"";"";"";"";""
"Türkiye";"Yıllık";"Adrese Dayalı Nüfus Kayıt Sistemi";"Çekirdek Aile Bulunmayan Birden Fazla Kişiden Oluşan Hanehalkı";"3";"Hanehalkı sayısı";"2025";"129108";"";"";"";"";""
"Türkiye";"Yıllık";"Adrese Dayalı Nüfus Kayıt Sistemi";"Çekirdek Aile Bulunmayan Birden Fazla Kişiden Oluşan Hanehalkı";"4";"Hanehalkı sayısı";"2014";"20446";"";"";"";"";""
"Türkiye";"Yıllık";"Adrese Dayalı Nüfus Kayıt Sistemi";"Çekirdek Aile Bulunmayan Birden Fazla Kişiden Oluşan Hanehalkı";"4";"Hanehalkı sayısı";"2015";"24232";"";"";"";"";""
"Türkiye";"Yıllık";"Adrese Dayalı Nüfus Kayıt Sistemi";"Çekirdek Aile Bulunmayan Birden Fazla Kişiden Oluşan Hanehalkı";"4";"Hanehalkı sayısı";"2016";"31018";"";"";"";"";""
"Türkiye";"Yıllık";"Adrese Dayalı Nüfus Kayıt Sistemi";"Çekirdek Aile Bulunmayan Birden Fazla Kişiden Oluşan Hanehalkı";"4";"Hanehalkı sayısı";"2017";"33096";"";"";"";"";""
"Türkiye";"Yıllık";"Adrese Dayalı Nüfus Kayıt Sistemi";"Çekirdek Aile Bulunmayan Birden Fazla Kişiden Oluşan Hanehalkı";"4";"Hanehalkı sayısı";"2018";"40929";"";"";"";"";""
"Türkiye";"Yıllık";"Adrese Dayalı Nüfus Kayıt Sistemi";"Çekirdek Aile Bulunmayan Birden Fazla Kişiden Oluşan Hanehalkı";"4";"Hanehalkı sayısı";"2019";"47172";"";"";"";"";""
"Türkiye";"Yıllık";"Adrese Dayalı Nüfus Kayıt Sistemi";"Çekirdek Aile Bulunmayan Birden Fazla Kişiden Oluşan Hanehalkı";"4";"Hanehalkı sayısı";"2020";"42107";"";"";"";"";""
"Türkiye";"Yıllık";"Adrese Dayalı Nüfus Kayıt Sistemi";"Çekirdek Aile Bulunmayan Birden Fazla Kişiden Oluşan Hanehalkı";"4";"Hanehalkı sayısı";"2021";"54849";"";"";"";"";""
"Türkiye";"Yıllık";"Adrese Dayalı Nüfus Kayıt Sistemi";"Çekirdek Aile Bulunmayan Birden Fazla Kişiden Oluşan Hanehalkı";"4";"Hanehalkı sayısı";"2022";"58863";"";"";"";"";""
"Türkiye";"Yıllık";"Adrese Dayalı Nüfus Kayıt Sistemi";"Çekirdek Aile Bulunmayan Birden Fazla Kişiden Oluşan Hanehalkı";"4";"Hanehalkı sayısı";"2023";"53654";"";"";"";"";""
"Türkiye";"Yıllık";"Adrese Dayalı Nüfus Kayıt Sistemi";"Çekirdek Aile Bulunmayan Birden Fazla Kişiden Oluşan Hanehalkı";"4";"Hanehalkı sayısı";"2024";"49837";"";"";"";"";""
"Türkiye";"Yıllık";"Adrese Dayalı Nüfus Kayıt Sistemi";"Çekirdek Aile Bulunmayan Birden Fazla Kişiden Oluşan Hanehalkı";"4";"Hanehalkı sayısı";"2025";"49121";"";"";"";"";""
"Türkiye";"Yıllık";"Adrese Dayalı Nüfus Kayıt Sistemi";"Çekirdek Aile Bulunmayan Birden Fazla Kişiden Oluşan Hanehalkı";"5";"Hanehalkı sayısı";"2014";"8613";"";"";"";"";""
"Türkiye";"Yıllık";"Adrese Dayalı Nüfus Kayıt Sistemi";"Çekirdek Aile Bulunmayan Birden Fazla Kişiden Oluşan Hanehalkı";"5";"Hanehalkı sayısı";"2015";"11151";"";"";"";"";""
"Türkiye";"Yıllık";"Adrese Dayalı Nüfus Kayıt Sistemi";"Çekirdek Aile Bulunmayan Birden Fazla Kişiden Oluşan Hanehalkı";"5";"Hanehalkı sayısı";"2016";"16204";"";"";"";"";""
"Türkiye";"Yıllık";"Adrese Dayalı Nüfus Kayıt Sistemi";"Çekirdek Aile Bulunmayan Birden Fazla Kişiden Oluşan Hanehalkı";"5";"Hanehalkı sayısı";"2017";"18133";"";"";"";"";""
"Türkiye";"Yıllık";"Adrese Dayalı Nüfus Kayıt Sistemi";"Çekirdek Aile Bulunmayan Birden Fazla Kişiden Oluşan Hanehalkı";"5";"Hanehalkı sayısı";"2018";"24606";"";"";"";"";""
"Türkiye";"Yıllık";"Adrese Dayalı Nüfus Kayıt Sistemi";"Çekirdek Aile Bulunmayan Birden Fazla Kişiden Oluşan Hanehalkı";"5";"Hanehalkı sayısı";"2019";"29189";"";"";"";"";""
"Türkiye";"Yıllık";"Adrese Dayalı Nüfus Kayıt Sistemi";"Çekirdek Aile Bulunmayan Birden Fazla Kişiden Oluşan Hanehalkı";"5";"Hanehalkı sayısı";"2020";"26066";"";"";"";"";""
"Türkiye";"Yıllık";"Adrese Dayalı Nüfus Kayıt Sistemi";"Çekirdek Aile Bulunmayan Birden Fazla Kişiden Oluşan Hanehalkı";"5";"Hanehalkı sayısı";"2021";"34134";"";"";"";"";""
"Türkiye";"Yıllık";"Adrese Dayalı Nüfus Kayıt Sistemi";"Çekirdek Aile Bulunmayan Birden Fazla Kişiden Oluşan Hanehalkı";"5";"Hanehalkı sayısı";"2022";"34618";"";"";"";"";""
"Türkiye";"Yıllık";"Adrese Dayalı Nüfus Kayıt Sistemi";"Çekirdek Aile Bulunmayan Birden Fazla Kişiden Oluşan Hanehalkı";"5";"Hanehalkı sayısı";"2023";"29412";"";"";"";"";""
"Türkiye";"Yıllık";"Adrese Dayalı Nüfus Kayıt Sistemi";"Çekirdek Aile Bulunmayan Birden Fazla Kişiden Oluşan Hanehalkı";"5";"Hanehalkı sayısı";"2024";"26016";"";"";"";"";""
"Türkiye";"Yıllık";"Adrese Dayalı Nüfus Kayıt Sistemi";"Çekirdek Aile Bulunmayan Birden Fazla Kişiden Oluşan Hanehalkı";"5";"Hanehalkı sayısı";"2025";"24712";"";"";"";"";""
"Türkiye";"Yıllık";"Adrese Dayalı Nüfus Kayıt Sistemi";"Çekirdek Aile Bulunmayan Birden Fazla Kişiden Oluşan Hanehalkı";"6";"Hanehalkı sayısı";"2014";"4209";"";"";"";"";""
"Türkiye";"Yıllık";"Adrese Dayalı Nüfus Kayıt Sistemi";"Çekirdek Aile Bulunmayan Birden Fazla Kişiden Oluşan Hanehalkı";"6";"Hanehalkı sayısı";"2015";"5867";"";"";"";"";""
"Türkiye";"Yıllık";"Adrese Dayalı Nüfus Kayıt Sistemi";"Çekirdek Aile Bulunmayan Birden Fazla Kişiden Oluşan Hanehalkı";"6";"Hanehalkı sayısı";"2016";"9548";"";"";"";"";""
"Türkiye";"Yıllık";"Adrese Dayalı Nüfus Kayıt Sistemi";"Çekirdek Aile Bulunmayan Birden Fazla Kişiden Oluşan Hanehalkı";"6";"Hanehalkı sayısı";"2017";"11110";"";"";"";"";""
"Türkiye";"Yıllık";"Adrese Dayalı Nüfus Kayıt Sistemi";"Çekirdek Aile Bulunmayan Birden Fazla Kişiden Oluşan Hanehalkı";"6";"Hanehalkı sayısı";"2018";"15516";"";"";"";"";""
"Türkiye";"Yıllık";"Adrese Dayalı Nüfus Kayıt Sistemi";"Çekirdek Aile Bulunmayan Birden Fazla Kişiden Oluşan Hanehalkı";"6";"Hanehalkı sayısı";"2019";"18427";"";"";"";"";""
"Türkiye";"Yıllık";"Adrese Dayalı Nüfus Kayıt Sistemi";"Çekirdek Aile Bulunmayan Birden Fazla Kişiden Oluşan Hanehalkı";"6";"Hanehalkı sayısı";"2020";"15960";"";"";"";"";""
"Türkiye";"Yıllık";"Adrese Dayalı Nüfus Kayıt Sistemi";"Çekirdek Aile Bulunmayan Birden Fazla Kişiden Oluşan Hanehalkı";"6";"Hanehalkı sayısı";"2021";"21369";"";"";"";"";""
"Türkiye";"Yıllık";"Adrese Dayalı Nüfus Kayıt Sistemi";"Çekirdek Aile Bulunmayan Birden Fazla Kişiden Oluşan Hanehalkı";"6";"Hanehalkı sayısı";"2022";"21036";"";"";"";"";""
"Türkiye";"Yıllık";"Adrese Dayalı Nüfus Kayıt Sistemi";"Çekirdek Aile Bulunmayan Birden Fazla Kişiden Oluşan Hanehalkı";"6";"Hanehalkı sayısı";"2023";"17687";"";"";"";"";""
"Türkiye";"Yıllık";"Adrese Dayalı Nüfus Kayıt Sistemi";"Çekirdek Aile Bulunmayan Birden Fazla Kişiden Oluşan Hanehalkı";"6";"Hanehalkı sayısı";"2024";"15197";"";"";"";"";""
"Türkiye";"Yıllık";"Adrese Dayalı Nüfus Kayıt Sistemi";"Çekirdek Aile Bulunmayan Birden Fazla Kişiden Oluşan Hanehalkı";"6";"Hanehalkı sayısı";"2025";"14391";"";"";"";"";""
"Türkiye";"Yıllık";"Adrese Dayalı Nüfus Kayıt Sistemi";"Çekirdek Aile Bulunmayan Birden Fazla Kişiden Oluşan Hanehalkı";"7+";"Hanehalkı sayısı";"2014";"5016";"";"";"";"";""
"Türkiye";"Yıllık";"Adrese Dayalı Nüfus Kayıt Sistemi";"Çekirdek Aile Bulunmayan Birden Fazla Kişiden Oluşan Hanehalkı";"7+";"Hanehalkı sayısı";"2015";"7525";"";"";"";"";""
"Türkiye";"Yıllık";"Adrese Dayalı Nüfus Kayıt Sistemi";"Çekirdek Aile Bulunmayan Birden Fazla Kişiden Oluşan Hanehalkı";"7+";"Hanehalkı sayısı";"2016";"14313";"";"";"";"";""
"Türkiye";"Yıllık";"Adrese Dayalı Nüfus Kayıt Sistemi";"Çekirdek Aile Bulunmayan Birden Fazla Kişiden Oluşan Hanehalkı";"7+";"Hanehalkı sayısı";"2017";"19353";"";"";"";"";""
"Türkiye";"Yıllık";"Adrese Dayalı Nüfus Kayıt Sistemi";"Çekirdek Aile Bulunmayan Birden Fazla Kişiden Oluşan Hanehalkı";"7+";"Hanehalkı sayısı";"2018";"29060";"";"";"";"";""
"Türkiye";"Yıllık";"Adrese Dayalı Nüfus Kayıt Sistemi";"Çekirdek Aile Bulunmayan Birden Fazla Kişiden Oluşan Hanehalkı";"7+";"Hanehalkı sayısı";"2019";"33316";"";"";"";"";""
"Türkiye";"Yıllık";"Adrese Dayalı Nüfus Kayıt Sistemi";"Çekirdek Aile Bulunmayan Birden Fazla Kişiden Oluşan Hanehalkı";"7+";"Hanehalkı sayısı";"2020";"25492";"";"";"";"";""
"Türkiye";"Yıllık";"Adrese Dayalı Nüfus Kayıt Sistemi";"Çekirdek Aile Bulunmayan Birden Fazla Kişiden Oluşan Hanehalkı";"7+";"Hanehalkı sayısı";"2021";"33215";"";"";"";"";""
"Türkiye";"Yıllık";"Adrese Dayalı Nüfus Kayıt Sistemi";"Çekirdek Aile Bulunmayan Birden Fazla Kişiden Oluşan Hanehalkı";"7+";"Hanehalkı sayısı";"2022";"27738";"";"";"";"";""
"Türkiye";"Yıllık";"Adrese Dayalı Nüfus Kayıt Sistemi";"Çekirdek Aile Bulunmayan Birden Fazla Kişiden Oluşan Hanehalkı";"7+";"Hanehalkı sayısı";"2023";"22016";"";"";"";"";""
"Türkiye";"Yıllık";"Adrese Dayalı Nüfus Kayıt Sistemi";"Çekirdek Aile Bulunmayan Birden Fazla Kişiden Oluşan Hanehalkı";"7+";"Hanehalkı sayısı";"2024";"18806";"";"";"";"";""
"Türkiye";"Yıllık";"Adrese Dayalı Nüfus Kayıt Sistemi";"Çekirdek Aile Bulunmayan Birden Fazla Kişiden Oluşan Hanehalkı";"7+";"Hanehalkı sayısı";"2025";"17937";"";"";"";"";""
"Türkiye";"Yıllık";"Adrese Dayalı Nüfus Kayıt Sistemi";"Toplam";"Toplam";"Hanehalkı sayısı";"2014";"21091075";"";"";"";"";""
"Türkiye";"Yıllık";"Adrese Dayalı Nüfus Kayıt Sistemi";"Toplam";"Toplam";"Hanehalkı sayısı";"2015";"21662260";"";"";"";"";""
"Türkiye";"Yıllık";"Adrese Dayalı Nüfus Kayıt Sistemi";"Toplam";"Toplam";"Hanehalkı sayısı";"2016";"22206776";"";"";"";"";""
"Türkiye";"Yıllık";"Adrese Dayalı Nüfus Kayıt Sistemi";"Toplam";"Toplam";"Hanehalkı sayısı";"2017";"22676186";"";"";"";"";""
"Türkiye";"Yıllık";"Adrese Dayalı Nüfus Kayıt Sistemi";"Toplam";"Toplam";"Hanehalkı sayısı";"2018";"23221218";"";"";"";"";""
"Türkiye";"Yıllık";"Adrese Dayalı Nüfus Kayıt Sistemi";"Toplam";"Toplam";"Hanehalkı sayısı";"2019";"24001940";"";"";"";"";""
"Türkiye";"Yıllık";"Adrese Dayalı Nüfus Kayıt Sistemi";"Toplam";"Toplam";"Hanehalkı sayısı";"2020";"24604086";"";"";"";"";""
"Türkiye";"Yıllık";"Adrese Dayalı Nüfus Kayıt Sistemi";"Toplam";"Toplam";"Hanehalkı sayısı";"2021";"25329833";"";"";"";"";""
"Türkiye";"Yıllık";"Adrese Dayalı Nüfus Kayıt Sistemi";"Toplam";"Toplam";"Hanehalkı sayısı";"2022";"26075365";"";"";"";"";""
"Türkiye";"Yıllık";"Adrese Dayalı Nüfus Kayıt Sistemi";"Toplam";"Toplam";"Hanehalkı sayısı";"2023";"26309332";"";"";"";"";""
"Türkiye";"Yıllık";"Adrese Dayalı Nüfus Kayıt Sistemi";"Toplam";"Toplam";"Hanehalkı sayısı";"2024";"26599261";"";"";"";"";""
"Türkiye";"Yıllık";"Adrese Dayalı Nüfus Kayıt Sistemi";"Toplam";"Toplam";"Hanehalkı sayısı";"2025";"26977795";"";"";"";"";""
"Türkiye";"Yıllık";"Adrese Dayalı Nüfus Kayıt Sistemi";"Toplam";"1";"Hanehalkı sayısı";"2014";"2931085";"";"";"";"";""
"Türkiye";"Yıllık";"Adrese Dayalı Nüfus Kayıt Sistemi";"Toplam";"1";"Hanehalkı sayısı";"2015";"3113496";"";"";"";"";""
"Türkiye";"Yıllık";"Adrese Dayalı Nüfus Kayıt Sistemi";"Toplam";"1";"Hanehalkı sayısı";"2016";"3316894";"";"";"";"";""
"Türkiye";"Yıllık";"Adrese Dayalı Nüfus Kayıt Sistemi";"Toplam";"1";"Hanehalkı sayısı";"2017";"3491148";"";"";"";"";""
"Türkiye";"Yıllık";"Adrese Dayalı Nüfus Kayıt Sistemi";"Toplam";"1";"Hanehalkı sayısı";"2018";"3730505";"";"";"";"";""
"Türkiye";"Yıllık";"Adrese Dayalı Nüfus Kayıt Sistemi";"Toplam";"1";"Hanehalkı sayısı";"2019";"4062576";"";"";"";"";""
"Türkiye";"Yıllık";"Adrese Dayalı Nüfus Kayıt Sistemi";"Toplam";"1";"Hanehalkı sayısı";"2020";"4404997";"";"";"";"";""
"Türkiye";"Yıllık";"Adrese Dayalı Nüfus Kayıt Sistemi";"Toplam";"1";"Hanehalkı sayısı";"2021";"4781600";"";"";"";"";""
"Türkiye";"Yıllık";"Adrese Dayalı Nüfus Kayıt Sistemi";"Toplam";"1";"Hanehalkı sayısı";"2022";"5067331";"";"";"";"";""
"Türkiye";"Yıllık";"Adrese Dayalı Nüfus Kayıt Sistemi";"Toplam";"1";"Hanehalkı sayısı";"2023";"5192825";"";"";"";"";""
"Türkiye";"Yıllık";"Adrese Dayalı Nüfus Kayıt Sistemi";"Toplam";"1";"Hanehalkı sayısı";"2024";"5321540";"";"";"";"";""
"Türkiye";"Yıllık";"Adrese Dayalı Nüfus Kayıt Sistemi";"Toplam";"1";"Hanehalkı sayısı";"2025";"5523321";"";"";"";"";""
"Türkiye";"Yıllık";"Adrese Dayalı Nüfus Kayıt Sistemi";"Toplam";"2";"Hanehalkı sayısı";"2014";"4225605";"";"";"";"";""
"Türkiye";"Yıllık";"Adrese Dayalı Nüfus Kayıt Sistemi";"Toplam";"2";"Hanehalkı sayısı";"2015";"4429729";"";"";"";"";""
"Türkiye";"Yıllık";"Adrese Dayalı Nüfus Kayıt Sistemi";"Toplam";"2";"Hanehalkı sayısı";"2016";"4584182";"";"";"";"";""
"Türkiye";"Yıllık";"Adrese Dayalı Nüfus Kayıt Sistemi";"Toplam";"2";"Hanehalkı sayısı";"2017";"4734931";"";"";"";"";""
"Türkiye";"Yıllık";"Adrese Dayalı Nüfus Kayıt Sistemi";"Toplam";"2";"Hanehalkı sayısı";"2018";"4908529";"";"";"";"";""
"Türkiye";"Yıllık";"Adrese Dayalı Nüfus Kayıt Sistemi";"Toplam";"2";"Hanehalkı sayısı";"2019";"5101054";"";"";"";"";""
"Türkiye";"Yıllık";"Adrese Dayalı Nüfus Kayıt Sistemi";"Toplam";"2";"Hanehalkı sayısı";"2020";"5186868";"";"";"";"";""
"Türkiye";"Yıllık";"Adrese Dayalı Nüfus Kayıt Sistemi";"Toplam";"2";"Hanehalkı sayısı";"2021";"5447412";"";"";"";"";""
"Türkiye";"Yıllık";"Adrese Dayalı Nüfus Kayıt Sistemi";"Toplam";"2";"Hanehalkı sayısı";"2022";"5755034";"";"";"";"";""
"Türkiye";"Yıllık";"Adrese Dayalı Nüfus Kayıt Sistemi";"Toplam";"2";"Hanehalkı sayısı";"2023";"5919212";"";"";"";"";""
"Türkiye";"Yıllık";"Adrese Dayalı Nüfus Kayıt Sistemi";"Toplam";"2";"Hanehalkı sayısı";"2024";"6058135";"";"";"";"";""
"Türkiye";"Yıllık";"Adrese Dayalı Nüfus Kayıt Sistemi";"Toplam";"2";"Hanehalkı sayısı";"2025";"6233951";"";"";"";"";""
"Türkiye";"Yıllık";"Adrese Dayalı Nüfus Kayıt Sistemi";"Toplam";"3";"Hanehalkı sayısı";"2014";"4192127";"";"";"";"";""
"Türkiye";"Yıllık";"Adrese Dayalı Nüfus Kayıt Sistemi";"Toplam";"3";"Hanehalkı sayısı";"2015";"4326065";"";"";"";"";""
"Türkiye";"Yıllık";"Adrese Dayalı Nüfus Kayıt Sistemi";"Toplam";"3";"Hanehalkı sayısı";"2016";"4431500";"";"";"";"";""
"Türkiye";"Yıllık";"Adrese Dayalı Nüfus Kayıt Sistemi";"Toplam";"3";"Hanehalkı sayısı";"2017";"4541246";"";"";"";"";""
"Türkiye";"Yıllık";"Adrese Dayalı Nüfus Kayıt Sistemi";"Toplam";"3";"Hanehalkı sayısı";"2018";"4631118";"";"";"";"";""
"Türkiye";"Yıllık";"Adrese Dayalı Nüfus Kayıt Sistemi";"Toplam";"3";"Hanehalkı sayısı";"2019";"4771081";"";"";"";"";""
"Türkiye";"Yıllık";"Adrese Dayalı Nüfus Kayıt Sistemi";"Toplam";"3";"Hanehalkı sayısı";"2020";"4821683";"";"";"";"";""
"Türkiye";"Yıllık";"Adrese Dayalı Nüfus Kayıt Sistemi";"Toplam";"3";"Hanehalkı sayısı";"2021";"4999806";"";"";"";"";""
"Türkiye";"Yıllık";"Adrese Dayalı Nüfus Kayıt Sistemi";"Toplam";"3";"Hanehalkı sayısı";"2022";"5175908";"";"";"";"";""
"Türkiye";"Yıllık";"Adrese Dayalı Nüfus Kayıt Sistemi";"Toplam";"3";"Hanehalkı sayısı";"2023";"5259602";"";"";"";"";""
"Türkiye";"Yıllık";"Adrese Dayalı Nüfus Kayıt Sistemi";"Toplam";"3";"Hanehalkı sayısı";"2024";"5342478";"";"";"";"";""
"Türkiye";"Yıllık";"Adrese Dayalı Nüfus Kayıt Sistemi";"Toplam";"3";"Hanehalkı sayısı";"2025";"5436615";"";"";"";"";""
"Türkiye";"Yıllık";"Adrese Dayalı Nüfus Kayıt Sistemi";"Toplam";"4";"Hanehalkı sayısı";"2014";"4522499";"";"";"";"";""
"Türkiye";"Yıllık";"Adrese Dayalı Nüfus Kayıt Sistemi";"Toplam";"4";"Hanehalkı sayısı";"2015";"4583117";"";"";"";"";""
"Türkiye";"Yıllık";"Adrese Dayalı Nüfus Kayıt Sistemi";"Toplam";"4";"Hanehalkı sayısı";"2016";"4627514";"";"";"";"";""
"Türkiye";"Yıllık";"Adrese Dayalı Nüfus Kayıt Sistemi";"Toplam";"4";"Hanehalkı sayısı";"2017";"4667819";"";"";"";"";""
"Türkiye";"Yıllık";"Adrese Dayalı Nüfus Kayıt Sistemi";"Toplam";"4";"Hanehalkı sayısı";"2018";"4688769";"";"";"";"";""
"Türkiye";"Yıllık";"Adrese Dayalı Nüfus Kayıt Sistemi";"Toplam";"4";"Hanehalkı sayısı";"2019";"4795566";"";"";"";"";""
"Türkiye";"Yıllık";"Adrese Dayalı Nüfus Kayıt Sistemi";"Toplam";"4";"Hanehalkı sayısı";"2020";"4911267";"";"";"";"";""
"Türkiye";"Yıllık";"Adrese Dayalı Nüfus Kayıt Sistemi";"Toplam";"4";"Hanehalkı sayısı";"2021";"4936670";"";"";"";"";""
"Türkiye";"Yıllık";"Adrese Dayalı Nüfus Kayıt Sistemi";"Toplam";"4";"Hanehalkı sayısı";"2022";"5005698";"";"";"";"";""
"Türkiye";"Yıllık";"Adrese Dayalı Nüfus Kayıt Sistemi";"Toplam";"4";"Hanehalkı sayısı";"2023";"4925133";"";"";"";"";""
"Türkiye";"Yıllık";"Adrese Dayalı Nüfus Kayıt Sistemi";"Toplam";"4";"Hanehalkı sayısı";"2024";"4924942";"";"";"";"";""
"Türkiye";"Yıllık";"Adrese Dayalı Nüfus Kayıt Sistemi";"Toplam";"4";"Hanehalkı sayısı";"2025";"4888770";"";"";"";"";""
"Türkiye";"Yıllık";"Adrese Dayalı Nüfus Kayıt Sistemi";"Toplam";"5";"Hanehalkı sayısı";"2014";"2430048";"";"";"";"";""
"Türkiye";"Yıllık";"Adrese Dayalı Nüfus Kayıt Sistemi";"Toplam";"5";"Hanehalkı sayısı";"2015";"2459315";"";"";"";"";""
"Türkiye";"Yıllık";"Adrese Dayalı Nüfus Kayıt Sistemi";"Toplam";"5";"Hanehalkı sayısı";"2016";"2497271";"";"";"";"";""
"Türkiye";"Yıllık";"Adrese Dayalı Nüfus Kayıt Sistemi";"Toplam";"5";"Hanehalkı sayısı";"2017";"2518575";"";"";"";"";""
"Türkiye";"Yıllık";"Adrese Dayalı Nüfus Kayıt Sistemi";"Toplam";"5";"Hanehalkı sayısı";"2018";"2531077";"";"";"";"";""
"Türkiye";"Yıllık";"Adrese Dayalı Nüfus Kayıt Sistemi";"Toplam";"5";"Hanehalkı sayısı";"2019";"2587222";"";"";"";"";""
"Türkiye";"Yıllık";"Adrese Dayalı Nüfus Kayıt Sistemi";"Toplam";"5";"Hanehalkı sayısı";"2020";"2654108";"";"";"";"";""
"Türkiye";"Yıllık";"Adrese Dayalı Nüfus Kayıt Sistemi";"Toplam";"5";"Hanehalkı sayısı";"2021";"2627009";"";"";"";"";""
"Türkiye";"Yıllık";"Adrese Dayalı Nüfus Kayıt Sistemi";"Toplam";"5";"Hanehalkı sayısı";"2022";"2649980";"";"";"";"";""
"Türkiye";"Yıllık";"Adrese Dayalı Nüfus Kayıt Sistemi";"Toplam";"5";"Hanehalkı sayısı";"2023";"2599803";"";"";"";"";""
"Türkiye";"Yıllık";"Adrese Dayalı Nüfus Kayıt Sistemi";"Toplam";"5";"Hanehalkı sayısı";"2024";"2590092";"";"";"";"";""
"Türkiye";"Yıllık";"Adrese Dayalı Nüfus Kayıt Sistemi";"Toplam";"5";"Hanehalkı sayısı";"2025";"2563181";"";"";"";"";""
"Türkiye";"Yıllık";"Adrese Dayalı Nüfus Kayıt Sistemi";"Toplam";"6";"Hanehalkı sayısı";"2014";"1210039";"";"";"";"";""
"Türkiye";"Yıllık";"Adrese Dayalı Nüfus Kayıt Sistemi";"Toplam";"6";"Hanehalkı sayısı";"2015";"1213816";"";"";"";"";""
"Türkiye";"Yıllık";"Adrese Dayalı Nüfus Kayıt Sistemi";"Toplam";"6";"Hanehalkı sayısı";"2016";"1228854";"";"";"";"";""
"Türkiye";"Yıllık";"Adrese Dayalı Nüfus Kayıt Sistemi";"Toplam";"6";"Hanehalkı sayısı";"2017";"1233415";"";"";"";"";""
"Türkiye";"Yıllık";"Adrese Dayalı Nüfus Kayıt Sistemi";"Toplam";"6";"Hanehalkı sayısı";"2018";"1238464";"";"";"";"";""
"Türkiye";"Yıllık";"Adrese Dayalı Nüfus Kayıt Sistemi";"Toplam";"6";"Hanehalkı sayısı";"2019";"1253140";"";"";"";"";""
"Türkiye";"Yıllık";"Adrese Dayalı Nüfus Kayıt Sistemi";"Toplam";"6";"Hanehalkı sayısı";"2020";"1262836";"";"";"";"";""
"Türkiye";"Yıllık";"Adrese Dayalı Nüfus Kayıt Sistemi";"Toplam";"6";"Hanehalkı sayısı";"2021";"1239360";"";"";"";"";""
"Türkiye";"Yıllık";"Adrese Dayalı Nüfus Kayıt Sistemi";"Toplam";"6";"Hanehalkı sayısı";"2022";"1230666";"";"";"";"";""
"Türkiye";"Yıllık";"Adrese Dayalı Nüfus Kayıt Sistemi";"Toplam";"6";"Hanehalkı sayısı";"2023";"1219503";"";"";"";"";""
"Türkiye";"Yıllık";"Adrese Dayalı Nüfus Kayıt Sistemi";"Toplam";"6";"Hanehalkı sayısı";"2024";"1215693";"";"";"";"";""
"Türkiye";"Yıllık";"Adrese Dayalı Nüfus Kayıt Sistemi";"Toplam";"6";"Hanehalkı sayısı";"2025";"1205822";"";"";"";"";""
"Türkiye";"Yıllık";"Adrese Dayalı Nüfus Kayıt Sistemi";"Toplam";"7+";"Hanehalkı sayısı";"2014";"1579672";"";"";"";"";""
"Türkiye";"Yıllık";"Adrese Dayalı Nüfus Kayıt Sistemi";"Toplam";"7+";"Hanehalkı sayısı";"2015";"1536722";"";"";"";"";""
"Türkiye";"Yıllık";"Adrese Dayalı Nüfus Kayıt Sistemi";"Toplam";"7+";"Hanehalkı sayısı";"2016";"1520561";"";"";"";"";""
"Türkiye";"Yıllık";"Adrese Dayalı Nüfus Kayıt Sistemi";"Toplam";"7+";"Hanehalkı sayısı";"2017";"1489052";"";"";"";"";""
"Türkiye";"Yıllık";"Adrese Dayalı Nüfus Kayıt Sistemi";"Toplam";"7+";"Hanehalkı sayısı";"2018";"1492756";"";"";"";"";""
"Türkiye";"Yıllık";"Adrese Dayalı Nüfus Kayıt Sistemi";"Toplam";"7+";"Hanehalkı sayısı";"2019";"1431301";"";"";"";"";""
"Türkiye";"Yıllık";"Adrese Dayalı Nüfus Kayıt Sistemi";"Toplam";"7+";"Hanehalkı sayısı";"2020";"1362327";"";"";"";"";""
"Türkiye";"Yıllık";"Adrese Dayalı Nüfus Kayıt Sistemi";"Toplam";"7+";"Hanehalkı sayısı";"2021";"1297976";"";"";"";"";""
"Türkiye";"Yıllık";"Adrese Dayalı Nüfus Kayıt Sistemi";"Toplam";"7+";"Hanehalkı sayısı";"2022";"1190748";"";"";"";"";""
"Türkiye";"Yıllık";"Adrese Dayalı Nüfus Kayıt Sistemi";"Toplam";"7+";"Hanehalkı sayısı";"2023";"1193254";"";"";"";"";""
"Türkiye";"Yıllık";"Adrese Dayalı Nüfus Kayıt Sistemi";"Toplam";"7+";"Hanehalkı sayısı";"2024";"1146381";"";"";"";"";""
"Türkiye";"Yıllık";"Adrese Dayalı Nüfus Kayıt Sistemi";"Toplam";"7+";"Hanehalkı sayısı";"2025";"1126135";"";"";"";"";""
