"Coğrafi Kapsam (TR)";"Gözlem Sıklığı (A)";"İstatistiksel Gösterge (NG_ADNKS)";"İkamet edilen yer (TR)";"ADNKS Gösterge (ORT_HH_BUYUKLUK)";"Zaman (2008)";"Gözlem";"Gözlem Durumu";"Zaman Formatı";"Ondalık Basamak Sayısı";"Ölçü Birimi";"Birim Çarpanı"
"Türkiye";"Yıllık";"Adrese Dayalı Nüfus Kayıt Sistemi";"Türkiye";"Ortalama hanehalkı büyüklüğü";"2008";"4";"";"";"";"";""
"Türkiye";"Yıllık";"Adrese Dayalı Nüfus Kayıt Sistemi";"Türkiye";"Ortalama hanehalkı büyüklüğü";"2009";"3,96347806483007";"";"";"";"";""
"Türkiye";"Yıllık";"Adrese Dayalı Nüfus Kayıt Sistemi";"Türkiye";"Ortalama hanehalkı büyüklüğü";"2010";"3,83635186957308";"";"";"";"";""
"Türkiye";"Yıllık";"Adrese Dayalı Nüfus Kayıt Sistemi";"Türkiye";"Ortalama hanehalkı büyüklüğü";"2011";"3,76127098046772";"";"";"";"";""
"Türkiye";"Yıllık";"Adrese Dayalı Nüfus Kayıt Sistemi";"Türkiye";"Ortalama hanehalkı büyüklüğü";"2012";"3,69263240915493";"";"";"";"";""
"Türkiye";"Yıllık";"Adrese Dayalı Nüfus Kayıt Sistemi";"Türkiye";"Ortalama hanehalkı büyüklüğü";"2013";"3,62878860087944";"";"";"";"";""
"Türkiye";"Yıllık";"Adrese Dayalı Nüfus Kayıt Sistemi";"Türkiye";"Ortalama hanehalkı büyüklüğü";"2014";"3,57338789037543";"";"";"";"";""
"Türkiye";"Yıllık";"Adrese Dayalı Nüfus Kayıt Sistemi";"Türkiye";"Ortalama hanehalkı büyüklüğü";"2015";"3,52270178642487";"";"";"";"";""
"Türkiye";"Yıllık";"Adrese Dayalı Nüfus Kayıt Sistemi";"Türkiye";"Ortalama hanehalkı büyüklüğü";"2016";"3,48496868703498";"";"";"";"";""
"Türkiye";"Yıllık";"Adrese Dayalı Nüfus Kayıt Sistemi";"Türkiye";"Ortalama hanehalkı büyüklüğü";"2017";"3,44690914953688";"";"";"";"";""
"Türkiye";"Yıllık";"Adrese Dayalı Nüfus Kayıt Sistemi";"Türkiye";"Ortalama hanehalkı büyüklüğü";"2018";"3,41284122133473";"";"";"";"";""
"Türkiye";"Yıllık";"Adrese Dayalı Nüfus Kayıt Sistemi";"Türkiye";"Ortalama hanehalkı büyüklüğü";"2019";"3,35402563292801";"";"";"";"";""
"Türkiye";"Yıllık";"Adrese Dayalı Nüfus Kayıt Sistemi";"Türkiye";"Ortalama hanehalkı büyüklüğü";"2020";"3,30274829148297";"";"";"";"";""
"Türkiye";"Yıllık";"Adrese Dayalı Nüfus Kayıt Sistemi";"Türkiye";"Ortalama hanehalkı büyüklüğü";"2021";"3,23415409015922";"";"";"";"";""
"Türkiye";"Yıllık";"Adrese Dayalı Nüfus Kayıt Sistemi";"Türkiye";"Ortalama hanehalkı büyüklüğü";"2022";"3,16685453875718";"";"";"";"";""
"Türkiye";"Yıllık";"Adrese Dayalı Nüfus Kayıt Sistemi";"Türkiye";"Ortalama hanehalkı büyüklüğü";"2023";"3,14488741105247";"";"";"";"";""
"Türkiye";"Yıllık";"Adrese Dayalı Nüfus Kayıt Sistemi";"Türkiye";"Ortalama hanehalkı büyüklüğü";"2024";"3,11331686996868";"";"";"";"";""
"Türkiye";"Yıllık";"Adrese Dayalı Nüfus Kayıt Sistemi";"Türkiye";"Ortalama hanehalkı büyüklüğü";"2025";"3,08145206085227";"";"";"";"";""
"Türkiye";"Yıllık";"Adrese Dayalı Nüfus Kayıt Sistemi";"İstanbul";"Ortalama hanehalkı büyüklüğü";"2008";"3,8";"";"";"";"";""
"Türkiye";"Yıllık";"Adrese Dayalı Nüfus Kayıt Sistemi";"İstanbul";"Ortalama hanehalkı büyüklüğü";"2009";"3,83163039560615";"";"";"";"";""
"Türkiye";"Yıllık";"Adrese Dayalı Nüfus Kayıt Sistemi";"İstanbul";"Ortalama hanehalkı büyüklüğü";"2010";"3,69900353830743";"";"";"";"";""
"Türkiye";"Yıllık";"Adrese Dayalı Nüfus Kayıt Sistemi";"İstanbul";"Ortalama hanehalkı büyüklüğü";"2011";"3,62916213155516";"";"";"";"";""
"Türkiye";"Yıllık";"Adrese Dayalı Nüfus Kayıt Sistemi";"İstanbul";"Ortalama hanehalkı büyüklüğü";"2012";"3,5695750304082";"";"";"";"";""
"Türkiye";"Yıllık";"Adrese Dayalı Nüfus Kayıt Sistemi";"İstanbul";"Ortalama hanehalkı büyüklüğü";"2013";"3,52551242767354";"";"";"";"";""
"Türkiye";"Yıllık";"Adrese Dayalı Nüfus Kayıt Sistemi";"İstanbul";"Ortalama hanehalkı büyüklüğü";"2014";"3,50539476558261";"";"";"";"";""
"Türkiye";"Yıllık";"Adrese Dayalı Nüfus Kayıt Sistemi";"İstanbul";"Ortalama hanehalkı büyüklüğü";"2015";"3,48409887568453";"";"";"";"";""
"Türkiye";"Yıllık";"Adrese Dayalı Nüfus Kayıt Sistemi";"İstanbul";"Ortalama hanehalkı büyüklüğü";"2016";"3,46291550859447";"";"";"";"";""
"Türkiye";"Yıllık";"Adrese Dayalı Nüfus Kayıt Sistemi";"İstanbul";"Ortalama hanehalkı büyüklüğü";"2017";"3,44186284404277";"";"";"";"";""
"Türkiye";"Yıllık";"Adrese Dayalı Nüfus Kayıt Sistemi";"İstanbul";"Ortalama hanehalkı büyüklüğü";"2018";"3,39133710567088";"";"";"";"";""
"Türkiye";"Yıllık";"Adrese Dayalı Nüfus Kayıt Sistemi";"İstanbul";"Ortalama hanehalkı büyüklüğü";"2019";"3,33195898086478";"";"";"";"";""
"Türkiye";"Yıllık";"Adrese Dayalı Nüfus Kayıt Sistemi";"İstanbul";"Ortalama hanehalkı büyüklüğü";"2020";"3,26783981181872";"";"";"";"";""
"Türkiye";"Yıllık";"Adrese Dayalı Nüfus Kayıt Sistemi";"İstanbul";"Ortalama hanehalkı büyüklüğü";"2021";"3,21716116175396";"";"";"";"";""
"Türkiye";"Yıllık";"Adrese Dayalı Nüfus Kayıt Sistemi";"İstanbul";"Ortalama hanehalkı büyüklüğü";"2022";"3,17530671122433";"";"";"";"";""
"Türkiye";"Yıllık";"Adrese Dayalı Nüfus Kayıt Sistemi";"İstanbul";"Ortalama hanehalkı büyüklüğü";"2023";"3,15212405355107";"";"";"";"";""
"Türkiye";"Yıllık";"Adrese Dayalı Nüfus Kayıt Sistemi";"İstanbul";"Ortalama hanehalkı büyüklüğü";"2024";"3,13000855280135";"";"";"";"";""
"Türkiye";"Yıllık";"Adrese Dayalı Nüfus Kayıt Sistemi";"İstanbul";"Ortalama hanehalkı büyüklüğü";"2025";"3,09122712194721";"";"";"";"";""
"Türkiye";"Yıllık";"Adrese Dayalı Nüfus Kayıt Sistemi";"Edirne";"Ortalama hanehalkı büyüklüğü";"2008";"3,2";"";"";"";"";""
"Türkiye";"Yıllık";"Adrese Dayalı Nüfus Kayıt Sistemi";"Edirne";"Ortalama hanehalkı büyüklüğü";"2009";"3,17576619486006";"";"";"";"";""
"Türkiye";"Yıllık";"Adrese Dayalı Nüfus Kayıt Sistemi";"Edirne";"Ortalama hanehalkı büyüklüğü";"2010";"3,10404301898729";"";"";"";"";""
"Türkiye";"Yıllık";"Adrese Dayalı Nüfus Kayıt Sistemi";"Edirne";"Ortalama hanehalkı büyüklüğü";"2011";"3,06458677652308";"";"";"";"";""
"Türkiye";"Yıllık";"Adrese Dayalı Nüfus Kayıt Sistemi";"Edirne";"Ortalama hanehalkı büyüklüğü";"2012";"3,02498873656433";"";"";"";"";""
"Türkiye";"Yıllık";"Adrese Dayalı Nüfus Kayıt Sistemi";"Edirne";"Ortalama hanehalkı büyüklüğü";"2013";"2,96889008144454";"";"";"";"";""
"Türkiye";"Yıllık";"Adrese Dayalı Nüfus Kayıt Sistemi";"Edirne";"Ortalama hanehalkı büyüklüğü";"2014";"2,92799819762428";"";"";"";"";""
"Türkiye";"Yıllık";"Adrese Dayalı Nüfus Kayıt Sistemi";"Edirne";"Ortalama hanehalkı büyüklüğü";"2015";"2,88337972318603";"";"";"";"";""
"Türkiye";"Yıllık";"Adrese Dayalı Nüfus Kayıt Sistemi";"Edirne";"Ortalama hanehalkı büyüklüğü";"2016";"2,85405677531822";"";"";"";"";""
"Türkiye";"Yıllık";"Adrese Dayalı Nüfus Kayıt Sistemi";"Edirne";"Ortalama hanehalkı büyüklüğü";"2017";"2,82073123759296";"";"";"";"";""
"Türkiye";"Yıllık";"Adrese Dayalı Nüfus Kayıt Sistemi";"Edirne";"Ortalama hanehalkı büyüklüğü";"2018";"2,80753394656154";"";"";"";"";""
"Türkiye";"Yıllık";"Adrese Dayalı Nüfus Kayıt Sistemi";"Edirne";"Ortalama hanehalkı büyüklüğü";"2019";"2,76637270492988";"";"";"";"";""
"Türkiye";"Yıllık";"Adrese Dayalı Nüfus Kayıt Sistemi";"Edirne";"Ortalama hanehalkı büyüklüğü";"2020";"2,74078388185297";"";"";"";"";""
"Türkiye";"Yıllık";"Adrese Dayalı Nüfus Kayıt Sistemi";"Edirne";"Ortalama hanehalkı büyüklüğü";"2021";"2,68528654776027";"";"";"";"";""
"Türkiye";"Yıllık";"Adrese Dayalı Nüfus Kayıt Sistemi";"Edirne";"Ortalama hanehalkı büyüklüğü";"2022";"2,62535786219022";"";"";"";"";""
"Türkiye";"Yıllık";"Adrese Dayalı Nüfus Kayıt Sistemi";"Edirne";"Ortalama hanehalkı büyüklüğü";"2023";"2,62417681731491";"";"";"";"";""
"Türkiye";"Yıllık";"Adrese Dayalı Nüfus Kayıt Sistemi";"Edirne";"Ortalama hanehalkı büyüklüğü";"2024";"2,61626579590103";"";"";"";"";""
"Türkiye";"Yıllık";"Adrese Dayalı Nüfus Kayıt Sistemi";"Edirne";"Ortalama hanehalkı büyüklüğü";"2025";"2,60474506161862";"";"";"";"";""
"Türkiye";"Yıllık";"Adrese Dayalı Nüfus Kayıt Sistemi";"Kırklareli";"Ortalama hanehalkı büyüklüğü";"2008";"3,2";"";"";"";"";""
"Türkiye";"Yıllık";"Adrese Dayalı Nüfus Kayıt Sistemi";"Kırklareli";"Ortalama hanehalkı büyüklüğü";"2009";"3,17852042273636";"";"";"";"";""
"Türkiye";"Yıllık";"Adrese Dayalı Nüfus Kayıt Sistemi";"Kırklareli";"Ortalama hanehalkı büyüklüğü";"2010";"3,09791433100089";"";"";"";"";""
"Türkiye";"Yıllık";"Adrese Dayalı Nüfus Kayıt Sistemi";"Kırklareli";"Ortalama hanehalkı büyüklüğü";"2011";"3,06065358731607";"";"";"";"";""
"Türkiye";"Yıllık";"Adrese Dayalı Nüfus Kayıt Sistemi";"Kırklareli";"Ortalama hanehalkı büyüklüğü";"2012";"3,03673442586044";"";"";"";"";""
"Türkiye";"Yıllık";"Adrese Dayalı Nüfus Kayıt Sistemi";"Kırklareli";"Ortalama hanehalkı büyüklüğü";"2013";"3,00619794693008";"";"";"";"";""
"Türkiye";"Yıllık";"Adrese Dayalı Nüfus Kayıt Sistemi";"Kırklareli";"Ortalama hanehalkı büyüklüğü";"2014";"2,97246466222714";"";"";"";"";""
"Türkiye";"Yıllık";"Adrese Dayalı Nüfus Kayıt Sistemi";"Kırklareli";"Ortalama hanehalkı büyüklüğü";"2015";"2,93151488748811";"";"";"";"";""
"Türkiye";"Yıllık";"Adrese Dayalı Nüfus Kayıt Sistemi";"Kırklareli";"Ortalama hanehalkı büyüklüğü";"2016";"2,89847883310601";"";"";"";"";""
"Türkiye";"Yıllık";"Adrese Dayalı Nüfus Kayıt Sistemi";"Kırklareli";"Ortalama hanehalkı büyüklüğü";"2017";"2,86931556404962";"";"";"";"";""
"Türkiye";"Yıllık";"Adrese Dayalı Nüfus Kayıt Sistemi";"Kırklareli";"Ortalama hanehalkı büyüklüğü";"2018";"2,84281894895146";"";"";"";"";""
"Türkiye";"Yıllık";"Adrese Dayalı Nüfus Kayıt Sistemi";"Kırklareli";"Ortalama hanehalkı büyüklüğü";"2019";"2,80382877156145";"";"";"";"";""
"Türkiye";"Yıllık";"Adrese Dayalı Nüfus Kayıt Sistemi";"Kırklareli";"Ortalama hanehalkı büyüklüğü";"2020";"2,78252746550843";"";"";"";"";""
"Türkiye";"Yıllık";"Adrese Dayalı Nüfus Kayıt Sistemi";"Kırklareli";"Ortalama hanehalkı büyüklüğü";"2021";"2,72451132267883";"";"";"";"";""
"Türkiye";"Yıllık";"Adrese Dayalı Nüfus Kayıt Sistemi";"Kırklareli";"Ortalama hanehalkı büyüklüğü";"2022";"2,68468639160882";"";"";"";"";""
"Türkiye";"Yıllık";"Adrese Dayalı Nüfus Kayıt Sistemi";"Kırklareli";"Ortalama hanehalkı büyüklüğü";"2023";"2,6878913628724";"";"";"";"";""
"Türkiye";"Yıllık";"Adrese Dayalı Nüfus Kayıt Sistemi";"Kırklareli";"Ortalama hanehalkı büyüklüğü";"2024";"2,67061180436454";"";"";"";"";""
"Türkiye";"Yıllık";"Adrese Dayalı Nüfus Kayıt Sistemi";"Kırklareli";"Ortalama hanehalkı büyüklüğü";"2025";"2,64826850112217";"";"";"";"";""
"Türkiye";"Yıllık";"Adrese Dayalı Nüfus Kayıt Sistemi";"Tekirdağ";"Ortalama hanehalkı büyüklüğü";"2008";"3,5";"";"";"";"";""
"Türkiye";"Yıllık";"Adrese Dayalı Nüfus Kayıt Sistemi";"Tekirdağ";"Ortalama hanehalkı büyüklüğü";"2009";"3,54740774249511";"";"";"";"";""
"Türkiye";"Yıllık";"Adrese Dayalı Nüfus Kayıt Sistemi";"Tekirdağ";"Ortalama hanehalkı büyüklüğü";"2010";"3,4087430339461";"";"";"";"";""
"Türkiye";"Yıllık";"Adrese Dayalı Nüfus Kayıt Sistemi";"Tekirdağ";"Ortalama hanehalkı büyüklüğü";"2011";"3,3545195004253";"";"";"";"";""
"Türkiye";"Yıllık";"Adrese Dayalı Nüfus Kayıt Sistemi";"Tekirdağ";"Ortalama hanehalkı büyüklüğü";"2012";"3,31638509613632";"";"";"";"";""
"Türkiye";"Yıllık";"Adrese Dayalı Nüfus Kayıt Sistemi";"Tekirdağ";"Ortalama hanehalkı büyüklüğü";"2013";"3,28240423810561";"";"";"";"";""
"Türkiye";"Yıllık";"Adrese Dayalı Nüfus Kayıt Sistemi";"Tekirdağ";"Ortalama hanehalkı büyüklüğü";"2014";"3,25892465279586";"";"";"";"";""
"Türkiye";"Yıllık";"Adrese Dayalı Nüfus Kayıt Sistemi";"Tekirdağ";"Ortalama hanehalkı büyüklüğü";"2015";"3,23901620618262";"";"";"";"";""
"Türkiye";"Yıllık";"Adrese Dayalı Nüfus Kayıt Sistemi";"Tekirdağ";"Ortalama hanehalkı büyüklüğü";"2016";"3,22787181717918";"";"";"";"";""
"Türkiye";"Yıllık";"Adrese Dayalı Nüfus Kayıt Sistemi";"Tekirdağ";"Ortalama hanehalkı büyüklüğü";"2017";"3,21632868924257";"";"";"";"";""
"Türkiye";"Yıllık";"Adrese Dayalı Nüfus Kayıt Sistemi";"Tekirdağ";"Ortalama hanehalkı büyüklüğü";"2018";"3,19117529466328";"";"";"";"";""
"Türkiye";"Yıllık";"Adrese Dayalı Nüfus Kayıt Sistemi";"Tekirdağ";"Ortalama hanehalkı büyüklüğü";"2019";"3,16984858867779";"";"";"";"";""
"Türkiye";"Yıllık";"Adrese Dayalı Nüfus Kayıt Sistemi";"Tekirdağ";"Ortalama hanehalkı büyüklüğü";"2020";"3,14582661266234";"";"";"";"";""
"Türkiye";"Yıllık";"Adrese Dayalı Nüfus Kayıt Sistemi";"Tekirdağ";"Ortalama hanehalkı büyüklüğü";"2021";"3,0957264859321";"";"";"";"";""
"Türkiye";"Yıllık";"Adrese Dayalı Nüfus Kayıt Sistemi";"Tekirdağ";"Ortalama hanehalkı büyüklüğü";"2022";"3,05566902201066";"";"";"";"";""
"Türkiye";"Yıllık";"Adrese Dayalı Nüfus Kayıt Sistemi";"Tekirdağ";"Ortalama hanehalkı büyüklüğü";"2023";"3,04508747237222";"";"";"";"";""
"Türkiye";"Yıllık";"Adrese Dayalı Nüfus Kayıt Sistemi";"Tekirdağ";"Ortalama hanehalkı büyüklüğü";"2024";"3,02826425808619";"";"";"";"";""
"Türkiye";"Yıllık";"Adrese Dayalı Nüfus Kayıt Sistemi";"Tekirdağ";"Ortalama hanehalkı büyüklüğü";"2025";"2,99320893239523";"";"";"";"";""
"Türkiye";"Yıllık";"Adrese Dayalı Nüfus Kayıt Sistemi";"Balıkesir";"Ortalama hanehalkı büyüklüğü";"2008";"3,1";"";"";"";"";""
"Türkiye";"Yıllık";"Adrese Dayalı Nüfus Kayıt Sistemi";"Balıkesir";"Ortalama hanehalkı büyüklüğü";"2009";"3,07080878326128";"";"";"";"";""
"Türkiye";"Yıllık";"Adrese Dayalı Nüfus Kayıt Sistemi";"Balıkesir";"Ortalama hanehalkı büyüklüğü";"2010";"2,9830929992354";"";"";"";"";""
"Türkiye";"Yıllık";"Adrese Dayalı Nüfus Kayıt Sistemi";"Balıkesir";"Ortalama hanehalkı büyüklüğü";"2011";"2,93102029477745";"";"";"";"";""
"Türkiye";"Yıllık";"Adrese Dayalı Nüfus Kayıt Sistemi";"Balıkesir";"Ortalama hanehalkı büyüklüğü";"2012";"2,88410361530795";"";"";"";"";""
"Türkiye";"Yıllık";"Adrese Dayalı Nüfus Kayıt Sistemi";"Balıkesir";"Ortalama hanehalkı büyüklüğü";"2013";"2,85124361882078";"";"";"";"";""
"Türkiye";"Yıllık";"Adrese Dayalı Nüfus Kayıt Sistemi";"Balıkesir";"Ortalama hanehalkı büyüklüğü";"2014";"2,80975886676883";"";"";"";"";""
"Türkiye";"Yıllık";"Adrese Dayalı Nüfus Kayıt Sistemi";"Balıkesir";"Ortalama hanehalkı büyüklüğü";"2015";"2,78996125703701";"";"";"";"";""
"Türkiye";"Yıllık";"Adrese Dayalı Nüfus Kayıt Sistemi";"Balıkesir";"Ortalama hanehalkı büyüklüğü";"2016";"2,77274128598229";"";"";"";"";""
"Türkiye";"Yıllık";"Adrese Dayalı Nüfus Kayıt Sistemi";"Balıkesir";"Ortalama hanehalkı büyüklüğü";"2017";"2,75170191758042";"";"";"";"";""
"Türkiye";"Yıllık";"Adrese Dayalı Nüfus Kayıt Sistemi";"Balıkesir";"Ortalama hanehalkı büyüklüğü";"2018";"2,73173419399458";"";"";"";"";""
"Türkiye";"Yıllık";"Adrese Dayalı Nüfus Kayıt Sistemi";"Balıkesir";"Ortalama hanehalkı büyüklüğü";"2019";"2,70594211415893";"";"";"";"";""
"Türkiye";"Yıllık";"Adrese Dayalı Nüfus Kayıt Sistemi";"Balıkesir";"Ortalama hanehalkı büyüklüğü";"2020";"2,687770745319";"";"";"";"";""
"Türkiye";"Yıllık";"Adrese Dayalı Nüfus Kayıt Sistemi";"Balıkesir";"Ortalama hanehalkı büyüklüğü";"2021";"2,64286387559651";"";"";"";"";""
"Türkiye";"Yıllık";"Adrese Dayalı Nüfus Kayıt Sistemi";"Balıkesir";"Ortalama hanehalkı büyüklüğü";"2022";"2,61311620002366";"";"";"";"";""
"Türkiye";"Yıllık";"Adrese Dayalı Nüfus Kayıt Sistemi";"Balıkesir";"Ortalama hanehalkı büyüklüğü";"2023";"2,61146813029208";"";"";"";"";""
"Türkiye";"Yıllık";"Adrese Dayalı Nüfus Kayıt Sistemi";"Balıkesir";"Ortalama hanehalkı büyüklüğü";"2024";"2,5985105942847";"";"";"";"";""
"Türkiye";"Yıllık";"Adrese Dayalı Nüfus Kayıt Sistemi";"Balıkesir";"Ortalama hanehalkı büyüklüğü";"2025";"2,57893760254852";"";"";"";"";""
"Türkiye";"Yıllık";"Adrese Dayalı Nüfus Kayıt Sistemi";"Çanakkale";"Ortalama hanehalkı büyüklüğü";"2008";"2,9";"";"";"";"";""
"Türkiye";"Yıllık";"Adrese Dayalı Nüfus Kayıt Sistemi";"Çanakkale";"Ortalama hanehalkı büyüklüğü";"2009";"2,91658805231891";"";"";"";"";""
"Türkiye";"Yıllık";"Adrese Dayalı Nüfus Kayıt Sistemi";"Çanakkale";"Ortalama hanehalkı büyüklüğü";"2010";"2,83873234619188";"";"";"";"";""
"Türkiye";"Yıllık";"Adrese Dayalı Nüfus Kayıt Sistemi";"Çanakkale";"Ortalama hanehalkı büyüklüğü";"2011";"2,79805484017573";"";"";"";"";""
"Türkiye";"Yıllık";"Adrese Dayalı Nüfus Kayıt Sistemi";"Çanakkale";"Ortalama hanehalkı büyüklüğü";"2012";"2,75634382494892";"";"";"";"";""
"Türkiye";"Yıllık";"Adrese Dayalı Nüfus Kayıt Sistemi";"Çanakkale";"Ortalama hanehalkı büyüklüğü";"2013";"2,73003420067477";"";"";"";"";""
"Türkiye";"Yıllık";"Adrese Dayalı Nüfus Kayıt Sistemi";"Çanakkale";"Ortalama hanehalkı büyüklüğü";"2014";"2,69794140267556";"";"";"";"";""
"Türkiye";"Yıllık";"Adrese Dayalı Nüfus Kayıt Sistemi";"Çanakkale";"Ortalama hanehalkı büyüklüğü";"2015";"2,680454266489";"";"";"";"";""
"Türkiye";"Yıllık";"Adrese Dayalı Nüfus Kayıt Sistemi";"Çanakkale";"Ortalama hanehalkı büyüklüğü";"2016";"2,6679726131609";"";"";"";"";""
"Türkiye";"Yıllık";"Adrese Dayalı Nüfus Kayıt Sistemi";"Çanakkale";"Ortalama hanehalkı büyüklüğü";"2017";"2,65311725351174";"";"";"";"";""
"Türkiye";"Yıllık";"Adrese Dayalı Nüfus Kayıt Sistemi";"Çanakkale";"Ortalama hanehalkı büyüklüğü";"2018";"2,65019470020328";"";"";"";"";""
"Türkiye";"Yıllık";"Adrese Dayalı Nüfus Kayıt Sistemi";"Çanakkale";"Ortalama hanehalkı büyüklüğü";"2019";"2,63098728229225";"";"";"";"";""
"Türkiye";"Yıllık";"Adrese Dayalı Nüfus Kayıt Sistemi";"Çanakkale";"Ortalama hanehalkı büyüklüğü";"2020";"2,61224550943057";"";"";"";"";""
"Türkiye";"Yıllık";"Adrese Dayalı Nüfus Kayıt Sistemi";"Çanakkale";"Ortalama hanehalkı büyüklüğü";"2021";"2,57196779186789";"";"";"";"";""
"Türkiye";"Yıllık";"Adrese Dayalı Nüfus Kayıt Sistemi";"Çanakkale";"Ortalama hanehalkı büyüklüğü";"2022";"2,54459299211996";"";"";"";"";""
"Türkiye";"Yıllık";"Adrese Dayalı Nüfus Kayıt Sistemi";"Çanakkale";"Ortalama hanehalkı büyüklüğü";"2023";"2,54461605067246";"";"";"";"";""
"Türkiye";"Yıllık";"Adrese Dayalı Nüfus Kayıt Sistemi";"Çanakkale";"Ortalama hanehalkı büyüklüğü";"2024";"2,52994376647922";"";"";"";"";""
"Türkiye";"Yıllık";"Adrese Dayalı Nüfus Kayıt Sistemi";"Çanakkale";"Ortalama hanehalkı büyüklüğü";"2025";"2,51321354526607";"";"";"";"";""
"Türkiye";"Yıllık";"Adrese Dayalı Nüfus Kayıt Sistemi";"İzmir";"Ortalama hanehalkı büyüklüğü";"2008";"3,4";"";"";"";"";""
"Türkiye";"Yıllık";"Adrese Dayalı Nüfus Kayıt Sistemi";"İzmir";"Ortalama hanehalkı büyüklüğü";"2009";"3,3571158258761";"";"";"";"";""
"Türkiye";"Yıllık";"Adrese Dayalı Nüfus Kayıt Sistemi";"İzmir";"Ortalama hanehalkı büyüklüğü";"2010";"3,25256295338858";"";"";"";"";""
"Türkiye";"Yıllık";"Adrese Dayalı Nüfus Kayıt Sistemi";"İzmir";"Ortalama hanehalkı büyüklüğü";"2011";"3,20086193973917";"";"";"";"";""
"Türkiye";"Yıllık";"Adrese Dayalı Nüfus Kayıt Sistemi";"İzmir";"Ortalama hanehalkı büyüklüğü";"2012";"3,15657676036591";"";"";"";"";""
"Türkiye";"Yıllık";"Adrese Dayalı Nüfus Kayıt Sistemi";"İzmir";"Ortalama hanehalkı büyüklüğü";"2013";"3,11927694821232";"";"";"";"";""
"Türkiye";"Yıllık";"Adrese Dayalı Nüfus Kayıt Sistemi";"İzmir";"Ortalama hanehalkı büyüklüğü";"2014";"3,08528374379976";"";"";"";"";""
"Türkiye";"Yıllık";"Adrese Dayalı Nüfus Kayıt Sistemi";"İzmir";"Ortalama hanehalkı büyüklüğü";"2015";"3,05690251154246";"";"";"";"";""
"Türkiye";"Yıllık";"Adrese Dayalı Nüfus Kayıt Sistemi";"İzmir";"Ortalama hanehalkı büyüklüğü";"2016";"3,03931176812213";"";"";"";"";""
"Türkiye";"Yıllık";"Adrese Dayalı Nüfus Kayıt Sistemi";"İzmir";"Ortalama hanehalkı büyüklüğü";"2017";"3,01588103234351";"";"";"";"";""
"Türkiye";"Yıllık";"Adrese Dayalı Nüfus Kayıt Sistemi";"İzmir";"Ortalama hanehalkı büyüklüğü";"2018";"2,98250043531255";"";"";"";"";""
"Türkiye";"Yıllık";"Adrese Dayalı Nüfus Kayıt Sistemi";"İzmir";"Ortalama hanehalkı büyüklüğü";"2019";"2,94663991445232";"";"";"";"";""
"Türkiye";"Yıllık";"Adrese Dayalı Nüfus Kayıt Sistemi";"İzmir";"Ortalama hanehalkı büyüklüğü";"2020";"2,91183696098955";"";"";"";"";""
"Türkiye";"Yıllık";"Adrese Dayalı Nüfus Kayıt Sistemi";"İzmir";"Ortalama hanehalkı büyüklüğü";"2021";"2,85482800052692";"";"";"";"";""
"Türkiye";"Yıllık";"Adrese Dayalı Nüfus Kayıt Sistemi";"İzmir";"Ortalama hanehalkı büyüklüğü";"2022";"2,80840842751072";"";"";"";"";""
"Türkiye";"Yıllık";"Adrese Dayalı Nüfus Kayıt Sistemi";"İzmir";"Ortalama hanehalkı büyüklüğü";"2023";"2,79047170234729";"";"";"";"";""
"Türkiye";"Yıllık";"Adrese Dayalı Nüfus Kayıt Sistemi";"İzmir";"Ortalama hanehalkı büyüklüğü";"2024";"2,77141863260965";"";"";"";"";""
"Türkiye";"Yıllık";"Adrese Dayalı Nüfus Kayıt Sistemi";"İzmir";"Ortalama hanehalkı büyüklüğü";"2025";"2,74852084624683";"";"";"";"";""
"Türkiye";"Yıllık";"Adrese Dayalı Nüfus Kayıt Sistemi";"Aydın";"Ortalama hanehalkı büyüklüğü";"2008";"3,3";"";"";"";"";""
"Türkiye";"Yıllık";"Adrese Dayalı Nüfus Kayıt Sistemi";"Aydın";"Ortalama hanehalkı büyüklüğü";"2009";"3,28893148223709";"";"";"";"";""
"Türkiye";"Yıllık";"Adrese Dayalı Nüfus Kayıt Sistemi";"Aydın";"Ortalama hanehalkı büyüklüğü";"2010";"3,20726610833581";"";"";"";"";""
"Türkiye";"Yıllık";"Adrese Dayalı Nüfus Kayıt Sistemi";"Aydın";"Ortalama hanehalkı büyüklüğü";"2011";"3,15578352438655";"";"";"";"";""
"Türkiye";"Yıllık";"Adrese Dayalı Nüfus Kayıt Sistemi";"Aydın";"Ortalama hanehalkı büyüklüğü";"2012";"3,11791494743297";"";"";"";"";""
"Türkiye";"Yıllık";"Adrese Dayalı Nüfus Kayıt Sistemi";"Aydın";"Ortalama hanehalkı büyüklüğü";"2013";"3,0805818100202";"";"";"";"";""
"Türkiye";"Yıllık";"Adrese Dayalı Nüfus Kayıt Sistemi";"Aydın";"Ortalama hanehalkı büyüklüğü";"2014";"3,03667813829068";"";"";"";"";""
"Türkiye";"Yıllık";"Adrese Dayalı Nüfus Kayıt Sistemi";"Aydın";"Ortalama hanehalkı büyüklüğü";"2015";"3,00888816827086";"";"";"";"";""
"Türkiye";"Yıllık";"Adrese Dayalı Nüfus Kayıt Sistemi";"Aydın";"Ortalama hanehalkı büyüklüğü";"2016";"2,97942667230162";"";"";"";"";""
"Türkiye";"Yıllık";"Adrese Dayalı Nüfus Kayıt Sistemi";"Aydın";"Ortalama hanehalkı büyüklüğü";"2017";"2,95583691459433";"";"";"";"";""
"Türkiye";"Yıllık";"Adrese Dayalı Nüfus Kayıt Sistemi";"Aydın";"Ortalama hanehalkı büyüklüğü";"2018";"2,9227991454165";"";"";"";"";""
"Türkiye";"Yıllık";"Adrese Dayalı Nüfus Kayıt Sistemi";"Aydın";"Ortalama hanehalkı büyüklüğü";"2019";"2,89295105857806";"";"";"";"";""
"Türkiye";"Yıllık";"Adrese Dayalı Nüfus Kayıt Sistemi";"Aydın";"Ortalama hanehalkı büyüklüğü";"2020";"2,85942470247297";"";"";"";"";""
"Türkiye";"Yıllık";"Adrese Dayalı Nüfus Kayıt Sistemi";"Aydın";"Ortalama hanehalkı büyüklüğü";"2021";"2,80783732692995";"";"";"";"";""
"Türkiye";"Yıllık";"Adrese Dayalı Nüfus Kayıt Sistemi";"Aydın";"Ortalama hanehalkı büyüklüğü";"2022";"2,76599702473346";"";"";"";"";""
"Türkiye";"Yıllık";"Adrese Dayalı Nüfus Kayıt Sistemi";"Aydın";"Ortalama hanehalkı büyüklüğü";"2023";"2,75799373653857";"";"";"";"";""
"Türkiye";"Yıllık";"Adrese Dayalı Nüfus Kayıt Sistemi";"Aydın";"Ortalama hanehalkı büyüklüğü";"2024";"2,73960061712223";"";"";"";"";""
"Türkiye";"Yıllık";"Adrese Dayalı Nüfus Kayıt Sistemi";"Aydın";"Ortalama hanehalkı büyüklüğü";"2025";"2,71848584550988";"";"";"";"";""
"Türkiye";"Yıllık";"Adrese Dayalı Nüfus Kayıt Sistemi";"Denizli";"Ortalama hanehalkı büyüklüğü";"2008";"3,4";"";"";"";"";""
"Türkiye";"Yıllık";"Adrese Dayalı Nüfus Kayıt Sistemi";"Denizli";"Ortalama hanehalkı büyüklüğü";"2009";"3,37511670297426";"";"";"";"";""
"Türkiye";"Yıllık";"Adrese Dayalı Nüfus Kayıt Sistemi";"Denizli";"Ortalama hanehalkı büyüklüğü";"2010";"3,27678720394618";"";"";"";"";""
"Türkiye";"Yıllık";"Adrese Dayalı Nüfus Kayıt Sistemi";"Denizli";"Ortalama hanehalkı büyüklüğü";"2011";"3,22488358494952";"";"";"";"";""
"Türkiye";"Yıllık";"Adrese Dayalı Nüfus Kayıt Sistemi";"Denizli";"Ortalama hanehalkı büyüklüğü";"2012";"3,17235220021889";"";"";"";"";""
"Türkiye";"Yıllık";"Adrese Dayalı Nüfus Kayıt Sistemi";"Denizli";"Ortalama hanehalkı büyüklüğü";"2013";"3,1422380342871";"";"";"";"";""
"Türkiye";"Yıllık";"Adrese Dayalı Nüfus Kayıt Sistemi";"Denizli";"Ortalama hanehalkı büyüklüğü";"2014";"3,11808254733986";"";"";"";"";""
"Türkiye";"Yıllık";"Adrese Dayalı Nüfus Kayıt Sistemi";"Denizli";"Ortalama hanehalkı büyüklüğü";"2015";"3,08418059762116";"";"";"";"";""
"Türkiye";"Yıllık";"Adrese Dayalı Nüfus Kayıt Sistemi";"Denizli";"Ortalama hanehalkı büyüklüğü";"2016";"3,06519943597039";"";"";"";"";""
"Türkiye";"Yıllık";"Adrese Dayalı Nüfus Kayıt Sistemi";"Denizli";"Ortalama hanehalkı büyüklüğü";"2017";"3,04479816567627";"";"";"";"";""
"Türkiye";"Yıllık";"Adrese Dayalı Nüfus Kayıt Sistemi";"Denizli";"Ortalama hanehalkı büyüklüğü";"2018";"3,01750793954119";"";"";"";"";""
"Türkiye";"Yıllık";"Adrese Dayalı Nüfus Kayıt Sistemi";"Denizli";"Ortalama hanehalkı büyüklüğü";"2019";"2,97661482137515";"";"";"";"";""
"Türkiye";"Yıllık";"Adrese Dayalı Nüfus Kayıt Sistemi";"Denizli";"Ortalama hanehalkı büyüklüğü";"2020";"2,94812468425362";"";"";"";"";""
"Türkiye";"Yıllık";"Adrese Dayalı Nüfus Kayıt Sistemi";"Denizli";"Ortalama hanehalkı büyüklüğü";"2021";"2,89192172802953";"";"";"";"";""
"Türkiye";"Yıllık";"Adrese Dayalı Nüfus Kayıt Sistemi";"Denizli";"Ortalama hanehalkı büyüklüğü";"2022";"2,84816624696316";"";"";"";"";""
"Türkiye";"Yıllık";"Adrese Dayalı Nüfus Kayıt Sistemi";"Denizli";"Ortalama hanehalkı büyüklüğü";"2023";"2,83859507402156";"";"";"";"";""
"Türkiye";"Yıllık";"Adrese Dayalı Nüfus Kayıt Sistemi";"Denizli";"Ortalama hanehalkı büyüklüğü";"2024";"2,82222489825744";"";"";"";"";""
"Türkiye";"Yıllık";"Adrese Dayalı Nüfus Kayıt Sistemi";"Denizli";"Ortalama hanehalkı büyüklüğü";"2025";"2,79615618089581";"";"";"";"";""
"Türkiye";"Yıllık";"Adrese Dayalı Nüfus Kayıt Sistemi";"Muğla";"Ortalama hanehalkı büyüklüğü";"2008";"3,2";"";"";"";"";""
"Türkiye";"Yıllık";"Adrese Dayalı Nüfus Kayıt Sistemi";"Muğla";"Ortalama hanehalkı büyüklüğü";"2009";"3,14780705494443";"";"";"";"";""
"Türkiye";"Yıllık";"Adrese Dayalı Nüfus Kayıt Sistemi";"Muğla";"Ortalama hanehalkı büyüklüğü";"2010";"3,07039951195094";"";"";"";"";""
"Türkiye";"Yıllık";"Adrese Dayalı Nüfus Kayıt Sistemi";"Muğla";"Ortalama hanehalkı büyüklüğü";"2011";"3,02990685606556";"";"";"";"";""
"Türkiye";"Yıllık";"Adrese Dayalı Nüfus Kayıt Sistemi";"Muğla";"Ortalama hanehalkı büyüklüğü";"2012";"2,99899399301243";"";"";"";"";""
"Türkiye";"Yıllık";"Adrese Dayalı Nüfus Kayıt Sistemi";"Muğla";"Ortalama hanehalkı büyüklüğü";"2013";"2,96646340386917";"";"";"";"";""
"Türkiye";"Yıllık";"Adrese Dayalı Nüfus Kayıt Sistemi";"Muğla";"Ortalama hanehalkı büyüklüğü";"2014";"2,93155609616002";"";"";"";"";""
"Türkiye";"Yıllık";"Adrese Dayalı Nüfus Kayıt Sistemi";"Muğla";"Ortalama hanehalkı büyüklüğü";"2015";"2,91964993121281";"";"";"";"";""
"Türkiye";"Yıllık";"Adrese Dayalı Nüfus Kayıt Sistemi";"Muğla";"Ortalama hanehalkı büyüklüğü";"2016";"2,90192000103191";"";"";"";"";""
"Türkiye";"Yıllık";"Adrese Dayalı Nüfus Kayıt Sistemi";"Muğla";"Ortalama hanehalkı büyüklüğü";"2017";"2,88859011995748";"";"";"";"";""
"Türkiye";"Yıllık";"Adrese Dayalı Nüfus Kayıt Sistemi";"Muğla";"Ortalama hanehalkı büyüklüğü";"2018";"2,85933421358467";"";"";"";"";""
"Türkiye";"Yıllık";"Adrese Dayalı Nüfus Kayıt Sistemi";"Muğla";"Ortalama hanehalkı büyüklüğü";"2019";"2,82160644538458";"";"";"";"";""
"Türkiye";"Yıllık";"Adrese Dayalı Nüfus Kayıt Sistemi";"Muğla";"Ortalama hanehalkı büyüklüğü";"2020";"2,79196004608308";"";"";"";"";""
"Türkiye";"Yıllık";"Adrese Dayalı Nüfus Kayıt Sistemi";"Muğla";"Ortalama hanehalkı büyüklüğü";"2021";"2,74283372022733";"";"";"";"";""
"Türkiye";"Yıllık";"Adrese Dayalı Nüfus Kayıt Sistemi";"Muğla";"Ortalama hanehalkı büyüklüğü";"2022";"2,70896579693749";"";"";"";"";""
"Türkiye";"Yıllık";"Adrese Dayalı Nüfus Kayıt Sistemi";"Muğla";"Ortalama hanehalkı büyüklüğü";"2023";"2,72124325036218";"";"";"";"";""
"Türkiye";"Yıllık";"Adrese Dayalı Nüfus Kayıt Sistemi";"Muğla";"Ortalama hanehalkı büyüklüğü";"2024";"2,71572592202703";"";"";"";"";""
"Türkiye";"Yıllık";"Adrese Dayalı Nüfus Kayıt Sistemi";"Muğla";"Ortalama hanehalkı büyüklüğü";"2025";"2,70431791015805";"";"";"";"";""
"Türkiye";"Yıllık";"Adrese Dayalı Nüfus Kayıt Sistemi";"Afyonkarahisar";"Ortalama hanehalkı büyüklüğü";"2008";"4";"";"";"";"";""
"Türkiye";"Yıllık";"Adrese Dayalı Nüfus Kayıt Sistemi";"Afyonkarahisar";"Ortalama hanehalkı büyüklüğü";"2009";"3,92198638047071";"";"";"";"";""
"Türkiye";"Yıllık";"Adrese Dayalı Nüfus Kayıt Sistemi";"Afyonkarahisar";"Ortalama hanehalkı büyüklüğü";"2010";"3,82207410311704";"";"";"";"";""
"Türkiye";"Yıllık";"Adrese Dayalı Nüfus Kayıt Sistemi";"Afyonkarahisar";"Ortalama hanehalkı büyüklüğü";"2011";"3,76956745196213";"";"";"";"";""
"Türkiye";"Yıllık";"Adrese Dayalı Nüfus Kayıt Sistemi";"Afyonkarahisar";"Ortalama hanehalkı büyüklüğü";"2012";"3,68400958267763";"";"";"";"";""
"Türkiye";"Yıllık";"Adrese Dayalı Nüfus Kayıt Sistemi";"Afyonkarahisar";"Ortalama hanehalkı büyüklüğü";"2013";"3,6297570699948";"";"";"";"";""
"Türkiye";"Yıllık";"Adrese Dayalı Nüfus Kayıt Sistemi";"Afyonkarahisar";"Ortalama hanehalkı büyüklüğü";"2014";"3,57185919672337";"";"";"";"";""
"Türkiye";"Yıllık";"Adrese Dayalı Nüfus Kayıt Sistemi";"Afyonkarahisar";"Ortalama hanehalkı büyüklüğü";"2015";"3,52927788762564";"";"";"";"";""
"Türkiye";"Yıllık";"Adrese Dayalı Nüfus Kayıt Sistemi";"Afyonkarahisar";"Ortalama hanehalkı büyüklüğü";"2016";"3,5071858992908";"";"";"";"";""
"Türkiye";"Yıllık";"Adrese Dayalı Nüfus Kayıt Sistemi";"Afyonkarahisar";"Ortalama hanehalkı büyüklüğü";"2017";"3,47228028217135";"";"";"";"";""
"Türkiye";"Yıllık";"Adrese Dayalı Nüfus Kayıt Sistemi";"Afyonkarahisar";"Ortalama hanehalkı büyüklüğü";"2018";"3,45192525425564";"";"";"";"";""
"Türkiye";"Yıllık";"Adrese Dayalı Nüfus Kayıt Sistemi";"Afyonkarahisar";"Ortalama hanehalkı büyüklüğü";"2019";"3,39382822719615";"";"";"";"";""
"Türkiye";"Yıllık";"Adrese Dayalı Nüfus Kayıt Sistemi";"Afyonkarahisar";"Ortalama hanehalkı büyüklüğü";"2020";"3,34631122539957";"";"";"";"";""
"Türkiye";"Yıllık";"Adrese Dayalı Nüfus Kayıt Sistemi";"Afyonkarahisar";"Ortalama hanehalkı büyüklüğü";"2021";"3,27643486544415";"";"";"";"";""
"Türkiye";"Yıllık";"Adrese Dayalı Nüfus Kayıt Sistemi";"Afyonkarahisar";"Ortalama hanehalkı büyüklüğü";"2022";"3,20065430266401";"";"";"";"";""
"Türkiye";"Yıllık";"Adrese Dayalı Nüfus Kayıt Sistemi";"Afyonkarahisar";"Ortalama hanehalkı büyüklüğü";"2023";"3,18085671745365";"";"";"";"";""
"Türkiye";"Yıllık";"Adrese Dayalı Nüfus Kayıt Sistemi";"Afyonkarahisar";"Ortalama hanehalkı büyüklüğü";"2024";"3,14668881409276";"";"";"";"";""
"Türkiye";"Yıllık";"Adrese Dayalı Nüfus Kayıt Sistemi";"Afyonkarahisar";"Ortalama hanehalkı büyüklüğü";"2025";"3,12100896346662";"";"";"";"";""
"Türkiye";"Yıllık";"Adrese Dayalı Nüfus Kayıt Sistemi";"Kütahya";"Ortalama hanehalkı büyüklüğü";"2008";"3,4";"";"";"";"";""
"Türkiye";"Yıllık";"Adrese Dayalı Nüfus Kayıt Sistemi";"Kütahya";"Ortalama hanehalkı büyüklüğü";"2009";"3,40087435848698";"";"";"";"";""
"Türkiye";"Yıllık";"Adrese Dayalı Nüfus Kayıt Sistemi";"Kütahya";"Ortalama hanehalkı büyüklüğü";"2010";"3,30802468016703";"";"";"";"";""
"Türkiye";"Yıllık";"Adrese Dayalı Nüfus Kayıt Sistemi";"Kütahya";"Ortalama hanehalkı büyüklüğü";"2011";"3,25291206199662";"";"";"";"";""
"Türkiye";"Yıllık";"Adrese Dayalı Nüfus Kayıt Sistemi";"Kütahya";"Ortalama hanehalkı büyüklüğü";"2012";"3,19390306017903";"";"";"";"";""
"Türkiye";"Yıllık";"Adrese Dayalı Nüfus Kayıt Sistemi";"Kütahya";"Ortalama hanehalkı büyüklüğü";"2013";"3,15175585768007";"";"";"";"";""
"Türkiye";"Yıllık";"Adrese Dayalı Nüfus Kayıt Sistemi";"Kütahya";"Ortalama hanehalkı büyüklüğü";"2014";"3,10073607571064";"";"";"";"";""
"Türkiye";"Yıllık";"Adrese Dayalı Nüfus Kayıt Sistemi";"Kütahya";"Ortalama hanehalkı büyüklüğü";"2015";"3,06255106468099";"";"";"";"";""
"Türkiye";"Yıllık";"Adrese Dayalı Nüfus Kayıt Sistemi";"Kütahya";"Ortalama hanehalkı büyüklüğü";"2016";"3,02945132389231";"";"";"";"";""
"Türkiye";"Yıllık";"Adrese Dayalı Nüfus Kayıt Sistemi";"Kütahya";"Ortalama hanehalkı büyüklüğü";"2017";"3,00043487834416";"";"";"";"";""
"Türkiye";"Yıllık";"Adrese Dayalı Nüfus Kayıt Sistemi";"Kütahya";"Ortalama hanehalkı büyüklüğü";"2018";"2,97621583437483";"";"";"";"";""
"Türkiye";"Yıllık";"Adrese Dayalı Nüfus Kayıt Sistemi";"Kütahya";"Ortalama hanehalkı büyüklüğü";"2019";"2,92128144498828";"";"";"";"";""
"Türkiye";"Yıllık";"Adrese Dayalı Nüfus Kayıt Sistemi";"Kütahya";"Ortalama hanehalkı büyüklüğü";"2020";"2,89438454721917";"";"";"";"";""
"Türkiye";"Yıllık";"Adrese Dayalı Nüfus Kayıt Sistemi";"Kütahya";"Ortalama hanehalkı büyüklüğü";"2021";"2,82780078680493";"";"";"";"";""
"Türkiye";"Yıllık";"Adrese Dayalı Nüfus Kayıt Sistemi";"Kütahya";"Ortalama hanehalkı büyüklüğü";"2022";"2,77356232269368";"";"";"";"";""
"Türkiye";"Yıllık";"Adrese Dayalı Nüfus Kayıt Sistemi";"Kütahya";"Ortalama hanehalkı büyüklüğü";"2023";"2,77587134360473";"";"";"";"";""
"Türkiye";"Yıllık";"Adrese Dayalı Nüfus Kayıt Sistemi";"Kütahya";"Ortalama hanehalkı büyüklüğü";"2024";"2,74430612999084";"";"";"";"";""
"Türkiye";"Yıllık";"Adrese Dayalı Nüfus Kayıt Sistemi";"Kütahya";"Ortalama hanehalkı büyüklüğü";"2025";"2,71376922421185";"";"";"";"";""
"Türkiye";"Yıllık";"Adrese Dayalı Nüfus Kayıt Sistemi";"Manisa";"Ortalama hanehalkı büyüklüğü";"2008";"3,5";"";"";"";"";""
"Türkiye";"Yıllık";"Adrese Dayalı Nüfus Kayıt Sistemi";"Manisa";"Ortalama hanehalkı büyüklüğü";"2009";"3,43948838018699";"";"";"";"";""
"Türkiye";"Yıllık";"Adrese Dayalı Nüfus Kayıt Sistemi";"Manisa";"Ortalama hanehalkı büyüklüğü";"2010";"3,35060945678515";"";"";"";"";""
"Türkiye";"Yıllık";"Adrese Dayalı Nüfus Kayıt Sistemi";"Manisa";"Ortalama hanehalkı büyüklüğü";"2011";"3,30534469050525";"";"";"";"";""
"Türkiye";"Yıllık";"Adrese Dayalı Nüfus Kayıt Sistemi";"Manisa";"Ortalama hanehalkı büyüklüğü";"2012";"3,26885019120768";"";"";"";"";""
"Türkiye";"Yıllık";"Adrese Dayalı Nüfus Kayıt Sistemi";"Manisa";"Ortalama hanehalkı büyüklüğü";"2013";"3,2298715714244";"";"";"";"";""
"Türkiye";"Yıllık";"Adrese Dayalı Nüfus Kayıt Sistemi";"Manisa";"Ortalama hanehalkı büyüklüğü";"2014";"3,20113640450246";"";"";"";"";""
"Türkiye";"Yıllık";"Adrese Dayalı Nüfus Kayıt Sistemi";"Manisa";"Ortalama hanehalkı büyüklüğü";"2015";"3,16892225624815";"";"";"";"";""
"Türkiye";"Yıllık";"Adrese Dayalı Nüfus Kayıt Sistemi";"Manisa";"Ortalama hanehalkı büyüklüğü";"2016";"3,15312597668685";"";"";"";"";""
"Türkiye";"Yıllık";"Adrese Dayalı Nüfus Kayıt Sistemi";"Manisa";"Ortalama hanehalkı büyüklüğü";"2017";"3,13025134424839";"";"";"";"";""
"Türkiye";"Yıllık";"Adrese Dayalı Nüfus Kayıt Sistemi";"Manisa";"Ortalama hanehalkı büyüklüğü";"2018";"3,10819425036504";"";"";"";"";""
"Türkiye";"Yıllık";"Adrese Dayalı Nüfus Kayıt Sistemi";"Manisa";"Ortalama hanehalkı büyüklüğü";"2019";"3,07135016947367";"";"";"";"";""
"Türkiye";"Yıllık";"Adrese Dayalı Nüfus Kayıt Sistemi";"Manisa";"Ortalama hanehalkı büyüklüğü";"2020";"3,03913118168739";"";"";"";"";""
"Türkiye";"Yıllık";"Adrese Dayalı Nüfus Kayıt Sistemi";"Manisa";"Ortalama hanehalkı büyüklüğü";"2021";"2,99067037718453";"";"";"";"";""
"Türkiye";"Yıllık";"Adrese Dayalı Nüfus Kayıt Sistemi";"Manisa";"Ortalama hanehalkı büyüklüğü";"2022";"2,94932060454855";"";"";"";"";""
"Türkiye";"Yıllık";"Adrese Dayalı Nüfus Kayıt Sistemi";"Manisa";"Ortalama hanehalkı büyüklüğü";"2023";"2,93850429096853";"";"";"";"";""
"Türkiye";"Yıllık";"Adrese Dayalı Nüfus Kayıt Sistemi";"Manisa";"Ortalama hanehalkı büyüklüğü";"2024";"2,92664703904809";"";"";"";"";""
"Türkiye";"Yıllık";"Adrese Dayalı Nüfus Kayıt Sistemi";"Manisa";"Ortalama hanehalkı büyüklüğü";"2025";"2,90545736847851";"";"";"";"";""
"Türkiye";"Yıllık";"Adrese Dayalı Nüfus Kayıt Sistemi";"Uşak";"Ortalama hanehalkı büyüklüğü";"2008";"3,5";"";"";"";"";""
"Türkiye";"Yıllık";"Adrese Dayalı Nüfus Kayıt Sistemi";"Uşak";"Ortalama hanehalkı büyüklüğü";"2009";"3,42731464690949";"";"";"";"";""
"Türkiye";"Yıllık";"Adrese Dayalı Nüfus Kayıt Sistemi";"Uşak";"Ortalama hanehalkı büyüklüğü";"2010";"3,34045476125539";"";"";"";"";""
"Türkiye";"Yıllık";"Adrese Dayalı Nüfus Kayıt Sistemi";"Uşak";"Ortalama hanehalkı büyüklüğü";"2011";"3,28910928328929";"";"";"";"";""
"Türkiye";"Yıllık";"Adrese Dayalı Nüfus Kayıt Sistemi";"Uşak";"Ortalama hanehalkı büyüklüğü";"2012";"3,23858237882895";"";"";"";"";""
"Türkiye";"Yıllık";"Adrese Dayalı Nüfus Kayıt Sistemi";"Uşak";"Ortalama hanehalkı büyüklüğü";"2013";"3,18676601297301";"";"";"";"";""
"Türkiye";"Yıllık";"Adrese Dayalı Nüfus Kayıt Sistemi";"Uşak";"Ortalama hanehalkı büyüklüğü";"2014";"3,15254457773111";"";"";"";"";""
"Türkiye";"Yıllık";"Adrese Dayalı Nüfus Kayıt Sistemi";"Uşak";"Ortalama hanehalkı büyüklüğü";"2015";"3,11864993351669";"";"";"";"";""
"Türkiye";"Yıllık";"Adrese Dayalı Nüfus Kayıt Sistemi";"Uşak";"Ortalama hanehalkı büyüklüğü";"2016";"3,10082542965129";"";"";"";"";""
"Türkiye";"Yıllık";"Adrese Dayalı Nüfus Kayıt Sistemi";"Uşak";"Ortalama hanehalkı büyüklüğü";"2017";"3,07108387390065";"";"";"";"";""
"Türkiye";"Yıllık";"Adrese Dayalı Nüfus Kayıt Sistemi";"Uşak";"Ortalama hanehalkı büyüklüğü";"2018";"3,02923065064534";"";"";"";"";""
"Türkiye";"Yıllık";"Adrese Dayalı Nüfus Kayıt Sistemi";"Uşak";"Ortalama hanehalkı büyüklüğü";"2019";"2,98847999731508";"";"";"";"";""
"Türkiye";"Yıllık";"Adrese Dayalı Nüfus Kayıt Sistemi";"Uşak";"Ortalama hanehalkı büyüklüğü";"2020";"2,94226670601351";"";"";"";"";""
"Türkiye";"Yıllık";"Adrese Dayalı Nüfus Kayıt Sistemi";"Uşak";"Ortalama hanehalkı büyüklüğü";"2021";"2,88166367655539";"";"";"";"";""
"Türkiye";"Yıllık";"Adrese Dayalı Nüfus Kayıt Sistemi";"Uşak";"Ortalama hanehalkı büyüklüğü";"2022";"2,8347351011546";"";"";"";"";""
"Türkiye";"Yıllık";"Adrese Dayalı Nüfus Kayıt Sistemi";"Uşak";"Ortalama hanehalkı büyüklüğü";"2023";"2,81418015181943";"";"";"";"";""
"Türkiye";"Yıllık";"Adrese Dayalı Nüfus Kayıt Sistemi";"Uşak";"Ortalama hanehalkı büyüklüğü";"2024";"2,78030904396748";"";"";"";"";""
"Türkiye";"Yıllık";"Adrese Dayalı Nüfus Kayıt Sistemi";"Uşak";"Ortalama hanehalkı büyüklüğü";"2025";"2,74930617674717";"";"";"";"";""
"Türkiye";"Yıllık";"Adrese Dayalı Nüfus Kayıt Sistemi";"Bilecik";"Ortalama hanehalkı büyüklüğü";"2008";"3,3";"";"";"";"";""
"Türkiye";"Yıllık";"Adrese Dayalı Nüfus Kayıt Sistemi";"Bilecik";"Ortalama hanehalkı büyüklüğü";"2009";"3,31010159498868";"";"";"";"";""
"Türkiye";"Yıllık";"Adrese Dayalı Nüfus Kayıt Sistemi";"Bilecik";"Ortalama hanehalkı büyüklüğü";"2010";"3,22723127484213";"";"";"";"";""
"Türkiye";"Yıllık";"Adrese Dayalı Nüfus Kayıt Sistemi";"Bilecik";"Ortalama hanehalkı büyüklüğü";"2011";"3,18901587194722";"";"";"";"";""
"Türkiye";"Yıllık";"Adrese Dayalı Nüfus Kayıt Sistemi";"Bilecik";"Ortalama hanehalkı büyüklüğü";"2012";"3,12890869036267";"";"";"";"";""
"Türkiye";"Yıllık";"Adrese Dayalı Nüfus Kayıt Sistemi";"Bilecik";"Ortalama hanehalkı büyüklüğü";"2013";"3,09888557022192";"";"";"";"";""
"Türkiye";"Yıllık";"Adrese Dayalı Nüfus Kayıt Sistemi";"Bilecik";"Ortalama hanehalkı büyüklüğü";"2014";"3,06751374928883";"";"";"";"";""
"Türkiye";"Yıllık";"Adrese Dayalı Nüfus Kayıt Sistemi";"Bilecik";"Ortalama hanehalkı büyüklüğü";"2015";"3,0416621460345";"";"";"";"";""
"Türkiye";"Yıllık";"Adrese Dayalı Nüfus Kayıt Sistemi";"Bilecik";"Ortalama hanehalkı büyüklüğü";"2016";"3,02405320861299";"";"";"";"";""
"Türkiye";"Yıllık";"Adrese Dayalı Nüfus Kayıt Sistemi";"Bilecik";"Ortalama hanehalkı büyüklüğü";"2017";"2,99503570416971";"";"";"";"";""
"Türkiye";"Yıllık";"Adrese Dayalı Nüfus Kayıt Sistemi";"Bilecik";"Ortalama hanehalkı büyüklüğü";"2018";"2,98943877998189";"";"";"";"";""
"Türkiye";"Yıllık";"Adrese Dayalı Nüfus Kayıt Sistemi";"Bilecik";"Ortalama hanehalkı büyüklüğü";"2019";"2,95304854424658";"";"";"";"";""
"Türkiye";"Yıllık";"Adrese Dayalı Nüfus Kayıt Sistemi";"Bilecik";"Ortalama hanehalkı büyüklüğü";"2020";"2,92458390636841";"";"";"";"";""
"Türkiye";"Yıllık";"Adrese Dayalı Nüfus Kayıt Sistemi";"Bilecik";"Ortalama hanehalkı büyüklüğü";"2021";"2,87581538124212";"";"";"";"";""
"Türkiye";"Yıllık";"Adrese Dayalı Nüfus Kayıt Sistemi";"Bilecik";"Ortalama hanehalkı büyüklüğü";"2022";"2,83275135941998";"";"";"";"";""
"Türkiye";"Yıllık";"Adrese Dayalı Nüfus Kayıt Sistemi";"Bilecik";"Ortalama hanehalkı büyüklüğü";"2023";"2,84192313741939";"";"";"";"";""
"Türkiye";"Yıllık";"Adrese Dayalı Nüfus Kayıt Sistemi";"Bilecik";"Ortalama hanehalkı büyüklüğü";"2024";"2,82743842686353";"";"";"";"";""
"Türkiye";"Yıllık";"Adrese Dayalı Nüfus Kayıt Sistemi";"Bilecik";"Ortalama hanehalkı büyüklüğü";"2025";"2,80116339193382";"";"";"";"";""
"Türkiye";"Yıllık";"Adrese Dayalı Nüfus Kayıt Sistemi";"Bursa";"Ortalama hanehalkı büyüklüğü";"2008";"3,7";"";"";"";"";""
"Türkiye";"Yıllık";"Adrese Dayalı Nüfus Kayıt Sistemi";"Bursa";"Ortalama hanehalkı büyüklüğü";"2009";"3,67016917249281";"";"";"";"";""
"Türkiye";"Yıllık";"Adrese Dayalı Nüfus Kayıt Sistemi";"Bursa";"Ortalama hanehalkı büyüklüğü";"2010";"3,56349534033266";"";"";"";"";""
"Türkiye";"Yıllık";"Adrese Dayalı Nüfus Kayıt Sistemi";"Bursa";"Ortalama hanehalkı büyüklüğü";"2011";"3,51290044933007";"";"";"";"";""
"Türkiye";"Yıllık";"Adrese Dayalı Nüfus Kayıt Sistemi";"Bursa";"Ortalama hanehalkı büyüklüğü";"2012";"3,47020556753655";"";"";"";"";""
"Türkiye";"Yıllık";"Adrese Dayalı Nüfus Kayıt Sistemi";"Bursa";"Ortalama hanehalkı büyüklüğü";"2013";"3,42570328315888";"";"";"";"";""
"Türkiye";"Yıllık";"Adrese Dayalı Nüfus Kayıt Sistemi";"Bursa";"Ortalama hanehalkı büyüklüğü";"2014";"3,39473533932034";"";"";"";"";""
"Türkiye";"Yıllık";"Adrese Dayalı Nüfus Kayıt Sistemi";"Bursa";"Ortalama hanehalkı büyüklüğü";"2015";"3,36028022451723";"";"";"";"";""
"Türkiye";"Yıllık";"Adrese Dayalı Nüfus Kayıt Sistemi";"Bursa";"Ortalama hanehalkı büyüklüğü";"2016";"3,34117879189334";"";"";"";"";""
"Türkiye";"Yıllık";"Adrese Dayalı Nüfus Kayıt Sistemi";"Bursa";"Ortalama hanehalkı büyüklüğü";"2017";"3,30789337262912";"";"";"";"";""
"Türkiye";"Yıllık";"Adrese Dayalı Nüfus Kayıt Sistemi";"Bursa";"Ortalama hanehalkı büyüklüğü";"2018";"3,2935199903012";"";"";"";"";""
"Türkiye";"Yıllık";"Adrese Dayalı Nüfus Kayıt Sistemi";"Bursa";"Ortalama hanehalkı büyüklüğü";"2019";"3,2577794496053";"";"";"";"";""
"Türkiye";"Yıllık";"Adrese Dayalı Nüfus Kayıt Sistemi";"Bursa";"Ortalama hanehalkı büyüklüğü";"2020";"3,23535022354694";"";"";"";"";""
"Türkiye";"Yıllık";"Adrese Dayalı Nüfus Kayıt Sistemi";"Bursa";"Ortalama hanehalkı büyüklüğü";"2021";"3,17449431868138";"";"";"";"";""
"Türkiye";"Yıllık";"Adrese Dayalı Nüfus Kayıt Sistemi";"Bursa";"Ortalama hanehalkı büyüklüğü";"2022";"3,13759599896234";"";"";"";"";""
"Türkiye";"Yıllık";"Adrese Dayalı Nüfus Kayıt Sistemi";"Bursa";"Ortalama hanehalkı büyüklüğü";"2023";"3,11713135503484";"";"";"";"";""
"Türkiye";"Yıllık";"Adrese Dayalı Nüfus Kayıt Sistemi";"Bursa";"Ortalama hanehalkı büyüklüğü";"2024";"3,09366361564116";"";"";"";"";""
"Türkiye";"Yıllık";"Adrese Dayalı Nüfus Kayıt Sistemi";"Bursa";"Ortalama hanehalkı büyüklüğü";"2025";"3,0634662616153";"";"";"";"";""
"Türkiye";"Yıllık";"Adrese Dayalı Nüfus Kayıt Sistemi";"Eskişehir";"Ortalama hanehalkı büyüklüğü";"2008";"3,2";"";"";"";"";""
"Türkiye";"Yıllık";"Adrese Dayalı Nüfus Kayıt Sistemi";"Eskişehir";"Ortalama hanehalkı büyüklüğü";"2009";"3,17860483158416";"";"";"";"";""
"Türkiye";"Yıllık";"Adrese Dayalı Nüfus Kayıt Sistemi";"Eskişehir";"Ortalama hanehalkı büyüklüğü";"2010";"3,03094747258184";"";"";"";"";""
"Türkiye";"Yıllık";"Adrese Dayalı Nüfus Kayıt Sistemi";"Eskişehir";"Ortalama hanehalkı büyüklüğü";"2011";"2,95151369760656";"";"";"";"";""
"Türkiye";"Yıllık";"Adrese Dayalı Nüfus Kayıt Sistemi";"Eskişehir";"Ortalama hanehalkı büyüklüğü";"2012";"2,89234855075782";"";"";"";"";""
"Türkiye";"Yıllık";"Adrese Dayalı Nüfus Kayıt Sistemi";"Eskişehir";"Ortalama hanehalkı büyüklüğü";"2013";"2,84586209063587";"";"";"";"";""
"Türkiye";"Yıllık";"Adrese Dayalı Nüfus Kayıt Sistemi";"Eskişehir";"Ortalama hanehalkı büyüklüğü";"2014";"2,81394964326151";"";"";"";"";""
"Türkiye";"Yıllık";"Adrese Dayalı Nüfus Kayıt Sistemi";"Eskişehir";"Ortalama hanehalkı büyüklüğü";"2015";"2,78102085282903";"";"";"";"";""
"Türkiye";"Yıllık";"Adrese Dayalı Nüfus Kayıt Sistemi";"Eskişehir";"Ortalama hanehalkı büyüklüğü";"2016";"2,75848283766051";"";"";"";"";""
"Türkiye";"Yıllık";"Adrese Dayalı Nüfus Kayıt Sistemi";"Eskişehir";"Ortalama hanehalkı büyüklüğü";"2017";"2,73487869586908";"";"";"";"";""
"Türkiye";"Yıllık";"Adrese Dayalı Nüfus Kayıt Sistemi";"Eskişehir";"Ortalama hanehalkı büyüklüğü";"2018";"2,71555942471747";"";"";"";"";""
"Türkiye";"Yıllık";"Adrese Dayalı Nüfus Kayıt Sistemi";"Eskişehir";"Ortalama hanehalkı büyüklüğü";"2019";"2,68195256080222";"";"";"";"";""
"Türkiye";"Yıllık";"Adrese Dayalı Nüfus Kayıt Sistemi";"Eskişehir";"Ortalama hanehalkı büyüklüğü";"2020";"2,68201545464169";"";"";"";"";""
"Türkiye";"Yıllık";"Adrese Dayalı Nüfus Kayıt Sistemi";"Eskişehir";"Ortalama hanehalkı büyüklüğü";"2021";"2,64833759590793";"";"";"";"";""
"Türkiye";"Yıllık";"Adrese Dayalı Nüfus Kayıt Sistemi";"Eskişehir";"Ortalama hanehalkı büyüklüğü";"2022";"2,61955881999664";"";"";"";"";""
"Türkiye";"Yıllık";"Adrese Dayalı Nüfus Kayıt Sistemi";"Eskişehir";"Ortalama hanehalkı büyüklüğü";"2023";"2,61599620127317";"";"";"";"";""
"Türkiye";"Yıllık";"Adrese Dayalı Nüfus Kayıt Sistemi";"Eskişehir";"Ortalama hanehalkı büyüklüğü";"2024";"2,59410906678954";"";"";"";"";""
"Türkiye";"Yıllık";"Adrese Dayalı Nüfus Kayıt Sistemi";"Eskişehir";"Ortalama hanehalkı büyüklüğü";"2025";"2,55682980361514";"";"";"";"";""
"Türkiye";"Yıllık";"Adrese Dayalı Nüfus Kayıt Sistemi";"Bolu";"Ortalama hanehalkı büyüklüğü";"2008";"3,6";"";"";"";"";""
"Türkiye";"Yıllık";"Adrese Dayalı Nüfus Kayıt Sistemi";"Bolu";"Ortalama hanehalkı büyüklüğü";"2009";"3,52507530018774";"";"";"";"";""
"Türkiye";"Yıllık";"Adrese Dayalı Nüfus Kayıt Sistemi";"Bolu";"Ortalama hanehalkı büyüklüğü";"2010";"3,39980617363176";"";"";"";"";""
"Türkiye";"Yıllık";"Adrese Dayalı Nüfus Kayıt Sistemi";"Bolu";"Ortalama hanehalkı büyüklüğü";"2011";"3,34196851597127";"";"";"";"";""
"Türkiye";"Yıllık";"Adrese Dayalı Nüfus Kayıt Sistemi";"Bolu";"Ortalama hanehalkı büyüklüğü";"2012";"3,29420898340455";"";"";"";"";""
"Türkiye";"Yıllık";"Adrese Dayalı Nüfus Kayıt Sistemi";"Bolu";"Ortalama hanehalkı büyüklüğü";"2013";"3,24708849760442";"";"";"";"";""
"Türkiye";"Yıllık";"Adrese Dayalı Nüfus Kayıt Sistemi";"Bolu";"Ortalama hanehalkı büyüklüğü";"2014";"3,19840662767572";"";"";"";"";""
"Türkiye";"Yıllık";"Adrese Dayalı Nüfus Kayıt Sistemi";"Bolu";"Ortalama hanehalkı büyüklüğü";"2015";"3,14093821979977";"";"";"";"";""
"Türkiye";"Yıllık";"Adrese Dayalı Nüfus Kayıt Sistemi";"Bolu";"Ortalama hanehalkı büyüklüğü";"2016";"3,10825451606562";"";"";"";"";""
"Türkiye";"Yıllık";"Adrese Dayalı Nüfus Kayıt Sistemi";"Bolu";"Ortalama hanehalkı büyüklüğü";"2017";"3,06155594386853";"";"";"";"";""
"Türkiye";"Yıllık";"Adrese Dayalı Nüfus Kayıt Sistemi";"Bolu";"Ortalama hanehalkı büyüklüğü";"2018";"3,04228058267634";"";"";"";"";""
"Türkiye";"Yıllık";"Adrese Dayalı Nüfus Kayıt Sistemi";"Bolu";"Ortalama hanehalkı büyüklüğü";"2019";"2,99916917434167";"";"";"";"";""
"Türkiye";"Yıllık";"Adrese Dayalı Nüfus Kayıt Sistemi";"Bolu";"Ortalama hanehalkı büyüklüğü";"2020";"2,95088577146406";"";"";"";"";""
"Türkiye";"Yıllık";"Adrese Dayalı Nüfus Kayıt Sistemi";"Bolu";"Ortalama hanehalkı büyüklüğü";"2021";"2,87850476245233";"";"";"";"";""
"Türkiye";"Yıllık";"Adrese Dayalı Nüfus Kayıt Sistemi";"Bolu";"Ortalama hanehalkı büyüklüğü";"2022";"2,83241644761547";"";"";"";"";""
"Türkiye";"Yıllık";"Adrese Dayalı Nüfus Kayıt Sistemi";"Bolu";"Ortalama hanehalkı büyüklüğü";"2023";"2,82886492516501";"";"";"";"";""
"Türkiye";"Yıllık";"Adrese Dayalı Nüfus Kayıt Sistemi";"Bolu";"Ortalama hanehalkı büyüklüğü";"2024";"2,80143768051749";"";"";"";"";""
"Türkiye";"Yıllık";"Adrese Dayalı Nüfus Kayıt Sistemi";"Bolu";"Ortalama hanehalkı büyüklüğü";"2025";"2,77429718144504";"";"";"";"";""
"Türkiye";"Yıllık";"Adrese Dayalı Nüfus Kayıt Sistemi";"Düzce";"Ortalama hanehalkı büyüklüğü";"2008";"3,9";"";"";"";"";""
"Türkiye";"Yıllık";"Adrese Dayalı Nüfus Kayıt Sistemi";"Düzce";"Ortalama hanehalkı büyüklüğü";"2009";"3,9574241426776";"";"";"";"";""
"Türkiye";"Yıllık";"Adrese Dayalı Nüfus Kayıt Sistemi";"Düzce";"Ortalama hanehalkı büyüklüğü";"2010";"3,82456160590678";"";"";"";"";""
"Türkiye";"Yıllık";"Adrese Dayalı Nüfus Kayıt Sistemi";"Düzce";"Ortalama hanehalkı büyüklüğü";"2011";"3,73930405019966";"";"";"";"";""
"Türkiye";"Yıllık";"Adrese Dayalı Nüfus Kayıt Sistemi";"Düzce";"Ortalama hanehalkı büyüklüğü";"2012";"3,68758626733563";"";"";"";"";""
"Türkiye";"Yıllık";"Adrese Dayalı Nüfus Kayıt Sistemi";"Düzce";"Ortalama hanehalkı büyüklüğü";"2013";"3,62798642076474";"";"";"";"";""
"Türkiye";"Yıllık";"Adrese Dayalı Nüfus Kayıt Sistemi";"Düzce";"Ortalama hanehalkı büyüklüğü";"2014";"3,5602586957423";"";"";"";"";""
"Türkiye";"Yıllık";"Adrese Dayalı Nüfus Kayıt Sistemi";"Düzce";"Ortalama hanehalkı büyüklüğü";"2015";"3,51014874026105";"";"";"";"";""
"Türkiye";"Yıllık";"Adrese Dayalı Nüfus Kayıt Sistemi";"Düzce";"Ortalama hanehalkı büyüklüğü";"2016";"3,46816512500246";"";"";"";"";""
"Türkiye";"Yıllık";"Adrese Dayalı Nüfus Kayıt Sistemi";"Düzce";"Ortalama hanehalkı büyüklüğü";"2017";"3,42259925866483";"";"";"";"";""
"Türkiye";"Yıllık";"Adrese Dayalı Nüfus Kayıt Sistemi";"Düzce";"Ortalama hanehalkı büyüklüğü";"2018";"3,3978831866922";"";"";"";"";""
"Türkiye";"Yıllık";"Adrese Dayalı Nüfus Kayıt Sistemi";"Düzce";"Ortalama hanehalkı büyüklüğü";"2019";"3,33851965104776";"";"";"";"";""
"Türkiye";"Yıllık";"Adrese Dayalı Nüfus Kayıt Sistemi";"Düzce";"Ortalama hanehalkı büyüklüğü";"2020";"3,2740703491447";"";"";"";"";""
"Türkiye";"Yıllık";"Adrese Dayalı Nüfus Kayıt Sistemi";"Düzce";"Ortalama hanehalkı büyüklüğü";"2021";"3,18401837928154";"";"";"";"";""
"Türkiye";"Yıllık";"Adrese Dayalı Nüfus Kayıt Sistemi";"Düzce";"Ortalama hanehalkı büyüklüğü";"2022";"3,10604078553486";"";"";"";"";""
"Türkiye";"Yıllık";"Adrese Dayalı Nüfus Kayıt Sistemi";"Düzce";"Ortalama hanehalkı büyüklüğü";"2023";"3,09818398894056";"";"";"";"";""
"Türkiye";"Yıllık";"Adrese Dayalı Nüfus Kayıt Sistemi";"Düzce";"Ortalama hanehalkı büyüklüğü";"2024";"3,06380575945793";"";"";"";"";""
"Türkiye";"Yıllık";"Adrese Dayalı Nüfus Kayıt Sistemi";"Düzce";"Ortalama hanehalkı büyüklüğü";"2025";"3,02402325123749";"";"";"";"";""
"Türkiye";"Yıllık";"Adrese Dayalı Nüfus Kayıt Sistemi";"Kocaeli";"Ortalama hanehalkı büyüklüğü";"2008";"3,9";"";"";"";"";""
"Türkiye";"Yıllık";"Adrese Dayalı Nüfus Kayıt Sistemi";"Kocaeli";"Ortalama hanehalkı büyüklüğü";"2009";"3,93724397621999";"";"";"";"";""
"Türkiye";"Yıllık";"Adrese Dayalı Nüfus Kayıt Sistemi";"Kocaeli";"Ortalama hanehalkı büyüklüğü";"2010";"3,80253691641288";"";"";"";"";""
"Türkiye";"Yıllık";"Adrese Dayalı Nüfus Kayıt Sistemi";"Kocaeli";"Ortalama hanehalkı büyüklüğü";"2011";"3,72450843015137";"";"";"";"";""
"Türkiye";"Yıllık";"Adrese Dayalı Nüfus Kayıt Sistemi";"Kocaeli";"Ortalama hanehalkı büyüklüğü";"2012";"3,66014632285697";"";"";"";"";""
"Türkiye";"Yıllık";"Adrese Dayalı Nüfus Kayıt Sistemi";"Kocaeli";"Ortalama hanehalkı büyüklüğü";"2013";"3,60587088459802";"";"";"";"";""
"Türkiye";"Yıllık";"Adrese Dayalı Nüfus Kayıt Sistemi";"Kocaeli";"Ortalama hanehalkı büyüklüğü";"2014";"3,56417737277585";"";"";"";"";""
"Türkiye";"Yıllık";"Adrese Dayalı Nüfus Kayıt Sistemi";"Kocaeli";"Ortalama hanehalkı büyüklüğü";"2015";"3,52961514631347";"";"";"";"";""
"Türkiye";"Yıllık";"Adrese Dayalı Nüfus Kayıt Sistemi";"Kocaeli";"Ortalama hanehalkı büyüklüğü";"2016";"3,50010792693935";"";"";"";"";""
"Türkiye";"Yıllık";"Adrese Dayalı Nüfus Kayıt Sistemi";"Kocaeli";"Ortalama hanehalkı büyüklüğü";"2017";"3,48074990549246";"";"";"";"";""
"Türkiye";"Yıllık";"Adrese Dayalı Nüfus Kayıt Sistemi";"Kocaeli";"Ortalama hanehalkı büyüklüğü";"2018";"3,44682613071298";"";"";"";"";""
"Türkiye";"Yıllık";"Adrese Dayalı Nüfus Kayıt Sistemi";"Kocaeli";"Ortalama hanehalkı büyüklüğü";"2019";"3,40842008759584";"";"";"";"";""
"Türkiye";"Yıllık";"Adrese Dayalı Nüfus Kayıt Sistemi";"Kocaeli";"Ortalama hanehalkı büyüklüğü";"2020";"3,36454520387413";"";"";"";"";""
"Türkiye";"Yıllık";"Adrese Dayalı Nüfus Kayıt Sistemi";"Kocaeli";"Ortalama hanehalkı büyüklüğü";"2021";"3,28982195515772";"";"";"";"";""
"Türkiye";"Yıllık";"Adrese Dayalı Nüfus Kayıt Sistemi";"Kocaeli";"Ortalama hanehalkı büyüklüğü";"2022";"3,23991242288695";"";"";"";"";""
"Türkiye";"Yıllık";"Adrese Dayalı Nüfus Kayıt Sistemi";"Kocaeli";"Ortalama hanehalkı büyüklüğü";"2023";"3,21554463349351";"";"";"";"";""
"Türkiye";"Yıllık";"Adrese Dayalı Nüfus Kayıt Sistemi";"Kocaeli";"Ortalama hanehalkı büyüklüğü";"2024";"3,19529139743785";"";"";"";"";""
"Türkiye";"Yıllık";"Adrese Dayalı Nüfus Kayıt Sistemi";"Kocaeli";"Ortalama hanehalkı büyüklüğü";"2025";"3,16363868161536";"";"";"";"";""
"Türkiye";"Yıllık";"Adrese Dayalı Nüfus Kayıt Sistemi";"Sakarya";"Ortalama hanehalkı büyüklüğü";"2008";"4";"";"";"";"";""
"Türkiye";"Yıllık";"Adrese Dayalı Nüfus Kayıt Sistemi";"Sakarya";"Ortalama hanehalkı büyüklüğü";"2009";"4,05054838879402";"";"";"";"";""
"Türkiye";"Yıllık";"Adrese Dayalı Nüfus Kayıt Sistemi";"Sakarya";"Ortalama hanehalkı büyüklüğü";"2010";"3,94710774434174";"";"";"";"";""
"Türkiye";"Yıllık";"Adrese Dayalı Nüfus Kayıt Sistemi";"Sakarya";"Ortalama hanehalkı büyüklüğü";"2011";"3,8722145375039";"";"";"";"";""
"Türkiye";"Yıllık";"Adrese Dayalı Nüfus Kayıt Sistemi";"Sakarya";"Ortalama hanehalkı büyüklüğü";"2012";"3,80182632174294";"";"";"";"";""
"Türkiye";"Yıllık";"Adrese Dayalı Nüfus Kayıt Sistemi";"Sakarya";"Ortalama hanehalkı büyüklüğü";"2013";"3,73070071258907";"";"";"";"";""
"Türkiye";"Yıllık";"Adrese Dayalı Nüfus Kayıt Sistemi";"Sakarya";"Ortalama hanehalkı büyüklüğü";"2014";"3,68080626972473";"";"";"";"";""
"Türkiye";"Yıllık";"Adrese Dayalı Nüfus Kayıt Sistemi";"Sakarya";"Ortalama hanehalkı büyüklüğü";"2015";"3,63634644478064";"";"";"";"";""
"Türkiye";"Yıllık";"Adrese Dayalı Nüfus Kayıt Sistemi";"Sakarya";"Ortalama hanehalkı büyüklüğü";"2016";"3,61346988502246";"";"";"";"";""
"Türkiye";"Yıllık";"Adrese Dayalı Nüfus Kayıt Sistemi";"Sakarya";"Ortalama hanehalkı büyüklüğü";"2017";"3,54806797536225";"";"";"";"";""
"Türkiye";"Yıllık";"Adrese Dayalı Nüfus Kayıt Sistemi";"Sakarya";"Ortalama hanehalkı büyüklüğü";"2018";"3,49574214880745";"";"";"";"";""
"Türkiye";"Yıllık";"Adrese Dayalı Nüfus Kayıt Sistemi";"Sakarya";"Ortalama hanehalkı büyüklüğü";"2019";"3,43398227772248";"";"";"";"";""
"Türkiye";"Yıllık";"Adrese Dayalı Nüfus Kayıt Sistemi";"Sakarya";"Ortalama hanehalkı büyüklüğü";"2020";"3,3730337004091";"";"";"";"";""
"Türkiye";"Yıllık";"Adrese Dayalı Nüfus Kayıt Sistemi";"Sakarya";"Ortalama hanehalkı büyüklüğü";"2021";"3,28405810075871";"";"";"";"";""
"Türkiye";"Yıllık";"Adrese Dayalı Nüfus Kayıt Sistemi";"Sakarya";"Ortalama hanehalkı büyüklüğü";"2022";"3,2168162304987";"";"";"";"";""
"Türkiye";"Yıllık";"Adrese Dayalı Nüfus Kayıt Sistemi";"Sakarya";"Ortalama hanehalkı büyüklüğü";"2023";"3,19589296039318";"";"";"";"";""
"Türkiye";"Yıllık";"Adrese Dayalı Nüfus Kayıt Sistemi";"Sakarya";"Ortalama hanehalkı büyüklüğü";"2024";"3,17564594707732";"";"";"";"";""
"Türkiye";"Yıllık";"Adrese Dayalı Nüfus Kayıt Sistemi";"Sakarya";"Ortalama hanehalkı büyüklüğü";"2025";"3,14088052140338";"";"";"";"";""
"Türkiye";"Yıllık";"Adrese Dayalı Nüfus Kayıt Sistemi";"Yalova";"Ortalama hanehalkı büyüklüğü";"2008";"3,5";"";"";"";"";""
"Türkiye";"Yıllık";"Adrese Dayalı Nüfus Kayıt Sistemi";"Yalova";"Ortalama hanehalkı büyüklüğü";"2009";"3,46835376532399";"";"";"";"";""
"Türkiye";"Yıllık";"Adrese Dayalı Nüfus Kayıt Sistemi";"Yalova";"Ortalama hanehalkı büyüklüğü";"2010";"3,35988987645089";"";"";"";"";""
"Türkiye";"Yıllık";"Adrese Dayalı Nüfus Kayıt Sistemi";"Yalova";"Ortalama hanehalkı büyüklüğü";"2011";"3,26648347181347";"";"";"";"";""
"Türkiye";"Yıllık";"Adrese Dayalı Nüfus Kayıt Sistemi";"Yalova";"Ortalama hanehalkı büyüklüğü";"2012";"3,21298660609384";"";"";"";"";""
"Türkiye";"Yıllık";"Adrese Dayalı Nüfus Kayıt Sistemi";"Yalova";"Ortalama hanehalkı büyüklüğü";"2013";"3,17069163791687";"";"";"";"";""
"Türkiye";"Yıllık";"Adrese Dayalı Nüfus Kayıt Sistemi";"Yalova";"Ortalama hanehalkı büyüklüğü";"2014";"3,13208602150538";"";"";"";"";""
"Türkiye";"Yıllık";"Adrese Dayalı Nüfus Kayıt Sistemi";"Yalova";"Ortalama hanehalkı büyüklüğü";"2015";"3,12184284702648";"";"";"";"";""
"Türkiye";"Yıllık";"Adrese Dayalı Nüfus Kayıt Sistemi";"Yalova";"Ortalama hanehalkı büyüklüğü";"2016";"3,11790951347176";"";"";"";"";""
"Türkiye";"Yıllık";"Adrese Dayalı Nüfus Kayıt Sistemi";"Yalova";"Ortalama hanehalkı büyüklüğü";"2017";"3,09859820846697";"";"";"";"";""
"Türkiye";"Yıllık";"Adrese Dayalı Nüfus Kayıt Sistemi";"Yalova";"Ortalama hanehalkı büyüklüğü";"2018";"3,09068268385585";"";"";"";"";""
"Türkiye";"Yıllık";"Adrese Dayalı Nüfus Kayıt Sistemi";"Yalova";"Ortalama hanehalkı büyüklüğü";"2019";"3,02540170268803";"";"";"";"";""
"Türkiye";"Yıllık";"Adrese Dayalı Nüfus Kayıt Sistemi";"Yalova";"Ortalama hanehalkı büyüklüğü";"2020";"2,99297737153049";"";"";"";"";""
"Türkiye";"Yıllık";"Adrese Dayalı Nüfus Kayıt Sistemi";"Yalova";"Ortalama hanehalkı büyüklüğü";"2021";"2,95904716832308";"";"";"";"";""
"Türkiye";"Yıllık";"Adrese Dayalı Nüfus Kayıt Sistemi";"Yalova";"Ortalama hanehalkı büyüklüğü";"2022";"2,91362664222426";"";"";"";"";""
"Türkiye";"Yıllık";"Adrese Dayalı Nüfus Kayıt Sistemi";"Yalova";"Ortalama hanehalkı büyüklüğü";"2023";"2,92738465216352";"";"";"";"";""
"Türkiye";"Yıllık";"Adrese Dayalı Nüfus Kayıt Sistemi";"Yalova";"Ortalama hanehalkı büyüklüğü";"2024";"2,90287759203883";"";"";"";"";""
"Türkiye";"Yıllık";"Adrese Dayalı Nüfus Kayıt Sistemi";"Yalova";"Ortalama hanehalkı büyüklüğü";"2025";"2,86971303445891";"";"";"";"";""
"Türkiye";"Yıllık";"Adrese Dayalı Nüfus Kayıt Sistemi";"Ankara";"Ortalama hanehalkı büyüklüğü";"2008";"3,6";"";"";"";"";""
"Türkiye";"Yıllık";"Adrese Dayalı Nüfus Kayıt Sistemi";"Ankara";"Ortalama hanehalkı büyüklüğü";"2009";"3,53553962262974";"";"";"";"";""
"Türkiye";"Yıllık";"Adrese Dayalı Nüfus Kayıt Sistemi";"Ankara";"Ortalama hanehalkı büyüklüğü";"2010";"3,36846964214386";"";"";"";"";""
"Türkiye";"Yıllık";"Adrese Dayalı Nüfus Kayıt Sistemi";"Ankara";"Ortalama hanehalkı büyüklüğü";"2011";"3,3029591145881";"";"";"";"";""
"Türkiye";"Yıllık";"Adrese Dayalı Nüfus Kayıt Sistemi";"Ankara";"Ortalama hanehalkı büyüklüğü";"2012";"3,24931639965252";"";"";"";"";""
"Türkiye";"Yıllık";"Adrese Dayalı Nüfus Kayıt Sistemi";"Ankara";"Ortalama hanehalkı büyüklüğü";"2013";"3,21300989030464";"";"";"";"";""
"Türkiye";"Yıllık";"Adrese Dayalı Nüfus Kayıt Sistemi";"Ankara";"Ortalama hanehalkı büyüklüğü";"2014";"3,18586396355558";"";"";"";"";""
"Türkiye";"Yıllık";"Adrese Dayalı Nüfus Kayıt Sistemi";"Ankara";"Ortalama hanehalkı büyüklüğü";"2015";"3,15480207354488";"";"";"";"";""
"Türkiye";"Yıllık";"Adrese Dayalı Nüfus Kayıt Sistemi";"Ankara";"Ortalama hanehalkı büyüklüğü";"2016";"3,13538450886515";"";"";"";"";""
"Türkiye";"Yıllık";"Adrese Dayalı Nüfus Kayıt Sistemi";"Ankara";"Ortalama hanehalkı büyüklüğü";"2017";"3,11060739715999";"";"";"";"";""
"Türkiye";"Yıllık";"Adrese Dayalı Nüfus Kayıt Sistemi";"Ankara";"Ortalama hanehalkı büyüklüğü";"2018";"3,09527090173474";"";"";"";"";""
"Türkiye";"Yıllık";"Adrese Dayalı Nüfus Kayıt Sistemi";"Ankara";"Ortalama hanehalkı büyüklüğü";"2019";"3,05945855030267";"";"";"";"";""
"Türkiye";"Yıllık";"Adrese Dayalı Nüfus Kayıt Sistemi";"Ankara";"Ortalama hanehalkı büyüklüğü";"2020";"3,02275160378579";"";"";"";"";""
"Türkiye";"Yıllık";"Adrese Dayalı Nüfus Kayıt Sistemi";"Ankara";"Ortalama hanehalkı büyüklüğü";"2021";"2,96212407815407";"";"";"";"";""
"Türkiye";"Yıllık";"Adrese Dayalı Nüfus Kayıt Sistemi";"Ankara";"Ortalama hanehalkı büyüklüğü";"2022";"2,92272404422533";"";"";"";"";""
"Türkiye";"Yıllık";"Adrese Dayalı Nüfus Kayıt Sistemi";"Ankara";"Ortalama hanehalkı büyüklüğü";"2023";"2,91954218091997";"";"";"";"";""
"Türkiye";"Yıllık";"Adrese Dayalı Nüfus Kayıt Sistemi";"Ankara";"Ortalama hanehalkı büyüklüğü";"2024";"2,89308004412809";"";"";"";"";""
"Türkiye";"Yıllık";"Adrese Dayalı Nüfus Kayıt Sistemi";"Ankara";"Ortalama hanehalkı büyüklüğü";"2025";"2,86361774462363";"";"";"";"";""
"Türkiye";"Yıllık";"Adrese Dayalı Nüfus Kayıt Sistemi";"Karaman";"Ortalama hanehalkı büyüklüğü";"2008";"3,6";"";"";"";"";""
"Türkiye";"Yıllık";"Adrese Dayalı Nüfus Kayıt Sistemi";"Karaman";"Ortalama hanehalkı büyüklüğü";"2009";"3,5831730920783";"";"";"";"";""
"Türkiye";"Yıllık";"Adrese Dayalı Nüfus Kayıt Sistemi";"Karaman";"Ortalama hanehalkı büyüklüğü";"2010";"3,48836383839007";"";"";"";"";""
"Türkiye";"Yıllık";"Adrese Dayalı Nüfus Kayıt Sistemi";"Karaman";"Ortalama hanehalkı büyüklüğü";"2011";"3,42344147918205";"";"";"";"";""
"Türkiye";"Yıllık";"Adrese Dayalı Nüfus Kayıt Sistemi";"Karaman";"Ortalama hanehalkı büyüklüğü";"2012";"3,37014947461891";"";"";"";"";""
"Türkiye";"Yıllık";"Adrese Dayalı Nüfus Kayıt Sistemi";"Karaman";"Ortalama hanehalkı büyüklüğü";"2013";"3,32513127630951";"";"";"";"";""
"Türkiye";"Yıllık";"Adrese Dayalı Nüfus Kayıt Sistemi";"Karaman";"Ortalama hanehalkı büyüklüğü";"2014";"3,28763002171167";"";"";"";"";""
"Türkiye";"Yıllık";"Adrese Dayalı Nüfus Kayıt Sistemi";"Karaman";"Ortalama hanehalkı büyüklüğü";"2015";"3,24433614147462";"";"";"";"";""
"Türkiye";"Yıllık";"Adrese Dayalı Nüfus Kayıt Sistemi";"Karaman";"Ortalama hanehalkı büyüklüğü";"2016";"3,22696238729186";"";"";"";"";""
"Türkiye";"Yıllık";"Adrese Dayalı Nüfus Kayıt Sistemi";"Karaman";"Ortalama hanehalkı büyüklüğü";"2017";"3,20431866735174";"";"";"";"";""
"Türkiye";"Yıllık";"Adrese Dayalı Nüfus Kayıt Sistemi";"Karaman";"Ortalama hanehalkı büyüklüğü";"2018";"3,17462585844151";"";"";"";"";""
"Türkiye";"Yıllık";"Adrese Dayalı Nüfus Kayıt Sistemi";"Karaman";"Ortalama hanehalkı büyüklüğü";"2019";"3,12130050946992";"";"";"";"";""
"Türkiye";"Yıllık";"Adrese Dayalı Nüfus Kayıt Sistemi";"Karaman";"Ortalama hanehalkı büyüklüğü";"2020";"3,08260331726036";"";"";"";"";""
"Türkiye";"Yıllık";"Adrese Dayalı Nüfus Kayıt Sistemi";"Karaman";"Ortalama hanehalkı büyüklüğü";"2021";"3,01836373469689";"";"";"";"";""
"Türkiye";"Yıllık";"Adrese Dayalı Nüfus Kayıt Sistemi";"Karaman";"Ortalama hanehalkı büyüklüğü";"2022";"2,96318753226794";"";"";"";"";""
"Türkiye";"Yıllık";"Adrese Dayalı Nüfus Kayıt Sistemi";"Karaman";"Ortalama hanehalkı büyüklüğü";"2023";"2,95451059059532";"";"";"";"";""
"Türkiye";"Yıllık";"Adrese Dayalı Nüfus Kayıt Sistemi";"Karaman";"Ortalama hanehalkı büyüklüğü";"2024";"2,92338104176443";"";"";"";"";""
"Türkiye";"Yıllık";"Adrese Dayalı Nüfus Kayıt Sistemi";"Karaman";"Ortalama hanehalkı büyüklüğü";"2025";"2,88454014007061";"";"";"";"";""
"Türkiye";"Yıllık";"Adrese Dayalı Nüfus Kayıt Sistemi";"Konya";"Ortalama hanehalkı büyüklüğü";"2008";"4";"";"";"";"";""
"Türkiye";"Yıllık";"Adrese Dayalı Nüfus Kayıt Sistemi";"Konya";"Ortalama hanehalkı büyüklüğü";"2009";"3,95738531434234";"";"";"";"";""
"Türkiye";"Yıllık";"Adrese Dayalı Nüfus Kayıt Sistemi";"Konya";"Ortalama hanehalkı büyüklüğü";"2010";"3,80409821070618";"";"";"";"";""
"Türkiye";"Yıllık";"Adrese Dayalı Nüfus Kayıt Sistemi";"Konya";"Ortalama hanehalkı büyüklüğü";"2011";"3,74347358490566";"";"";"";"";""
"Türkiye";"Yıllık";"Adrese Dayalı Nüfus Kayıt Sistemi";"Konya";"Ortalama hanehalkı büyüklüğü";"2012";"3,67292129409641";"";"";"";"";""
"Türkiye";"Yıllık";"Adrese Dayalı Nüfus Kayıt Sistemi";"Konya";"Ortalama hanehalkı büyüklüğü";"2013";"3,62701740917847";"";"";"";"";""
"Türkiye";"Yıllık";"Adrese Dayalı Nüfus Kayıt Sistemi";"Konya";"Ortalama hanehalkı büyüklüğü";"2014";"3,57667849335447";"";"";"";"";""
"Türkiye";"Yıllık";"Adrese Dayalı Nüfus Kayıt Sistemi";"Konya";"Ortalama hanehalkı büyüklüğü";"2015";"3,53619918017642";"";"";"";"";""
"Türkiye";"Yıllık";"Adrese Dayalı Nüfus Kayıt Sistemi";"Konya";"Ortalama hanehalkı büyüklüğü";"2016";"3,51325075591561";"";"";"";"";""
"Türkiye";"Yıllık";"Adrese Dayalı Nüfus Kayıt Sistemi";"Konya";"Ortalama hanehalkı büyüklüğü";"2017";"3,48774987558919";"";"";"";"";""
"Türkiye";"Yıllık";"Adrese Dayalı Nüfus Kayıt Sistemi";"Konya";"Ortalama hanehalkı büyüklüğü";"2018";"3,46411361372243";"";"";"";"";""
"Türkiye";"Yıllık";"Adrese Dayalı Nüfus Kayıt Sistemi";"Konya";"Ortalama hanehalkı büyüklüğü";"2019";"3,42151541570896";"";"";"";"";""
"Türkiye";"Yıllık";"Adrese Dayalı Nüfus Kayıt Sistemi";"Konya";"Ortalama hanehalkı büyüklüğü";"2020";"3,3812253489781";"";"";"";"";""
"Türkiye";"Yıllık";"Adrese Dayalı Nüfus Kayıt Sistemi";"Konya";"Ortalama hanehalkı büyüklüğü";"2021";"3,31064438537666";"";"";"";"";""
"Türkiye";"Yıllık";"Adrese Dayalı Nüfus Kayıt Sistemi";"Konya";"Ortalama hanehalkı büyüklüğü";"2022";"3,25508019744968";"";"";"";"";""
"Türkiye";"Yıllık";"Adrese Dayalı Nüfus Kayıt Sistemi";"Konya";"Ortalama hanehalkı büyüklüğü";"2023";"3,24632377365248";"";"";"";"";""
"Türkiye";"Yıllık";"Adrese Dayalı Nüfus Kayıt Sistemi";"Konya";"Ortalama hanehalkı büyüklüğü";"2024";"3,21345965286866";"";"";"";"";""
"Türkiye";"Yıllık";"Adrese Dayalı Nüfus Kayıt Sistemi";"Konya";"Ortalama hanehalkı büyüklüğü";"2025";"3,17411083772175";"";"";"";"";""
"Türkiye";"Yıllık";"Adrese Dayalı Nüfus Kayıt Sistemi";"Antalya";"Ortalama hanehalkı büyüklüğü";"2008";"3,6";"";"";"";"";""
"Türkiye";"Yıllık";"Adrese Dayalı Nüfus Kayıt Sistemi";"Antalya";"Ortalama hanehalkı büyüklüğü";"2009";"3,56715625249837";"";"";"";"";""
"Türkiye";"Yıllık";"Adrese Dayalı Nüfus Kayıt Sistemi";"Antalya";"Ortalama hanehalkı büyüklüğü";"2010";"3,42557039837088";"";"";"";"";""
"Türkiye";"Yıllık";"Adrese Dayalı Nüfus Kayıt Sistemi";"Antalya";"Ortalama hanehalkı büyüklüğü";"2011";"3,35900914910269";"";"";"";"";""
"Türkiye";"Yıllık";"Adrese Dayalı Nüfus Kayıt Sistemi";"Antalya";"Ortalama hanehalkı büyüklüğü";"2012";"3,30432697972168";"";"";"";"";""
"Türkiye";"Yıllık";"Adrese Dayalı Nüfus Kayıt Sistemi";"Antalya";"Ortalama hanehalkı büyüklüğü";"2013";"3,25707836798115";"";"";"";"";""
"Türkiye";"Yıllık";"Adrese Dayalı Nüfus Kayıt Sistemi";"Antalya";"Ortalama hanehalkı büyüklüğü";"2014";"3,22828091106291";"";"";"";"";""
"Türkiye";"Yıllık";"Adrese Dayalı Nüfus Kayıt Sistemi";"Antalya";"Ortalama hanehalkı büyüklüğü";"2015";"3,19425331414396";"";"";"";"";""
"Türkiye";"Yıllık";"Adrese Dayalı Nüfus Kayıt Sistemi";"Antalya";"Ortalama hanehalkı büyüklüğü";"2016";"3,16595169569267";"";"";"";"";""
"Türkiye";"Yıllık";"Adrese Dayalı Nüfus Kayıt Sistemi";"Antalya";"Ortalama hanehalkı büyüklüğü";"2017";"3,13466398515612";"";"";"";"";""
"Türkiye";"Yıllık";"Adrese Dayalı Nüfus Kayıt Sistemi";"Antalya";"Ortalama hanehalkı büyüklüğü";"2018";"3,10716452397407";"";"";"";"";""
"Türkiye";"Yıllık";"Adrese Dayalı Nüfus Kayıt Sistemi";"Antalya";"Ortalama hanehalkı büyüklüğü";"2019";"3,06083106523348";"";"";"";"";""
"Türkiye";"Yıllık";"Adrese Dayalı Nüfus Kayıt Sistemi";"Antalya";"Ortalama hanehalkı büyüklüğü";"2020";"3,0198411924938";"";"";"";"";""
"Türkiye";"Yıllık";"Adrese Dayalı Nüfus Kayıt Sistemi";"Antalya";"Ortalama hanehalkı büyüklüğü";"2021";"2,961230942062";"";"";"";"";""
"Türkiye";"Yıllık";"Adrese Dayalı Nüfus Kayıt Sistemi";"Antalya";"Ortalama hanehalkı büyüklüğü";"2022";"2,92475521006556";"";"";"";"";""
"Türkiye";"Yıllık";"Adrese Dayalı Nüfus Kayıt Sistemi";"Antalya";"Ortalama hanehalkı büyüklüğü";"2023";"2,93814223836236";"";"";"";"";""
"Türkiye";"Yıllık";"Adrese Dayalı Nüfus Kayıt Sistemi";"Antalya";"Ortalama hanehalkı büyüklüğü";"2024";"2,92217688412566";"";"";"";"";""
"Türkiye";"Yıllık";"Adrese Dayalı Nüfus Kayıt Sistemi";"Antalya";"Ortalama hanehalkı büyüklüğü";"2025";"2,89838027824176";"";"";"";"";""
"Türkiye";"Yıllık";"Adrese Dayalı Nüfus Kayıt Sistemi";"Burdur";"Ortalama hanehalkı büyüklüğü";"2008";"3,1";"";"";"";"";""
"Türkiye";"Yıllık";"Adrese Dayalı Nüfus Kayıt Sistemi";"Burdur";"Ortalama hanehalkı büyüklüğü";"2009";"3,08467311116764";"";"";"";"";""
"Türkiye";"Yıllık";"Adrese Dayalı Nüfus Kayıt Sistemi";"Burdur";"Ortalama hanehalkı büyüklüğü";"2010";"3,04030438270986";"";"";"";"";""
"Türkiye";"Yıllık";"Adrese Dayalı Nüfus Kayıt Sistemi";"Burdur";"Ortalama hanehalkı büyüklüğü";"2011";"3,01244582043344";"";"";"";"";""
"Türkiye";"Yıllık";"Adrese Dayalı Nüfus Kayıt Sistemi";"Burdur";"Ortalama hanehalkı büyüklüğü";"2012";"2,98226518124863";"";"";"";"";""
"Türkiye";"Yıllık";"Adrese Dayalı Nüfus Kayıt Sistemi";"Burdur";"Ortalama hanehalkı büyüklüğü";"2013";"2,95114169982435";"";"";"";"";""
"Türkiye";"Yıllık";"Adrese Dayalı Nüfus Kayıt Sistemi";"Burdur";"Ortalama hanehalkı büyüklüğü";"2014";"2,91843778812738";"";"";"";"";""
"Türkiye";"Yıllık";"Adrese Dayalı Nüfus Kayıt Sistemi";"Burdur";"Ortalama hanehalkı büyüklüğü";"2015";"2,88943913663015";"";"";"";"";""
"Türkiye";"Yıllık";"Adrese Dayalı Nüfus Kayıt Sistemi";"Burdur";"Ortalama hanehalkı büyüklüğü";"2016";"2,85937679395623";"";"";"";"";""
"Türkiye";"Yıllık";"Adrese Dayalı Nüfus Kayıt Sistemi";"Burdur";"Ortalama hanehalkı büyüklüğü";"2017";"2,82309837527803";"";"";"";"";""
"Türkiye";"Yıllık";"Adrese Dayalı Nüfus Kayıt Sistemi";"Burdur";"Ortalama hanehalkı büyüklüğü";"2018";"2,7975649063935";"";"";"";"";""
"Türkiye";"Yıllık";"Adrese Dayalı Nüfus Kayıt Sistemi";"Burdur";"Ortalama hanehalkı büyüklüğü";"2019";"2,75849179262149";"";"";"";"";""
"Türkiye";"Yıllık";"Adrese Dayalı Nüfus Kayıt Sistemi";"Burdur";"Ortalama hanehalkı büyüklüğü";"2020";"2,72819911528007";"";"";"";"";""
"Türkiye";"Yıllık";"Adrese Dayalı Nüfus Kayıt Sistemi";"Burdur";"Ortalama hanehalkı büyüklüğü";"2021";"2,67611723134483";"";"";"";"";""
"Türkiye";"Yıllık";"Adrese Dayalı Nüfus Kayıt Sistemi";"Burdur";"Ortalama hanehalkı büyüklüğü";"2022";"2,62990499371056";"";"";"";"";""
"Türkiye";"Yıllık";"Adrese Dayalı Nüfus Kayıt Sistemi";"Burdur";"Ortalama hanehalkı büyüklüğü";"2023";"2,66553687357923";"";"";"";"";""
"Türkiye";"Yıllık";"Adrese Dayalı Nüfus Kayıt Sistemi";"Burdur";"Ortalama hanehalkı büyüklüğü";"2024";"2,65140452914243";"";"";"";"";""
"Türkiye";"Yıllık";"Adrese Dayalı Nüfus Kayıt Sistemi";"Burdur";"Ortalama hanehalkı büyüklüğü";"2025";"2,64248806398942";"";"";"";"";""
"Türkiye";"Yıllık";"Adrese Dayalı Nüfus Kayıt Sistemi";"Isparta";"Ortalama hanehalkı büyüklüğü";"2008";"3,4";"";"";"";"";""
"Türkiye";"Yıllık";"Adrese Dayalı Nüfus Kayıt Sistemi";"Isparta";"Ortalama hanehalkı büyüklüğü";"2009";"3,37243881556081";"";"";"";"";""
"Türkiye";"Yıllık";"Adrese Dayalı Nüfus Kayıt Sistemi";"Isparta";"Ortalama hanehalkı büyüklüğü";"2010";"3,27514190497561";"";"";"";"";""
"Türkiye";"Yıllık";"Adrese Dayalı Nüfus Kayıt Sistemi";"Isparta";"Ortalama hanehalkı büyüklüğü";"2011";"3,20752142305974";"";"";"";"";""
"Türkiye";"Yıllık";"Adrese Dayalı Nüfus Kayıt Sistemi";"Isparta";"Ortalama hanehalkı büyüklüğü";"2012";"3,14238557383278";"";"";"";"";""
"Türkiye";"Yıllık";"Adrese Dayalı Nüfus Kayıt Sistemi";"Isparta";"Ortalama hanehalkı büyüklüğü";"2013";"3,09194921490708";"";"";"";"";""
"Türkiye";"Yıllık";"Adrese Dayalı Nüfus Kayıt Sistemi";"Isparta";"Ortalama hanehalkı büyüklüğü";"2014";"3,05159376188665";"";"";"";"";""
"Türkiye";"Yıllık";"Adrese Dayalı Nüfus Kayıt Sistemi";"Isparta";"Ortalama hanehalkı büyüklüğü";"2015";"3,01030163733146";"";"";"";"";""
"Türkiye";"Yıllık";"Adrese Dayalı Nüfus Kayıt Sistemi";"Isparta";"Ortalama hanehalkı büyüklüğü";"2016";"2,98840024652227";"";"";"";"";""
"Türkiye";"Yıllık";"Adrese Dayalı Nüfus Kayıt Sistemi";"Isparta";"Ortalama hanehalkı büyüklüğü";"2017";"2,9574040484655";"";"";"";"";""
"Türkiye";"Yıllık";"Adrese Dayalı Nüfus Kayıt Sistemi";"Isparta";"Ortalama hanehalkı büyüklüğü";"2018";"2,89511928937516";"";"";"";"";""
"Türkiye";"Yıllık";"Adrese Dayalı Nüfus Kayıt Sistemi";"Isparta";"Ortalama hanehalkı büyüklüğü";"2019";"2,85550877050236";"";"";"";"";""
"Türkiye";"Yıllık";"Adrese Dayalı Nüfus Kayıt Sistemi";"Isparta";"Ortalama hanehalkı büyüklüğü";"2020";"2,83737942338179";"";"";"";"";""
"Türkiye";"Yıllık";"Adrese Dayalı Nüfus Kayıt Sistemi";"Isparta";"Ortalama hanehalkı büyüklüğü";"2021";"2,78164778198414";"";"";"";"";""
"Türkiye";"Yıllık";"Adrese Dayalı Nüfus Kayıt Sistemi";"Isparta";"Ortalama hanehalkı büyüklüğü";"2022";"2,73789602819662";"";"";"";"";""
"Türkiye";"Yıllık";"Adrese Dayalı Nüfus Kayıt Sistemi";"Isparta";"Ortalama hanehalkı büyüklüğü";"2023";"2,74627349739891";"";"";"";"";""
"Türkiye";"Yıllık";"Adrese Dayalı Nüfus Kayıt Sistemi";"Isparta";"Ortalama hanehalkı büyüklüğü";"2024";"2,73128079297385";"";"";"";"";""
"Türkiye";"Yıllık";"Adrese Dayalı Nüfus Kayıt Sistemi";"Isparta";"Ortalama hanehalkı büyüklüğü";"2025";"2,70571064847557";"";"";"";"";""
"Türkiye";"Yıllık";"Adrese Dayalı Nüfus Kayıt Sistemi";"Adana";"Ortalama hanehalkı büyüklüğü";"2008";"4,2";"";"";"";"";""
"Türkiye";"Yıllık";"Adrese Dayalı Nüfus Kayıt Sistemi";"Adana";"Ortalama hanehalkı büyüklüğü";"2009";"4,19730804779824";"";"";"";"";""
"Türkiye";"Yıllık";"Adrese Dayalı Nüfus Kayıt Sistemi";"Adana";"Ortalama hanehalkı büyüklüğü";"2010";"4,10870140816034";"";"";"";"";""
"Türkiye";"Yıllık";"Adrese Dayalı Nüfus Kayıt Sistemi";"Adana";"Ortalama hanehalkı büyüklüğü";"2011";"4,05542237499138";"";"";"";"";""
"Türkiye";"Yıllık";"Adrese Dayalı Nüfus Kayıt Sistemi";"Adana";"Ortalama hanehalkı büyüklüğü";"2012";"3,99599063776384";"";"";"";"";""
"Türkiye";"Yıllık";"Adrese Dayalı Nüfus Kayıt Sistemi";"Adana";"Ortalama hanehalkı büyüklüğü";"2013";"3,9235942723704";"";"";"";"";""
"Türkiye";"Yıllık";"Adrese Dayalı Nüfus Kayıt Sistemi";"Adana";"Ortalama hanehalkı büyüklüğü";"2014";"3,86740313357064";"";"";"";"";""
"Türkiye";"Yıllık";"Adrese Dayalı Nüfus Kayıt Sistemi";"Adana";"Ortalama hanehalkı büyüklüğü";"2015";"3,81603343031548";"";"";"";"";""
"Türkiye";"Yıllık";"Adrese Dayalı Nüfus Kayıt Sistemi";"Adana";"Ortalama hanehalkı büyüklüğü";"2016";"3,78318395593878";"";"";"";"";""
"Türkiye";"Yıllık";"Adrese Dayalı Nüfus Kayıt Sistemi";"Adana";"Ortalama hanehalkı büyüklüğü";"2017";"3,74351757403918";"";"";"";"";""
"Türkiye";"Yıllık";"Adrese Dayalı Nüfus Kayıt Sistemi";"Adana";"Ortalama hanehalkı büyüklüğü";"2018";"3,69613778047962";"";"";"";"";""
"Türkiye";"Yıllık";"Adrese Dayalı Nüfus Kayıt Sistemi";"Adana";"Ortalama hanehalkı büyüklüğü";"2019";"3,6409439082882";"";"";"";"";""
"Türkiye";"Yıllık";"Adrese Dayalı Nüfus Kayıt Sistemi";"Adana";"Ortalama hanehalkı büyüklüğü";"2020";"3,57255707644461";"";"";"";"";""
"Türkiye";"Yıllık";"Adrese Dayalı Nüfus Kayıt Sistemi";"Adana";"Ortalama hanehalkı büyüklüğü";"2021";"3,49026743037725";"";"";"";"";""
"Türkiye";"Yıllık";"Adrese Dayalı Nüfus Kayıt Sistemi";"Adana";"Ortalama hanehalkı büyüklüğü";"2022";"3,38952425602487";"";"";"";"";""
"Türkiye";"Yıllık";"Adrese Dayalı Nüfus Kayıt Sistemi";"Adana";"Ortalama hanehalkı büyüklüğü";"2023";"3,31845747999802";"";"";"";"";""
"Türkiye";"Yıllık";"Adrese Dayalı Nüfus Kayıt Sistemi";"Adana";"Ortalama hanehalkı büyüklüğü";"2024";"3,27806125072541";"";"";"";"";""
"Türkiye";"Yıllık";"Adrese Dayalı Nüfus Kayıt Sistemi";"Adana";"Ortalama hanehalkı büyüklüğü";"2025";"3,25170960612138";"";"";"";"";""
"Türkiye";"Yıllık";"Adrese Dayalı Nüfus Kayıt Sistemi";"Mersin";"Ortalama hanehalkı büyüklüğü";"2008";"3,8";"";"";"";"";""
"Türkiye";"Yıllık";"Adrese Dayalı Nüfus Kayıt Sistemi";"Mersin";"Ortalama hanehalkı büyüklüğü";"2009";"3,8297176820208";"";"";"";"";""
"Türkiye";"Yıllık";"Adrese Dayalı Nüfus Kayıt Sistemi";"Mersin";"Ortalama hanehalkı büyüklüğü";"2010";"3,71917710114125";"";"";"";"";""
"Türkiye";"Yıllık";"Adrese Dayalı Nüfus Kayıt Sistemi";"Mersin";"Ortalama hanehalkı büyüklüğü";"2011";"3,66600068244675";"";"";"";"";""
"Türkiye";"Yıllık";"Adrese Dayalı Nüfus Kayıt Sistemi";"Mersin";"Ortalama hanehalkı büyüklüğü";"2012";"3,61277734150274";"";"";"";"";""
"Türkiye";"Yıllık";"Adrese Dayalı Nüfus Kayıt Sistemi";"Mersin";"Ortalama hanehalkı büyüklüğü";"2013";"3,54942785434746";"";"";"";"";""
"Türkiye";"Yıllık";"Adrese Dayalı Nüfus Kayıt Sistemi";"Mersin";"Ortalama hanehalkı büyüklüğü";"2014";"3,50572507631021";"";"";"";"";""
"Türkiye";"Yıllık";"Adrese Dayalı Nüfus Kayıt Sistemi";"Mersin";"Ortalama hanehalkı büyüklüğü";"2015";"3,46327121952402";"";"";"";"";""
"Türkiye";"Yıllık";"Adrese Dayalı Nüfus Kayıt Sistemi";"Mersin";"Ortalama hanehalkı büyüklüğü";"2016";"3,43405990092081";"";"";"";"";""
"Türkiye";"Yıllık";"Adrese Dayalı Nüfus Kayıt Sistemi";"Mersin";"Ortalama hanehalkı büyüklüğü";"2017";"3,39947731614043";"";"";"";"";""
"Türkiye";"Yıllık";"Adrese Dayalı Nüfus Kayıt Sistemi";"Mersin";"Ortalama hanehalkı büyüklüğü";"2018";"3,36783966937126";"";"";"";"";""
"Türkiye";"Yıllık";"Adrese Dayalı Nüfus Kayıt Sistemi";"Mersin";"Ortalama hanehalkı büyüklüğü";"2019";"3,3158812362926";"";"";"";"";""
"Türkiye";"Yıllık";"Adrese Dayalı Nüfus Kayıt Sistemi";"Mersin";"Ortalama hanehalkı büyüklüğü";"2020";"3,26636541804058";"";"";"";"";""
"Türkiye";"Yıllık";"Adrese Dayalı Nüfus Kayıt Sistemi";"Mersin";"Ortalama hanehalkı büyüklüğü";"2021";"3,20132549271674";"";"";"";"";""
"Türkiye";"Yıllık";"Adrese Dayalı Nüfus Kayıt Sistemi";"Mersin";"Ortalama hanehalkı büyüklüğü";"2022";"3,13394356325645";"";"";"";"";""
"Türkiye";"Yıllık";"Adrese Dayalı Nüfus Kayıt Sistemi";"Mersin";"Ortalama hanehalkı büyüklüğü";"2023";"3,11370568950039";"";"";"";"";""
"Türkiye";"Yıllık";"Adrese Dayalı Nüfus Kayıt Sistemi";"Mersin";"Ortalama hanehalkı büyüklüğü";"2024";"3,08096349519708";"";"";"";"";""
"Türkiye";"Yıllık";"Adrese Dayalı Nüfus Kayıt Sistemi";"Mersin";"Ortalama hanehalkı büyüklüğü";"2025";"3,05303791973224";"";"";"";"";""
"Türkiye";"Yıllık";"Adrese Dayalı Nüfus Kayıt Sistemi";"Hatay";"Ortalama hanehalkı büyüklüğü";"2008";"4,4";"";"";"";"";""
"Türkiye";"Yıllık";"Adrese Dayalı Nüfus Kayıt Sistemi";"Hatay";"Ortalama hanehalkı büyüklüğü";"2009";"4,41971388618639";"";"";"";"";""
"Türkiye";"Yıllık";"Adrese Dayalı Nüfus Kayıt Sistemi";"Hatay";"Ortalama hanehalkı büyüklüğü";"2010";"4,32322771687249";"";"";"";"";""
"Türkiye";"Yıllık";"Adrese Dayalı Nüfus Kayıt Sistemi";"Hatay";"Ortalama hanehalkı büyüklüğü";"2011";"4,25369974488591";"";"";"";"";""
"Türkiye";"Yıllık";"Adrese Dayalı Nüfus Kayıt Sistemi";"Hatay";"Ortalama hanehalkı büyüklüğü";"2012";"4,18972220462282";"";"";"";"";""
"Türkiye";"Yıllık";"Adrese Dayalı Nüfus Kayıt Sistemi";"Hatay";"Ortalama hanehalkı büyüklüğü";"2013";"4,1117008794377";"";"";"";"";""
"Türkiye";"Yıllık";"Adrese Dayalı Nüfus Kayıt Sistemi";"Hatay";"Ortalama hanehalkı büyüklüğü";"2014";"4,04588087148145";"";"";"";"";""
"Türkiye";"Yıllık";"Adrese Dayalı Nüfus Kayıt Sistemi";"Hatay";"Ortalama hanehalkı büyüklüğü";"2015";"3,97814954810372";"";"";"";"";""
"Türkiye";"Yıllık";"Adrese Dayalı Nüfus Kayıt Sistemi";"Hatay";"Ortalama hanehalkı büyüklüğü";"2016";"3,93827548538687";"";"";"";"";""
"Türkiye";"Yıllık";"Adrese Dayalı Nüfus Kayıt Sistemi";"Hatay";"Ortalama hanehalkı büyüklüğü";"2017";"3,88981920158696";"";"";"";"";""
"Türkiye";"Yıllık";"Adrese Dayalı Nüfus Kayıt Sistemi";"Hatay";"Ortalama hanehalkı büyüklüğü";"2018";"3,85201583230857";"";"";"";"";""
"Türkiye";"Yıllık";"Adrese Dayalı Nüfus Kayıt Sistemi";"Hatay";"Ortalama hanehalkı büyüklüğü";"2019";"3,8018327851151";"";"";"";"";""
"Türkiye";"Yıllık";"Adrese Dayalı Nüfus Kayıt Sistemi";"Hatay";"Ortalama hanehalkı büyüklüğü";"2020";"3,7317969225977";"";"";"";"";""
"Türkiye";"Yıllık";"Adrese Dayalı Nüfus Kayıt Sistemi";"Hatay";"Ortalama hanehalkı büyüklüğü";"2021";"3,64800479126174";"";"";"";"";""
"Türkiye";"Yıllık";"Adrese Dayalı Nüfus Kayıt Sistemi";"Hatay";"Ortalama hanehalkı büyüklüğü";"2022";"3,53146056387913";"";"";"";"";""
"Türkiye";"Yıllık";"Adrese Dayalı Nüfus Kayıt Sistemi";"Hatay";"Ortalama hanehalkı büyüklüğü";"2023";"3,31234019529989";"";"";"";"";""
"Türkiye";"Yıllık";"Adrese Dayalı Nüfus Kayıt Sistemi";"Hatay";"Ortalama hanehalkı büyüklüğü";"2024";"3,29621580295803";"";"";"";"";""
"Türkiye";"Yıllık";"Adrese Dayalı Nüfus Kayıt Sistemi";"Hatay";"Ortalama hanehalkı büyüklüğü";"2025";"3,32371946651972";"";"";"";"";""
"Türkiye";"Yıllık";"Adrese Dayalı Nüfus Kayıt Sistemi";"Kahramanmaraş";"Ortalama hanehalkı büyüklüğü";"2008";"4,7";"";"";"";"";""
"Türkiye";"Yıllık";"Adrese Dayalı Nüfus Kayıt Sistemi";"Kahramanmaraş";"Ortalama hanehalkı büyüklüğü";"2009";"4,66241910673815";"";"";"";"";""
"Türkiye";"Yıllık";"Adrese Dayalı Nüfus Kayıt Sistemi";"Kahramanmaraş";"Ortalama hanehalkı büyüklüğü";"2010";"4,54073015690455";"";"";"";"";""
"Türkiye";"Yıllık";"Adrese Dayalı Nüfus Kayıt Sistemi";"Kahramanmaraş";"Ortalama hanehalkı büyüklüğü";"2011";"4,43783241688774";"";"";"";"";""
"Türkiye";"Yıllık";"Adrese Dayalı Nüfus Kayıt Sistemi";"Kahramanmaraş";"Ortalama hanehalkı büyüklüğü";"2012";"4,34537025487506";"";"";"";"";""
"Türkiye";"Yıllık";"Adrese Dayalı Nüfus Kayıt Sistemi";"Kahramanmaraş";"Ortalama hanehalkı büyüklüğü";"2013";"4,2370889574238";"";"";"";"";""
"Türkiye";"Yıllık";"Adrese Dayalı Nüfus Kayıt Sistemi";"Kahramanmaraş";"Ortalama hanehalkı büyüklüğü";"2014";"4,15077974824828";"";"";"";"";""
"Türkiye";"Yıllık";"Adrese Dayalı Nüfus Kayıt Sistemi";"Kahramanmaraş";"Ortalama hanehalkı büyüklüğü";"2015";"4,04437009837935";"";"";"";"";""
"Türkiye";"Yıllık";"Adrese Dayalı Nüfus Kayıt Sistemi";"Kahramanmaraş";"Ortalama hanehalkı büyüklüğü";"2016";"4,00372788287776";"";"";"";"";""
"Türkiye";"Yıllık";"Adrese Dayalı Nüfus Kayıt Sistemi";"Kahramanmaraş";"Ortalama hanehalkı büyüklüğü";"2017";"3,95873028351713";"";"";"";"";""
"Türkiye";"Yıllık";"Adrese Dayalı Nüfus Kayıt Sistemi";"Kahramanmaraş";"Ortalama hanehalkı büyüklüğü";"2018";"3,92690845296839";"";"";"";"";""
"Türkiye";"Yıllık";"Adrese Dayalı Nüfus Kayıt Sistemi";"Kahramanmaraş";"Ortalama hanehalkı büyüklüğü";"2019";"3,83970457081043";"";"";"";"";""
"Türkiye";"Yıllık";"Adrese Dayalı Nüfus Kayıt Sistemi";"Kahramanmaraş";"Ortalama hanehalkı büyüklüğü";"2020";"3,7791281818002";"";"";"";"";""
"Türkiye";"Yıllık";"Adrese Dayalı Nüfus Kayıt Sistemi";"Kahramanmaraş";"Ortalama hanehalkı büyüklüğü";"2021";"3,68428809020799";"";"";"";"";""
"Türkiye";"Yıllık";"Adrese Dayalı Nüfus Kayıt Sistemi";"Kahramanmaraş";"Ortalama hanehalkı büyüklüğü";"2022";"3,55397919824516";"";"";"";"";""
"Türkiye";"Yıllık";"Adrese Dayalı Nüfus Kayıt Sistemi";"Kahramanmaraş";"Ortalama hanehalkı büyüklüğü";"2023";"3,38779912784875";"";"";"";"";""
"Türkiye";"Yıllık";"Adrese Dayalı Nüfus Kayıt Sistemi";"Kahramanmaraş";"Ortalama hanehalkı büyüklüğü";"2024";"3,36359534092079";"";"";"";"";""
"Türkiye";"Yıllık";"Adrese Dayalı Nüfus Kayıt Sistemi";"Kahramanmaraş";"Ortalama hanehalkı büyüklüğü";"2025";"3,35587305866319";"";"";"";"";""
"Türkiye";"Yıllık";"Adrese Dayalı Nüfus Kayıt Sistemi";"Osmaniye";"Ortalama hanehalkı büyüklüğü";"2008";"4,4";"";"";"";"";""
"Türkiye";"Yıllık";"Adrese Dayalı Nüfus Kayıt Sistemi";"Osmaniye";"Ortalama hanehalkı büyüklüğü";"2009";"4,4143743028378";"";"";"";"";""
"Türkiye";"Yıllık";"Adrese Dayalı Nüfus Kayıt Sistemi";"Osmaniye";"Ortalama hanehalkı büyüklüğü";"2010";"4,31266824149865";"";"";"";"";""
"Türkiye";"Yıllık";"Adrese Dayalı Nüfus Kayıt Sistemi";"Osmaniye";"Ortalama hanehalkı büyüklüğü";"2011";"4,22510084048546";"";"";"";"";""
"Türkiye";"Yıllık";"Adrese Dayalı Nüfus Kayıt Sistemi";"Osmaniye";"Ortalama hanehalkı büyüklüğü";"2012";"4,13805083509904";"";"";"";"";""
"Türkiye";"Yıllık";"Adrese Dayalı Nüfus Kayıt Sistemi";"Osmaniye";"Ortalama hanehalkı büyüklüğü";"2013";"4,03541817463973";"";"";"";"";""
"Türkiye";"Yıllık";"Adrese Dayalı Nüfus Kayıt Sistemi";"Osmaniye";"Ortalama hanehalkı büyüklüğü";"2014";"3,94796918101398";"";"";"";"";""
"Türkiye";"Yıllık";"Adrese Dayalı Nüfus Kayıt Sistemi";"Osmaniye";"Ortalama hanehalkı büyüklüğü";"2015";"3,85243278829077";"";"";"";"";""
"Türkiye";"Yıllık";"Adrese Dayalı Nüfus Kayıt Sistemi";"Osmaniye";"Ortalama hanehalkı büyüklüğü";"2016";"3,80193978791454";"";"";"";"";""
"Türkiye";"Yıllık";"Adrese Dayalı Nüfus Kayıt Sistemi";"Osmaniye";"Ortalama hanehalkı büyüklüğü";"2017";"3,71266556945832";"";"";"";"";""
"Türkiye";"Yıllık";"Adrese Dayalı Nüfus Kayıt Sistemi";"Osmaniye";"Ortalama hanehalkı büyüklüğü";"2018";"3,64799268672235";"";"";"";"";""
"Türkiye";"Yıllık";"Adrese Dayalı Nüfus Kayıt Sistemi";"Osmaniye";"Ortalama hanehalkı büyüklüğü";"2019";"3,57955916441866";"";"";"";"";""
"Türkiye";"Yıllık";"Adrese Dayalı Nüfus Kayıt Sistemi";"Osmaniye";"Ortalama hanehalkı büyüklüğü";"2020";"3,53864910516526";"";"";"";"";""
"Türkiye";"Yıllık";"Adrese Dayalı Nüfus Kayıt Sistemi";"Osmaniye";"Ortalama hanehalkı büyüklüğü";"2021";"3,46243573902522";"";"";"";"";""
"Türkiye";"Yıllık";"Adrese Dayalı Nüfus Kayıt Sistemi";"Osmaniye";"Ortalama hanehalkı büyüklüğü";"2022";"3,35926082975363";"";"";"";"";""
"Türkiye";"Yıllık";"Adrese Dayalı Nüfus Kayıt Sistemi";"Osmaniye";"Ortalama hanehalkı büyüklüğü";"2023";"3,27408356955001";"";"";"";"";""
"Türkiye";"Yıllık";"Adrese Dayalı Nüfus Kayıt Sistemi";"Osmaniye";"Ortalama hanehalkı büyüklüğü";"2024";"3,2436709798645";"";"";"";"";""
"Türkiye";"Yıllık";"Adrese Dayalı Nüfus Kayıt Sistemi";"Osmaniye";"Ortalama hanehalkı büyüklüğü";"2025";"3,22408482825101";"";"";"";"";""
"Türkiye";"Yıllık";"Adrese Dayalı Nüfus Kayıt Sistemi";"Aksaray";"Ortalama hanehalkı büyüklüğü";"2008";"4,3";"";"";"";"";""
"Türkiye";"Yıllık";"Adrese Dayalı Nüfus Kayıt Sistemi";"Aksaray";"Ortalama hanehalkı büyüklüğü";"2009";"4,26866202842644";"";"";"";"";""
"Türkiye";"Yıllık";"Adrese Dayalı Nüfus Kayıt Sistemi";"Aksaray";"Ortalama hanehalkı büyüklüğü";"2010";"4,15524586855618";"";"";"";"";""
"Türkiye";"Yıllık";"Adrese Dayalı Nüfus Kayıt Sistemi";"Aksaray";"Ortalama hanehalkı büyüklüğü";"2011";"4,07468315572512";"";"";"";"";""
"Türkiye";"Yıllık";"Adrese Dayalı Nüfus Kayıt Sistemi";"Aksaray";"Ortalama hanehalkı büyüklüğü";"2012";"4,01851651794395";"";"";"";"";""
"Türkiye";"Yıllık";"Adrese Dayalı Nüfus Kayıt Sistemi";"Aksaray";"Ortalama hanehalkı büyüklüğü";"2013";"3,91228586133373";"";"";"";"";""
"Türkiye";"Yıllık";"Adrese Dayalı Nüfus Kayıt Sistemi";"Aksaray";"Ortalama hanehalkı büyüklüğü";"2014";"3,76194177501413";"";"";"";"";""
"Türkiye";"Yıllık";"Adrese Dayalı Nüfus Kayıt Sistemi";"Aksaray";"Ortalama hanehalkı büyüklüğü";"2015";"3,64718387791951";"";"";"";"";""
"Türkiye";"Yıllık";"Adrese Dayalı Nüfus Kayıt Sistemi";"Aksaray";"Ortalama hanehalkı büyüklüğü";"2016";"3,59455347919992";"";"";"";"";""
"Türkiye";"Yıllık";"Adrese Dayalı Nüfus Kayıt Sistemi";"Aksaray";"Ortalama hanehalkı büyüklüğü";"2017";"3,54364600475407";"";"";"";"";""
"Türkiye";"Yıllık";"Adrese Dayalı Nüfus Kayıt Sistemi";"Aksaray";"Ortalama hanehalkı büyüklüğü";"2018";"3,52606950094387";"";"";"";"";""
"Türkiye";"Yıllık";"Adrese Dayalı Nüfus Kayıt Sistemi";"Aksaray";"Ortalama hanehalkı büyüklüğü";"2019";"3,4665142364107";"";"";"";"";""
"Türkiye";"Yıllık";"Adrese Dayalı Nüfus Kayıt Sistemi";"Aksaray";"Ortalama hanehalkı büyüklüğü";"2020";"3,42567234508284";"";"";"";"";""
"Türkiye";"Yıllık";"Adrese Dayalı Nüfus Kayıt Sistemi";"Aksaray";"Ortalama hanehalkı büyüklüğü";"2021";"3,36766678317983";"";"";"";"";""
"Türkiye";"Yıllık";"Adrese Dayalı Nüfus Kayıt Sistemi";"Aksaray";"Ortalama hanehalkı büyüklüğü";"2022";"3,29950219711732";"";"";"";"";""
"Türkiye";"Yıllık";"Adrese Dayalı Nüfus Kayıt Sistemi";"Aksaray";"Ortalama hanehalkı büyüklüğü";"2023";"3,30456268142165";"";"";"";"";""
"Türkiye";"Yıllık";"Adrese Dayalı Nüfus Kayıt Sistemi";"Aksaray";"Ortalama hanehalkı büyüklüğü";"2024";"3,2453394530503";"";"";"";"";""
"Türkiye";"Yıllık";"Adrese Dayalı Nüfus Kayıt Sistemi";"Aksaray";"Ortalama hanehalkı büyüklüğü";"2025";"3,19645279003724";"";"";"";"";""
"Türkiye";"Yıllık";"Adrese Dayalı Nüfus Kayıt Sistemi";"Kırıkkale";"Ortalama hanehalkı büyüklüğü";"2008";"3,7";"";"";"";"";""
"Türkiye";"Yıllık";"Adrese Dayalı Nüfus Kayıt Sistemi";"Kırıkkale";"Ortalama hanehalkı büyüklüğü";"2009";"3,64770825029892";"";"";"";"";""
"Türkiye";"Yıllık";"Adrese Dayalı Nüfus Kayıt Sistemi";"Kırıkkale";"Ortalama hanehalkı büyüklüğü";"2010";"3,47545390789371";"";"";"";"";""
"Türkiye";"Yıllık";"Adrese Dayalı Nüfus Kayıt Sistemi";"Kırıkkale";"Ortalama hanehalkı büyüklüğü";"2011";"3,37529788074575";"";"";"";"";""
"Türkiye";"Yıllık";"Adrese Dayalı Nüfus Kayıt Sistemi";"Kırıkkale";"Ortalama hanehalkı büyüklüğü";"2012";"3,29215161511172";"";"";"";"";""
"Türkiye";"Yıllık";"Adrese Dayalı Nüfus Kayıt Sistemi";"Kırıkkale";"Ortalama hanehalkı büyüklüğü";"2013";"3,24263482431242";"";"";"";"";""
"Türkiye";"Yıllık";"Adrese Dayalı Nüfus Kayıt Sistemi";"Kırıkkale";"Ortalama hanehalkı büyüklüğü";"2014";"3,17205625831006";"";"";"";"";""
"Türkiye";"Yıllık";"Adrese Dayalı Nüfus Kayıt Sistemi";"Kırıkkale";"Ortalama hanehalkı büyüklüğü";"2015";"3,11134216409837";"";"";"";"";""
"Türkiye";"Yıllık";"Adrese Dayalı Nüfus Kayıt Sistemi";"Kırıkkale";"Ortalama hanehalkı büyüklüğü";"2016";"3,0900873403456";"";"";"";"";""
"Türkiye";"Yıllık";"Adrese Dayalı Nüfus Kayıt Sistemi";"Kırıkkale";"Ortalama hanehalkı büyüklüğü";"2017";"3,0403342309337";"";"";"";"";""
"Türkiye";"Yıllık";"Adrese Dayalı Nüfus Kayıt Sistemi";"Kırıkkale";"Ortalama hanehalkı büyüklüğü";"2018";"3,01243781094527";"";"";"";"";""
"Türkiye";"Yıllık";"Adrese Dayalı Nüfus Kayıt Sistemi";"Kırıkkale";"Ortalama hanehalkı büyüklüğü";"2019";"2,97503922725098";"";"";"";"";""
"Türkiye";"Yıllık";"Adrese Dayalı Nüfus Kayıt Sistemi";"Kırıkkale";"Ortalama hanehalkı büyüklüğü";"2020";"2,9273789557916";"";"";"";"";""
"Türkiye";"Yıllık";"Adrese Dayalı Nüfus Kayıt Sistemi";"Kırıkkale";"Ortalama hanehalkı büyüklüğü";"2021";"2,86485423743624";"";"";"";"";""
"Türkiye";"Yıllık";"Adrese Dayalı Nüfus Kayıt Sistemi";"Kırıkkale";"Ortalama hanehalkı büyüklüğü";"2022";"2,8106611321404";"";"";"";"";""
"Türkiye";"Yıllık";"Adrese Dayalı Nüfus Kayıt Sistemi";"Kırıkkale";"Ortalama hanehalkı büyüklüğü";"2023";"2,85242213984729";"";"";"";"";""
"Türkiye";"Yıllık";"Adrese Dayalı Nüfus Kayıt Sistemi";"Kırıkkale";"Ortalama hanehalkı büyüklüğü";"2024";"2,78833765933523";"";"";"";"";""
"Türkiye";"Yıllık";"Adrese Dayalı Nüfus Kayıt Sistemi";"Kırıkkale";"Ortalama hanehalkı büyüklüğü";"2025";"2,7530950250723";"";"";"";"";""
"Türkiye";"Yıllık";"Adrese Dayalı Nüfus Kayıt Sistemi";"Kırşehir";"Ortalama hanehalkı büyüklüğü";"2008";"3,9";"";"";"";"";""
"Türkiye";"Yıllık";"Adrese Dayalı Nüfus Kayıt Sistemi";"Kırşehir";"Ortalama hanehalkı büyüklüğü";"2009";"3,71741988356012";"";"";"";"";""
"Türkiye";"Yıllık";"Adrese Dayalı Nüfus Kayıt Sistemi";"Kırşehir";"Ortalama hanehalkı büyüklüğü";"2010";"3,53193492443637";"";"";"";"";""
"Türkiye";"Yıllık";"Adrese Dayalı Nüfus Kayıt Sistemi";"Kırşehir";"Ortalama hanehalkı büyüklüğü";"2011";"3,42729270601068";"";"";"";"";""
"Türkiye";"Yıllık";"Adrese Dayalı Nüfus Kayıt Sistemi";"Kırşehir";"Ortalama hanehalkı büyüklüğü";"2012";"3,33308753157507";"";"";"";"";""
"Türkiye";"Yıllık";"Adrese Dayalı Nüfus Kayıt Sistemi";"Kırşehir";"Ortalama hanehalkı büyüklüğü";"2013";"3,26682975307698";"";"";"";"";""
"Türkiye";"Yıllık";"Adrese Dayalı Nüfus Kayıt Sistemi";"Kırşehir";"Ortalama hanehalkı büyüklüğü";"2014";"3,20099500996508";"";"";"";"";""
"Türkiye";"Yıllık";"Adrese Dayalı Nüfus Kayıt Sistemi";"Kırşehir";"Ortalama hanehalkı büyüklüğü";"2015";"3,15211424713428";"";"";"";"";""
"Türkiye";"Yıllık";"Adrese Dayalı Nüfus Kayıt Sistemi";"Kırşehir";"Ortalama hanehalkı büyüklüğü";"2016";"3,13406921927101";"";"";"";"";""
"Türkiye";"Yıllık";"Adrese Dayalı Nüfus Kayıt Sistemi";"Kırşehir";"Ortalama hanehalkı büyüklüğü";"2017";"3,11730085823044";"";"";"";"";""
"Türkiye";"Yıllık";"Adrese Dayalı Nüfus Kayıt Sistemi";"Kırşehir";"Ortalama hanehalkı büyüklüğü";"2018";"3,12137589448192";"";"";"";"";""
"Türkiye";"Yıllık";"Adrese Dayalı Nüfus Kayıt Sistemi";"Kırşehir";"Ortalama hanehalkı büyüklüğü";"2019";"3,09606497121699";"";"";"";"";""
"Türkiye";"Yıllık";"Adrese Dayalı Nüfus Kayıt Sistemi";"Kırşehir";"Ortalama hanehalkı büyüklüğü";"2020";"3,06248675847458";"";"";"";"";""
"Türkiye";"Yıllık";"Adrese Dayalı Nüfus Kayıt Sistemi";"Kırşehir";"Ortalama hanehalkı büyüklüğü";"2021";"3,00499465324326";"";"";"";"";""
"Türkiye";"Yıllık";"Adrese Dayalı Nüfus Kayıt Sistemi";"Kırşehir";"Ortalama hanehalkı büyüklüğü";"2022";"2,93419331902845";"";"";"";"";""
"Türkiye";"Yıllık";"Adrese Dayalı Nüfus Kayıt Sistemi";"Kırşehir";"Ortalama hanehalkı büyüklüğü";"2023";"2,93602786755367";"";"";"";"";""
"Türkiye";"Yıllık";"Adrese Dayalı Nüfus Kayıt Sistemi";"Kırşehir";"Ortalama hanehalkı büyüklüğü";"2024";"2,86663493097487";"";"";"";"";""
"Türkiye";"Yıllık";"Adrese Dayalı Nüfus Kayıt Sistemi";"Kırşehir";"Ortalama hanehalkı büyüklüğü";"2025";"2,80689544142962";"";"";"";"";""
"Türkiye";"Yıllık";"Adrese Dayalı Nüfus Kayıt Sistemi";"Nevşehir";"Ortalama hanehalkı büyüklüğü";"2008";"3,8";"";"";"";"";""
"Türkiye";"Yıllık";"Adrese Dayalı Nüfus Kayıt Sistemi";"Nevşehir";"Ortalama hanehalkı büyüklüğü";"2009";"3,7366635501536";"";"";"";"";""
"Türkiye";"Yıllık";"Adrese Dayalı Nüfus Kayıt Sistemi";"Nevşehir";"Ortalama hanehalkı büyüklüğü";"2010";"3,62936621662482";"";"";"";"";""
"Türkiye";"Yıllık";"Adrese Dayalı Nüfus Kayıt Sistemi";"Nevşehir";"Ortalama hanehalkı büyüklüğü";"2011";"3,56862947702879";"";"";"";"";""
"Türkiye";"Yıllık";"Adrese Dayalı Nüfus Kayıt Sistemi";"Nevşehir";"Ortalama hanehalkı büyüklüğü";"2012";"3,48220912738215";"";"";"";"";""
"Türkiye";"Yıllık";"Adrese Dayalı Nüfus Kayıt Sistemi";"Nevşehir";"Ortalama hanehalkı büyüklüğü";"2013";"3,41525330193885";"";"";"";"";""
"Türkiye";"Yıllık";"Adrese Dayalı Nüfus Kayıt Sistemi";"Nevşehir";"Ortalama hanehalkı büyüklüğü";"2014";"3,36780584209004";"";"";"";"";""
"Türkiye";"Yıllık";"Adrese Dayalı Nüfus Kayıt Sistemi";"Nevşehir";"Ortalama hanehalkı büyüklüğü";"2015";"3,32318267621185";"";"";"";"";""
"Türkiye";"Yıllık";"Adrese Dayalı Nüfus Kayıt Sistemi";"Nevşehir";"Ortalama hanehalkı büyüklüğü";"2016";"3,28382853677877";"";"";"";"";""
"Türkiye";"Yıllık";"Adrese Dayalı Nüfus Kayıt Sistemi";"Nevşehir";"Ortalama hanehalkı büyüklüğü";"2017";"3,2380624426079";"";"";"";"";""
"Türkiye";"Yıllık";"Adrese Dayalı Nüfus Kayıt Sistemi";"Nevşehir";"Ortalama hanehalkı büyüklüğü";"2018";"3,22115976755383";"";"";"";"";""
"Türkiye";"Yıllık";"Adrese Dayalı Nüfus Kayıt Sistemi";"Nevşehir";"Ortalama hanehalkı büyüklüğü";"2019";"3,18334043785728";"";"";"";"";""
"Türkiye";"Yıllık";"Adrese Dayalı Nüfus Kayıt Sistemi";"Nevşehir";"Ortalama hanehalkı büyüklüğü";"2020";"3,14538144901572";"";"";"";"";""
"Türkiye";"Yıllık";"Adrese Dayalı Nüfus Kayıt Sistemi";"Nevşehir";"Ortalama hanehalkı büyüklüğü";"2021";"3,07873588976559";"";"";"";"";""
"Türkiye";"Yıllık";"Adrese Dayalı Nüfus Kayıt Sistemi";"Nevşehir";"Ortalama hanehalkı büyüklüğü";"2022";"3,01876079228035";"";"";"";"";""
"Türkiye";"Yıllık";"Adrese Dayalı Nüfus Kayıt Sistemi";"Nevşehir";"Ortalama hanehalkı büyüklüğü";"2023";"3,01071992218131";"";"";"";"";""
"Türkiye";"Yıllık";"Adrese Dayalı Nüfus Kayıt Sistemi";"Nevşehir";"Ortalama hanehalkı büyüklüğü";"2024";"2,97839436425982";"";"";"";"";""
"Türkiye";"Yıllık";"Adrese Dayalı Nüfus Kayıt Sistemi";"Nevşehir";"Ortalama hanehalkı büyüklüğü";"2025";"2,9393075003132";"";"";"";"";""
"Türkiye";"Yıllık";"Adrese Dayalı Nüfus Kayıt Sistemi";"Niğde";"Ortalama hanehalkı büyüklüğü";"2008";"3,9";"";"";"";"";""
"Türkiye";"Yıllık";"Adrese Dayalı Nüfus Kayıt Sistemi";"Niğde";"Ortalama hanehalkı büyüklüğü";"2009";"3,87393039834248";"";"";"";"";""
"Türkiye";"Yıllık";"Adrese Dayalı Nüfus Kayıt Sistemi";"Niğde";"Ortalama hanehalkı büyüklüğü";"2010";"3,76328752618373";"";"";"";"";""
"Türkiye";"Yıllık";"Adrese Dayalı Nüfus Kayıt Sistemi";"Niğde";"Ortalama hanehalkı büyüklüğü";"2011";"3,69480107782533";"";"";"";"";""
"Türkiye";"Yıllık";"Adrese Dayalı Nüfus Kayıt Sistemi";"Niğde";"Ortalama hanehalkı büyüklüğü";"2012";"3,63129750751282";"";"";"";"";""
"Türkiye";"Yıllık";"Adrese Dayalı Nüfus Kayıt Sistemi";"Niğde";"Ortalama hanehalkı büyüklüğü";"2013";"3,57320104595982";"";"";"";"";""
"Türkiye";"Yıllık";"Adrese Dayalı Nüfus Kayıt Sistemi";"Niğde";"Ortalama hanehalkı büyüklüğü";"2014";"3,48887161658281";"";"";"";"";""
"Türkiye";"Yıllık";"Adrese Dayalı Nüfus Kayıt Sistemi";"Niğde";"Ortalama hanehalkı büyüklüğü";"2015";"3,41519545058661";"";"";"";"";""
"Türkiye";"Yıllık";"Adrese Dayalı Nüfus Kayıt Sistemi";"Niğde";"Ortalama hanehalkı büyüklüğü";"2016";"3,37117445199244";"";"";"";"";""
"Türkiye";"Yıllık";"Adrese Dayalı Nüfus Kayıt Sistemi";"Niğde";"Ortalama hanehalkı büyüklüğü";"2017";"3,32283581059089";"";"";"";"";""
"Türkiye";"Yıllık";"Adrese Dayalı Nüfus Kayıt Sistemi";"Niğde";"Ortalama hanehalkı büyüklüğü";"2018";"3,2929864467823";"";"";"";"";""
"Türkiye";"Yıllık";"Adrese Dayalı Nüfus Kayıt Sistemi";"Niğde";"Ortalama hanehalkı büyüklüğü";"2019";"3,23238652837141";"";"";"";"";""
"Türkiye";"Yıllık";"Adrese Dayalı Nüfus Kayıt Sistemi";"Niğde";"Ortalama hanehalkı büyüklüğü";"2020";"3,17711685919821";"";"";"";"";""
"Türkiye";"Yıllık";"Adrese Dayalı Nüfus Kayıt Sistemi";"Niğde";"Ortalama hanehalkı büyüklüğü";"2021";"3,10831263409987";"";"";"";"";""
"Türkiye";"Yıllık";"Adrese Dayalı Nüfus Kayıt Sistemi";"Niğde";"Ortalama hanehalkı büyüklüğü";"2022";"3,04484686436558";"";"";"";"";""
"Türkiye";"Yıllık";"Adrese Dayalı Nüfus Kayıt Sistemi";"Niğde";"Ortalama hanehalkı büyüklüğü";"2023";"3,1037972952179";"";"";"";"";""
"Türkiye";"Yıllık";"Adrese Dayalı Nüfus Kayıt Sistemi";"Niğde";"Ortalama hanehalkı büyüklüğü";"2024";"3,04162490869868";"";"";"";"";""
"Türkiye";"Yıllık";"Adrese Dayalı Nüfus Kayıt Sistemi";"Niğde";"Ortalama hanehalkı büyüklüğü";"2025";"3,00581127588488";"";"";"";"";""
"Türkiye";"Yıllık";"Adrese Dayalı Nüfus Kayıt Sistemi";"Kayseri";"Ortalama hanehalkı büyüklüğü";"2008";"4,2";"";"";"";"";""
"Türkiye";"Yıllık";"Adrese Dayalı Nüfus Kayıt Sistemi";"Kayseri";"Ortalama hanehalkı büyüklüğü";"2009";"4,13632723292194";"";"";"";"";""
"Türkiye";"Yıllık";"Adrese Dayalı Nüfus Kayıt Sistemi";"Kayseri";"Ortalama hanehalkı büyüklüğü";"2010";"3,94844765961937";"";"";"";"";""
"Türkiye";"Yıllık";"Adrese Dayalı Nüfus Kayıt Sistemi";"Kayseri";"Ortalama hanehalkı büyüklüğü";"2011";"3,85149562555507";"";"";"";"";""
"Türkiye";"Yıllık";"Adrese Dayalı Nüfus Kayıt Sistemi";"Kayseri";"Ortalama hanehalkı büyüklüğü";"2012";"3,76897477513007";"";"";"";"";""
"Türkiye";"Yıllık";"Adrese Dayalı Nüfus Kayıt Sistemi";"Kayseri";"Ortalama hanehalkı büyüklüğü";"2013";"3,69875990757802";"";"";"";"";""
"Türkiye";"Yıllık";"Adrese Dayalı Nüfus Kayıt Sistemi";"Kayseri";"Ortalama hanehalkı büyüklüğü";"2014";"3,63879329798037";"";"";"";"";""
"Türkiye";"Yıllık";"Adrese Dayalı Nüfus Kayıt Sistemi";"Kayseri";"Ortalama hanehalkı büyüklüğü";"2015";"3,58133220938316";"";"";"";"";""
"Türkiye";"Yıllık";"Adrese Dayalı Nüfus Kayıt Sistemi";"Kayseri";"Ortalama hanehalkı büyüklüğü";"2016";"3,54647375138172";"";"";"";"";""
"Türkiye";"Yıllık";"Adrese Dayalı Nüfus Kayıt Sistemi";"Kayseri";"Ortalama hanehalkı büyüklüğü";"2017";"3,49570198327809";"";"";"";"";""
"Türkiye";"Yıllık";"Adrese Dayalı Nüfus Kayıt Sistemi";"Kayseri";"Ortalama hanehalkı büyüklüğü";"2018";"3,4575522461488";"";"";"";"";""
"Türkiye";"Yıllık";"Adrese Dayalı Nüfus Kayıt Sistemi";"Kayseri";"Ortalama hanehalkı büyüklüğü";"2019";"3,40371035278438";"";"";"";"";""
"Türkiye";"Yıllık";"Adrese Dayalı Nüfus Kayıt Sistemi";"Kayseri";"Ortalama hanehalkı büyüklüğü";"2020";"3,36096432249076";"";"";"";"";""
"Türkiye";"Yıllık";"Adrese Dayalı Nüfus Kayıt Sistemi";"Kayseri";"Ortalama hanehalkı büyüklüğü";"2021";"3,28935303107489";"";"";"";"";""
"Türkiye";"Yıllık";"Adrese Dayalı Nüfus Kayıt Sistemi";"Kayseri";"Ortalama hanehalkı büyüklüğü";"2022";"3,22329376684179";"";"";"";"";""
"Türkiye";"Yıllık";"Adrese Dayalı Nüfus Kayıt Sistemi";"Kayseri";"Ortalama hanehalkı büyüklüğü";"2023";"3,19082433703003";"";"";"";"";""
"Türkiye";"Yıllık";"Adrese Dayalı Nüfus Kayıt Sistemi";"Kayseri";"Ortalama hanehalkı büyüklüğü";"2024";"3,15220089562768";"";"";"";"";""
"Türkiye";"Yıllık";"Adrese Dayalı Nüfus Kayıt Sistemi";"Kayseri";"Ortalama hanehalkı büyüklüğü";"2025";"3,10763888128129";"";"";"";"";""
"Türkiye";"Yıllık";"Adrese Dayalı Nüfus Kayıt Sistemi";"Sivas";"Ortalama hanehalkı büyüklüğü";"2008";"4,3";"";"";"";"";""
"Türkiye";"Yıllık";"Adrese Dayalı Nüfus Kayıt Sistemi";"Sivas";"Ortalama hanehalkı büyüklüğü";"2009";"4,13272600236483";"";"";"";"";""
"Türkiye";"Yıllık";"Adrese Dayalı Nüfus Kayıt Sistemi";"Sivas";"Ortalama hanehalkı büyüklüğü";"2010";"3,92064300965676";"";"";"";"";""
"Türkiye";"Yıllık";"Adrese Dayalı Nüfus Kayıt Sistemi";"Sivas";"Ortalama hanehalkı büyüklüğü";"2011";"3,79672730905141";"";"";"";"";""
"Türkiye";"Yıllık";"Adrese Dayalı Nüfus Kayıt Sistemi";"Sivas";"Ortalama hanehalkı büyüklüğü";"2012";"3,68917471181336";"";"";"";"";""
"Türkiye";"Yıllık";"Adrese Dayalı Nüfus Kayıt Sistemi";"Sivas";"Ortalama hanehalkı büyüklüğü";"2013";"3,61145606119461";"";"";"";"";""
"Türkiye";"Yıllık";"Adrese Dayalı Nüfus Kayıt Sistemi";"Sivas";"Ortalama hanehalkı büyüklüğü";"2014";"3,51218080252045";"";"";"";"";""
"Türkiye";"Yıllık";"Adrese Dayalı Nüfus Kayıt Sistemi";"Sivas";"Ortalama hanehalkı büyüklüğü";"2015";"3,46261291110104";"";"";"";"";""
"Türkiye";"Yıllık";"Adrese Dayalı Nüfus Kayıt Sistemi";"Sivas";"Ortalama hanehalkı büyüklüğü";"2016";"3,41568941823179";"";"";"";"";""
"Türkiye";"Yıllık";"Adrese Dayalı Nüfus Kayıt Sistemi";"Sivas";"Ortalama hanehalkı büyüklüğü";"2017";"3,37347094366245";"";"";"";"";""
"Türkiye";"Yıllık";"Adrese Dayalı Nüfus Kayıt Sistemi";"Sivas";"Ortalama hanehalkı büyüklüğü";"2018";"3,32674935921404";"";"";"";"";""
"Türkiye";"Yıllık";"Adrese Dayalı Nüfus Kayıt Sistemi";"Sivas";"Ortalama hanehalkı büyüklüğü";"2019";"3,27473655768711";"";"";"";"";""
"Türkiye";"Yıllık";"Adrese Dayalı Nüfus Kayıt Sistemi";"Sivas";"Ortalama hanehalkı büyüklüğü";"2020";"3,21072574516592";"";"";"";"";""
"Türkiye";"Yıllık";"Adrese Dayalı Nüfus Kayıt Sistemi";"Sivas";"Ortalama hanehalkı büyüklüğü";"2021";"3,132588404329";"";"";"";"";""
"Türkiye";"Yıllık";"Adrese Dayalı Nüfus Kayıt Sistemi";"Sivas";"Ortalama hanehalkı büyüklüğü";"2022";"3,0673247638662";"";"";"";"";""
"Türkiye";"Yıllık";"Adrese Dayalı Nüfus Kayıt Sistemi";"Sivas";"Ortalama hanehalkı büyüklüğü";"2023";"3,12870084849951";"";"";"";"";""
"Türkiye";"Yıllık";"Adrese Dayalı Nüfus Kayıt Sistemi";"Sivas";"Ortalama hanehalkı büyüklüğü";"2024";"3,05032063372312";"";"";"";"";""
"Türkiye";"Yıllık";"Adrese Dayalı Nüfus Kayıt Sistemi";"Sivas";"Ortalama hanehalkı büyüklüğü";"2025";"3,00496634255797";"";"";"";"";""
"Türkiye";"Yıllık";"Adrese Dayalı Nüfus Kayıt Sistemi";"Yozgat";"Ortalama hanehalkı büyüklüğü";"2008";"4,2";"";"";"";"";""
"Türkiye";"Yıllık";"Adrese Dayalı Nüfus Kayıt Sistemi";"Yozgat";"Ortalama hanehalkı büyüklüğü";"2009";"4,13746454099449";"";"";"";"";""
"Türkiye";"Yıllık";"Adrese Dayalı Nüfus Kayıt Sistemi";"Yozgat";"Ortalama hanehalkı büyüklüğü";"2010";"3,96224047261303";"";"";"";"";""
"Türkiye";"Yıllık";"Adrese Dayalı Nüfus Kayıt Sistemi";"Yozgat";"Ortalama hanehalkı büyüklüğü";"2011";"3,83644170019654";"";"";"";"";""
"Türkiye";"Yıllık";"Adrese Dayalı Nüfus Kayıt Sistemi";"Yozgat";"Ortalama hanehalkı büyüklüğü";"2012";"3,69765769983114";"";"";"";"";""
"Türkiye";"Yıllık";"Adrese Dayalı Nüfus Kayıt Sistemi";"Yozgat";"Ortalama hanehalkı büyüklüğü";"2013";"3,56746885640556";"";"";"";"";""
"Türkiye";"Yıllık";"Adrese Dayalı Nüfus Kayıt Sistemi";"Yozgat";"Ortalama hanehalkı büyüklüğü";"2014";"3,42577852141848";"";"";"";"";""
"Türkiye";"Yıllık";"Adrese Dayalı Nüfus Kayıt Sistemi";"Yozgat";"Ortalama hanehalkı büyüklüğü";"2015";"3,31794126718722";"";"";"";"";""
"Türkiye";"Yıllık";"Adrese Dayalı Nüfus Kayıt Sistemi";"Yozgat";"Ortalama hanehalkı büyüklüğü";"2016";"3,27264857932914";"";"";"";"";""
"Türkiye";"Yıllık";"Adrese Dayalı Nüfus Kayıt Sistemi";"Yozgat";"Ortalama hanehalkı büyüklüğü";"2017";"3,21970185880122";"";"";"";"";""
"Türkiye";"Yıllık";"Adrese Dayalı Nüfus Kayıt Sistemi";"Yozgat";"Ortalama hanehalkı büyüklüğü";"2018";"3,1952965952966";"";"";"";"";""
"Türkiye";"Yıllık";"Adrese Dayalı Nüfus Kayıt Sistemi";"Yozgat";"Ortalama hanehalkı büyüklüğü";"2019";"3,11733421587341";"";"";"";"";""
"Türkiye";"Yıllık";"Adrese Dayalı Nüfus Kayıt Sistemi";"Yozgat";"Ortalama hanehalkı büyüklüğü";"2020";"3,07083853870907";"";"";"";"";""
"Türkiye";"Yıllık";"Adrese Dayalı Nüfus Kayıt Sistemi";"Yozgat";"Ortalama hanehalkı büyüklüğü";"2021";"3,00154377381849";"";"";"";"";""
"Türkiye";"Yıllık";"Adrese Dayalı Nüfus Kayıt Sistemi";"Yozgat";"Ortalama hanehalkı büyüklüğü";"2022";"2,93367182226396";"";"";"";"";""
"Türkiye";"Yıllık";"Adrese Dayalı Nüfus Kayıt Sistemi";"Yozgat";"Ortalama hanehalkı büyüklüğü";"2023";"2,93685862345814";"";"";"";"";""
"Türkiye";"Yıllık";"Adrese Dayalı Nüfus Kayıt Sistemi";"Yozgat";"Ortalama hanehalkı büyüklüğü";"2024";"2,87329313902032";"";"";"";"";""
"Türkiye";"Yıllık";"Adrese Dayalı Nüfus Kayıt Sistemi";"Yozgat";"Ortalama hanehalkı büyüklüğü";"2025";"2,83185336812213";"";"";"";"";""
"Türkiye";"Yıllık";"Adrese Dayalı Nüfus Kayıt Sistemi";"Bartın";"Ortalama hanehalkı büyüklüğü";"2008";"3,7";"";"";"";"";""
"Türkiye";"Yıllık";"Adrese Dayalı Nüfus Kayıt Sistemi";"Bartın";"Ortalama hanehalkı büyüklüğü";"2009";"3,62818458893404";"";"";"";"";""
"Türkiye";"Yıllık";"Adrese Dayalı Nüfus Kayıt Sistemi";"Bartın";"Ortalama hanehalkı büyüklüğü";"2010";"3,52662336418156";"";"";"";"";""
"Türkiye";"Yıllık";"Adrese Dayalı Nüfus Kayıt Sistemi";"Bartın";"Ortalama hanehalkı büyüklüğü";"2011";"3,44139870629043";"";"";"";"";""
"Türkiye";"Yıllık";"Adrese Dayalı Nüfus Kayıt Sistemi";"Bartın";"Ortalama hanehalkı büyüklüğü";"2012";"3,39612936648905";"";"";"";"";""
"Türkiye";"Yıllık";"Adrese Dayalı Nüfus Kayıt Sistemi";"Bartın";"Ortalama hanehalkı büyüklüğü";"2013";"3,31514538923885";"";"";"";"";""
"Türkiye";"Yıllık";"Adrese Dayalı Nüfus Kayıt Sistemi";"Bartın";"Ortalama hanehalkı büyüklüğü";"2014";"3,25942609867698";"";"";"";"";""
"Türkiye";"Yıllık";"Adrese Dayalı Nüfus Kayıt Sistemi";"Bartın";"Ortalama hanehalkı büyüklüğü";"2015";"3,18919902281823";"";"";"";"";""
"Türkiye";"Yıllık";"Adrese Dayalı Nüfus Kayıt Sistemi";"Bartın";"Ortalama hanehalkı büyüklüğü";"2016";"3,1363767305509";"";"";"";"";""
"Türkiye";"Yıllık";"Adrese Dayalı Nüfus Kayıt Sistemi";"Bartın";"Ortalama hanehalkı büyüklüğü";"2017";"3,0877286155276";"";"";"";"";""
"Türkiye";"Yıllık";"Adrese Dayalı Nüfus Kayıt Sistemi";"Bartın";"Ortalama hanehalkı büyüklüğü";"2018";"3,06520870301984";"";"";"";"";""
"Türkiye";"Yıllık";"Adrese Dayalı Nüfus Kayıt Sistemi";"Bartın";"Ortalama hanehalkı büyüklüğü";"2019";"2,98965663150966";"";"";"";"";""
"Türkiye";"Yıllık";"Adrese Dayalı Nüfus Kayıt Sistemi";"Bartın";"Ortalama hanehalkı büyüklüğü";"2020";"2,9356102003643";"";"";"";"";""
"Türkiye";"Yıllık";"Adrese Dayalı Nüfus Kayıt Sistemi";"Bartın";"Ortalama hanehalkı büyüklüğü";"2021";"2,85651833581946";"";"";"";"";""
"Türkiye";"Yıllık";"Adrese Dayalı Nüfus Kayıt Sistemi";"Bartın";"Ortalama hanehalkı büyüklüğü";"2022";"2,78839418991847";"";"";"";"";""
"Türkiye";"Yıllık";"Adrese Dayalı Nüfus Kayıt Sistemi";"Bartın";"Ortalama hanehalkı büyüklüğü";"2023";"2,7951901027659";"";"";"";"";""
"Türkiye";"Yıllık";"Adrese Dayalı Nüfus Kayıt Sistemi";"Bartın";"Ortalama hanehalkı büyüklüğü";"2024";"2,77214209251225";"";"";"";"";""
"Türkiye";"Yıllık";"Adrese Dayalı Nüfus Kayıt Sistemi";"Bartın";"Ortalama hanehalkı büyüklüğü";"2025";"2,73120830038977";"";"";"";"";""
"Türkiye";"Yıllık";"Adrese Dayalı Nüfus Kayıt Sistemi";"Karabük";"Ortalama hanehalkı büyüklüğü";"2008";"3,4";"";"";"";"";""
"Türkiye";"Yıllık";"Adrese Dayalı Nüfus Kayıt Sistemi";"Karabük";"Ortalama hanehalkı büyüklüğü";"2009";"3,32409028385645";"";"";"";"";""
"Türkiye";"Yıllık";"Adrese Dayalı Nüfus Kayıt Sistemi";"Karabük";"Ortalama hanehalkı büyüklüğü";"2010";"3,25030738964712";"";"";"";"";""
"Türkiye";"Yıllık";"Adrese Dayalı Nüfus Kayıt Sistemi";"Karabük";"Ortalama hanehalkı büyüklüğü";"2011";"3,20085937262762";"";"";"";"";""
"Türkiye";"Yıllık";"Adrese Dayalı Nüfus Kayıt Sistemi";"Karabük";"Ortalama hanehalkı büyüklüğü";"2012";"3,14856810799535";"";"";"";"";""
"Türkiye";"Yıllık";"Adrese Dayalı Nüfus Kayıt Sistemi";"Karabük";"Ortalama hanehalkı büyüklüğü";"2013";"3,10613373113373";"";"";"";"";""
"Türkiye";"Yıllık";"Adrese Dayalı Nüfus Kayıt Sistemi";"Karabük";"Ortalama hanehalkı büyüklüğü";"2014";"3,05226216853692";"";"";"";"";""
"Türkiye";"Yıllık";"Adrese Dayalı Nüfus Kayıt Sistemi";"Karabük";"Ortalama hanehalkı büyüklüğü";"2015";"3,00159363654001";"";"";"";"";""
"Türkiye";"Yıllık";"Adrese Dayalı Nüfus Kayıt Sistemi";"Karabük";"Ortalama hanehalkı büyüklüğü";"2016";"2,94510541157513";"";"";"";"";""
"Türkiye";"Yıllık";"Adrese Dayalı Nüfus Kayıt Sistemi";"Karabük";"Ortalama hanehalkı büyüklüğü";"2017";"2,90005859756495";"";"";"";"";""
"Türkiye";"Yıllık";"Adrese Dayalı Nüfus Kayıt Sistemi";"Karabük";"Ortalama hanehalkı büyüklüğü";"2018";"2,89389981267442";"";"";"";"";""
"Türkiye";"Yıllık";"Adrese Dayalı Nüfus Kayıt Sistemi";"Karabük";"Ortalama hanehalkı büyüklüğü";"2019";"2,83293095123129";"";"";"";"";""
"Türkiye";"Yıllık";"Adrese Dayalı Nüfus Kayıt Sistemi";"Karabük";"Ortalama hanehalkı büyüklüğü";"2020";"2,78109976871193";"";"";"";"";""
"Türkiye";"Yıllık";"Adrese Dayalı Nüfus Kayıt Sistemi";"Karabük";"Ortalama hanehalkı büyüklüğü";"2021";"2,70680652899948";"";"";"";"";""
"Türkiye";"Yıllık";"Adrese Dayalı Nüfus Kayıt Sistemi";"Karabük";"Ortalama hanehalkı büyüklüğü";"2022";"2,63740091829043";"";"";"";"";""
"Türkiye";"Yıllık";"Adrese Dayalı Nüfus Kayıt Sistemi";"Karabük";"Ortalama hanehalkı büyüklüğü";"2023";"2,66944715189156";"";"";"";"";""
"Türkiye";"Yıllık";"Adrese Dayalı Nüfus Kayıt Sistemi";"Karabük";"Ortalama hanehalkı büyüklüğü";"2024";"2,614754467807";"";"";"";"";""
"Türkiye";"Yıllık";"Adrese Dayalı Nüfus Kayıt Sistemi";"Karabük";"Ortalama hanehalkı büyüklüğü";"2025";"2,57432613054132";"";"";"";"";""
"Türkiye";"Yıllık";"Adrese Dayalı Nüfus Kayıt Sistemi";"Zonguldak";"Ortalama hanehalkı büyüklüğü";"2008";"3,7";"";"";"";"";""
"Türkiye";"Yıllık";"Adrese Dayalı Nüfus Kayıt Sistemi";"Zonguldak";"Ortalama hanehalkı büyüklüğü";"2009";"3,71237226277372";"";"";"";"";""
"Türkiye";"Yıllık";"Adrese Dayalı Nüfus Kayıt Sistemi";"Zonguldak";"Ortalama hanehalkı büyüklüğü";"2010";"3,57817928289227";"";"";"";"";""
"Türkiye";"Yıllık";"Adrese Dayalı Nüfus Kayıt Sistemi";"Zonguldak";"Ortalama hanehalkı büyüklüğü";"2011";"3,48031050611797";"";"";"";"";""
"Türkiye";"Yıllık";"Adrese Dayalı Nüfus Kayıt Sistemi";"Zonguldak";"Ortalama hanehalkı büyüklüğü";"2012";"3,4005636140454";"";"";"";"";""
"Türkiye";"Yıllık";"Adrese Dayalı Nüfus Kayıt Sistemi";"Zonguldak";"Ortalama hanehalkı büyüklüğü";"2013";"3,31885825119381";"";"";"";"";""
"Türkiye";"Yıllık";"Adrese Dayalı Nüfus Kayıt Sistemi";"Zonguldak";"Ortalama hanehalkı büyüklüğü";"2014";"3,25262892941045";"";"";"";"";""
"Türkiye";"Yıllık";"Adrese Dayalı Nüfus Kayıt Sistemi";"Zonguldak";"Ortalama hanehalkı büyüklüğü";"2015";"3,1837711855068";"";"";"";"";""
"Türkiye";"Yıllık";"Adrese Dayalı Nüfus Kayıt Sistemi";"Zonguldak";"Ortalama hanehalkı büyüklüğü";"2016";"3,12575946282558";"";"";"";"";""
"Türkiye";"Yıllık";"Adrese Dayalı Nüfus Kayıt Sistemi";"Zonguldak";"Ortalama hanehalkı büyüklüğü";"2017";"3,07498662958605";"";"";"";"";""
"Türkiye";"Yıllık";"Adrese Dayalı Nüfus Kayıt Sistemi";"Zonguldak";"Ortalama hanehalkı büyüklüğü";"2018";"3,02842276968588";"";"";"";"";""
"Türkiye";"Yıllık";"Adrese Dayalı Nüfus Kayıt Sistemi";"Zonguldak";"Ortalama hanehalkı büyüklüğü";"2019";"2,9753247425348";"";"";"";"";""
"Türkiye";"Yıllık";"Adrese Dayalı Nüfus Kayıt Sistemi";"Zonguldak";"Ortalama hanehalkı büyüklüğü";"2020";"2,92730970661514";"";"";"";"";""
"Türkiye";"Yıllık";"Adrese Dayalı Nüfus Kayıt Sistemi";"Zonguldak";"Ortalama hanehalkı büyüklüğü";"2021";"2,85138685254778";"";"";"";"";""
"Türkiye";"Yıllık";"Adrese Dayalı Nüfus Kayıt Sistemi";"Zonguldak";"Ortalama hanehalkı büyüklüğü";"2022";"2,78140447733435";"";"";"";"";""
"Türkiye";"Yıllık";"Adrese Dayalı Nüfus Kayıt Sistemi";"Zonguldak";"Ortalama hanehalkı büyüklüğü";"2023";"2,76732091849804";"";"";"";"";""
"Türkiye";"Yıllık";"Adrese Dayalı Nüfus Kayıt Sistemi";"Zonguldak";"Ortalama hanehalkı büyüklüğü";"2024";"2,73929512357534";"";"";"";"";""
"Türkiye";"Yıllık";"Adrese Dayalı Nüfus Kayıt Sistemi";"Zonguldak";"Ortalama hanehalkı büyüklüğü";"2025";"2,70691949752978";"";"";"";"";""
"Türkiye";"Yıllık";"Adrese Dayalı Nüfus Kayıt Sistemi";"Çankırı";"Ortalama hanehalkı büyüklüğü";"2008";"3,5";"";"";"";"";""
"Türkiye";"Yıllık";"Adrese Dayalı Nüfus Kayıt Sistemi";"Çankırı";"Ortalama hanehalkı büyüklüğü";"2009";"3,44070755712449";"";"";"";"";""
"Türkiye";"Yıllık";"Adrese Dayalı Nüfus Kayıt Sistemi";"Çankırı";"Ortalama hanehalkı büyüklüğü";"2010";"3,27647682922208";"";"";"";"";""
"Türkiye";"Yıllık";"Adrese Dayalı Nüfus Kayıt Sistemi";"Çankırı";"Ortalama hanehalkı büyüklüğü";"2011";"3,17126824630413";"";"";"";"";""
"Türkiye";"Yıllık";"Adrese Dayalı Nüfus Kayıt Sistemi";"Çankırı";"Ortalama hanehalkı büyüklüğü";"2012";"3,14540322723803";"";"";"";"";""
"Türkiye";"Yıllık";"Adrese Dayalı Nüfus Kayıt Sistemi";"Çankırı";"Ortalama hanehalkı büyüklüğü";"2013";"3,13816014795534";"";"";"";"";""
"Türkiye";"Yıllık";"Adrese Dayalı Nüfus Kayıt Sistemi";"Çankırı";"Ortalama hanehalkı büyüklüğü";"2014";"2,97499788690728";"";"";"";"";""
"Türkiye";"Yıllık";"Adrese Dayalı Nüfus Kayıt Sistemi";"Çankırı";"Ortalama hanehalkı büyüklüğü";"2015";"2,91217524540755";"";"";"";"";""
"Türkiye";"Yıllık";"Adrese Dayalı Nüfus Kayıt Sistemi";"Çankırı";"Ortalama hanehalkı büyüklüğü";"2016";"2,8760907504363";"";"";"";"";""
"Türkiye";"Yıllık";"Adrese Dayalı Nüfus Kayıt Sistemi";"Çankırı";"Ortalama hanehalkı büyüklüğü";"2017";"2,84212920098111";"";"";"";"";""
"Türkiye";"Yıllık";"Adrese Dayalı Nüfus Kayıt Sistemi";"Çankırı";"Ortalama hanehalkı büyüklüğü";"2018";"3,02761730723886";"";"";"";"";""
"Türkiye";"Yıllık";"Adrese Dayalı Nüfus Kayıt Sistemi";"Çankırı";"Ortalama hanehalkı büyüklüğü";"2019";"2,79480550712439";"";"";"";"";""
"Türkiye";"Yıllık";"Adrese Dayalı Nüfus Kayıt Sistemi";"Çankırı";"Ortalama hanehalkı büyüklüğü";"2020";"2,74004739336493";"";"";"";"";""
"Türkiye";"Yıllık";"Adrese Dayalı Nüfus Kayıt Sistemi";"Çankırı";"Ortalama hanehalkı büyüklüğü";"2021";"2,72328922825834";"";"";"";"";""
"Türkiye";"Yıllık";"Adrese Dayalı Nüfus Kayıt Sistemi";"Çankırı";"Ortalama hanehalkı büyüklüğü";"2022";"2,67688350505094";"";"";"";"";""
"Türkiye";"Yıllık";"Adrese Dayalı Nüfus Kayıt Sistemi";"Çankırı";"Ortalama hanehalkı büyüklüğü";"2023";"2,81365318947459";"";"";"";"";""
"Türkiye";"Yıllık";"Adrese Dayalı Nüfus Kayıt Sistemi";"Çankırı";"Ortalama hanehalkı büyüklüğü";"2024";"2,71268133566053";"";"";"";"";""
"Türkiye";"Yıllık";"Adrese Dayalı Nüfus Kayıt Sistemi";"Çankırı";"Ortalama hanehalkı büyüklüğü";"2025";"2,69044721200113";"";"";"";"";""
"Türkiye";"Yıllık";"Adrese Dayalı Nüfus Kayıt Sistemi";"Kastamonu";"Ortalama hanehalkı büyüklüğü";"2008";"3,6";"";"";"";"";""
"Türkiye";"Yıllık";"Adrese Dayalı Nüfus Kayıt Sistemi";"Kastamonu";"Ortalama hanehalkı büyüklüğü";"2009";"3,53601669287529";"";"";"";"";""
"Türkiye";"Yıllık";"Adrese Dayalı Nüfus Kayıt Sistemi";"Kastamonu";"Ortalama hanehalkı büyüklüğü";"2010";"3,41670932430304";"";"";"";"";""
"Türkiye";"Yıllık";"Adrese Dayalı Nüfus Kayıt Sistemi";"Kastamonu";"Ortalama hanehalkı büyüklüğü";"2011";"3,33520669414263";"";"";"";"";""
"Türkiye";"Yıllık";"Adrese Dayalı Nüfus Kayıt Sistemi";"Kastamonu";"Ortalama hanehalkı büyüklüğü";"2012";"3,26219219134319";"";"";"";"";""
"Türkiye";"Yıllık";"Adrese Dayalı Nüfus Kayıt Sistemi";"Kastamonu";"Ortalama hanehalkı büyüklüğü";"2013";"3,1989436299062";"";"";"";"";""
"Türkiye";"Yıllık";"Adrese Dayalı Nüfus Kayıt Sistemi";"Kastamonu";"Ortalama hanehalkı büyüklüğü";"2014";"3,11951623532765";"";"";"";"";""
"Türkiye";"Yıllık";"Adrese Dayalı Nüfus Kayıt Sistemi";"Kastamonu";"Ortalama hanehalkı büyüklüğü";"2015";"3,06317925316985";"";"";"";"";""
"Türkiye";"Yıllık";"Adrese Dayalı Nüfus Kayıt Sistemi";"Kastamonu";"Ortalama hanehalkı büyüklüğü";"2016";"3,01192765139269";"";"";"";"";""
"Türkiye";"Yıllık";"Adrese Dayalı Nüfus Kayıt Sistemi";"Kastamonu";"Ortalama hanehalkı büyüklüğü";"2017";"2,96058536749661";"";"";"";"";""
"Türkiye";"Yıllık";"Adrese Dayalı Nüfus Kayıt Sistemi";"Kastamonu";"Ortalama hanehalkı büyüklüğü";"2018";"2,95183945941082";"";"";"";"";""
"Türkiye";"Yıllık";"Adrese Dayalı Nüfus Kayıt Sistemi";"Kastamonu";"Ortalama hanehalkı büyüklüğü";"2019";"2,88404530770279";"";"";"";"";""
"Türkiye";"Yıllık";"Adrese Dayalı Nüfus Kayıt Sistemi";"Kastamonu";"Ortalama hanehalkı büyüklüğü";"2020";"2,83293387847173";"";"";"";"";""
"Türkiye";"Yıllık";"Adrese Dayalı Nüfus Kayıt Sistemi";"Kastamonu";"Ortalama hanehalkı büyüklüğü";"2021";"2,75637317703738";"";"";"";"";""
"Türkiye";"Yıllık";"Adrese Dayalı Nüfus Kayıt Sistemi";"Kastamonu";"Ortalama hanehalkı büyüklüğü";"2022";"2,69734838305115";"";"";"";"";""
"Türkiye";"Yıllık";"Adrese Dayalı Nüfus Kayıt Sistemi";"Kastamonu";"Ortalama hanehalkı büyüklüğü";"2023";"2,74001189104282";"";"";"";"";""
"Türkiye";"Yıllık";"Adrese Dayalı Nüfus Kayıt Sistemi";"Kastamonu";"Ortalama hanehalkı büyüklüğü";"2024";"2,66947691408533";"";"";"";"";""
"Türkiye";"Yıllık";"Adrese Dayalı Nüfus Kayıt Sistemi";"Kastamonu";"Ortalama hanehalkı büyüklüğü";"2025";"2,62759757631849";"";"";"";"";""
"Türkiye";"Yıllık";"Adrese Dayalı Nüfus Kayıt Sistemi";"Sinop";"Ortalama hanehalkı büyüklüğü";"2008";"3,4";"";"";"";"";""
"Türkiye";"Yıllık";"Adrese Dayalı Nüfus Kayıt Sistemi";"Sinop";"Ortalama hanehalkı büyüklüğü";"2009";"3,36198872129365";"";"";"";"";""
"Türkiye";"Yıllık";"Adrese Dayalı Nüfus Kayıt Sistemi";"Sinop";"Ortalama hanehalkı büyüklüğü";"2010";"3,24438312968073";"";"";"";"";""
"Türkiye";"Yıllık";"Adrese Dayalı Nüfus Kayıt Sistemi";"Sinop";"Ortalama hanehalkı büyüklüğü";"2011";"3,15761547067285";"";"";"";"";""
"Türkiye";"Yıllık";"Adrese Dayalı Nüfus Kayıt Sistemi";"Sinop";"Ortalama hanehalkı büyüklüğü";"2012";"3,08469790187727";"";"";"";"";""
"Türkiye";"Yıllık";"Adrese Dayalı Nüfus Kayıt Sistemi";"Sinop";"Ortalama hanehalkı büyüklüğü";"2013";"3,0380120989356";"";"";"";"";""
"Türkiye";"Yıllık";"Adrese Dayalı Nüfus Kayıt Sistemi";"Sinop";"Ortalama hanehalkı büyüklüğü";"2014";"2,96055017005529";"";"";"";"";""
"Türkiye";"Yıllık";"Adrese Dayalı Nüfus Kayıt Sistemi";"Sinop";"Ortalama hanehalkı büyüklüğü";"2015";"2,90784070430441";"";"";"";"";""
"Türkiye";"Yıllık";"Adrese Dayalı Nüfus Kayıt Sistemi";"Sinop";"Ortalama hanehalkı büyüklüğü";"2016";"2,88190778921583";"";"";"";"";""
"Türkiye";"Yıllık";"Adrese Dayalı Nüfus Kayıt Sistemi";"Sinop";"Ortalama hanehalkı büyüklüğü";"2017";"2,83818589025756";"";"";"";"";""
"Türkiye";"Yıllık";"Adrese Dayalı Nüfus Kayıt Sistemi";"Sinop";"Ortalama hanehalkı büyüklüğü";"2018";"2,88970852824757";"";"";"";"";""
"Türkiye";"Yıllık";"Adrese Dayalı Nüfus Kayıt Sistemi";"Sinop";"Ortalama hanehalkı büyüklüğü";"2019";"2,81871667833486";"";"";"";"";""
"Türkiye";"Yıllık";"Adrese Dayalı Nüfus Kayıt Sistemi";"Sinop";"Ortalama hanehalkı büyüklüğü";"2020";"2,76237011705906";"";"";"";"";""
"Türkiye";"Yıllık";"Adrese Dayalı Nüfus Kayıt Sistemi";"Sinop";"Ortalama hanehalkı büyüklüğü";"2021";"2,68133626981485";"";"";"";"";""
"Türkiye";"Yıllık";"Adrese Dayalı Nüfus Kayıt Sistemi";"Sinop";"Ortalama hanehalkı büyüklüğü";"2022";"2,62551450563935";"";"";"";"";""
"Türkiye";"Yıllık";"Adrese Dayalı Nüfus Kayıt Sistemi";"Sinop";"Ortalama hanehalkı büyüklüğü";"2023";"2,67258809234508";"";"";"";"";""
"Türkiye";"Yıllık";"Adrese Dayalı Nüfus Kayıt Sistemi";"Sinop";"Ortalama hanehalkı büyüklüğü";"2024";"2,60776194144838";"";"";"";"";""
"Türkiye";"Yıllık";"Adrese Dayalı Nüfus Kayıt Sistemi";"Sinop";"Ortalama hanehalkı büyüklüğü";"2025";"2,56604087848288";"";"";"";"";""
"Türkiye";"Yıllık";"Adrese Dayalı Nüfus Kayıt Sistemi";"Amasya";"Ortalama hanehalkı büyüklüğü";"2008";"3,8";"";"";"";"";""
"Türkiye";"Yıllık";"Adrese Dayalı Nüfus Kayıt Sistemi";"Amasya";"Ortalama hanehalkı büyüklüğü";"2009";"3,6741144160499";"";"";"";"";""
"Türkiye";"Yıllık";"Adrese Dayalı Nüfus Kayıt Sistemi";"Amasya";"Ortalama hanehalkı büyüklüğü";"2010";"3,5639070442992";"";"";"";"";""
"Türkiye";"Yıllık";"Adrese Dayalı Nüfus Kayıt Sistemi";"Amasya";"Ortalama hanehalkı büyüklüğü";"2011";"3,48094402097824";"";"";"";"";""
"Türkiye";"Yıllık";"Adrese Dayalı Nüfus Kayıt Sistemi";"Amasya";"Ortalama hanehalkı büyüklüğü";"2012";"3,40997486152071";"";"";"";"";""
"Türkiye";"Yıllık";"Adrese Dayalı Nüfus Kayıt Sistemi";"Amasya";"Ortalama hanehalkı büyüklüğü";"2013";"3,34095784990767";"";"";"";"";""
"Türkiye";"Yıllık";"Adrese Dayalı Nüfus Kayıt Sistemi";"Amasya";"Ortalama hanehalkı büyüklüğü";"2014";"3,2650240447305";"";"";"";"";""
"Türkiye";"Yıllık";"Adrese Dayalı Nüfus Kayıt Sistemi";"Amasya";"Ortalama hanehalkı büyüklüğü";"2015";"3,20323219065003";"";"";"";"";""
"Türkiye";"Yıllık";"Adrese Dayalı Nüfus Kayıt Sistemi";"Amasya";"Ortalama hanehalkı büyüklüğü";"2016";"3,17046174261845";"";"";"";"";""
"Türkiye";"Yıllık";"Adrese Dayalı Nüfus Kayıt Sistemi";"Amasya";"Ortalama hanehalkı büyüklüğü";"2017";"3,13395255702376";"";"";"";"";""
"Türkiye";"Yıllık";"Adrese Dayalı Nüfus Kayıt Sistemi";"Amasya";"Ortalama hanehalkı büyüklüğü";"2018";"3,11293948210932";"";"";"";"";""
"Türkiye";"Yıllık";"Adrese Dayalı Nüfus Kayıt Sistemi";"Amasya";"Ortalama hanehalkı büyüklüğü";"2019";"3,05353943506271";"";"";"";"";""
"Türkiye";"Yıllık";"Adrese Dayalı Nüfus Kayıt Sistemi";"Amasya";"Ortalama hanehalkı büyüklüğü";"2020";"3,01054099274958";"";"";"";"";""
"Türkiye";"Yıllık";"Adrese Dayalı Nüfus Kayıt Sistemi";"Amasya";"Ortalama hanehalkı büyüklüğü";"2021";"2,9391791283377";"";"";"";"";""
"Türkiye";"Yıllık";"Adrese Dayalı Nüfus Kayıt Sistemi";"Amasya";"Ortalama hanehalkı büyüklüğü";"2022";"2,87108996308979";"";"";"";"";""
"Türkiye";"Yıllık";"Adrese Dayalı Nüfus Kayıt Sistemi";"Amasya";"Ortalama hanehalkı büyüklüğü";"2023";"2,88514104478271";"";"";"";"";""
"Türkiye";"Yıllık";"Adrese Dayalı Nüfus Kayıt Sistemi";"Amasya";"Ortalama hanehalkı büyüklüğü";"2024";"2,83716705964545";"";"";"";"";""
"Türkiye";"Yıllık";"Adrese Dayalı Nüfus Kayıt Sistemi";"Amasya";"Ortalama hanehalkı büyüklüğü";"2025";"2,79370981485785";"";"";"";"";""
"Türkiye";"Yıllık";"Adrese Dayalı Nüfus Kayıt Sistemi";"Çorum";"Ortalama hanehalkı büyüklüğü";"2008";"3,8";"";"";"";"";""
"Türkiye";"Yıllık";"Adrese Dayalı Nüfus Kayıt Sistemi";"Çorum";"Ortalama hanehalkı büyüklüğü";"2009";"3,70800257901706";"";"";"";"";""
"Türkiye";"Yıllık";"Adrese Dayalı Nüfus Kayıt Sistemi";"Çorum";"Ortalama hanehalkı büyüklüğü";"2010";"3,54493676865561";"";"";"";"";""
"Türkiye";"Yıllık";"Adrese Dayalı Nüfus Kayıt Sistemi";"Çorum";"Ortalama hanehalkı büyüklüğü";"2011";"3,44440649017933";"";"";"";"";""
"Türkiye";"Yıllık";"Adrese Dayalı Nüfus Kayıt Sistemi";"Çorum";"Ortalama hanehalkı büyüklüğü";"2012";"3,33058898847631";"";"";"";"";""
"Türkiye";"Yıllık";"Adrese Dayalı Nüfus Kayıt Sistemi";"Çorum";"Ortalama hanehalkı büyüklüğü";"2013";"3,25530904021555";"";"";"";"";""
"Türkiye";"Yıllık";"Adrese Dayalı Nüfus Kayıt Sistemi";"Çorum";"Ortalama hanehalkı büyüklüğü";"2014";"3,17584921930338";"";"";"";"";""
"Türkiye";"Yıllık";"Adrese Dayalı Nüfus Kayıt Sistemi";"Çorum";"Ortalama hanehalkı büyüklüğü";"2015";"3,11860593789711";"";"";"";"";""
"Türkiye";"Yıllık";"Adrese Dayalı Nüfus Kayıt Sistemi";"Çorum";"Ortalama hanehalkı büyüklüğü";"2016";"3,08285940537038";"";"";"";"";""
"Türkiye";"Yıllık";"Adrese Dayalı Nüfus Kayıt Sistemi";"Çorum";"Ortalama hanehalkı büyüklüğü";"2017";"3,04317672582423";"";"";"";"";""
"Türkiye";"Yıllık";"Adrese Dayalı Nüfus Kayıt Sistemi";"Çorum";"Ortalama hanehalkı büyüklüğü";"2018";"3,04224687691098";"";"";"";"";""
"Türkiye";"Yıllık";"Adrese Dayalı Nüfus Kayıt Sistemi";"Çorum";"Ortalama hanehalkı büyüklüğü";"2019";"2,97777931447802";"";"";"";"";""
"Türkiye";"Yıllık";"Adrese Dayalı Nüfus Kayıt Sistemi";"Çorum";"Ortalama hanehalkı büyüklüğü";"2020";"2,93019310695807";"";"";"";"";""
"Türkiye";"Yıllık";"Adrese Dayalı Nüfus Kayıt Sistemi";"Çorum";"Ortalama hanehalkı büyüklüğü";"2021";"2,8547893425212";"";"";"";"";""
"Türkiye";"Yıllık";"Adrese Dayalı Nüfus Kayıt Sistemi";"Çorum";"Ortalama hanehalkı büyüklüğü";"2022";"2,79492121012464";"";"";"";"";""
"Türkiye";"Yıllık";"Adrese Dayalı Nüfus Kayıt Sistemi";"Çorum";"Ortalama hanehalkı büyüklüğü";"2023";"2,81868083707681";"";"";"";"";""
"Türkiye";"Yıllık";"Adrese Dayalı Nüfus Kayıt Sistemi";"Çorum";"Ortalama hanehalkı büyüklüğü";"2024";"2,74943130676704";"";"";"";"";""
"Türkiye";"Yıllık";"Adrese Dayalı Nüfus Kayıt Sistemi";"Çorum";"Ortalama hanehalkı büyüklüğü";"2025";"2,71376089293722";"";"";"";"";""
"Türkiye";"Yıllık";"Adrese Dayalı Nüfus Kayıt Sistemi";"Samsun";"Ortalama hanehalkı büyüklüğü";"2008";"4,1";"";"";"";"";""
"Türkiye";"Yıllık";"Adrese Dayalı Nüfus Kayıt Sistemi";"Samsun";"Ortalama hanehalkı büyüklüğü";"2009";"4,04104642060741";"";"";"";"";""
"Türkiye";"Yıllık";"Adrese Dayalı Nüfus Kayıt Sistemi";"Samsun";"Ortalama hanehalkı büyüklüğü";"2010";"3,92024880345938";"";"";"";"";""
"Türkiye";"Yıllık";"Adrese Dayalı Nüfus Kayıt Sistemi";"Samsun";"Ortalama hanehalkı büyüklüğü";"2011";"3,82348558299326";"";"";"";"";""
"Türkiye";"Yıllık";"Adrese Dayalı Nüfus Kayıt Sistemi";"Samsun";"Ortalama hanehalkı büyüklüğü";"2012";"3,73070162879746";"";"";"";"";""
"Türkiye";"Yıllık";"Adrese Dayalı Nüfus Kayıt Sistemi";"Samsun";"Ortalama hanehalkı büyüklüğü";"2013";"3,65743135045371";"";"";"";"";""
"Türkiye";"Yıllık";"Adrese Dayalı Nüfus Kayıt Sistemi";"Samsun";"Ortalama hanehalkı büyüklüğü";"2014";"3,57328374131419";"";"";"";"";""
"Türkiye";"Yıllık";"Adrese Dayalı Nüfus Kayıt Sistemi";"Samsun";"Ortalama hanehalkı büyüklüğü";"2015";"3,49346457420965";"";"";"";"";""
"Türkiye";"Yıllık";"Adrese Dayalı Nüfus Kayıt Sistemi";"Samsun";"Ortalama hanehalkı büyüklüğü";"2016";"3,44789230849176";"";"";"";"";""
"Türkiye";"Yıllık";"Adrese Dayalı Nüfus Kayıt Sistemi";"Samsun";"Ortalama hanehalkı büyüklüğü";"2017";"3,40043363931663";"";"";"";"";""
"Türkiye";"Yıllık";"Adrese Dayalı Nüfus Kayıt Sistemi";"Samsun";"Ortalama hanehalkı büyüklüğü";"2018";"3,38131908593095";"";"";"";"";""
"Türkiye";"Yıllık";"Adrese Dayalı Nüfus Kayıt Sistemi";"Samsun";"Ortalama hanehalkı büyüklüğü";"2019";"3,28194857249187";"";"";"";"";""
"Türkiye";"Yıllık";"Adrese Dayalı Nüfus Kayıt Sistemi";"Samsun";"Ortalama hanehalkı büyüklüğü";"2020";"3,22435861456353";"";"";"";"";""
"Türkiye";"Yıllık";"Adrese Dayalı Nüfus Kayıt Sistemi";"Samsun";"Ortalama hanehalkı büyüklüğü";"2021";"3,13525425167662";"";"";"";"";""
"Türkiye";"Yıllık";"Adrese Dayalı Nüfus Kayıt Sistemi";"Samsun";"Ortalama hanehalkı büyüklüğü";"2022";"3,04895770142834";"";"";"";"";""
"Türkiye";"Yıllık";"Adrese Dayalı Nüfus Kayıt Sistemi";"Samsun";"Ortalama hanehalkı büyüklüğü";"2023";"3,04202162125294";"";"";"";"";""
"Türkiye";"Yıllık";"Adrese Dayalı Nüfus Kayıt Sistemi";"Samsun";"Ortalama hanehalkı büyüklüğü";"2024";"2,98608307327856";"";"";"";"";""
"Türkiye";"Yıllık";"Adrese Dayalı Nüfus Kayıt Sistemi";"Samsun";"Ortalama hanehalkı büyüklüğü";"2025";"2,94132606284981";"";"";"";"";""
"Türkiye";"Yıllık";"Adrese Dayalı Nüfus Kayıt Sistemi";"Tokat";"Ortalama hanehalkı büyüklüğü";"2008";"4,2";"";"";"";"";""
"Türkiye";"Yıllık";"Adrese Dayalı Nüfus Kayıt Sistemi";"Tokat";"Ortalama hanehalkı büyüklüğü";"2009";"4,04086836162308";"";"";"";"";""
"Türkiye";"Yıllık";"Adrese Dayalı Nüfus Kayıt Sistemi";"Tokat";"Ortalama hanehalkı büyüklüğü";"2010";"3,83635353835424";"";"";"";"";""
"Türkiye";"Yıllık";"Adrese Dayalı Nüfus Kayıt Sistemi";"Tokat";"Ortalama hanehalkı büyüklüğü";"2011";"3,72096925213501";"";"";"";"";""
"Türkiye";"Yıllık";"Adrese Dayalı Nüfus Kayıt Sistemi";"Tokat";"Ortalama hanehalkı büyüklüğü";"2012";"3,61473830869881";"";"";"";"";""
"Türkiye";"Yıllık";"Adrese Dayalı Nüfus Kayıt Sistemi";"Tokat";"Ortalama hanehalkı büyüklüğü";"2013";"3,55810462202124";"";"";"";"";""
"Türkiye";"Yıllık";"Adrese Dayalı Nüfus Kayıt Sistemi";"Tokat";"Ortalama hanehalkı büyüklüğü";"2014";"3,44745694334854";"";"";"";"";""
"Türkiye";"Yıllık";"Adrese Dayalı Nüfus Kayıt Sistemi";"Tokat";"Ortalama hanehalkı büyüklüğü";"2015";"3,36635032220269";"";"";"";"";""
"Türkiye";"Yıllık";"Adrese Dayalı Nüfus Kayıt Sistemi";"Tokat";"Ortalama hanehalkı büyüklüğü";"2016";"3,31858827027089";"";"";"";"";""
"Türkiye";"Yıllık";"Adrese Dayalı Nüfus Kayıt Sistemi";"Tokat";"Ortalama hanehalkı büyüklüğü";"2017";"3,2808934014754";"";"";"";"";""
"Türkiye";"Yıllık";"Adrese Dayalı Nüfus Kayıt Sistemi";"Tokat";"Ortalama hanehalkı büyüklüğü";"2018";"3,25260046168921";"";"";"";"";""
"Türkiye";"Yıllık";"Adrese Dayalı Nüfus Kayıt Sistemi";"Tokat";"Ortalama hanehalkı büyüklüğü";"2019";"3,18261991826199";"";"";"";"";""
"Türkiye";"Yıllık";"Adrese Dayalı Nüfus Kayıt Sistemi";"Tokat";"Ortalama hanehalkı büyüklüğü";"2020";"3,10996183000914";"";"";"";"";""
"Türkiye";"Yıllık";"Adrese Dayalı Nüfus Kayıt Sistemi";"Tokat";"Ortalama hanehalkı büyüklüğü";"2021";"3,03236121036352";"";"";"";"";""
"Türkiye";"Yıllık";"Adrese Dayalı Nüfus Kayıt Sistemi";"Tokat";"Ortalama hanehalkı büyüklüğü";"2022";"2,9570964224732";"";"";"";"";""
"Türkiye";"Yıllık";"Adrese Dayalı Nüfus Kayıt Sistemi";"Tokat";"Ortalama hanehalkı büyüklüğü";"2023";"3,04752509177384";"";"";"";"";""
"Türkiye";"Yıllık";"Adrese Dayalı Nüfus Kayıt Sistemi";"Tokat";"Ortalama hanehalkı büyüklüğü";"2024";"2,99734900992604";"";"";"";"";""
"Türkiye";"Yıllık";"Adrese Dayalı Nüfus Kayıt Sistemi";"Tokat";"Ortalama hanehalkı büyüklüğü";"2025";"2,93514975329517";"";"";"";"";""
"Türkiye";"Yıllık";"Adrese Dayalı Nüfus Kayıt Sistemi";"Artvin";"Ortalama hanehalkı büyüklüğü";"2008";"3,7";"";"";"";"";""
"Türkiye";"Yıllık";"Adrese Dayalı Nüfus Kayıt Sistemi";"Artvin";"Ortalama hanehalkı büyüklüğü";"2009";"3,59254916709068";"";"";"";"";""
"Türkiye";"Yıllık";"Adrese Dayalı Nüfus Kayıt Sistemi";"Artvin";"Ortalama hanehalkı büyüklüğü";"2010";"3,46185891901226";"";"";"";"";""
"Türkiye";"Yıllık";"Adrese Dayalı Nüfus Kayıt Sistemi";"Artvin";"Ortalama hanehalkı büyüklüğü";"2011";"3,35172413793103";"";"";"";"";""
"Türkiye";"Yıllık";"Adrese Dayalı Nüfus Kayıt Sistemi";"Artvin";"Ortalama hanehalkı büyüklüğü";"2012";"3,25727784479292";"";"";"";"";""
"Türkiye";"Yıllık";"Adrese Dayalı Nüfus Kayıt Sistemi";"Artvin";"Ortalama hanehalkı büyüklüğü";"2013";"3,24066291802308";"";"";"";"";""
"Türkiye";"Yıllık";"Adrese Dayalı Nüfus Kayıt Sistemi";"Artvin";"Ortalama hanehalkı büyüklüğü";"2014";"3,13438727640261";"";"";"";"";""
"Türkiye";"Yıllık";"Adrese Dayalı Nüfus Kayıt Sistemi";"Artvin";"Ortalama hanehalkı büyüklüğü";"2015";"3,06095270295653";"";"";"";"";""
"Türkiye";"Yıllık";"Adrese Dayalı Nüfus Kayıt Sistemi";"Artvin";"Ortalama hanehalkı büyüklüğü";"2016";"2,98277009539303";"";"";"";"";""
"Türkiye";"Yıllık";"Adrese Dayalı Nüfus Kayıt Sistemi";"Artvin";"Ortalama hanehalkı büyüklüğü";"2017";"2,93466391204899";"";"";"";"";""
"Türkiye";"Yıllık";"Adrese Dayalı Nüfus Kayıt Sistemi";"Artvin";"Ortalama hanehalkı büyüklüğü";"2018";"3,01697000398017";"";"";"";"";""
"Türkiye";"Yıllık";"Adrese Dayalı Nüfus Kayıt Sistemi";"Artvin";"Ortalama hanehalkı büyüklüğü";"2019";"2,92684708439488";"";"";"";"";""
"Türkiye";"Yıllık";"Adrese Dayalı Nüfus Kayıt Sistemi";"Artvin";"Ortalama hanehalkı büyüklüğü";"2020";"2,86211275200473";"";"";"";"";""
"Türkiye";"Yıllık";"Adrese Dayalı Nüfus Kayıt Sistemi";"Artvin";"Ortalama hanehalkı büyüklüğü";"2021";"2,77862932689857";"";"";"";"";""
"Türkiye";"Yıllık";"Adrese Dayalı Nüfus Kayıt Sistemi";"Artvin";"Ortalama hanehalkı büyüklüğü";"2022";"2,71041429241805";"";"";"";"";""
"Türkiye";"Yıllık";"Adrese Dayalı Nüfus Kayıt Sistemi";"Artvin";"Ortalama hanehalkı büyüklüğü";"2023";"2,79283348900399";"";"";"";"";""
"Türkiye";"Yıllık";"Adrese Dayalı Nüfus Kayıt Sistemi";"Artvin";"Ortalama hanehalkı büyüklüğü";"2024";"2,67811594685492";"";"";"";"";""
"Türkiye";"Yıllık";"Adrese Dayalı Nüfus Kayıt Sistemi";"Artvin";"Ortalama hanehalkı büyüklüğü";"2025";"2,63728096976103";"";"";"";"";""
"Türkiye";"Yıllık";"Adrese Dayalı Nüfus Kayıt Sistemi";"Giresun";"Ortalama hanehalkı büyüklüğü";"2008";"3,6";"";"";"";"";""
"Türkiye";"Yıllık";"Adrese Dayalı Nüfus Kayıt Sistemi";"Giresun";"Ortalama hanehalkı büyüklüğü";"2009";"3,52953087512124";"";"";"";"";""
"Türkiye";"Yıllık";"Adrese Dayalı Nüfus Kayıt Sistemi";"Giresun";"Ortalama hanehalkı büyüklüğü";"2010";"3,39918776677303";"";"";"";"";""
"Türkiye";"Yıllık";"Adrese Dayalı Nüfus Kayıt Sistemi";"Giresun";"Ortalama hanehalkı büyüklüğü";"2011";"3,30887893536859";"";"";"";"";""
"Türkiye";"Yıllık";"Adrese Dayalı Nüfus Kayıt Sistemi";"Giresun";"Ortalama hanehalkı büyüklüğü";"2012";"3,20607799968549";"";"";"";"";""
"Türkiye";"Yıllık";"Adrese Dayalı Nüfus Kayıt Sistemi";"Giresun";"Ortalama hanehalkı büyüklüğü";"2013";"3,12578735531991";"";"";"";"";""
"Türkiye";"Yıllık";"Adrese Dayalı Nüfus Kayıt Sistemi";"Giresun";"Ortalama hanehalkı büyüklüğü";"2014";"3,04635427702964";"";"";"";"";""
"Türkiye";"Yıllık";"Adrese Dayalı Nüfus Kayıt Sistemi";"Giresun";"Ortalama hanehalkı büyüklüğü";"2015";"2,9551837979905";"";"";"";"";""
"Türkiye";"Yıllık";"Adrese Dayalı Nüfus Kayıt Sistemi";"Giresun";"Ortalama hanehalkı büyüklüğü";"2016";"2,91579140828676";"";"";"";"";""
"Türkiye";"Yıllık";"Adrese Dayalı Nüfus Kayıt Sistemi";"Giresun";"Ortalama hanehalkı büyüklüğü";"2017";"2,85159747763125";"";"";"";"";""
"Türkiye";"Yıllık";"Adrese Dayalı Nüfus Kayıt Sistemi";"Giresun";"Ortalama hanehalkı büyüklüğü";"2018";"2,82388369946226";"";"";"";"";""
"Türkiye";"Yıllık";"Adrese Dayalı Nüfus Kayıt Sistemi";"Giresun";"Ortalama hanehalkı büyüklüğü";"2019";"2,7561632961391";"";"";"";"";""
"Türkiye";"Yıllık";"Adrese Dayalı Nüfus Kayıt Sistemi";"Giresun";"Ortalama hanehalkı büyüklüğü";"2020";"2,70847963812213";"";"";"";"";""
"Türkiye";"Yıllık";"Adrese Dayalı Nüfus Kayıt Sistemi";"Giresun";"Ortalama hanehalkı büyüklüğü";"2021";"2,63282446459392";"";"";"";"";""
"Türkiye";"Yıllık";"Adrese Dayalı Nüfus Kayıt Sistemi";"Giresun";"Ortalama hanehalkı büyüklüğü";"2022";"2,56880706729714";"";"";"";"";""
"Türkiye";"Yıllık";"Adrese Dayalı Nüfus Kayıt Sistemi";"Giresun";"Ortalama hanehalkı büyüklüğü";"2023";"2,59727201189123";"";"";"";"";""
"Türkiye";"Yıllık";"Adrese Dayalı Nüfus Kayıt Sistemi";"Giresun";"Ortalama hanehalkı büyüklüğü";"2024";"2,52990472015872";"";"";"";"";""
"Türkiye";"Yıllık";"Adrese Dayalı Nüfus Kayıt Sistemi";"Giresun";"Ortalama hanehalkı büyüklüğü";"2025";"2,49758649347101";"";"";"";"";""
"Türkiye";"Yıllık";"Adrese Dayalı Nüfus Kayıt Sistemi";"Gümüşhane";"Ortalama hanehalkı büyüklüğü";"2008";"4";"";"";"";"";""
"Türkiye";"Yıllık";"Adrese Dayalı Nüfus Kayıt Sistemi";"Gümüşhane";"Ortalama hanehalkı büyüklüğü";"2009";"3,87372233647442";"";"";"";"";""
"Türkiye";"Yıllık";"Adrese Dayalı Nüfus Kayıt Sistemi";"Gümüşhane";"Ortalama hanehalkı büyüklüğü";"2010";"3,67957379683919";"";"";"";"";""
"Türkiye";"Yıllık";"Adrese Dayalı Nüfus Kayıt Sistemi";"Gümüşhane";"Ortalama hanehalkı büyüklüğü";"2011";"3,55201836942964";"";"";"";"";""
"Türkiye";"Yıllık";"Adrese Dayalı Nüfus Kayıt Sistemi";"Gümüşhane";"Ortalama hanehalkı büyüklüğü";"2012";"3,41444363361172";"";"";"";"";""
"Türkiye";"Yıllık";"Adrese Dayalı Nüfus Kayıt Sistemi";"Gümüşhane";"Ortalama hanehalkı büyüklüğü";"2013";"3,37256313975619";"";"";"";"";""
"Türkiye";"Yıllık";"Adrese Dayalı Nüfus Kayıt Sistemi";"Gümüşhane";"Ortalama hanehalkı büyüklüğü";"2014";"3,24391831617523";"";"";"";"";""
"Türkiye";"Yıllık";"Adrese Dayalı Nüfus Kayıt Sistemi";"Gümüşhane";"Ortalama hanehalkı büyüklüğü";"2015";"3,18067945880581";"";"";"";"";""
"Türkiye";"Yıllık";"Adrese Dayalı Nüfus Kayıt Sistemi";"Gümüşhane";"Ortalama hanehalkı büyüklüğü";"2016";"3,4608497690607";"";"";"";"";""
"Türkiye";"Yıllık";"Adrese Dayalı Nüfus Kayıt Sistemi";"Gümüşhane";"Ortalama hanehalkı büyüklüğü";"2017";"3,29282589304677";"";"";"";"";""
"Türkiye";"Yıllık";"Adrese Dayalı Nüfus Kayıt Sistemi";"Gümüşhane";"Ortalama hanehalkı büyüklüğü";"2018";"3,12138108062616";"";"";"";"";""
"Türkiye";"Yıllık";"Adrese Dayalı Nüfus Kayıt Sistemi";"Gümüşhane";"Ortalama hanehalkı büyüklüğü";"2019";"3,05125701732975";"";"";"";"";""
"Türkiye";"Yıllık";"Adrese Dayalı Nüfus Kayıt Sistemi";"Gümüşhane";"Ortalama hanehalkı büyüklüğü";"2020";"2,87105150214592";"";"";"";"";""
"Türkiye";"Yıllık";"Adrese Dayalı Nüfus Kayıt Sistemi";"Gümüşhane";"Ortalama hanehalkı büyüklüğü";"2021";"2,82330512794373";"";"";"";"";""
"Türkiye";"Yıllık";"Adrese Dayalı Nüfus Kayıt Sistemi";"Gümüşhane";"Ortalama hanehalkı büyüklüğü";"2022";"2,72458901569775";"";"";"";"";""
"Türkiye";"Yıllık";"Adrese Dayalı Nüfus Kayıt Sistemi";"Gümüşhane";"Ortalama hanehalkı büyüklüğü";"2023";"2,93047144171714";"";"";"";"";""
"Türkiye";"Yıllık";"Adrese Dayalı Nüfus Kayıt Sistemi";"Gümüşhane";"Ortalama hanehalkı büyüklüğü";"2024";"2,75777248487659";"";"";"";"";""
"Türkiye";"Yıllık";"Adrese Dayalı Nüfus Kayıt Sistemi";"Gümüşhane";"Ortalama hanehalkı büyüklüğü";"2025";"2,67417279411765";"";"";"";"";""
"Türkiye";"Yıllık";"Adrese Dayalı Nüfus Kayıt Sistemi";"Ordu";"Ortalama hanehalkı büyüklüğü";"2008";"3,9";"";"";"";"";""
"Türkiye";"Yıllık";"Adrese Dayalı Nüfus Kayıt Sistemi";"Ordu";"Ortalama hanehalkı büyüklüğü";"2009";"3,82788535686745";"";"";"";"";""
"Türkiye";"Yıllık";"Adrese Dayalı Nüfus Kayıt Sistemi";"Ordu";"Ortalama hanehalkı büyüklüğü";"2010";"3,66611468142319";"";"";"";"";""
"Türkiye";"Yıllık";"Adrese Dayalı Nüfus Kayıt Sistemi";"Ordu";"Ortalama hanehalkı büyüklüğü";"2011";"3,55698684411033";"";"";"";"";""
"Türkiye";"Yıllık";"Adrese Dayalı Nüfus Kayıt Sistemi";"Ordu";"Ortalama hanehalkı büyüklüğü";"2012";"3,43681244715674";"";"";"";"";""
"Türkiye";"Yıllık";"Adrese Dayalı Nüfus Kayıt Sistemi";"Ordu";"Ortalama hanehalkı büyüklüğü";"2013";"3,33846641436268";"";"";"";"";""
"Türkiye";"Yıllık";"Adrese Dayalı Nüfus Kayıt Sistemi";"Ordu";"Ortalama hanehalkı büyüklüğü";"2014";"3,23248035094133";"";"";"";"";""
"Türkiye";"Yıllık";"Adrese Dayalı Nüfus Kayıt Sistemi";"Ordu";"Ortalama hanehalkı büyüklüğü";"2015";"3,16926086510911";"";"";"";"";""
"Türkiye";"Yıllık";"Adrese Dayalı Nüfus Kayıt Sistemi";"Ordu";"Ortalama hanehalkı büyüklüğü";"2016";"3,09287202154143";"";"";"";"";""
"Türkiye";"Yıllık";"Adrese Dayalı Nüfus Kayıt Sistemi";"Ordu";"Ortalama hanehalkı büyüklüğü";"2017";"3,05260418870319";"";"";"";"";""
"Türkiye";"Yıllık";"Adrese Dayalı Nüfus Kayıt Sistemi";"Ordu";"Ortalama hanehalkı büyüklüğü";"2018";"3,07297045558533";"";"";"";"";""
"Türkiye";"Yıllık";"Adrese Dayalı Nüfus Kayıt Sistemi";"Ordu";"Ortalama hanehalkı büyüklüğü";"2019";"2,95075009909235";"";"";"";"";""
"Türkiye";"Yıllık";"Adrese Dayalı Nüfus Kayıt Sistemi";"Ordu";"Ortalama hanehalkı büyüklüğü";"2020";"2,89072468256426";"";"";"";"";""
"Türkiye";"Yıllık";"Adrese Dayalı Nüfus Kayıt Sistemi";"Ordu";"Ortalama hanehalkı büyüklüğü";"2021";"2,80573519657501";"";"";"";"";""
"Türkiye";"Yıllık";"Adrese Dayalı Nüfus Kayıt Sistemi";"Ordu";"Ortalama hanehalkı büyüklüğü";"2022";"2,74277709939899";"";"";"";"";""
"Türkiye";"Yıllık";"Adrese Dayalı Nüfus Kayıt Sistemi";"Ordu";"Ortalama hanehalkı büyüklüğü";"2023";"2,77183288164572";"";"";"";"";""
"Türkiye";"Yıllık";"Adrese Dayalı Nüfus Kayıt Sistemi";"Ordu";"Ortalama hanehalkı büyüklüğü";"2024";"2,7152555551156";"";"";"";"";""
"Türkiye";"Yıllık";"Adrese Dayalı Nüfus Kayıt Sistemi";"Ordu";"Ortalama hanehalkı büyüklüğü";"2025";"2,68149407224485";"";"";"";"";""
"Türkiye";"Yıllık";"Adrese Dayalı Nüfus Kayıt Sistemi";"Rize";"Ortalama hanehalkı büyüklüğü";"2008";"4";"";"";"";"";""
"Türkiye";"Yıllık";"Adrese Dayalı Nüfus Kayıt Sistemi";"Rize";"Ortalama hanehalkı büyüklüğü";"2009";"3,88350556144721";"";"";"";"";""
"Türkiye";"Yıllık";"Adrese Dayalı Nüfus Kayıt Sistemi";"Rize";"Ortalama hanehalkı büyüklüğü";"2010";"3,7647420295443";"";"";"";"";""
"Türkiye";"Yıllık";"Adrese Dayalı Nüfus Kayıt Sistemi";"Rize";"Ortalama hanehalkı büyüklüğü";"2011";"3,64174799064823";"";"";"";"";""
"Türkiye";"Yıllık";"Adrese Dayalı Nüfus Kayıt Sistemi";"Rize";"Ortalama hanehalkı büyüklüğü";"2012";"3,53585037541431";"";"";"";"";""
"Türkiye";"Yıllık";"Adrese Dayalı Nüfus Kayıt Sistemi";"Rize";"Ortalama hanehalkı büyüklüğü";"2013";"3,48998638499715";"";"";"";"";""
"Türkiye";"Yıllık";"Adrese Dayalı Nüfus Kayıt Sistemi";"Rize";"Ortalama hanehalkı büyüklüğü";"2014";"3,38376180593791";"";"";"";"";""
"Türkiye";"Yıllık";"Adrese Dayalı Nüfus Kayıt Sistemi";"Rize";"Ortalama hanehalkı büyüklüğü";"2015";"3,30686704193756";"";"";"";"";""
"Türkiye";"Yıllık";"Adrese Dayalı Nüfus Kayıt Sistemi";"Rize";"Ortalama hanehalkı büyüklüğü";"2016";"3,25379479076406";"";"";"";"";""
"Türkiye";"Yıllık";"Adrese Dayalı Nüfus Kayıt Sistemi";"Rize";"Ortalama hanehalkı büyüklüğü";"2017";"3,20644057562645";"";"";"";"";""
"Türkiye";"Yıllık";"Adrese Dayalı Nüfus Kayıt Sistemi";"Rize";"Ortalama hanehalkı büyüklüğü";"2018";"3,26570620865189";"";"";"";"";""
"Türkiye";"Yıllık";"Adrese Dayalı Nüfus Kayıt Sistemi";"Rize";"Ortalama hanehalkı büyüklüğü";"2019";"3,12100327112523";"";"";"";"";""
"Türkiye";"Yıllık";"Adrese Dayalı Nüfus Kayıt Sistemi";"Rize";"Ortalama hanehalkı büyüklüğü";"2020";"3,06342653750183";"";"";"";"";""
"Türkiye";"Yıllık";"Adrese Dayalı Nüfus Kayıt Sistemi";"Rize";"Ortalama hanehalkı büyüklüğü";"2021";"2,97985246078185";"";"";"";"";""
"Türkiye";"Yıllık";"Adrese Dayalı Nüfus Kayıt Sistemi";"Rize";"Ortalama hanehalkı büyüklüğü";"2022";"2,90605521316419";"";"";"";"";""
"Türkiye";"Yıllık";"Adrese Dayalı Nüfus Kayıt Sistemi";"Rize";"Ortalama hanehalkı büyüklüğü";"2023";"2,96735912840903";"";"";"";"";""
"Türkiye";"Yıllık";"Adrese Dayalı Nüfus Kayıt Sistemi";"Rize";"Ortalama hanehalkı büyüklüğü";"2024";"2,87477421685503";"";"";"";"";""
"Türkiye";"Yıllık";"Adrese Dayalı Nüfus Kayıt Sistemi";"Rize";"Ortalama hanehalkı büyüklüğü";"2025";"2,81197587665806";"";"";"";"";""
"Türkiye";"Yıllık";"Adrese Dayalı Nüfus Kayıt Sistemi";"Trabzon";"Ortalama hanehalkı büyüklüğü";"2008";"3,9";"";"";"";"";""
"Türkiye";"Yıllık";"Adrese Dayalı Nüfus Kayıt Sistemi";"Trabzon";"Ortalama hanehalkı büyüklüğü";"2009";"3,84874182520046";"";"";"";"";""
"Türkiye";"Yıllık";"Adrese Dayalı Nüfus Kayıt Sistemi";"Trabzon";"Ortalama hanehalkı büyüklüğü";"2010";"3,71186728033389";"";"";"";"";""
"Türkiye";"Yıllık";"Adrese Dayalı Nüfus Kayıt Sistemi";"Trabzon";"Ortalama hanehalkı büyüklüğü";"2011";"3,61342485676943";"";"";"";"";""
"Türkiye";"Yıllık";"Adrese Dayalı Nüfus Kayıt Sistemi";"Trabzon";"Ortalama hanehalkı büyüklüğü";"2012";"3,51979185668065";"";"";"";"";""
"Türkiye";"Yıllık";"Adrese Dayalı Nüfus Kayıt Sistemi";"Trabzon";"Ortalama hanehalkı büyüklüğü";"2013";"3,44663445752615";"";"";"";"";""
"Türkiye";"Yıllık";"Adrese Dayalı Nüfus Kayıt Sistemi";"Trabzon";"Ortalama hanehalkı büyüklüğü";"2014";"3,37292597863798";"";"";"";"";""
"Türkiye";"Yıllık";"Adrese Dayalı Nüfus Kayıt Sistemi";"Trabzon";"Ortalama hanehalkı büyüklüğü";"2015";"3,31037322601898";"";"";"";"";""
"Türkiye";"Yıllık";"Adrese Dayalı Nüfus Kayıt Sistemi";"Trabzon";"Ortalama hanehalkı büyüklüğü";"2016";"3,26012659876527";"";"";"";"";""
"Türkiye";"Yıllık";"Adrese Dayalı Nüfus Kayıt Sistemi";"Trabzon";"Ortalama hanehalkı büyüklüğü";"2017";"3,21586502483162";"";"";"";"";""
"Türkiye";"Yıllık";"Adrese Dayalı Nüfus Kayıt Sistemi";"Trabzon";"Ortalama hanehalkı büyüklüğü";"2018";"3,19963229094259";"";"";"";"";""
"Türkiye";"Yıllık";"Adrese Dayalı Nüfus Kayıt Sistemi";"Trabzon";"Ortalama hanehalkı büyüklüğü";"2019";"3,13072565503544";"";"";"";"";""
"Türkiye";"Yıllık";"Adrese Dayalı Nüfus Kayıt Sistemi";"Trabzon";"Ortalama hanehalkı büyüklüğü";"2020";"3,07407537384726";"";"";"";"";""
"Türkiye";"Yıllık";"Adrese Dayalı Nüfus Kayıt Sistemi";"Trabzon";"Ortalama hanehalkı büyüklüğü";"2021";"2,9881901724007";"";"";"";"";""
"Türkiye";"Yıllık";"Adrese Dayalı Nüfus Kayıt Sistemi";"Trabzon";"Ortalama hanehalkı büyüklüğü";"2022";"2,91288976618632";"";"";"";"";""
"Türkiye";"Yıllık";"Adrese Dayalı Nüfus Kayıt Sistemi";"Trabzon";"Ortalama hanehalkı büyüklüğü";"2023";"2,91676530761362";"";"";"";"";""
"Türkiye";"Yıllık";"Adrese Dayalı Nüfus Kayıt Sistemi";"Trabzon";"Ortalama hanehalkı büyüklüğü";"2024";"2,86556456531232";"";"";"";"";""
"Türkiye";"Yıllık";"Adrese Dayalı Nüfus Kayıt Sistemi";"Trabzon";"Ortalama hanehalkı büyüklüğü";"2025";"2,82748177987815";"";"";"";"";""
"Türkiye";"Yıllık";"Adrese Dayalı Nüfus Kayıt Sistemi";"Bayburt";"Ortalama hanehalkı büyüklüğü";"2008";"4,4";"";"";"";"";""
"Türkiye";"Yıllık";"Adrese Dayalı Nüfus Kayıt Sistemi";"Bayburt";"Ortalama hanehalkı büyüklüğü";"2009";"4,31997582351164";"";"";"";"";""
"Türkiye";"Yıllık";"Adrese Dayalı Nüfus Kayıt Sistemi";"Bayburt";"Ortalama hanehalkı büyüklüğü";"2010";"4,15844018970666";"";"";"";"";""
"Türkiye";"Yıllık";"Adrese Dayalı Nüfus Kayıt Sistemi";"Bayburt";"Ortalama hanehalkı büyüklüğü";"2011";"4,0531239369543";"";"";"";"";""
"Türkiye";"Yıllık";"Adrese Dayalı Nüfus Kayıt Sistemi";"Bayburt";"Ortalama hanehalkı büyüklüğü";"2012";"3,90348555040812";"";"";"";"";""
"Türkiye";"Yıllık";"Adrese Dayalı Nüfus Kayıt Sistemi";"Bayburt";"Ortalama hanehalkı büyüklüğü";"2013";"3,76856784706988";"";"";"";"";""
"Türkiye";"Yıllık";"Adrese Dayalı Nüfus Kayıt Sistemi";"Bayburt";"Ortalama hanehalkı büyüklüğü";"2014";"3,6299190359631";"";"";"";"";""
"Türkiye";"Yıllık";"Adrese Dayalı Nüfus Kayıt Sistemi";"Bayburt";"Ortalama hanehalkı büyüklüğü";"2015";"3,55660511700764";"";"";"";"";""
"Türkiye";"Yıllık";"Adrese Dayalı Nüfus Kayıt Sistemi";"Bayburt";"Ortalama hanehalkı büyüklüğü";"2016";"3,50918375751586";"";"";"";"";""
"Türkiye";"Yıllık";"Adrese Dayalı Nüfus Kayıt Sistemi";"Bayburt";"Ortalama hanehalkı büyüklüğü";"2017";"3,40464616247546";"";"";"";"";""
"Türkiye";"Yıllık";"Adrese Dayalı Nüfus Kayıt Sistemi";"Bayburt";"Ortalama hanehalkı büyüklüğü";"2018";"3,43151209404982";"";"";"";"";""
"Türkiye";"Yıllık";"Adrese Dayalı Nüfus Kayıt Sistemi";"Bayburt";"Ortalama hanehalkı büyüklüğü";"2019";"3,33972171173536";"";"";"";"";""
"Türkiye";"Yıllık";"Adrese Dayalı Nüfus Kayıt Sistemi";"Bayburt";"Ortalama hanehalkı büyüklüğü";"2020";"3,23828438622438";"";"";"";"";""
"Türkiye";"Yıllık";"Adrese Dayalı Nüfus Kayıt Sistemi";"Bayburt";"Ortalama hanehalkı büyüklüğü";"2021";"3,14634246519078";"";"";"";"";""
"Türkiye";"Yıllık";"Adrese Dayalı Nüfus Kayıt Sistemi";"Bayburt";"Ortalama hanehalkı büyüklüğü";"2022";"3,08485650152317";"";"";"";"";""
"Türkiye";"Yıllık";"Adrese Dayalı Nüfus Kayıt Sistemi";"Bayburt";"Ortalama hanehalkı büyüklüğü";"2023";"3,24201007515071";"";"";"";"";""
"Türkiye";"Yıllık";"Adrese Dayalı Nüfus Kayıt Sistemi";"Bayburt";"Ortalama hanehalkı büyüklüğü";"2024";"3,07138828458625";"";"";"";"";""
"Türkiye";"Yıllık";"Adrese Dayalı Nüfus Kayıt Sistemi";"Bayburt";"Ortalama hanehalkı büyüklüğü";"2025";"2,98421654894843";"";"";"";"";""
"Türkiye";"Yıllık";"Adrese Dayalı Nüfus Kayıt Sistemi";"Erzincan";"Ortalama hanehalkı büyüklüğü";"2008";"3,9";"";"";"";"";""
"Türkiye";"Yıllık";"Adrese Dayalı Nüfus Kayıt Sistemi";"Erzincan";"Ortalama hanehalkı büyüklüğü";"2009";"3,78098133194084";"";"";"";"";""
"Türkiye";"Yıllık";"Adrese Dayalı Nüfus Kayıt Sistemi";"Erzincan";"Ortalama hanehalkı büyüklüğü";"2010";"3,58914947725346";"";"";"";"";""
"Türkiye";"Yıllık";"Adrese Dayalı Nüfus Kayıt Sistemi";"Erzincan";"Ortalama hanehalkı büyüklüğü";"2011";"3,49236186629382";"";"";"";"";""
"Türkiye";"Yıllık";"Adrese Dayalı Nüfus Kayıt Sistemi";"Erzincan";"Ortalama hanehalkı büyüklüğü";"2012";"3,37044406858356";"";"";"";"";""
"Türkiye";"Yıllık";"Adrese Dayalı Nüfus Kayıt Sistemi";"Erzincan";"Ortalama hanehalkı büyüklüğü";"2013";"3,30653217278126";"";"";"";"";""
"Türkiye";"Yıllık";"Adrese Dayalı Nüfus Kayıt Sistemi";"Erzincan";"Ortalama hanehalkı büyüklüğü";"2014";"3,20876582327876";"";"";"";"";""
"Türkiye";"Yıllık";"Adrese Dayalı Nüfus Kayıt Sistemi";"Erzincan";"Ortalama hanehalkı büyüklüğü";"2015";"3,15193817581638";"";"";"";"";""
"Türkiye";"Yıllık";"Adrese Dayalı Nüfus Kayıt Sistemi";"Erzincan";"Ortalama hanehalkı büyüklüğü";"2016";"3,09679294208816";"";"";"";"";""
"Türkiye";"Yıllık";"Adrese Dayalı Nüfus Kayıt Sistemi";"Erzincan";"Ortalama hanehalkı büyüklüğü";"2017";"3,06043843174081";"";"";"";"";""
"Türkiye";"Yıllık";"Adrese Dayalı Nüfus Kayıt Sistemi";"Erzincan";"Ortalama hanehalkı büyüklüğü";"2018";"3,03519144944427";"";"";"";"";""
"Türkiye";"Yıllık";"Adrese Dayalı Nüfus Kayıt Sistemi";"Erzincan";"Ortalama hanehalkı büyüklüğü";"2019";"3,00216305227609";"";"";"";"";""
"Türkiye";"Yıllık";"Adrese Dayalı Nüfus Kayıt Sistemi";"Erzincan";"Ortalama hanehalkı büyüklüğü";"2020";"2,95465024817597";"";"";"";"";""
"Türkiye";"Yıllık";"Adrese Dayalı Nüfus Kayıt Sistemi";"Erzincan";"Ortalama hanehalkı büyüklüğü";"2021";"2,88936046048967";"";"";"";"";""
"Türkiye";"Yıllık";"Adrese Dayalı Nüfus Kayıt Sistemi";"Erzincan";"Ortalama hanehalkı büyüklüğü";"2022";"2,81663088335497";"";"";"";"";""
"Türkiye";"Yıllık";"Adrese Dayalı Nüfus Kayıt Sistemi";"Erzincan";"Ortalama hanehalkı büyüklüğü";"2023";"2,86367012421565";"";"";"";"";""
"Türkiye";"Yıllık";"Adrese Dayalı Nüfus Kayıt Sistemi";"Erzincan";"Ortalama hanehalkı büyüklüğü";"2024";"2,79451552543744";"";"";"";"";""
"Türkiye";"Yıllık";"Adrese Dayalı Nüfus Kayıt Sistemi";"Erzincan";"Ortalama hanehalkı büyüklüğü";"2025";"2,73416920901853";"";"";"";"";""
"Türkiye";"Yıllık";"Adrese Dayalı Nüfus Kayıt Sistemi";"Erzurum";"Ortalama hanehalkı büyüklüğü";"2008";"5";"";"";"";"";""
"Türkiye";"Yıllık";"Adrese Dayalı Nüfus Kayıt Sistemi";"Erzurum";"Ortalama hanehalkı büyüklüğü";"2009";"4,92657795028186";"";"";"";"";""
"Türkiye";"Yıllık";"Adrese Dayalı Nüfus Kayıt Sistemi";"Erzurum";"Ortalama hanehalkı büyüklüğü";"2010";"4,79878246437509";"";"";"";"";""
"Türkiye";"Yıllık";"Adrese Dayalı Nüfus Kayıt Sistemi";"Erzurum";"Ortalama hanehalkı büyüklüğü";"2011";"4,72208214053248";"";"";"";"";""
"Türkiye";"Yıllık";"Adrese Dayalı Nüfus Kayıt Sistemi";"Erzurum";"Ortalama hanehalkı büyüklüğü";"2012";"4,57236262348018";"";"";"";"";""
"Türkiye";"Yıllık";"Adrese Dayalı Nüfus Kayıt Sistemi";"Erzurum";"Ortalama hanehalkı büyüklüğü";"2013";"4,37347834882254";"";"";"";"";""
"Türkiye";"Yıllık";"Adrese Dayalı Nüfus Kayıt Sistemi";"Erzurum";"Ortalama hanehalkı büyüklüğü";"2014";"4,20533082002448";"";"";"";"";""
"Türkiye";"Yıllık";"Adrese Dayalı Nüfus Kayıt Sistemi";"Erzurum";"Ortalama hanehalkı büyüklüğü";"2015";"4,08274274364646";"";"";"";"";""
"Türkiye";"Yıllık";"Adrese Dayalı Nüfus Kayıt Sistemi";"Erzurum";"Ortalama hanehalkı büyüklüğü";"2016";"3,98992620683155";"";"";"";"";""
"Türkiye";"Yıllık";"Adrese Dayalı Nüfus Kayıt Sistemi";"Erzurum";"Ortalama hanehalkı büyüklüğü";"2017";"3,92252686992762";"";"";"";"";""
"Türkiye";"Yıllık";"Adrese Dayalı Nüfus Kayıt Sistemi";"Erzurum";"Ortalama hanehalkı büyüklüğü";"2018";"3,87185166163788";"";"";"";"";""
"Türkiye";"Yıllık";"Adrese Dayalı Nüfus Kayıt Sistemi";"Erzurum";"Ortalama hanehalkı büyüklüğü";"2019";"3,81271333974996";"";"";"";"";""
"Türkiye";"Yıllık";"Adrese Dayalı Nüfus Kayıt Sistemi";"Erzurum";"Ortalama hanehalkı büyüklüğü";"2020";"3,74779844825904";"";"";"";"";""
"Türkiye";"Yıllık";"Adrese Dayalı Nüfus Kayıt Sistemi";"Erzurum";"Ortalama hanehalkı büyüklüğü";"2021";"3,64898767828082";"";"";"";"";""
"Türkiye";"Yıllık";"Adrese Dayalı Nüfus Kayıt Sistemi";"Erzurum";"Ortalama hanehalkı büyüklüğü";"2022";"3,51456172122596";"";"";"";"";""
"Türkiye";"Yıllık";"Adrese Dayalı Nüfus Kayıt Sistemi";"Erzurum";"Ortalama hanehalkı büyüklüğü";"2023";"3,47613610413336";"";"";"";"";""
"Türkiye";"Yıllık";"Adrese Dayalı Nüfus Kayıt Sistemi";"Erzurum";"Ortalama hanehalkı büyüklüğü";"2024";"3,40924105178142";"";"";"";"";""
"Türkiye";"Yıllık";"Adrese Dayalı Nüfus Kayıt Sistemi";"Erzurum";"Ortalama hanehalkı büyüklüğü";"2025";"3,35536849371543";"";"";"";"";""
"Türkiye";"Yıllık";"Adrese Dayalı Nüfus Kayıt Sistemi";"Ağrı";"Ortalama hanehalkı büyüklüğü";"2008";"6,7";"";"";"";"";""
"Türkiye";"Yıllık";"Adrese Dayalı Nüfus Kayıt Sistemi";"Ağrı";"Ortalama hanehalkı büyüklüğü";"2009";"6,78590173780209";"";"";"";"";""
"Türkiye";"Yıllık";"Adrese Dayalı Nüfus Kayıt Sistemi";"Ağrı";"Ortalama hanehalkı büyüklüğü";"2010";"6,69957634688513";"";"";"";"";""
"Türkiye";"Yıllık";"Adrese Dayalı Nüfus Kayıt Sistemi";"Ağrı";"Ortalama hanehalkı büyüklüğü";"2011";"6,59189242585138";"";"";"";"";""
"Türkiye";"Yıllık";"Adrese Dayalı Nüfus Kayıt Sistemi";"Ağrı";"Ortalama hanehalkı büyüklüğü";"2012";"6,37930993285704";"";"";"";"";""
"Türkiye";"Yıllık";"Adrese Dayalı Nüfus Kayıt Sistemi";"Ağrı";"Ortalama hanehalkı büyüklüğü";"2013";"6,10565637439974";"";"";"";"";""
"Türkiye";"Yıllık";"Adrese Dayalı Nüfus Kayıt Sistemi";"Ağrı";"Ortalama hanehalkı büyüklüğü";"2014";"5,8752206920904";"";"";"";"";""
"Türkiye";"Yıllık";"Adrese Dayalı Nüfus Kayıt Sistemi";"Ağrı";"Ortalama hanehalkı büyüklüğü";"2015";"5,6594894371841";"";"";"";"";""
"Türkiye";"Yıllık";"Adrese Dayalı Nüfus Kayıt Sistemi";"Ağrı";"Ortalama hanehalkı büyüklüğü";"2016";"5,4230598486491";"";"";"";"";""
"Türkiye";"Yıllık";"Adrese Dayalı Nüfus Kayıt Sistemi";"Ağrı";"Ortalama hanehalkı büyüklüğü";"2017";"5,1714705177373";"";"";"";"";""
"Türkiye";"Yıllık";"Adrese Dayalı Nüfus Kayıt Sistemi";"Ağrı";"Ortalama hanehalkı büyüklüğü";"2018";"5,0253144928379";"";"";"";"";""
"Türkiye";"Yıllık";"Adrese Dayalı Nüfus Kayıt Sistemi";"Ağrı";"Ortalama hanehalkı büyüklüğü";"2019";"4,88406547378131";"";"";"";"";""
"Türkiye";"Yıllık";"Adrese Dayalı Nüfus Kayıt Sistemi";"Ağrı";"Ortalama hanehalkı büyüklüğü";"2020";"4,75440026374109";"";"";"";"";""
"Türkiye";"Yıllık";"Adrese Dayalı Nüfus Kayıt Sistemi";"Ağrı";"Ortalama hanehalkı büyüklüğü";"2021";"4,60859839598451";"";"";"";"";""
"Türkiye";"Yıllık";"Adrese Dayalı Nüfus Kayıt Sistemi";"Ağrı";"Ortalama hanehalkı büyüklüğü";"2022";"4,36479305375032";"";"";"";"";""
"Türkiye";"Yıllık";"Adrese Dayalı Nüfus Kayıt Sistemi";"Ağrı";"Ortalama hanehalkı büyüklüğü";"2023";"4,31343768665894";"";"";"";"";""
"Türkiye";"Yıllık";"Adrese Dayalı Nüfus Kayıt Sistemi";"Ağrı";"Ortalama hanehalkı büyüklüğü";"2024";"4,26902574672613";"";"";"";"";""
"Türkiye";"Yıllık";"Adrese Dayalı Nüfus Kayıt Sistemi";"Ağrı";"Ortalama hanehalkı büyüklüğü";"2025";"4,23478097655587";"";"";"";"";""
"Türkiye";"Yıllık";"Adrese Dayalı Nüfus Kayıt Sistemi";"Ardahan";"Ortalama hanehalkı büyüklüğü";"2008";"4,8";"";"";"";"";""
"Türkiye";"Yıllık";"Adrese Dayalı Nüfus Kayıt Sistemi";"Ardahan";"Ortalama hanehalkı büyüklüğü";"2009";"4,59790023921325";"";"";"";"";""
"Türkiye";"Yıllık";"Adrese Dayalı Nüfus Kayıt Sistemi";"Ardahan";"Ortalama hanehalkı büyüklüğü";"2010";"4,45768892794376";"";"";"";"";""
"Türkiye";"Yıllık";"Adrese Dayalı Nüfus Kayıt Sistemi";"Ardahan";"Ortalama hanehalkı büyüklüğü";"2011";"4,3270048537434";"";"";"";"";""
"Türkiye";"Yıllık";"Adrese Dayalı Nüfus Kayıt Sistemi";"Ardahan";"Ortalama hanehalkı büyüklüğü";"2012";"4,18755980861244";"";"";"";"";""
"Türkiye";"Yıllık";"Adrese Dayalı Nüfus Kayıt Sistemi";"Ardahan";"Ortalama hanehalkı büyüklüğü";"2013";"3,93858812306225";"";"";"";"";""
"Türkiye";"Yıllık";"Adrese Dayalı Nüfus Kayıt Sistemi";"Ardahan";"Ortalama hanehalkı büyüklüğü";"2014";"3,76314463946685";"";"";"";"";""
"Türkiye";"Yıllık";"Adrese Dayalı Nüfus Kayıt Sistemi";"Ardahan";"Ortalama hanehalkı büyüklüğü";"2015";"3,60128117655978";"";"";"";"";""
"Türkiye";"Yıllık";"Adrese Dayalı Nüfus Kayıt Sistemi";"Ardahan";"Ortalama hanehalkı büyüklüğü";"2016";"3,48251748251748";"";"";"";"";""
"Türkiye";"Yıllık";"Adrese Dayalı Nüfus Kayıt Sistemi";"Ardahan";"Ortalama hanehalkı büyüklüğü";"2017";"3,39079319592931";"";"";"";"";""
"Türkiye";"Yıllık";"Adrese Dayalı Nüfus Kayıt Sistemi";"Ardahan";"Ortalama hanehalkı büyüklüğü";"2018";"3,34659435544297";"";"";"";"";""
"Türkiye";"Yıllık";"Adrese Dayalı Nüfus Kayıt Sistemi";"Ardahan";"Ortalama hanehalkı büyüklüğü";"2019";"3,2769133281701";"";"";"";"";""
"Türkiye";"Yıllık";"Adrese Dayalı Nüfus Kayıt Sistemi";"Ardahan";"Ortalama hanehalkı büyüklüğü";"2020";"3,25711079156876";"";"";"";"";""
"Türkiye";"Yıllık";"Adrese Dayalı Nüfus Kayıt Sistemi";"Ardahan";"Ortalama hanehalkı büyüklüğü";"2021";"3,1804388014929";"";"";"";"";""
"Türkiye";"Yıllık";"Adrese Dayalı Nüfus Kayıt Sistemi";"Ardahan";"Ortalama hanehalkı büyüklüğü";"2022";"3,07363049364716";"";"";"";"";""
"Türkiye";"Yıllık";"Adrese Dayalı Nüfus Kayıt Sistemi";"Ardahan";"Ortalama hanehalkı büyüklüğü";"2023";"3,0704420367614";"";"";"";"";""
"Türkiye";"Yıllık";"Adrese Dayalı Nüfus Kayıt Sistemi";"Ardahan";"Ortalama hanehalkı büyüklüğü";"2024";"3,02213623370285";"";"";"";"";""
"Türkiye";"Yıllık";"Adrese Dayalı Nüfus Kayıt Sistemi";"Ardahan";"Ortalama hanehalkı büyüklüğü";"2025";"2,96379807525275";"";"";"";"";""
"Türkiye";"Yıllık";"Adrese Dayalı Nüfus Kayıt Sistemi";"Iğdır";"Ortalama hanehalkı büyüklüğü";"2008";"5,5";"";"";"";"";""
"Türkiye";"Yıllık";"Adrese Dayalı Nüfus Kayıt Sistemi";"Iğdır";"Ortalama hanehalkı büyüklüğü";"2009";"5,44485711654747";"";"";"";"";""
"Türkiye";"Yıllık";"Adrese Dayalı Nüfus Kayıt Sistemi";"Iğdır";"Ortalama hanehalkı büyüklüğü";"2010";"5,31040323299557";"";"";"";"";""
"Türkiye";"Yıllık";"Adrese Dayalı Nüfus Kayıt Sistemi";"Iğdır";"Ortalama hanehalkı büyüklüğü";"2011";"5,22550004304531";"";"";"";"";""
"Türkiye";"Yıllık";"Adrese Dayalı Nüfus Kayıt Sistemi";"Iğdır";"Ortalama hanehalkı büyüklüğü";"2012";"5,07167518298578";"";"";"";"";""
"Türkiye";"Yıllık";"Adrese Dayalı Nüfus Kayıt Sistemi";"Iğdır";"Ortalama hanehalkı büyüklüğü";"2013";"4,77051092619955";"";"";"";"";""
"Türkiye";"Yıllık";"Adrese Dayalı Nüfus Kayıt Sistemi";"Iğdır";"Ortalama hanehalkı büyüklüğü";"2014";"4,63749375936096";"";"";"";"";""
"Türkiye";"Yıllık";"Adrese Dayalı Nüfus Kayıt Sistemi";"Iğdır";"Ortalama hanehalkı büyüklüğü";"2015";"4,51435986998496";"";"";"";"";""
"Türkiye";"Yıllık";"Adrese Dayalı Nüfus Kayıt Sistemi";"Iğdır";"Ortalama hanehalkı büyüklüğü";"2016";"4,43523426914208";"";"";"";"";""
"Türkiye";"Yıllık";"Adrese Dayalı Nüfus Kayıt Sistemi";"Iğdır";"Ortalama hanehalkı büyüklüğü";"2017";"4,30456246699272";"";"";"";"";""
"Türkiye";"Yıllık";"Adrese Dayalı Nüfus Kayıt Sistemi";"Iğdır";"Ortalama hanehalkı büyüklüğü";"2018";"4,23103533481591";"";"";"";"";""
"Türkiye";"Yıllık";"Adrese Dayalı Nüfus Kayıt Sistemi";"Iğdır";"Ortalama hanehalkı büyüklüğü";"2019";"4,1613957388257";"";"";"";"";""
"Türkiye";"Yıllık";"Adrese Dayalı Nüfus Kayıt Sistemi";"Iğdır";"Ortalama hanehalkı büyüklüğü";"2020";"4,06277635922028";"";"";"";"";""
"Türkiye";"Yıllık";"Adrese Dayalı Nüfus Kayıt Sistemi";"Iğdır";"Ortalama hanehalkı büyüklüğü";"2021";"3,97653181063459";"";"";"";"";""
"Türkiye";"Yıllık";"Adrese Dayalı Nüfus Kayıt Sistemi";"Iğdır";"Ortalama hanehalkı büyüklüğü";"2022";"3,83999762695776";"";"";"";"";""
"Türkiye";"Yıllık";"Adrese Dayalı Nüfus Kayıt Sistemi";"Iğdır";"Ortalama hanehalkı büyüklüğü";"2023";"3,796875";"";"";"";"";""
"Türkiye";"Yıllık";"Adrese Dayalı Nüfus Kayıt Sistemi";"Iğdır";"Ortalama hanehalkı büyüklüğü";"2024";"3,74593456303865";"";"";"";"";""
"Türkiye";"Yıllık";"Adrese Dayalı Nüfus Kayıt Sistemi";"Iğdır";"Ortalama hanehalkı büyüklüğü";"2025";"3,71032244353857";"";"";"";"";""
"Türkiye";"Yıllık";"Adrese Dayalı Nüfus Kayıt Sistemi";"Kars";"Ortalama hanehalkı büyüklüğü";"2008";"5,3";"";"";"";"";""
"Türkiye";"Yıllık";"Adrese Dayalı Nüfus Kayıt Sistemi";"Kars";"Ortalama hanehalkı büyüklüğü";"2009";"5,26430308231424";"";"";"";"";""
"Türkiye";"Yıllık";"Adrese Dayalı Nüfus Kayıt Sistemi";"Kars";"Ortalama hanehalkı büyüklüğü";"2010";"5,15091474182383";"";"";"";"";""
"Türkiye";"Yıllık";"Adrese Dayalı Nüfus Kayıt Sistemi";"Kars";"Ortalama hanehalkı büyüklüğü";"2011";"5,04389503810213";"";"";"";"";""
"Türkiye";"Yıllık";"Adrese Dayalı Nüfus Kayıt Sistemi";"Kars";"Ortalama hanehalkı büyüklüğü";"2012";"4,85513761007971";"";"";"";"";""
"Türkiye";"Yıllık";"Adrese Dayalı Nüfus Kayıt Sistemi";"Kars";"Ortalama hanehalkı büyüklüğü";"2013";"4,57278747359896";"";"";"";"";""
"Türkiye";"Yıllık";"Adrese Dayalı Nüfus Kayıt Sistemi";"Kars";"Ortalama hanehalkı büyüklüğü";"2014";"4,3962024138252";"";"";"";"";""
"Türkiye";"Yıllık";"Adrese Dayalı Nüfus Kayıt Sistemi";"Kars";"Ortalama hanehalkı büyüklüğü";"2015";"4,23547980756097";"";"";"";"";""
"Türkiye";"Yıllık";"Adrese Dayalı Nüfus Kayıt Sistemi";"Kars";"Ortalama hanehalkı büyüklüğü";"2016";"4,12695962351248";"";"";"";"";""
"Türkiye";"Yıllık";"Adrese Dayalı Nüfus Kayıt Sistemi";"Kars";"Ortalama hanehalkı büyüklüğü";"2017";"4,0403024911032";"";"";"";"";""
"Türkiye";"Yıllık";"Adrese Dayalı Nüfus Kayıt Sistemi";"Kars";"Ortalama hanehalkı büyüklüğü";"2018";"3,98615366657912";"";"";"";"";""
"Türkiye";"Yıllık";"Adrese Dayalı Nüfus Kayıt Sistemi";"Kars";"Ortalama hanehalkı büyüklüğü";"2019";"3,8877782049639";"";"";"";"";""
"Türkiye";"Yıllık";"Adrese Dayalı Nüfus Kayıt Sistemi";"Kars";"Ortalama hanehalkı büyüklüğü";"2020";"3,80927402433907";"";"";"";"";""
"Türkiye";"Yıllık";"Adrese Dayalı Nüfus Kayıt Sistemi";"Kars";"Ortalama hanehalkı büyüklüğü";"2021";"3,72319574786147";"";"";"";"";""
"Türkiye";"Yıllık";"Adrese Dayalı Nüfus Kayıt Sistemi";"Kars";"Ortalama hanehalkı büyüklüğü";"2022";"3,60582651929161";"";"";"";"";""
"Türkiye";"Yıllık";"Adrese Dayalı Nüfus Kayıt Sistemi";"Kars";"Ortalama hanehalkı büyüklüğü";"2023";"3,58139248978923";"";"";"";"";""
"Türkiye";"Yıllık";"Adrese Dayalı Nüfus Kayıt Sistemi";"Kars";"Ortalama hanehalkı büyüklüğü";"2024";"3,53634102433729";"";"";"";"";""
"Türkiye";"Yıllık";"Adrese Dayalı Nüfus Kayıt Sistemi";"Kars";"Ortalama hanehalkı büyüklüğü";"2025";"3,48527921562183";"";"";"";"";""
"Türkiye";"Yıllık";"Adrese Dayalı Nüfus Kayıt Sistemi";"Bingöl";"Ortalama hanehalkı büyüklüğü";"2008";"5,4";"";"";"";"";""
"Türkiye";"Yıllık";"Adrese Dayalı Nüfus Kayıt Sistemi";"Bingöl";"Ortalama hanehalkı büyüklüğü";"2009";"5,31938392510462";"";"";"";"";""
"Türkiye";"Yıllık";"Adrese Dayalı Nüfus Kayıt Sistemi";"Bingöl";"Ortalama hanehalkı büyüklüğü";"2010";"5,14634400099879";"";"";"";"";""
"Türkiye";"Yıllık";"Adrese Dayalı Nüfus Kayıt Sistemi";"Bingöl";"Ortalama hanehalkı büyüklüğü";"2011";"4,98545194371572";"";"";"";"";""
"Türkiye";"Yıllık";"Adrese Dayalı Nüfus Kayıt Sistemi";"Bingöl";"Ortalama hanehalkı büyüklüğü";"2012";"4,76657608179244";"";"";"";"";""
"Türkiye";"Yıllık";"Adrese Dayalı Nüfus Kayıt Sistemi";"Bingöl";"Ortalama hanehalkı büyüklüğü";"2013";"4,53975335962736";"";"";"";"";""
"Türkiye";"Yıllık";"Adrese Dayalı Nüfus Kayıt Sistemi";"Bingöl";"Ortalama hanehalkı büyüklüğü";"2014";"4,37819312501074";"";"";"";"";""
"Türkiye";"Yıllık";"Adrese Dayalı Nüfus Kayıt Sistemi";"Bingöl";"Ortalama hanehalkı büyüklüğü";"2015";"4,22477542309792";"";"";"";"";""
"Türkiye";"Yıllık";"Adrese Dayalı Nüfus Kayıt Sistemi";"Bingöl";"Ortalama hanehalkı büyüklüğü";"2016";"4,08713824330315";"";"";"";"";""
"Türkiye";"Yıllık";"Adrese Dayalı Nüfus Kayıt Sistemi";"Bingöl";"Ortalama hanehalkı büyüklüğü";"2017";"3,93504002416553";"";"";"";"";""
"Türkiye";"Yıllık";"Adrese Dayalı Nüfus Kayıt Sistemi";"Bingöl";"Ortalama hanehalkı büyüklüğü";"2018";"3,8915264074289";"";"";"";"";""
"Türkiye";"Yıllık";"Adrese Dayalı Nüfus Kayıt Sistemi";"Bingöl";"Ortalama hanehalkı büyüklüğü";"2019";"3,75042856545553";"";"";"";"";""
"Türkiye";"Yıllık";"Adrese Dayalı Nüfus Kayıt Sistemi";"Bingöl";"Ortalama hanehalkı büyüklüğü";"2020";"3,66332560601391";"";"";"";"";""
"Türkiye";"Yıllık";"Adrese Dayalı Nüfus Kayıt Sistemi";"Bingöl";"Ortalama hanehalkı büyüklüğü";"2021";"3,57253655601768";"";"";"";"";""
"Türkiye";"Yıllık";"Adrese Dayalı Nüfus Kayıt Sistemi";"Bingöl";"Ortalama hanehalkı büyüklüğü";"2022";"3,42456510014925";"";"";"";"";""
"Türkiye";"Yıllık";"Adrese Dayalı Nüfus Kayıt Sistemi";"Bingöl";"Ortalama hanehalkı büyüklüğü";"2023";"3,40327166648204";"";"";"";"";""
"Türkiye";"Yıllık";"Adrese Dayalı Nüfus Kayıt Sistemi";"Bingöl";"Ortalama hanehalkı büyüklüğü";"2024";"3,32342918127024";"";"";"";"";""
"Türkiye";"Yıllık";"Adrese Dayalı Nüfus Kayıt Sistemi";"Bingöl";"Ortalama hanehalkı büyüklüğü";"2025";"3,28507468075632";"";"";"";"";""
"Türkiye";"Yıllık";"Adrese Dayalı Nüfus Kayıt Sistemi";"Elazığ";"Ortalama hanehalkı büyüklüğü";"2008";"4,4";"";"";"";"";""
"Türkiye";"Yıllık";"Adrese Dayalı Nüfus Kayıt Sistemi";"Elazığ";"Ortalama hanehalkı büyüklüğü";"2009";"4,32782393494785";"";"";"";"";""
"Türkiye";"Yıllık";"Adrese Dayalı Nüfus Kayıt Sistemi";"Elazığ";"Ortalama hanehalkı büyüklüğü";"2010";"4,18028483144762";"";"";"";"";""
"Türkiye";"Yıllık";"Adrese Dayalı Nüfus Kayıt Sistemi";"Elazığ";"Ortalama hanehalkı büyüklüğü";"2011";"4,07023709609736";"";"";"";"";""
"Türkiye";"Yıllık";"Adrese Dayalı Nüfus Kayıt Sistemi";"Elazığ";"Ortalama hanehalkı büyüklüğü";"2012";"3,97508349254036";"";"";"";"";""
"Türkiye";"Yıllık";"Adrese Dayalı Nüfus Kayıt Sistemi";"Elazığ";"Ortalama hanehalkı büyüklüğü";"2013";"3,87895398930376";"";"";"";"";""
"Türkiye";"Yıllık";"Adrese Dayalı Nüfus Kayıt Sistemi";"Elazığ";"Ortalama hanehalkı büyüklüğü";"2014";"3,73858554517554";"";"";"";"";""
"Türkiye";"Yıllık";"Adrese Dayalı Nüfus Kayıt Sistemi";"Elazığ";"Ortalama hanehalkı büyüklüğü";"2015";"3,6424405680362";"";"";"";"";""
"Türkiye";"Yıllık";"Adrese Dayalı Nüfus Kayıt Sistemi";"Elazığ";"Ortalama hanehalkı büyüklüğü";"2016";"3,58139713310231";"";"";"";"";""
"Türkiye";"Yıllık";"Adrese Dayalı Nüfus Kayıt Sistemi";"Elazığ";"Ortalama hanehalkı büyüklüğü";"2017";"3,51843707713126";"";"";"";"";""
"Türkiye";"Yıllık";"Adrese Dayalı Nüfus Kayıt Sistemi";"Elazığ";"Ortalama hanehalkı büyüklüğü";"2018";"3,54099483092562";"";"";"";"";""
"Türkiye";"Yıllık";"Adrese Dayalı Nüfus Kayıt Sistemi";"Elazığ";"Ortalama hanehalkı büyüklüğü";"2019";"3,41373208812433";"";"";"";"";""
"Türkiye";"Yıllık";"Adrese Dayalı Nüfus Kayıt Sistemi";"Elazığ";"Ortalama hanehalkı büyüklüğü";"2020";"3,3267052959721";"";"";"";"";""
"Türkiye";"Yıllık";"Adrese Dayalı Nüfus Kayıt Sistemi";"Elazığ";"Ortalama hanehalkı büyüklüğü";"2021";"3,24693964426241";"";"";"";"";""
"Türkiye";"Yıllık";"Adrese Dayalı Nüfus Kayıt Sistemi";"Elazığ";"Ortalama hanehalkı büyüklüğü";"2022";"3,12679205576746";"";"";"";"";""
"Türkiye";"Yıllık";"Adrese Dayalı Nüfus Kayıt Sistemi";"Elazığ";"Ortalama hanehalkı büyüklüğü";"2023";"3,13173594762811";"";"";"";"";""
"Türkiye";"Yıllık";"Adrese Dayalı Nüfus Kayıt Sistemi";"Elazığ";"Ortalama hanehalkı büyüklüğü";"2024";"3,053097669547";"";"";"";"";""
"Türkiye";"Yıllık";"Adrese Dayalı Nüfus Kayıt Sistemi";"Elazığ";"Ortalama hanehalkı büyüklüğü";"2025";"3,01356296648541";"";"";"";"";""
"Türkiye";"Yıllık";"Adrese Dayalı Nüfus Kayıt Sistemi";"Malatya";"Ortalama hanehalkı büyüklüğü";"2008";"4,5";"";"";"";"";""
"Türkiye";"Yıllık";"Adrese Dayalı Nüfus Kayıt Sistemi";"Malatya";"Ortalama hanehalkı büyüklüğü";"2009";"4,44314875962046";"";"";"";"";""
"Türkiye";"Yıllık";"Adrese Dayalı Nüfus Kayıt Sistemi";"Malatya";"Ortalama hanehalkı büyüklüğü";"2010";"4,28489949018048";"";"";"";"";""
"Türkiye";"Yıllık";"Adrese Dayalı Nüfus Kayıt Sistemi";"Malatya";"Ortalama hanehalkı büyüklüğü";"2011";"4,07598785875016";"";"";"";"";""
"Türkiye";"Yıllık";"Adrese Dayalı Nüfus Kayıt Sistemi";"Malatya";"Ortalama hanehalkı büyüklüğü";"2012";"3,98436351343375";"";"";"";"";""
"Türkiye";"Yıllık";"Adrese Dayalı Nüfus Kayıt Sistemi";"Malatya";"Ortalama hanehalkı büyüklüğü";"2013";"3,89204393810149";"";"";"";"";""
"Türkiye";"Yıllık";"Adrese Dayalı Nüfus Kayıt Sistemi";"Malatya";"Ortalama hanehalkı büyüklüğü";"2014";"3,80069848543217";"";"";"";"";""
"Türkiye";"Yıllık";"Adrese Dayalı Nüfus Kayıt Sistemi";"Malatya";"Ortalama hanehalkı büyüklüğü";"2015";"3,72586113874741";"";"";"";"";""
"Türkiye";"Yıllık";"Adrese Dayalı Nüfus Kayıt Sistemi";"Malatya";"Ortalama hanehalkı büyüklüğü";"2016";"3,67562198193147";"";"";"";"";""
"Türkiye";"Yıllık";"Adrese Dayalı Nüfus Kayıt Sistemi";"Malatya";"Ortalama hanehalkı büyüklüğü";"2017";"3,61471043622779";"";"";"";"";""
"Türkiye";"Yıllık";"Adrese Dayalı Nüfus Kayıt Sistemi";"Malatya";"Ortalama hanehalkı büyüklüğü";"2018";"3,60781108422931";"";"";"";"";""
"Türkiye";"Yıllık";"Adrese Dayalı Nüfus Kayıt Sistemi";"Malatya";"Ortalama hanehalkı büyüklüğü";"2019";"3,52964730479047";"";"";"";"";""
"Türkiye";"Yıllık";"Adrese Dayalı Nüfus Kayıt Sistemi";"Malatya";"Ortalama hanehalkı büyüklüğü";"2020";"3,4853138049347";"";"";"";"";""
"Türkiye";"Yıllık";"Adrese Dayalı Nüfus Kayıt Sistemi";"Malatya";"Ortalama hanehalkı büyüklüğü";"2021";"3,40361129549369";"";"";"";"";""
"Türkiye";"Yıllık";"Adrese Dayalı Nüfus Kayıt Sistemi";"Malatya";"Ortalama hanehalkı büyüklüğü";"2022";"3,30421533986361";"";"";"";"";""
"Türkiye";"Yıllık";"Adrese Dayalı Nüfus Kayıt Sistemi";"Malatya";"Ortalama hanehalkı büyüklüğü";"2023";"3,12646727034361";"";"";"";"";""
"Türkiye";"Yıllık";"Adrese Dayalı Nüfus Kayıt Sistemi";"Malatya";"Ortalama hanehalkı büyüklüğü";"2024";"3,07880297344049";"";"";"";"";""
"Türkiye";"Yıllık";"Adrese Dayalı Nüfus Kayıt Sistemi";"Malatya";"Ortalama hanehalkı büyüklüğü";"2025";"3,08921914186945";"";"";"";"";""
"Türkiye";"Yıllık";"Adrese Dayalı Nüfus Kayıt Sistemi";"Tunceli";"Ortalama hanehalkı büyüklüğü";"2008";"3,7";"";"";"";"";""
"Türkiye";"Yıllık";"Adrese Dayalı Nüfus Kayıt Sistemi";"Tunceli";"Ortalama hanehalkı büyüklüğü";"2009";"3,55364337229545";"";"";"";"";""
"Türkiye";"Yıllık";"Adrese Dayalı Nüfus Kayıt Sistemi";"Tunceli";"Ortalama hanehalkı büyüklüğü";"2010";"3,38606690174402";"";"";"";"";""
"Türkiye";"Yıllık";"Adrese Dayalı Nüfus Kayıt Sistemi";"Tunceli";"Ortalama hanehalkı büyüklüğü";"2011";"3,27355972759065";"";"";"";"";""
"Türkiye";"Yıllık";"Adrese Dayalı Nüfus Kayıt Sistemi";"Tunceli";"Ortalama hanehalkı büyüklüğü";"2012";"3,14524741901032";"";"";"";"";""
"Türkiye";"Yıllık";"Adrese Dayalı Nüfus Kayıt Sistemi";"Tunceli";"Ortalama hanehalkı büyüklüğü";"2013";"3,06120422098076";"";"";"";"";""
"Türkiye";"Yıllık";"Adrese Dayalı Nüfus Kayıt Sistemi";"Tunceli";"Ortalama hanehalkı büyüklüğü";"2014";"2,94779052685909";"";"";"";"";""
"Türkiye";"Yıllık";"Adrese Dayalı Nüfus Kayıt Sistemi";"Tunceli";"Ortalama hanehalkı büyüklüğü";"2015";"2,85950381085705";"";"";"";"";""
"Türkiye";"Yıllık";"Adrese Dayalı Nüfus Kayıt Sistemi";"Tunceli";"Ortalama hanehalkı büyüklüğü";"2016";"2,78027621085392";"";"";"";"";""
"Türkiye";"Yıllık";"Adrese Dayalı Nüfus Kayıt Sistemi";"Tunceli";"Ortalama hanehalkı büyüklüğü";"2017";"2,72897411313519";"";"";"";"";""
"Türkiye";"Yıllık";"Adrese Dayalı Nüfus Kayıt Sistemi";"Tunceli";"Ortalama hanehalkı büyüklüğü";"2018";"2,76486975397974";"";"";"";"";""
"Türkiye";"Yıllık";"Adrese Dayalı Nüfus Kayıt Sistemi";"Tunceli";"Ortalama hanehalkı büyüklüğü";"2019";"2,7170803232959";"";"";"";"";""
"Türkiye";"Yıllık";"Adrese Dayalı Nüfus Kayıt Sistemi";"Tunceli";"Ortalama hanehalkı büyüklüğü";"2020";"2,65698660482503";"";"";"";"";""
"Türkiye";"Yıllık";"Adrese Dayalı Nüfus Kayıt Sistemi";"Tunceli";"Ortalama hanehalkı büyüklüğü";"2021";"2,60024994933459";"";"";"";"";""
"Türkiye";"Yıllık";"Adrese Dayalı Nüfus Kayıt Sistemi";"Tunceli";"Ortalama hanehalkı büyüklüğü";"2022";"2,54219906408682";"";"";"";"";""
"Türkiye";"Yıllık";"Adrese Dayalı Nüfus Kayıt Sistemi";"Tunceli";"Ortalama hanehalkı büyüklüğü";"2023";"2,62972349481756";"";"";"";"";""
"Türkiye";"Yıllık";"Adrese Dayalı Nüfus Kayıt Sistemi";"Tunceli";"Ortalama hanehalkı büyüklüğü";"2024";"2,5515314905642";"";"";"";"";""
"Türkiye";"Yıllık";"Adrese Dayalı Nüfus Kayıt Sistemi";"Tunceli";"Ortalama hanehalkı büyüklüğü";"2025";"2,49412332957656";"";"";"";"";""
"Türkiye";"Yıllık";"Adrese Dayalı Nüfus Kayıt Sistemi";"Bitlis";"Ortalama hanehalkı büyüklüğü";"2008";"6,4";"";"";"";"";""
"Türkiye";"Yıllık";"Adrese Dayalı Nüfus Kayıt Sistemi";"Bitlis";"Ortalama hanehalkı büyüklüğü";"2009";"6,44497278484855";"";"";"";"";""
"Türkiye";"Yıllık";"Adrese Dayalı Nüfus Kayıt Sistemi";"Bitlis";"Ortalama hanehalkı büyüklüğü";"2010";"6,37123906181324";"";"";"";"";""
"Türkiye";"Yıllık";"Adrese Dayalı Nüfus Kayıt Sistemi";"Bitlis";"Ortalama hanehalkı büyüklüğü";"2011";"6,26491401539386";"";"";"";"";""
"Türkiye";"Yıllık";"Adrese Dayalı Nüfus Kayıt Sistemi";"Bitlis";"Ortalama hanehalkı büyüklüğü";"2012";"6,05963474420868";"";"";"";"";""
"Türkiye";"Yıllık";"Adrese Dayalı Nüfus Kayıt Sistemi";"Bitlis";"Ortalama hanehalkı büyüklüğü";"2013";"5,8220148052784";"";"";"";"";""
"Türkiye";"Yıllık";"Adrese Dayalı Nüfus Kayıt Sistemi";"Bitlis";"Ortalama hanehalkı büyüklüğü";"2014";"5,5366847826087";"";"";"";"";""
"Türkiye";"Yıllık";"Adrese Dayalı Nüfus Kayıt Sistemi";"Bitlis";"Ortalama hanehalkı büyüklüğü";"2015";"5,23339093701997";"";"";"";"";""
"Türkiye";"Yıllık";"Adrese Dayalı Nüfus Kayıt Sistemi";"Bitlis";"Ortalama hanehalkı büyüklüğü";"2016";"4,98639819253198";"";"";"";"";""
"Türkiye";"Yıllık";"Adrese Dayalı Nüfus Kayıt Sistemi";"Bitlis";"Ortalama hanehalkı büyüklüğü";"2017";"4,79210094858883";"";"";"";"";""
"Türkiye";"Yıllık";"Adrese Dayalı Nüfus Kayıt Sistemi";"Bitlis";"Ortalama hanehalkı büyüklüğü";"2018";"4,69203641779301";"";"";"";"";""
"Türkiye";"Yıllık";"Adrese Dayalı Nüfus Kayıt Sistemi";"Bitlis";"Ortalama hanehalkı büyüklüğü";"2019";"4,54628979084473";"";"";"";"";""
"Türkiye";"Yıllık";"Adrese Dayalı Nüfus Kayıt Sistemi";"Bitlis";"Ortalama hanehalkı büyüklüğü";"2020";"4,43027381060675";"";"";"";"";""
"Türkiye";"Yıllık";"Adrese Dayalı Nüfus Kayıt Sistemi";"Bitlis";"Ortalama hanehalkı büyüklüğü";"2021";"4,28260951685407";"";"";"";"";""
"Türkiye";"Yıllık";"Adrese Dayalı Nüfus Kayıt Sistemi";"Bitlis";"Ortalama hanehalkı büyüklüğü";"2022";"4,07391086271138";"";"";"";"";""
"Türkiye";"Yıllık";"Adrese Dayalı Nüfus Kayıt Sistemi";"Bitlis";"Ortalama hanehalkı büyüklüğü";"2023";"4,04998954679551";"";"";"";"";""
"Türkiye";"Yıllık";"Adrese Dayalı Nüfus Kayıt Sistemi";"Bitlis";"Ortalama hanehalkı büyüklüğü";"2024";"3,99027777777778";"";"";"";"";""
"Türkiye";"Yıllık";"Adrese Dayalı Nüfus Kayıt Sistemi";"Bitlis";"Ortalama hanehalkı büyüklüğü";"2025";"3,94466094206675";"";"";"";"";""
"Türkiye";"Yıllık";"Adrese Dayalı Nüfus Kayıt Sistemi";"Hakkari";"Ortalama hanehalkı büyüklüğü";"2008";"7,8";"";"";"";"";""
"Türkiye";"Yıllık";"Adrese Dayalı Nüfus Kayıt Sistemi";"Hakkari";"Ortalama hanehalkı büyüklüğü";"2009";"7,86282253817799";"";"";"";"";""
"Türkiye";"Yıllık";"Adrese Dayalı Nüfus Kayıt Sistemi";"Hakkari";"Ortalama hanehalkı büyüklüğü";"2010";"7,78985296493779";"";"";"";"";""
"Türkiye";"Yıllık";"Adrese Dayalı Nüfus Kayıt Sistemi";"Hakkari";"Ortalama hanehalkı büyüklüğü";"2011";"7,61574444512833";"";"";"";"";""
"Türkiye";"Yıllık";"Adrese Dayalı Nüfus Kayıt Sistemi";"Hakkari";"Ortalama hanehalkı büyüklüğü";"2012";"7,3829037037037";"";"";"";"";""
"Türkiye";"Yıllık";"Adrese Dayalı Nüfus Kayıt Sistemi";"Hakkari";"Ortalama hanehalkı büyüklüğü";"2013";"6,78653706736836";"";"";"";"";""
"Türkiye";"Yıllık";"Adrese Dayalı Nüfus Kayıt Sistemi";"Hakkari";"Ortalama hanehalkı büyüklüğü";"2014";"6,57144328569589";"";"";"";"";""
"Türkiye";"Yıllık";"Adrese Dayalı Nüfus Kayıt Sistemi";"Hakkari";"Ortalama hanehalkı büyüklüğü";"2015";"6,3595014648195";"";"";"";"";""
"Türkiye";"Yıllık";"Adrese Dayalı Nüfus Kayıt Sistemi";"Hakkari";"Ortalama hanehalkı büyüklüğü";"2016";"5,87093433749117";"";"";"";"";""
"Türkiye";"Yıllık";"Adrese Dayalı Nüfus Kayıt Sistemi";"Hakkari";"Ortalama hanehalkı büyüklüğü";"2017";"5,68905668883129";"";"";"";"";""
"Türkiye";"Yıllık";"Adrese Dayalı Nüfus Kayıt Sistemi";"Hakkari";"Ortalama hanehalkı büyüklüğü";"2018";"5,53787665446353";"";"";"";"";""
"Türkiye";"Yıllık";"Adrese Dayalı Nüfus Kayıt Sistemi";"Hakkari";"Ortalama hanehalkı büyüklüğü";"2019";"5,38710015072852";"";"";"";"";""
"Türkiye";"Yıllık";"Adrese Dayalı Nüfus Kayıt Sistemi";"Hakkari";"Ortalama hanehalkı büyüklüğü";"2020";"5,15580860180924";"";"";"";"";""
"Türkiye";"Yıllık";"Adrese Dayalı Nüfus Kayıt Sistemi";"Hakkari";"Ortalama hanehalkı büyüklüğü";"2021";"4,94371421506154";"";"";"";"";""
"Türkiye";"Yıllık";"Adrese Dayalı Nüfus Kayıt Sistemi";"Hakkari";"Ortalama hanehalkı büyüklüğü";"2022";"4,55353606169486";"";"";"";"";""
"Türkiye";"Yıllık";"Adrese Dayalı Nüfus Kayıt Sistemi";"Hakkari";"Ortalama hanehalkı büyüklüğü";"2023";"4,44575013103833";"";"";"";"";""
"Türkiye";"Yıllık";"Adrese Dayalı Nüfus Kayıt Sistemi";"Hakkari";"Ortalama hanehalkı büyüklüğü";"2024";"4,35926270960873";"";"";"";"";""
"Türkiye";"Yıllık";"Adrese Dayalı Nüfus Kayıt Sistemi";"Hakkari";"Ortalama hanehalkı büyüklüğü";"2025";"4,31369520930538";"";"";"";"";""
"Türkiye";"Yıllık";"Adrese Dayalı Nüfus Kayıt Sistemi";"Muş";"Ortalama hanehalkı büyüklüğü";"2008";"6,9";"";"";"";"";""
"Türkiye";"Yıllık";"Adrese Dayalı Nüfus Kayıt Sistemi";"Muş";"Ortalama hanehalkı büyüklüğü";"2009";"6,85586685740204";"";"";"";"";""
"Türkiye";"Yıllık";"Adrese Dayalı Nüfus Kayıt Sistemi";"Muş";"Ortalama hanehalkı büyüklüğü";"2010";"6,7931631847964";"";"";"";"";""
"Türkiye";"Yıllık";"Adrese Dayalı Nüfus Kayıt Sistemi";"Muş";"Ortalama hanehalkı büyüklüğü";"2011";"6,70577793998109";"";"";"";"";""
"Türkiye";"Yıllık";"Adrese Dayalı Nüfus Kayıt Sistemi";"Muş";"Ortalama hanehalkı büyüklüğü";"2012";"6,61624971310535";"";"";"";"";""
"Türkiye";"Yıllık";"Adrese Dayalı Nüfus Kayıt Sistemi";"Muş";"Ortalama hanehalkı büyüklüğü";"2013";"6,23069912570669";"";"";"";"";""
"Türkiye";"Yıllık";"Adrese Dayalı Nüfus Kayıt Sistemi";"Muş";"Ortalama hanehalkı büyüklüğü";"2014";"5,96797041587761";"";"";"";"";""
"Türkiye";"Yıllık";"Adrese Dayalı Nüfus Kayıt Sistemi";"Muş";"Ortalama hanehalkı büyüklüğü";"2015";"5,68485550455436";"";"";"";"";""
"Türkiye";"Yıllık";"Adrese Dayalı Nüfus Kayıt Sistemi";"Muş";"Ortalama hanehalkı büyüklüğü";"2016";"5,38114213439595";"";"";"";"";""
"Türkiye";"Yıllık";"Adrese Dayalı Nüfus Kayıt Sistemi";"Muş";"Ortalama hanehalkı büyüklüğü";"2017";"5,13048574033077";"";"";"";"";""
"Türkiye";"Yıllık";"Adrese Dayalı Nüfus Kayıt Sistemi";"Muş";"Ortalama hanehalkı büyüklüğü";"2018";"5,05410376274044";"";"";"";"";""
"Türkiye";"Yıllık";"Adrese Dayalı Nüfus Kayıt Sistemi";"Muş";"Ortalama hanehalkı büyüklüğü";"2019";"4,85854316219072";"";"";"";"";""
"Türkiye";"Yıllık";"Adrese Dayalı Nüfus Kayıt Sistemi";"Muş";"Ortalama hanehalkı büyüklüğü";"2020";"4,71118190655782";"";"";"";"";""
"Türkiye";"Yıllık";"Adrese Dayalı Nüfus Kayıt Sistemi";"Muş";"Ortalama hanehalkı büyüklüğü";"2021";"4,57374186011543";"";"";"";"";""
"Türkiye";"Yıllık";"Adrese Dayalı Nüfus Kayıt Sistemi";"Muş";"Ortalama hanehalkı büyüklüğü";"2022";"4,3508861945501";"";"";"";"";""
"Türkiye";"Yıllık";"Adrese Dayalı Nüfus Kayıt Sistemi";"Muş";"Ortalama hanehalkı büyüklüğü";"2023";"4,33895326853355";"";"";"";"";""
"Türkiye";"Yıllık";"Adrese Dayalı Nüfus Kayıt Sistemi";"Muş";"Ortalama hanehalkı büyüklüğü";"2024";"4,20475760644622";"";"";"";"";""
"Türkiye";"Yıllık";"Adrese Dayalı Nüfus Kayıt Sistemi";"Muş";"Ortalama hanehalkı büyüklüğü";"2025";"4,11309000531805";"";"";"";"";""
"Türkiye";"Yıllık";"Adrese Dayalı Nüfus Kayıt Sistemi";"Van";"Ortalama hanehalkı büyüklüğü";"2008";"6,9";"";"";"";"";""
"Türkiye";"Yıllık";"Adrese Dayalı Nüfus Kayıt Sistemi";"Van";"Ortalama hanehalkı büyüklüğü";"2009";"7,06436210847976";"";"";"";"";""
"Türkiye";"Yıllık";"Adrese Dayalı Nüfus Kayıt Sistemi";"Van";"Ortalama hanehalkı büyüklüğü";"2010";"6,97252751029273";"";"";"";"";""
"Türkiye";"Yıllık";"Adrese Dayalı Nüfus Kayıt Sistemi";"Van";"Ortalama hanehalkı büyüklüğü";"2011";"6,68556193436451";"";"";"";"";""
"Türkiye";"Yıllık";"Adrese Dayalı Nüfus Kayıt Sistemi";"Van";"Ortalama hanehalkı büyüklüğü";"2012";"6,42524002052848";"";"";"";"";""
"Türkiye";"Yıllık";"Adrese Dayalı Nüfus Kayıt Sistemi";"Van";"Ortalama hanehalkı büyüklüğü";"2013";"6,03605142807835";"";"";"";"";""
"Türkiye";"Yıllık";"Adrese Dayalı Nüfus Kayıt Sistemi";"Van";"Ortalama hanehalkı büyüklüğü";"2014";"5,76083695652174";"";"";"";"";""
"Türkiye";"Yıllık";"Adrese Dayalı Nüfus Kayıt Sistemi";"Van";"Ortalama hanehalkı büyüklüğü";"2015";"5,50451914915507";"";"";"";"";""
"Türkiye";"Yıllık";"Adrese Dayalı Nüfus Kayıt Sistemi";"Van";"Ortalama hanehalkı büyüklüğü";"2016";"5,31980646632494";"";"";"";"";""
"Türkiye";"Yıllık";"Adrese Dayalı Nüfus Kayıt Sistemi";"Van";"Ortalama hanehalkı büyüklüğü";"2017";"5,17366266598202";"";"";"";"";""
"Türkiye";"Yıllık";"Adrese Dayalı Nüfus Kayıt Sistemi";"Van";"Ortalama hanehalkı büyüklüğü";"2018";"5,08140687613737";"";"";"";"";""
"Türkiye";"Yıllık";"Adrese Dayalı Nüfus Kayıt Sistemi";"Van";"Ortalama hanehalkı büyüklüğü";"2019";"4,92138073887854";"";"";"";"";""
"Türkiye";"Yıllık";"Adrese Dayalı Nüfus Kayıt Sistemi";"Van";"Ortalama hanehalkı büyüklüğü";"2020";"4,78973297735992";"";"";"";"";""
"Türkiye";"Yıllık";"Adrese Dayalı Nüfus Kayıt Sistemi";"Van";"Ortalama hanehalkı büyüklüğü";"2021";"4,60977043858487";"";"";"";"";""
"Türkiye";"Yıllık";"Adrese Dayalı Nüfus Kayıt Sistemi";"Van";"Ortalama hanehalkı büyüklüğü";"2022";"4,36189190473174";"";"";"";"";""
"Türkiye";"Yıllık";"Adrese Dayalı Nüfus Kayıt Sistemi";"Van";"Ortalama hanehalkı büyüklüğü";"2023";"4,2730601088653";"";"";"";"";""
"Türkiye";"Yıllık";"Adrese Dayalı Nüfus Kayıt Sistemi";"Van";"Ortalama hanehalkı büyüklüğü";"2024";"4,22291995547264";"";"";"";"";""
"Türkiye";"Yıllık";"Adrese Dayalı Nüfus Kayıt Sistemi";"Van";"Ortalama hanehalkı büyüklüğü";"2025";"4,17599160658975";"";"";"";"";""
"Türkiye";"Yıllık";"Adrese Dayalı Nüfus Kayıt Sistemi";"Adıyaman";"Ortalama hanehalkı büyüklüğü";"2008";"5,3";"";"";"";"";""
"Türkiye";"Yıllık";"Adrese Dayalı Nüfus Kayıt Sistemi";"Adıyaman";"Ortalama hanehalkı büyüklüğü";"2009";"5,29484827743555";"";"";"";"";""
"Türkiye";"Yıllık";"Adrese Dayalı Nüfus Kayıt Sistemi";"Adıyaman";"Ortalama hanehalkı büyüklüğü";"2010";"5,1625041209648";"";"";"";"";""
"Türkiye";"Yıllık";"Adrese Dayalı Nüfus Kayıt Sistemi";"Adıyaman";"Ortalama hanehalkı büyüklüğü";"2011";"5,07810211341285";"";"";"";"";""
"Türkiye";"Yıllık";"Adrese Dayalı Nüfus Kayıt Sistemi";"Adıyaman";"Ortalama hanehalkı büyüklüğü";"2012";"4,92973991516401";"";"";"";"";""
"Türkiye";"Yıllık";"Adrese Dayalı Nüfus Kayıt Sistemi";"Adıyaman";"Ortalama hanehalkı büyüklüğü";"2013";"4,7304646826646";"";"";"";"";""
"Türkiye";"Yıllık";"Adrese Dayalı Nüfus Kayıt Sistemi";"Adıyaman";"Ortalama hanehalkı büyüklüğü";"2014";"4,56845055073366";"";"";"";"";""
"Türkiye";"Yıllık";"Adrese Dayalı Nüfus Kayıt Sistemi";"Adıyaman";"Ortalama hanehalkı büyüklüğü";"2015";"4,45261371350984";"";"";"";"";""
"Türkiye";"Yıllık";"Adrese Dayalı Nüfus Kayıt Sistemi";"Adıyaman";"Ortalama hanehalkı büyüklüğü";"2016";"4,3603535814735";"";"";"";"";""
"Türkiye";"Yıllık";"Adrese Dayalı Nüfus Kayıt Sistemi";"Adıyaman";"Ortalama hanehalkı büyüklüğü";"2017";"4,27115509109405";"";"";"";"";""
"Türkiye";"Yıllık";"Adrese Dayalı Nüfus Kayıt Sistemi";"Adıyaman";"Ortalama hanehalkı büyüklüğü";"2018";"4,23701395587694";"";"";"";"";""
"Türkiye";"Yıllık";"Adrese Dayalı Nüfus Kayıt Sistemi";"Adıyaman";"Ortalama hanehalkı büyüklüğü";"2019";"4,15743937609164";"";"";"";"";""
"Türkiye";"Yıllık";"Adrese Dayalı Nüfus Kayıt Sistemi";"Adıyaman";"Ortalama hanehalkı büyüklüğü";"2020";"4,09043637176403";"";"";"";"";""
"Türkiye";"Yıllık";"Adrese Dayalı Nüfus Kayıt Sistemi";"Adıyaman";"Ortalama hanehalkı büyüklüğü";"2021";"3,99663876368319";"";"";"";"";""
"Türkiye";"Yıllık";"Adrese Dayalı Nüfus Kayıt Sistemi";"Adıyaman";"Ortalama hanehalkı büyüklüğü";"2022";"3,85342322947574";"";"";"";"";""
"Türkiye";"Yıllık";"Adrese Dayalı Nüfus Kayıt Sistemi";"Adıyaman";"Ortalama hanehalkı büyüklüğü";"2023";"3,65557420635407";"";"";"";"";""
"Türkiye";"Yıllık";"Adrese Dayalı Nüfus Kayıt Sistemi";"Adıyaman";"Ortalama hanehalkı büyüklüğü";"2024";"3,59757796848369";"";"";"";"";""
"Türkiye";"Yıllık";"Adrese Dayalı Nüfus Kayıt Sistemi";"Adıyaman";"Ortalama hanehalkı büyüklüğü";"2025";"3,58942870182135";"";"";"";"";""
"Türkiye";"Yıllık";"Adrese Dayalı Nüfus Kayıt Sistemi";"Gaziantep";"Ortalama hanehalkı büyüklüğü";"2008";"4,9";"";"";"";"";""
"Türkiye";"Yıllık";"Adrese Dayalı Nüfus Kayıt Sistemi";"Gaziantep";"Ortalama hanehalkı büyüklüğü";"2009";"5,03863757547365";"";"";"";"";""
"Türkiye";"Yıllık";"Adrese Dayalı Nüfus Kayıt Sistemi";"Gaziantep";"Ortalama hanehalkı büyüklüğü";"2010";"4,86498415871183";"";"";"";"";""
"Türkiye";"Yıllık";"Adrese Dayalı Nüfus Kayıt Sistemi";"Gaziantep";"Ortalama hanehalkı büyüklüğü";"2011";"4,73053680719201";"";"";"";"";""
"Türkiye";"Yıllık";"Adrese Dayalı Nüfus Kayıt Sistemi";"Gaziantep";"Ortalama hanehalkı büyüklüğü";"2012";"4,61626503495036";"";"";"";"";""
"Türkiye";"Yıllık";"Adrese Dayalı Nüfus Kayıt Sistemi";"Gaziantep";"Ortalama hanehalkı büyüklüğü";"2013";"4,50032822729803";"";"";"";"";""
"Türkiye";"Yıllık";"Adrese Dayalı Nüfus Kayıt Sistemi";"Gaziantep";"Ortalama hanehalkı büyüklüğü";"2014";"4,42394827425362";"";"";"";"";""
"Türkiye";"Yıllık";"Adrese Dayalı Nüfus Kayıt Sistemi";"Gaziantep";"Ortalama hanehalkı büyüklüğü";"2015";"4,32044210261627";"";"";"";"";""
"Türkiye";"Yıllık";"Adrese Dayalı Nüfus Kayıt Sistemi";"Gaziantep";"Ortalama hanehalkı büyüklüğü";"2016";"4,26319628647215";"";"";"";"";""
"Türkiye";"Yıllık";"Adrese Dayalı Nüfus Kayıt Sistemi";"Gaziantep";"Ortalama hanehalkı büyüklüğü";"2017";"4,22760440320941";"";"";"";"";""
"Türkiye";"Yıllık";"Adrese Dayalı Nüfus Kayıt Sistemi";"Gaziantep";"Ortalama hanehalkı büyüklüğü";"2018";"4,18710167819197";"";"";"";"";""
"Türkiye";"Yıllık";"Adrese Dayalı Nüfus Kayıt Sistemi";"Gaziantep";"Ortalama hanehalkı büyüklüğü";"2019";"4,08580526057966";"";"";"";"";""
"Türkiye";"Yıllık";"Adrese Dayalı Nüfus Kayıt Sistemi";"Gaziantep";"Ortalama hanehalkı büyüklüğü";"2020";"4,04483388904115";"";"";"";"";""
"Türkiye";"Yıllık";"Adrese Dayalı Nüfus Kayıt Sistemi";"Gaziantep";"Ortalama hanehalkı büyüklüğü";"2021";"3,96955905665392";"";"";"";"";""
"Türkiye";"Yıllık";"Adrese Dayalı Nüfus Kayıt Sistemi";"Gaziantep";"Ortalama hanehalkı büyüklüğü";"2022";"3,87013197103586";"";"";"";"";""
"Türkiye";"Yıllık";"Adrese Dayalı Nüfus Kayıt Sistemi";"Gaziantep";"Ortalama hanehalkı büyüklüğü";"2023";"3,77461546286332";"";"";"";"";""
"Türkiye";"Yıllık";"Adrese Dayalı Nüfus Kayıt Sistemi";"Gaziantep";"Ortalama hanehalkı büyüklüğü";"2024";"3,72838682552754";"";"";"";"";""
"Türkiye";"Yıllık";"Adrese Dayalı Nüfus Kayıt Sistemi";"Gaziantep";"Ortalama hanehalkı büyüklüğü";"2025";"3,66915812718151";"";"";"";"";""
"Türkiye";"Yıllık";"Adrese Dayalı Nüfus Kayıt Sistemi";"Kilis";"Ortalama hanehalkı büyüklüğü";"2008";"4,6";"";"";"";"";""
"Türkiye";"Yıllık";"Adrese Dayalı Nüfus Kayıt Sistemi";"Kilis";"Ortalama hanehalkı büyüklüğü";"2009";"4,58544364600546";"";"";"";"";""
"Türkiye";"Yıllık";"Adrese Dayalı Nüfus Kayıt Sistemi";"Kilis";"Ortalama hanehalkı büyüklüğü";"2010";"4,49342031267574";"";"";"";"";""
"Türkiye";"Yıllık";"Adrese Dayalı Nüfus Kayıt Sistemi";"Kilis";"Ortalama hanehalkı büyüklüğü";"2011";"4,3420624887123";"";"";"";"";""
"Türkiye";"Yıllık";"Adrese Dayalı Nüfus Kayıt Sistemi";"Kilis";"Ortalama hanehalkı büyüklüğü";"2012";"4,21861570175745";"";"";"";"";""
"Türkiye";"Yıllık";"Adrese Dayalı Nüfus Kayıt Sistemi";"Kilis";"Ortalama hanehalkı büyüklüğü";"2013";"4,01242030852575";"";"";"";"";""
"Türkiye";"Yıllık";"Adrese Dayalı Nüfus Kayıt Sistemi";"Kilis";"Ortalama hanehalkı büyüklüğü";"2014";"3,88005973184216";"";"";"";"";""
"Türkiye";"Yıllık";"Adrese Dayalı Nüfus Kayıt Sistemi";"Kilis";"Ortalama hanehalkı büyüklüğü";"2015";"3,79803061443603";"";"";"";"";""
"Türkiye";"Yıllık";"Adrese Dayalı Nüfus Kayıt Sistemi";"Kilis";"Ortalama hanehalkı büyüklüğü";"2016";"3,72734111699567";"";"";"";"";""
"Türkiye";"Yıllık";"Adrese Dayalı Nüfus Kayıt Sistemi";"Kilis";"Ortalama hanehalkı büyüklüğü";"2017";"3,68124585818423";"";"";"";"";""
"Türkiye";"Yıllık";"Adrese Dayalı Nüfus Kayıt Sistemi";"Kilis";"Ortalama hanehalkı büyüklüğü";"2018";"3,65168785021184";"";"";"";"";""
"Türkiye";"Yıllık";"Adrese Dayalı Nüfus Kayıt Sistemi";"Kilis";"Ortalama hanehalkı büyüklüğü";"2019";"3,56027209449483";"";"";"";"";""
"Türkiye";"Yıllık";"Adrese Dayalı Nüfus Kayıt Sistemi";"Kilis";"Ortalama hanehalkı büyüklüğü";"2020";"3,51830477908025";"";"";"";"";""
"Türkiye";"Yıllık";"Adrese Dayalı Nüfus Kayıt Sistemi";"Kilis";"Ortalama hanehalkı büyüklüğü";"2021";"3,45907046476762";"";"";"";"";""
"Türkiye";"Yıllık";"Adrese Dayalı Nüfus Kayıt Sistemi";"Kilis";"Ortalama hanehalkı büyüklüğü";"2022";"3,38774081406016";"";"";"";"";""
"Türkiye";"Yıllık";"Adrese Dayalı Nüfus Kayıt Sistemi";"Kilis";"Ortalama hanehalkı büyüklüğü";"2023";"3,31689071248838";"";"";"";"";""
"Türkiye";"Yıllık";"Adrese Dayalı Nüfus Kayıt Sistemi";"Kilis";"Ortalama hanehalkı büyüklüğü";"2024";"3,28777509393451";"";"";"";"";""
"Türkiye";"Yıllık";"Adrese Dayalı Nüfus Kayıt Sistemi";"Kilis";"Ortalama hanehalkı büyüklüğü";"2025";"3,25582637729549";"";"";"";"";""
"Türkiye";"Yıllık";"Adrese Dayalı Nüfus Kayıt Sistemi";"Diyarbakır";"Ortalama hanehalkı büyüklüğü";"2008";"6,3";"";"";"";"";""
"Türkiye";"Yıllık";"Adrese Dayalı Nüfus Kayıt Sistemi";"Diyarbakır";"Ortalama hanehalkı büyüklüğü";"2009";"6,33967611162719";"";"";"";"";""
"Türkiye";"Yıllık";"Adrese Dayalı Nüfus Kayıt Sistemi";"Diyarbakır";"Ortalama hanehalkı büyüklüğü";"2010";"6,18570412105868";"";"";"";"";""
"Türkiye";"Yıllık";"Adrese Dayalı Nüfus Kayıt Sistemi";"Diyarbakır";"Ortalama hanehalkı büyüklüğü";"2011";"6,05227698859122";"";"";"";"";""
"Türkiye";"Yıllık";"Adrese Dayalı Nüfus Kayıt Sistemi";"Diyarbakır";"Ortalama hanehalkı büyüklüğü";"2012";"5,92337227819802";"";"";"";"";""
"Türkiye";"Yıllık";"Adrese Dayalı Nüfus Kayıt Sistemi";"Diyarbakır";"Ortalama hanehalkı büyüklüğü";"2013";"5,68382254340916";"";"";"";"";""
"Türkiye";"Yıllık";"Adrese Dayalı Nüfus Kayıt Sistemi";"Diyarbakır";"Ortalama hanehalkı büyüklüğü";"2014";"5,42077922077922";"";"";"";"";""
"Türkiye";"Yıllık";"Adrese Dayalı Nüfus Kayıt Sistemi";"Diyarbakır";"Ortalama hanehalkı büyüklüğü";"2015";"5,24077708896101";"";"";"";"";""
"Türkiye";"Yıllık";"Adrese Dayalı Nüfus Kayıt Sistemi";"Diyarbakır";"Ortalama hanehalkı büyüklüğü";"2016";"5,08827869438119";"";"";"";"";""
"Türkiye";"Yıllık";"Adrese Dayalı Nüfus Kayıt Sistemi";"Diyarbakır";"Ortalama hanehalkı büyüklüğü";"2017";"4,96585288588839";"";"";"";"";""
"Türkiye";"Yıllık";"Adrese Dayalı Nüfus Kayıt Sistemi";"Diyarbakır";"Ortalama hanehalkı büyüklüğü";"2018";"4,82433064755427";"";"";"";"";""
"Türkiye";"Yıllık";"Adrese Dayalı Nüfus Kayıt Sistemi";"Diyarbakır";"Ortalama hanehalkı büyüklüğü";"2019";"4,68016149081869";"";"";"";"";""
"Türkiye";"Yıllık";"Adrese Dayalı Nüfus Kayıt Sistemi";"Diyarbakır";"Ortalama hanehalkı büyüklüğü";"2020";"4,54411887513309";"";"";"";"";""
"Türkiye";"Yıllık";"Adrese Dayalı Nüfus Kayıt Sistemi";"Diyarbakır";"Ortalama hanehalkı büyüklüğü";"2021";"4,42760220529951";"";"";"";"";""
"Türkiye";"Yıllık";"Adrese Dayalı Nüfus Kayıt Sistemi";"Diyarbakır";"Ortalama hanehalkı büyüklüğü";"2022";"4,23657842607599";"";"";"";"";""
"Türkiye";"Yıllık";"Adrese Dayalı Nüfus Kayıt Sistemi";"Diyarbakır";"Ortalama hanehalkı büyüklüğü";"2023";"4,16945290717203";"";"";"";"";""
"Türkiye";"Yıllık";"Adrese Dayalı Nüfus Kayıt Sistemi";"Diyarbakır";"Ortalama hanehalkı büyüklüğü";"2024";"4,1137321749331";"";"";"";"";""
"Türkiye";"Yıllık";"Adrese Dayalı Nüfus Kayıt Sistemi";"Diyarbakır";"Ortalama hanehalkı büyüklüğü";"2025";"4,08824434946392";"";"";"";"";""
"Türkiye";"Yıllık";"Adrese Dayalı Nüfus Kayıt Sistemi";"Şanlıurfa";"Ortalama hanehalkı büyüklüğü";"2008";"6,4";"";"";"";"";""
"Türkiye";"Yıllık";"Adrese Dayalı Nüfus Kayıt Sistemi";"Şanlıurfa";"Ortalama hanehalkı büyüklüğü";"2009";"6,57115769165483";"";"";"";"";""
"Türkiye";"Yıllık";"Adrese Dayalı Nüfus Kayıt Sistemi";"Şanlıurfa";"Ortalama hanehalkı büyüklüğü";"2010";"6,47490355184288";"";"";"";"";""
"Türkiye";"Yıllık";"Adrese Dayalı Nüfus Kayıt Sistemi";"Şanlıurfa";"Ortalama hanehalkı büyüklüğü";"2011";"6,37848882705852";"";"";"";"";""
"Türkiye";"Yıllık";"Adrese Dayalı Nüfus Kayıt Sistemi";"Şanlıurfa";"Ortalama hanehalkı büyüklüğü";"2012";"6,30606981101188";"";"";"";"";""
"Türkiye";"Yıllık";"Adrese Dayalı Nüfus Kayıt Sistemi";"Şanlıurfa";"Ortalama hanehalkı büyüklüğü";"2013";"6,17836604195006";"";"";"";"";""
"Türkiye";"Yıllık";"Adrese Dayalı Nüfus Kayıt Sistemi";"Şanlıurfa";"Ortalama hanehalkı büyüklüğü";"2014";"6,07951470337979";"";"";"";"";""
"Türkiye";"Yıllık";"Adrese Dayalı Nüfus Kayıt Sistemi";"Şanlıurfa";"Ortalama hanehalkı büyüklüğü";"2015";"5,90373290258544";"";"";"";"";""
"Türkiye";"Yıllık";"Adrese Dayalı Nüfus Kayıt Sistemi";"Şanlıurfa";"Ortalama hanehalkı büyüklüğü";"2016";"5,77959368490959";"";"";"";"";""
"Türkiye";"Yıllık";"Adrese Dayalı Nüfus Kayıt Sistemi";"Şanlıurfa";"Ortalama hanehalkı büyüklüğü";"2017";"5,67064948935318";"";"";"";"";""
"Türkiye";"Yıllık";"Adrese Dayalı Nüfus Kayıt Sistemi";"Şanlıurfa";"Ortalama hanehalkı büyüklüğü";"2018";"5,56833715203635";"";"";"";"";""
"Türkiye";"Yıllık";"Adrese Dayalı Nüfus Kayıt Sistemi";"Şanlıurfa";"Ortalama hanehalkı büyüklüğü";"2019";"5,3778911492846";"";"";"";"";""
"Türkiye";"Yıllık";"Adrese Dayalı Nüfus Kayıt Sistemi";"Şanlıurfa";"Ortalama hanehalkı büyüklüğü";"2020";"5,24594476549699";"";"";"";"";""
"Türkiye";"Yıllık";"Adrese Dayalı Nüfus Kayıt Sistemi";"Şanlıurfa";"Ortalama hanehalkı büyüklüğü";"2021";"5,11699694473544";"";"";"";"";""
"Türkiye";"Yıllık";"Adrese Dayalı Nüfus Kayıt Sistemi";"Şanlıurfa";"Ortalama hanehalkı büyüklüğü";"2022";"4,8094715019842";"";"";"";"";""
"Türkiye";"Yıllık";"Adrese Dayalı Nüfus Kayıt Sistemi";"Şanlıurfa";"Ortalama hanehalkı büyüklüğü";"2023";"4,67108507618219";"";"";"";"";""
"Türkiye";"Yıllık";"Adrese Dayalı Nüfus Kayıt Sistemi";"Şanlıurfa";"Ortalama hanehalkı büyüklüğü";"2024";"4,63413097972363";"";"";"";"";""
"Türkiye";"Yıllık";"Adrese Dayalı Nüfus Kayıt Sistemi";"Şanlıurfa";"Ortalama hanehalkı büyüklüğü";"2025";"4,6328314544085";"";"";"";"";""
"Türkiye";"Yıllık";"Adrese Dayalı Nüfus Kayıt Sistemi";"Batman";"Ortalama hanehalkı büyüklüğü";"2008";"6,9";"";"";"";"";""
"Türkiye";"Yıllık";"Adrese Dayalı Nüfus Kayıt Sistemi";"Batman";"Ortalama hanehalkı büyüklüğü";"2009";"7,03696958398463";"";"";"";"";""
"Türkiye";"Yıllık";"Adrese Dayalı Nüfus Kayıt Sistemi";"Batman";"Ortalama hanehalkı büyüklüğü";"2010";"6,85598902982516";"";"";"";"";""
"Türkiye";"Yıllık";"Adrese Dayalı Nüfus Kayıt Sistemi";"Batman";"Ortalama hanehalkı büyüklüğü";"2011";"6,65455180623124";"";"";"";"";""
"Türkiye";"Yıllık";"Adrese Dayalı Nüfus Kayıt Sistemi";"Batman";"Ortalama hanehalkı büyüklüğü";"2012";"6,42349786983987";"";"";"";"";""
"Türkiye";"Yıllık";"Adrese Dayalı Nüfus Kayıt Sistemi";"Batman";"Ortalama hanehalkı büyüklüğü";"2013";"6,21280576536623";"";"";"";"";""
"Türkiye";"Yıllık";"Adrese Dayalı Nüfus Kayıt Sistemi";"Batman";"Ortalama hanehalkı büyüklüğü";"2014";"6,06595389093646";"";"";"";"";""
"Türkiye";"Yıllık";"Adrese Dayalı Nüfus Kayıt Sistemi";"Batman";"Ortalama hanehalkı büyüklüğü";"2015";"5,88819961109232";"";"";"";"";""
"Türkiye";"Yıllık";"Adrese Dayalı Nüfus Kayıt Sistemi";"Batman";"Ortalama hanehalkı büyüklüğü";"2016";"5,73841674360093";"";"";"";"";""
"Türkiye";"Yıllık";"Adrese Dayalı Nüfus Kayıt Sistemi";"Batman";"Ortalama hanehalkı büyüklüğü";"2017";"5,5630123000632";"";"";"";"";""
"Türkiye";"Yıllık";"Adrese Dayalı Nüfus Kayıt Sistemi";"Batman";"Ortalama hanehalkı büyüklüğü";"2018";"5,45518256882444";"";"";"";"";""
"Türkiye";"Yıllık";"Adrese Dayalı Nüfus Kayıt Sistemi";"Batman";"Ortalama hanehalkı büyüklüğü";"2019";"5,22845614035088";"";"";"";"";""
"Türkiye";"Yıllık";"Adrese Dayalı Nüfus Kayıt Sistemi";"Batman";"Ortalama hanehalkı büyüklüğü";"2020";"5,05736440571977";"";"";"";"";""
"Türkiye";"Yıllık";"Adrese Dayalı Nüfus Kayıt Sistemi";"Batman";"Ortalama hanehalkı büyüklüğü";"2021";"4,92347332540116";"";"";"";"";""
"Türkiye";"Yıllık";"Adrese Dayalı Nüfus Kayıt Sistemi";"Batman";"Ortalama hanehalkı büyüklüğü";"2022";"4,67098110082072";"";"";"";"";""
"Türkiye";"Yıllık";"Adrese Dayalı Nüfus Kayıt Sistemi";"Batman";"Ortalama hanehalkı büyüklüğü";"2023";"4,60647423910592";"";"";"";"";""
"Türkiye";"Yıllık";"Adrese Dayalı Nüfus Kayıt Sistemi";"Batman";"Ortalama hanehalkı büyüklüğü";"2024";"4,50497029129369";"";"";"";"";""
"Türkiye";"Yıllık";"Adrese Dayalı Nüfus Kayıt Sistemi";"Batman";"Ortalama hanehalkı büyüklüğü";"2025";"4,42925090809403";"";"";"";"";""
"Türkiye";"Yıllık";"Adrese Dayalı Nüfus Kayıt Sistemi";"Mardin";"Ortalama hanehalkı büyüklüğü";"2008";"6,8";"";"";"";"";""
"Türkiye";"Yıllık";"Adrese Dayalı Nüfus Kayıt Sistemi";"Mardin";"Ortalama hanehalkı büyüklüğü";"2009";"6,78698654007366";"";"";"";"";""
"Türkiye";"Yıllık";"Adrese Dayalı Nüfus Kayıt Sistemi";"Mardin";"Ortalama hanehalkı büyüklüğü";"2010";"6,63307313404086";"";"";"";"";""
"Türkiye";"Yıllık";"Adrese Dayalı Nüfus Kayıt Sistemi";"Mardin";"Ortalama hanehalkı büyüklüğü";"2011";"6,47472531314738";"";"";"";"";""
"Türkiye";"Yıllık";"Adrese Dayalı Nüfus Kayıt Sistemi";"Mardin";"Ortalama hanehalkı büyüklüğü";"2012";"6,27647600703459";"";"";"";"";""
"Türkiye";"Yıllık";"Adrese Dayalı Nüfus Kayıt Sistemi";"Mardin";"Ortalama hanehalkı büyüklüğü";"2013";"6,08327193516353";"";"";"";"";""
"Türkiye";"Yıllık";"Adrese Dayalı Nüfus Kayıt Sistemi";"Mardin";"Ortalama hanehalkı büyüklüğü";"2014";"5,89521254168424";"";"";"";"";""
"Türkiye";"Yıllık";"Adrese Dayalı Nüfus Kayıt Sistemi";"Mardin";"Ortalama hanehalkı büyüklüğü";"2015";"5,62234992229571";"";"";"";"";""
"Türkiye";"Yıllık";"Adrese Dayalı Nüfus Kayıt Sistemi";"Mardin";"Ortalama hanehalkı büyüklüğü";"2016";"5,37782590286599";"";"";"";"";""
"Türkiye";"Yıllık";"Adrese Dayalı Nüfus Kayıt Sistemi";"Mardin";"Ortalama hanehalkı büyüklüğü";"2017";"5,20277055589735";"";"";"";"";""
"Türkiye";"Yıllık";"Adrese Dayalı Nüfus Kayıt Sistemi";"Mardin";"Ortalama hanehalkı büyüklüğü";"2018";"5,08768377218597";"";"";"";"";""
"Türkiye";"Yıllık";"Adrese Dayalı Nüfus Kayıt Sistemi";"Mardin";"Ortalama hanehalkı büyüklüğü";"2019";"4,9529708090481";"";"";"";"";""
"Türkiye";"Yıllık";"Adrese Dayalı Nüfus Kayıt Sistemi";"Mardin";"Ortalama hanehalkı büyüklüğü";"2020";"4,79148985306429";"";"";"";"";""
"Türkiye";"Yıllık";"Adrese Dayalı Nüfus Kayıt Sistemi";"Mardin";"Ortalama hanehalkı büyüklüğü";"2021";"4,6380083723767";"";"";"";"";""
"Türkiye";"Yıllık";"Adrese Dayalı Nüfus Kayıt Sistemi";"Mardin";"Ortalama hanehalkı büyüklüğü";"2022";"4,41730049940448";"";"";"";"";""
"Türkiye";"Yıllık";"Adrese Dayalı Nüfus Kayıt Sistemi";"Mardin";"Ortalama hanehalkı büyüklüğü";"2023";"4,35769355295641";"";"";"";"";""
"Türkiye";"Yıllık";"Adrese Dayalı Nüfus Kayıt Sistemi";"Mardin";"Ortalama hanehalkı büyüklüğü";"2024";"4,30438781852082";"";"";"";"";""
"Türkiye";"Yıllık";"Adrese Dayalı Nüfus Kayıt Sistemi";"Mardin";"Ortalama hanehalkı büyüklüğü";"2025";"4,24975813704757";"";"";"";"";""
"Türkiye";"Yıllık";"Adrese Dayalı Nüfus Kayıt Sistemi";"Siirt";"Ortalama hanehalkı büyüklüğü";"2008";"7,1";"";"";"";"";""
"Türkiye";"Yıllık";"Adrese Dayalı Nüfus Kayıt Sistemi";"Siirt";"Ortalama hanehalkı büyüklüğü";"2009";"7,1137039860329";"";"";"";"";""
"Türkiye";"Yıllık";"Adrese Dayalı Nüfus Kayıt Sistemi";"Siirt";"Ortalama hanehalkı büyüklüğü";"2010";"6,94865537371997";"";"";"";"";""
"Türkiye";"Yıllık";"Adrese Dayalı Nüfus Kayıt Sistemi";"Siirt";"Ortalama hanehalkı büyüklüğü";"2011";"6,79088884296572";"";"";"";"";""
"Türkiye";"Yıllık";"Adrese Dayalı Nüfus Kayıt Sistemi";"Siirt";"Ortalama hanehalkı büyüklüğü";"2012";"6,53801929600423";"";"";"";"";""
"Türkiye";"Yıllık";"Adrese Dayalı Nüfus Kayıt Sistemi";"Siirt";"Ortalama hanehalkı büyüklüğü";"2013";"6,20637435443715";"";"";"";"";""
"Türkiye";"Yıllık";"Adrese Dayalı Nüfus Kayıt Sistemi";"Siirt";"Ortalama hanehalkı büyüklüğü";"2014";"6,00928896148623";"";"";"";"";""
"Türkiye";"Yıllık";"Adrese Dayalı Nüfus Kayıt Sistemi";"Siirt";"Ortalama hanehalkı büyüklüğü";"2015";"5,71853568291817";"";"";"";"";""
"Türkiye";"Yıllık";"Adrese Dayalı Nüfus Kayıt Sistemi";"Siirt";"Ortalama hanehalkı büyüklüğü";"2016";"5,5486162311856";"";"";"";"";""
"Türkiye";"Yıllık";"Adrese Dayalı Nüfus Kayıt Sistemi";"Siirt";"Ortalama hanehalkı büyüklüğü";"2017";"5,41211644374508";"";"";"";"";""
"Türkiye";"Yıllık";"Adrese Dayalı Nüfus Kayıt Sistemi";"Siirt";"Ortalama hanehalkı büyüklüğü";"2018";"5,1914149604703";"";"";"";"";""
"Türkiye";"Yıllık";"Adrese Dayalı Nüfus Kayıt Sistemi";"Siirt";"Ortalama hanehalkı büyüklüğü";"2019";"5,02731028761944";"";"";"";"";""
"Türkiye";"Yıllık";"Adrese Dayalı Nüfus Kayıt Sistemi";"Siirt";"Ortalama hanehalkı büyüklüğü";"2020";"4,86916186333703";"";"";"";"";""
"Türkiye";"Yıllık";"Adrese Dayalı Nüfus Kayıt Sistemi";"Siirt";"Ortalama hanehalkı büyüklüğü";"2021";"4,73201337713457";"";"";"";"";""
"Türkiye";"Yıllık";"Adrese Dayalı Nüfus Kayıt Sistemi";"Siirt";"Ortalama hanehalkı büyüklüğü";"2022";"4,50762203665303";"";"";"";"";""
"Türkiye";"Yıllık";"Adrese Dayalı Nüfus Kayıt Sistemi";"Siirt";"Ortalama hanehalkı büyüklüğü";"2023";"4,47378519234171";"";"";"";"";""
"Türkiye";"Yıllık";"Adrese Dayalı Nüfus Kayıt Sistemi";"Siirt";"Ortalama hanehalkı büyüklüğü";"2024";"4,35624248483457";"";"";"";"";""
"Türkiye";"Yıllık";"Adrese Dayalı Nüfus Kayıt Sistemi";"Siirt";"Ortalama hanehalkı büyüklüğü";"2025";"4,29485480178335";"";"";"";"";""
"Türkiye";"Yıllık";"Adrese Dayalı Nüfus Kayıt Sistemi";"Şırnak";"Ortalama hanehalkı büyüklüğü";"2008";"8,2";"";"";"";"";""
"Türkiye";"Yıllık";"Adrese Dayalı Nüfus Kayıt Sistemi";"Şırnak";"Ortalama hanehalkı büyüklüğü";"2009";"8,36992661995771";"";"";"";"";""
"Türkiye";"Yıllık";"Adrese Dayalı Nüfus Kayıt Sistemi";"Şırnak";"Ortalama hanehalkı büyüklüğü";"2010";"8,33681446318554";"";"";"";"";""
"Türkiye";"Yıllık";"Adrese Dayalı Nüfus Kayıt Sistemi";"Şırnak";"Ortalama hanehalkı büyüklüğü";"2011";"8,15388115733192";"";"";"";"";""
"Türkiye";"Yıllık";"Adrese Dayalı Nüfus Kayıt Sistemi";"Şırnak";"Ortalama hanehalkı büyüklüğü";"2012";"7,88568050729051";"";"";"";"";""
"Türkiye";"Yıllık";"Adrese Dayalı Nüfus Kayıt Sistemi";"Şırnak";"Ortalama hanehalkı büyüklüğü";"2013";"7,65992114308823";"";"";"";"";""
"Türkiye";"Yıllık";"Adrese Dayalı Nüfus Kayıt Sistemi";"Şırnak";"Ortalama hanehalkı büyüklüğü";"2014";"7,33981396526086";"";"";"";"";""
"Türkiye";"Yıllık";"Adrese Dayalı Nüfus Kayıt Sistemi";"Şırnak";"Ortalama hanehalkı büyüklüğü";"2015";"7,04329351277786";"";"";"";"";""
"Türkiye";"Yıllık";"Adrese Dayalı Nüfus Kayıt Sistemi";"Şırnak";"Ortalama hanehalkı büyüklüğü";"2016";"6,67031777643086";"";"";"";"";""
"Türkiye";"Yıllık";"Adrese Dayalı Nüfus Kayıt Sistemi";"Şırnak";"Ortalama hanehalkı büyüklüğü";"2017";"6,43425298483382";"";"";"";"";""
"Türkiye";"Yıllık";"Adrese Dayalı Nüfus Kayıt Sistemi";"Şırnak";"Ortalama hanehalkı büyüklüğü";"2018";"6,39780578593352";"";"";"";"";""
"Türkiye";"Yıllık";"Adrese Dayalı Nüfus Kayıt Sistemi";"Şırnak";"Ortalama hanehalkı büyüklüğü";"2019";"6,1135587431694";"";"";"";"";""
"Türkiye";"Yıllık";"Adrese Dayalı Nüfus Kayıt Sistemi";"Şırnak";"Ortalama hanehalkı büyüklüğü";"2020";"5,74770765609237";"";"";"";"";""
"Türkiye";"Yıllık";"Adrese Dayalı Nüfus Kayıt Sistemi";"Şırnak";"Ortalama hanehalkı büyüklüğü";"2021";"5,45864251876074";"";"";"";"";""
"Türkiye";"Yıllık";"Adrese Dayalı Nüfus Kayıt Sistemi";"Şırnak";"Ortalama hanehalkı büyüklüğü";"2022";"4,91471108681755";"";"";"";"";""
"Türkiye";"Yıllık";"Adrese Dayalı Nüfus Kayıt Sistemi";"Şırnak";"Ortalama hanehalkı büyüklüğü";"2023";"4,85894163382009";"";"";"";"";""
"Türkiye";"Yıllık";"Adrese Dayalı Nüfus Kayıt Sistemi";"Şırnak";"Ortalama hanehalkı büyüklüğü";"2024";"4,8469406865062";"";"";"";"";""
"Türkiye";"Yıllık";"Adrese Dayalı Nüfus Kayıt Sistemi";"Şırnak";"Ortalama hanehalkı büyüklüğü";"2025";"4,8446631941379";"";"";"";"";""
